放送内容,分類,出演者,初回放送,告知サイト,まとめ,お知らせまとめ2,お知らせまとめ3,アーカイブ
こえずか ～ヴァリアントナイツ リリース直前パリパリパーリナイツ！真夏の夜にパーリナイツ！安心して下さい、とにかく楽しいイベントですSP〜 ,外部イベント,遠藤ゆりか、高野麻里佳、近藤玲奈、沢城千春、花守ゆみり、本多真梨子、山村響、桑原由気,2015/08/12(水) 20:00,http://object-co.jp/koezuka/vk/,,,,
「あんハピ♪」先行上映会 1回目,外部イベント,花守ゆみり、白石晴香、安野希世乃、山村響、吉岡茉祐、森永千才、儀武ゆう子,2016-03-20 (日) 17:30,http://anne-happy.com/news-detail-2016-02-19-3.html,,,,
「あんハピ♪」先行上映会 2回目,外部イベント,花守ゆみり、白石晴香、安野希世乃、山村響、吉岡茉祐、森永千才、儀武ゆう子,2016-03-20 (日) 19:15,http://anne-happy.com/news-detail-2016-02-19-3.html,,,,
AnimeJapan 2016 1日目 エイベックス・ピクチャーズブース あんハピ♪,外部イベント,花守ゆみり、白石晴香、安野希世乃、山村響、吉岡茉祐、Happy Clover(声優ユニット)、大橋隆昌,2016-03-26 (土) 13:00,http://avex.jp/aj2016/,,,,
『あんハピ♪』OP/EDリリースイベント 1回目,外部イベント,花守ゆみり、白石晴香、安野希世乃、山村響、吉岡茉祐、Happy Clover(声優ユニット),2016-06-11 (土) 12:30,http://anne-happy.com/news/302,,,,
『あんハピ♪』OP/EDリリースイベント 2回目,外部イベント,花守ゆみり、白石晴香、安野希世乃、山村響、吉岡茉祐、Happy Clover(声優ユニット),2016-06-11 (土) 15:30,http://anne-happy.com/news/302,,,,
明治大学 第132回明大祭2日目 小松未可子・小見川千明・白石晴香・近藤玲奈トークショー～Girl's Session in Meiji Univ.～,外部イベント,小松未可子、小見川千明、白石晴香、近藤玲奈,2016/10/30(日) 13:00,http://animeiji.s25.xrea.com/events/2016/2016_Girl's_Session.html,,,,
サンドリ‧オン‧ステージ～初めましての舞踏会～ サンドリオン,外部イベント,サンドリオン、黒木ほの香、汐入あすか、川田澪、小峯愛未、会沢紗弥、小山百代、成海瑠奈,2017-03-10 19:30,https://www.eventernote.com/events/107954,,,,
『超！アニメディア劇場』2日目 A応P,外部イベント,A応P、巴奎依、広瀬ゆうき、福緒唯、水希蒼、いかさん(松岡侑李)、elfin'、花房里枝、希水しお、辻美優、岩田華怜、関谷真由、有澤睦生、NOW ON AIR、飯野美紗子、鈴木陽斗実、田中有紀、サンドリオン、黒木ほの香、汐入あすか、川田澪、小峯愛未、会沢紗弥、小山百代、成海瑠奈、小新井涼、麻宮騎亜(菊池通隆)、八坂沙織、鳳恵弥、鈴木咲、飛鳥凛、船岡咲,2017-03-23 18:30,https://www.eventernote.com/events/105308,,,,
サンドリ・オン・ステージ～サンドの飯より君が好き～ サンドリオン,外部イベント,サンドリオン、黒木ほの香、川田澪、小峯愛未、小山百代、汐入あすか、成海瑠奈、会沢紗弥,2017-04-23 11:00,https://www.eventernote.com/events/112366,,,,
サンドリ・ヨン・ステージ 黒木ほの香,外部イベント,黒木ほの香、小山百代、川田澪、成海瑠奈、会沢紗弥、小峯愛未、汐入あすか、サンドリオン,2017-05-23 20:00,https://www.eventernote.com/events/114679,,,,
サンドリ・GO・オン・ステージ 黒木ほの香,外部イベント,黒木ほの香、小山百代、川田澪、成海瑠奈、会沢紗弥、小峯愛未、汐入あすか、サンドリオン,2017-06-10 11:30,https://www.eventernote.com/events/117768,,,,
サンドリ・オン・ステージ 〜第ろ(うど)く会(仮)〜 サンドリオン,外部イベント,サンドリオン、小山百代、会沢紗弥、川田澪、黒木ほの香、小峯愛未、汐入あすか、成海瑠奈,2017-06-27 20:00,https://www.eventernote.com/events/119493,,,,
サンドリ・オン・ステージ～716のにじ会～ サンドリオン,外部イベント,サンドリオン、小山百代、会沢紗弥、川田澪、黒木ほの香、小峯愛未、汐入あすか、成海瑠奈,2017-07-16 14:00,https://www.eventernote.com/events/121387,,,,
サンドリ・オン・ステージ～第∞回～ サンドリオン,外部イベント,サンドリオン、会沢紗弥、川田澪、黒木ほの香、小峯愛未、小山百代、汐入あすか、成海瑠奈,2017-08-03 19:45,https://www.eventernote.com/events/123219,,,,
サンドリ・オン・ステージ～三三九度目～ サンドリオン,外部イベント,サンドリオン、会沢紗弥、汐入あすか、小山百代、成海瑠奈、黒木ほの香、小峯愛未,2017-08-29 19:30,https://www.eventernote.com/events/125133,,,,
東プレブース 23日 黒木ほの香,外部イベント,黒木ほの香、成海瑠奈,2017-09-23 11:00,https://www.eventernote.com/events/129974,,,,
スタダGG 黒木ほの香,外部イベント,黒木ほの香、川田澪、成海瑠奈、小峯愛未、栗田萌、伊藤千凪海、楠紗友里、松尾寧夏、西村季里子、早川真生、寺本愛美,2017-09-24 15:15,https://www.eventernote.com/events/129315,,,,
サンドリ・オン・ステ～じゅっかいめ～ サンドリオン,外部イベント,サンドリオン、会沢紗弥、汐入あすか、小山百代、成海瑠奈、黒木ほの香、小峯愛未、川田澪,2017-09-28 19:30,https://www.eventernote.com/events/125701,,,,
サンドリ・オン・ステージィィ サンドリオン,外部イベント,サンドリオン、会沢紗弥、黒木ほの香、成海瑠奈、小山百代、小峯愛未、汐入あすか、川田澪,2017-10-13 19:20,https://www.eventernote.com/events/130107,,,,
スタダGGファン交流イベント 川田澪,外部イベント,川田澪、成海瑠奈、黒木ほの香、小峯愛未、栗田萌、松尾寧夏、西村季里子、早川真生、服部彩加,2017-10-27 19:00,https://www.eventernote.com/events/132850,,,,
浜松町グリーンサウンドフェスタ～浜祭～2017 声優＆アイドルFes！in 文化放送 ピュアリーモンスター,外部イベント,"ピュアリーモンスター、PANDA CLUB(PANDAMIC,パンダみっく)、アクタリウム(姫イド隊)、サンドリオン、会沢紗弥、川田澪、黒木ほの香、小峯愛未、小山百代、汐入あすか、成海瑠奈、桐生朱音、今野優月、柳木みり、石飛恵里花、富沢恵莉、仮屋美希、船戸ゆり絵、sora tob sakana、ハコイリ♡ムスメ、Luce Twinkle Wink☆、八木菜緒、湊元りょう、はちみつクロニクル、板山紗織、詩之本めぐみ(錦織めぐみ)、桧垣果穂、深沢紗希、宇佐美幸乃、岩方虹夏、中嶋莉緒、野邑仁衣菜、橋本彩花、横澤星流、亜華月うさ、个凸めるる、幸乃しあ、色葉しの、乙羽まりあ、寺口夏花、風間玲マライカ、神﨑風花、山崎愛(sora tob sakana)",2017-11-03 13:30,https://www.eventernote.com/events/133984,,,,
TVアニメ「月がきれい」ファン感謝イベント～川越三中文化祭 【昼公演】,外部イベント,千葉翔也、田丸篤志、小原好美、東山奈央、筆村栄心、金子誠、熊谷健太郎、広瀬裕也、石井マーク、岩中睦樹、石見舞菜香、鈴木美園、千菅春香、井上ほの花、白石晴香、前川涼子、伊賀拓郎,2017-11-04 (土) 15:30,https://tsukigakirei.jp/news/#entry-180,,,,
TVアニメ「月がきれい」ファン感謝イベント～川越三中文化祭 【夜公演】,外部イベント,千葉翔也、田丸篤志、小原好美、東山奈央、筆村栄心、金子誠、熊谷健太郎、広瀬裕也、石井マーク、岩中睦樹、石見舞菜香、鈴木美園、千菅春香、井上ほの花、白石晴香、前川涼子、伊賀拓郎,2017-11-04 (土) 18:30,https://tsukigakirei.jp/news/#entry-180,,,,
サンドリ・オン・ステージ～12時過ぎてもサンドリオン～ サンドリオン,外部イベント,サンドリオン、会沢紗弥、川田澪、黒木ほの香、小峯愛未、小山百代、汐入あすか、成海瑠奈,2017-11-09 19:20,https://www.eventernote.com/events/133110,,,,
A&Gオールスター2017・スペシャルライブ！,外部イベント,青木佑磨、阿部草介、市川太一(学園祭学園)、栗田優、小松秀行(ブラボーカフェ)、青山玲子、岡村明奈、桜子、沢口けいこ、林弓束、まえだゆう、松本ルナ、水野まい、湊あかね、村上瑠美奈、荒井杏子、岩﨑千明、乃並なの、福尾美佳、天城サリー、吉宮るり、白沢かなえ、椛島光、倉丸莉子、千春、西條和、佐倉初、涼花萌、日永麗、武田愛奈、根本凪、奥村野乃花、岡田彩夢、片岡未優(木崎未優)、隈本茉莉奈、清水理子、鶴見萌、中村朱里、蛭田愛梨、的場華鈴、山崎夏菜、大和明桜、峯田茉優、涼本あきほ、草本夏明,2017/11/19(日) 13:30,http://www.agqr.jp/topics/archives/ag2017_5.php,,,,
ジュウ・サンドリ・オン・ステージ サンドリオン,外部イベント,サンドリオン、会沢紗弥、川田澪、黒木ほの香、小峯愛未、小山百代、汐入あすか、成海瑠奈,2017-11-22 19:20,https://www.eventernote.com/events/135694,,,,
A&Gサタデーライブ！(12月9日 2017年 第9回),外部イベント,湊元りょう、乃並なの、福尾美佳、岩﨑千明、荒井杏子、嘉陽光、吉野瑞穂、芳野美樹、室町鞠奈、草本夏明、涼本あきほ、峯田茉優、松田裕市,2017/12/09(土) 13:00,http://www.joqr.co.jp/live/,,,,
サンドリ・オン・ステ14 サンドリオン,外部イベント,サンドリオン、会沢紗弥、黒木ほの香、小峯愛未、小山百代、汐入あすか、成海瑠奈,2017-12-10 18:45,https://www.eventernote.com/events/137445,,,,
聖☆ドリオン パーティ2017 サンドリオン,外部イベント,サンドリオン、会沢紗弥、黒木ほの香、小峯愛未、小山百代、汐入あすか、成海瑠奈,2017-12-22 18:40,https://www.eventernote.com/events/127795,,,,
はりけ～んず前田と沢城千春の「ルミネde何やる？４」 前田登(はりけ〜んず),外部イベント,前田登(はりけ〜んず)、沢城千春、上間江望、サンドリオン、会沢紗弥、黒木ほの香、小峯愛未、小山百代、汐入あすか、成海瑠奈、古田一紀、くまだまさし,2017-12-26 19:30,https://www.eventernote.com/events/136959,,,,
2018第六屆台北國際動漫節 ICHIBAN JAPAN日本館 3日目 CROWN POP,外部イベント,CROWN POP、東京flavor、ロッカジャポニカ、大坪由佳、佳村はるか、坂上陽三、校條拳太朗、竹中凌平、サンドリオン、吉川友、黒木ほの香、小峯愛未、汐入あすか、小山百代、成海瑠奈、会沢紗弥、里菜、雪月心愛、山本花織、三田美吹、藤田愛理、田中咲帆、西村ひよこちゃん(ウルトラひよこちゃん),2018-02-03 11:10,https://www.eventernote.com/events/144031,,,,
ICHIBAN NIGHT ロッカジャポニカ,外部イベント,ロッカジャポニカ、CROWN POP、サンドリオン、吉川友、さくらちゃん。(柊木りお)、Cupitron、東京flavor、黒木ほの香、小峯愛未、汐入あすか、小山百代、成海瑠奈、会沢紗弥、田中咲帆、藤田愛理、三田美吹、山本花織、雪月心愛、里菜,2018-02-03 17:00,https://www.eventernote.com/events/143996,,,,
2018第六屆台北國際動漫節 ICHIBAN JAPAN日本館 4日目 東京flavor,外部イベント,東京flavor、ロッカジャポニカ、校條拳太朗、竹中凌平、サンドリオン、吉川友、黒木ほの香、小峯愛未、汐入あすか、小山百代、成海瑠奈、会沢紗弥、西村ひよこちゃん(ウルトラひよこちゃん),2018-02-04 11:30,https://www.eventernote.com/events/144035,,,,
アイドルマスター 新シリーズ　制作発表会,,"坂上陽三, 高山祐介, その他",2018/02/07(水) 20:00,https://idolmaster.jp/blog/?p=38458,https://idolmaster.jp/blog/?p=39195,,,https://youtu.be/oeoB-dpKlME
サンドリ・オン・ステージ~チョコ色サタデー~ サンドリオン,外部イベント,サンドリオン、黒木ほの香、小峯愛未、小山百代、汐入あすか、成海瑠奈、会沢紗弥,2018-02-24 10:10,https://www.eventernote.com/events/145360,,,,
サンドリオン1st Anniversary Live〜BU・TOH・KAI〜 サンドリオン,外部イベント,サンドリオン、黒木ほの香、小峯愛未、小山百代、汐入あすか、成海瑠奈、会沢紗弥,2018-03-21 14:00,https://www.eventernote.com/events/146981,,,,
アイドルマスター シャイニーカラーズ生配信 ～はじめまして、イルミネーションスターズですSP！～,シャニマス生配信,"関根瞳, 近藤玲奈, 峯田茉優, 坂上陽三, 高山祐介",2018/03/26(月) 20:00,https://idolmaster.jp/blog/?p=40823,https://idolmaster.jp/blog/?p=41122,,,
バドミントンガールズお披露目イベント ～聖ラファエル学院　入学証書授与式～ 柳原かなこ,外部イベント,柳原かなこ、前田佳織里、和多田美咲、小野友樹、コイヌ・ユイ(中島優衣)、黒木ほの香、指出毬亜、山根綺、バドミントンガールズ,2018-04-01 19:45,https://www.eventernote.com/events/152283,,,,
超サンドリ・オン・ステージ~華の17回~ サンドリオン,外部イベント,サンドリオン、黒木ほの香、小峯愛未、小山百代、汐入あすか、成海瑠奈、会沢紗弥,2018-04-28 11:45,https://www.eventernote.com/events/152916,,,,
SAMURAI GIRLS FESTIVAL 2018 in JAPAN 新田恵海,外部イベント,新田恵海、9nine、sora tob sakana、Mia REGINA、CROWN POP、サンドリオン、東京flavor、SHAZNA、小山百代、黒木ほの香、成海瑠奈、汐入あすか、小峯愛未、会沢紗弥、Luce Twinkle Wink☆、板山紗織、詩之本めぐみ(錦織めぐみ)、桧垣果穂、深沢紗希、宇佐美幸乃、たけやま3.5、武田雛歩、星川遥香、脇田穂乃香、濵邊咲良,2018-04-30 16:00,https://www.eventernote.com/events/154843,,,,
アイドルマスター シャイニーカラーズ生配信 ～回せ、錆びついた運命の鍵を　アンティーカ初登場SP！～,シャニマス生配信,"礒部花凜, 菅沼千紗, 八巻アンナ, 成海瑠奈, 結名美月, 坂上陽三, 高山祐介",2018/05/18(金) 20:00,https://idolmaster.jp/blog/?p=42836,https://idolmaster.jp/blog/?p=43243,,,
サンドリオン1stミニアルバム「わ」予約イベント サンドリオン,外部イベント,サンドリオン、会沢紗弥、黒木ほの香、小峯愛未、小山百代、汐入あすか、成海瑠奈,2018-05-26 10:00,https://www.eventernote.com/events/157306,,,,
サンドリオンミニアルバムリリースイベント(仮) サンドリオン,外部イベント,サンドリオン、会沢紗弥、黒木ほの香、小峯愛未、小山百代、汐入あすか、成海瑠奈,2018-06-09 19:05,https://www.eventernote.com/events/157307,,,,
『サンドリオン・ファンツアー　メンバーと一緒に バーベキューの昼食と収穫＆ものづくり体験のミステリーツアー！！』 サンドリオン,外部イベント,サンドリオン、黒木ほの香、会沢紗弥、小峯愛未、成海瑠奈、汐入あすか、小山百代,2018-06-30 10:00,https://www.eventernote.com/events/159524,,,,
カードラボTCGフェスティバル teaRLoveスペシャルトークショー,外部イベント,河野ひより、関根瞳、丸岡和佳奈、高橋菜々美(声優)、広瀬世華、赤尾ひかる、福積沙耶、桜木夕、小野寺瑠奈、桶谷菜穂、teaRLove,2018-06-30 (土) 14:30,https://www.c-labo.jp/tcgfes/stage_teaRLove.html,,,,
アイドル横丁夏まつり‼︎ 〜2018〜 1日目 AIS -All Idol Songs-,外部イベント,"AIS -All Idol Songs-、eyes(ダンスボーカルユニット)、赤の流星、アキシブproject、Appare!(天晴れ！原宿)、maleficium(ex.Aphrodite)、amiinA、あゆみくりかまき、Ange☆Reve、uijin、A応P、AKB48 Team 8、絵恋ちゃん、ExWHYZ(ex.EMPiRE)、ゑんら、奥澤村、会心ノ一撃、幽世脅嚇(KAQRIYOTERROR,幽世テロルArchitect)、KATA☆CHU、GANG PARADE(ex.POP)、QUEENS、CROWN POP、969、劇場版ゴキゲン帝国∞、＊ココロモヨヲ＊、CY8ER、G☆Girls、Shine Fine Movement、さきどり発進局(さきどり発信局)、ukka(ex.桜エビ～ず)、サクヤコノハナ、サンドリオン、Jewel☆Mare(Jewel☆Neige)、Jewel☆Rouge、SANDAL TELEPHONE(ex.終演後物販卍)、純情のアフィリア、CYNHN、SUPER☆GiRLS、3B junior、SAY-LA、There There Theres、SolaSound、sora tob sakana、Task have Fun、Chu☆Oh!Dolly、つりビット、ENGAG.ING、寺嶋由芙、Devil ANTHEM.、東京CuteCute、東京パフォーマンスドール、2o Love to Sweet Bullet、虹のコンキスタドール、26時のマスカレイド、NEO JAPONISM、Party Rockets GT、でか美ちゃん、パクスプエラ(pax puella)、はちみつロケット、ハッピーくるくる、HAMIDASYSTEM、PiiiiiiiN、PiXMiX、フィロソフィーのダンス、FES☆TIVE、predia、マジカル・パンチライン、マジェスティックセブン、MIGMA SHELTER、ミルクス本物、MEY(@JAMナビゲーターユニット)、monogatari、モリワキユイ from Yamakatsu、ヤなことそっとミュート、Yamakatsu(山口活性学園)、やるっきゃガールズ、夢みるアドレセンス、Good Tears、Someday Somewhere、シュークリームロケッツ、Love Cocchi、LaLuce、愛乙女☆DOLL、リーフシトロン、RYUKYU IDOL、Luce Twinkle Wink☆、READY TO KISS、我儘ラキア、板山紗織、詩之本めぐみ(錦織めぐみ)、桧垣果穂、深沢紗希、宇佐美幸乃、永堀ゆめ(永堀夢乃)、七瀬れあ、藤宮めい(丸山めい)、成実みく、朝比奈れい、東雲しの、中江早紀(Saki/中江さき)、黒木ほの香、小山百代、汐入あすか、会沢紗弥、小峯愛未、成海瑠奈、佐々木璃花、松脇朱里、吉橋亜理砂、水野結愛、さいごうみずき、権田夏海、水湊いづき(桜井ゆい)、涼掛凛、中川梨来、松田あゆな、倉田かすみ、和田帆乃夏、青山玲奈、有沢美矢(有沢美亜)、星野白花、桜羽那奈、眞城ゆうか、大崎瑠衣、春野絵美莉、城崎桃華、五十嵐彩伽、愛迫みゆ、佐野友里子、日向春菜、太田里織菜、佐倉みき、安藤笑、滝口ひかり、滝口きらら、みいらみさと/木乃伊みさと(三嵜みさと)、来栖りん、大門果琳、吉井美優、森みはる、江嶋綾恵梨、松本ももな、長月翠、小澤愛実、阿部菜々実、大石夏摘、安田愛里、鈴木遥夏、高橋真由、相澤瑠香、朝日花奈、池松愛理、間島和奏、猪子れいあ、籾山ひめり、山田まひろ、清原梨央、木村美咲、山本愛梨、中村守里、大森莉緒、西村歩乃果、石川夏海、tipToe.、綾瀬志希、百瀬怜、青柳透、桜坂真愛、月雲ねる、崎乃奏音、超ときめき♡宣伝部、宮谷優恵、計良日向子、田口未彩、るーるる(小此木流花)、津代美月、星乃まひろ、真白里帆(白桜里帆/真城里帆)、福山梨乃、永瀬かのん(森下かのん)、菅野芹那、辻村美月、大部萌衣、吉川結理、旭優奈(葛山優奈)、工藤ひなき、小嶋凛、堤雪菜、巴奎依、春咲暖、広瀬ゆうき、星希成奏、吉野ひかり、花宮ことり、木花萌、咲舞のどか、荻野可鈴、志田友美、小林れい(小林玲)、京佳、山口はのん、水無瀬ゆき、山下彩耶、恋甘犬るる(橘はるか/恋羽咲るる)、ディア☆、天羽希純(小松きすみ)、マホ・ソット・ボーチェ、寺坂ユミ、廣島みずき(望月ミイミ)、鶴見萌、沖口優奈、☆NonSugar、梅山涼、栗野春香、奈良怜那、松樹侑奈、白岡今日花、熊澤風花、里仲菜月、メイビーME、能登谷このん、日南りと(一ノ瀬りと/夏目りと)、くれあ(MEWM)、木内ゆうか、金子なつき、広川つむぎ、青葉ひなり、宇咲(柊宇咲)、春川桃菜、牧野広実、佐々木美帆(ex.READY TO KISS)、清川麗奈、上原歩子、竹内さりあ(真野彩里愛)、土光瑠璃子、水瀬ぴあの(白石ぴあの)、水湊まり花(南茉莉花)、近藤沙瑛子(宇崎さえ子)、大空美月、一之瀬夢、伏見りほ(伏見莉穂)、新城真衣、三田佳凛、山広美保子、藤野志穂、りのあ、神城ののか、なるの、つきの、橘莉子(ex.charm*charm)、橘咲希、紫咲なお(橘南桜)、百瀬るう(朝比奈るう)、羽深芽生、URUMU、RIHO(QUEENS)、NANAMI、EMIRY、RINA(QUEENS)、MAHO、澤田樹、渋川紗有実、藤崎くるみ、谷乃愛、檜山奈南果、新居睦実、水野瞳(瞳)、水島あいり(竹本あいり)、安藤楓、橋本侑芽、的場華鈴、片岡未優(木崎未優)、中村朱里、大和明桜、隈本茉莉奈、芹澤もあ、村星りじゅ、川瀬あやめ、岡田彩夢、清水理子、茜空、根本凪、蛭田愛梨、山崎夏菜、水映、桜井美里、LADYBABY、白幡いちほ、先斗ぺろ、紫乃ありす、HARUKA(Party Rockets GT)、NANASE(Party Rockets GT)、吉高彩笑、AYUMI(Party Rockets GT)、あゆみ(あゆみくりかまき)、まき(あゆみくりかまき)、くりか(あゆみくりかまき)、桜子、沢口けいこ、松本ルナ、水野まい、林弓束、岡村明奈、湊あかね、村上瑠美奈、青山玲子、まえだゆう、美希あすか、前田イブ、原口みなみ、那須ほほみ、黒田かれん、りみ(SOL)、岩渕ひな、朝倉みずほ、カイ(There There Theres)、レーレ(MIGMA SHELTER)(有坂玲菜)、小島ノエ、平澤芽衣、長谷川瑞、竹内夏紀、藤水咲桜(安藤咲桜)、小西杏優、聞間彩、渡邉ひかる、宮崎理奈、溝手るか、浅川梨奈、内村莉彩、渡邉幸愛、石橋蛍、阿部夢梨、長尾しおり、唐沢風花、金子理江、池田菜々、有馬えみり、長島凜、渡部麗那、鈴木千夏、浜崎香帆、橘二葉、脇あかり、櫻井紗季、上西星来、高嶋菜七、ありぃ(uijin)、橘ひと美(ひとちび)、おおいたりん(uijin)、やよい(uijin)、峰島こまき(山下花奈)、森のんの、藤沢泉美、天原瑠理、みーみ(mi-mi)、森咲のどか、相谷レイナ(相谷麗菜)、海羽凜、L(川﨑怜奈)、星熊南巫、竹越くるみ、yu-ki(YU-Ki EMPiRE)、mayu(MAYU EMPiRE)、midoriko(MiDORiKO EMPiRE)、mikina(MiKiNA EMPiRE)、now(NOW EMPiRE)、YUKA EMPiRE、YUiNA EMPiRE、倉野真帆、大島遥華(ハルカ・スッキャネン)、村上はるか(村上遼華/ムラカーミ・ノ・神)、加藤真侑、白石友梨、村瀬めぐ(市川あかり)、水谷真菜、寺口夏花、神﨑風花、山崎愛(sora tob sakana)、風間玲マライカ、ラストアイドル1期生、三田美吹、里菜、田中咲帆、山本花織、藤田愛理、雪月心愛、穂村ゆうか、小鳩りあ、天野真里亞(天野まりあ)、天猫なの(あまね)、愛川こずえ、渚カオリ、葉山カナ、桜田あんな、雨森セラ、ミルモ・D・ポン、東城アミナ、夏目ベール、優希クロエ",2018-07-07 10:00,https://www.eventernote.com/events/153996,,,,
A&Gサタデーライブ！(7月7日 2018年 第3回),外部イベント,福尾美佳、岩﨑千明、荒井杏子、乃並なの、松田裕市、湊元りょう、青原未来、井上奈菜、草本夏明、涼本あきほ、峯田茉優,2018/07/07(土) 13:00,http://www.agqr.jp/topics/archives/post_1103.php,,,,
A&Gサタデーライブ！(7月7日 2018年 第3回) せぞん立ち合い販売会,外部イベント,草本夏明、涼本あきほ、峯田茉優,2018/07/07(土) 14:15,http://www.agqr.jp/topics/archives/post_1103.php,,,,
アイドルマスター シャイニーカラーズ生配信～アルストロメリア初登場！双子姉妹と幸せの女神SP～,シャニマス生配信,"黒木ほの香, 前川涼子, 芝崎典子, 坂上陽三, 高山祐介",2018/07/11(水) 21:00,https://idolmaster.jp/blog/?p=45563,https://idolmaster.jp/blog/?p=45951,,,
アイドルマスター13周年記念ニコ生～13th Anniversary P@rty!!!!!～,ブランド合同生配信,"関根瞳, 近藤玲奈, 峯田茉優, その他",2018/07/25(水) 20:00,https://idolmaster.jp/blog/?p=46127,https://idolmaster.jp/blog/?p=46394,,,
こえよせ〜温泉宴会型声優寄席〜 和多田美咲,外部イベント,和多田美咲、髙橋麻里、前田佳織里、サンドリオン、会沢紗弥、黒木ほの香、小峯愛未、小山百代、汐入あすか、成海瑠奈、鈴木健太(元アナウンサー)、木村千咲、涼本あきほ、立花芽恵夢、峯田茉優、天津飯大郎、温泉むすめ,2018-07-28 11:30,https://www.eventernote.com/events/161465,,,,
町田店をいつもご利用いただきありがとうございます！スペシャル感謝Day サンドリオン1日店長イベント 1回目 黒木ほの香,外部イベント,黒木ほの香、成海瑠奈、汐入あすか,2018-07-29 13:30,https://www.eventernote.com/events/168589,,,,
SAN☆SUNふぇす2018~祭りだ『わ』っしょい！~ サンドリオン,外部イベント,サンドリオン、黒木ほの香、小峯愛未、小山百代、汐入あすか、成海瑠奈、会沢紗弥,2018-08-11 14:00,https://www.eventernote.com/events/152918,,,,
アイドルマスター シャイニーカラーズ生配信 ～放課後クライマックスガールズ初出演！五色の個性が大爆発SP～,シャニマス生配信,"河野ひより, 白石晴香, 永井真里子, 丸岡和佳奈, 涼本あきほ, 坂上陽三, 高山祐介",2018/08/23(木) 20:00,https://idolmaster.jp/blog/?p=47340,https://idolmaster.jp/blog/?p=48066,,,
サンドリ・オン・ステージ〜嫌よ18よも好きのうち〜 サンドリオン,外部イベント,サンドリオン、黒木ほの香、小峯愛未、会沢紗弥、小山百代、汐入あすか、成海瑠奈,2018-09-17 18:00,https://www.eventernote.com/events/173252,,,,
「アイドルマスター シャイニーカラーズ」トーク&ミニライブ～Light Up!!! illumination STARS～,,"関根瞳, 近藤玲奈, 峯田茉優, 坂上陽三, 高山祐介",2018/09/22(土) 14:30,https://idolmaster.jp/blog/?p=49113,https://idolmaster.jp/blog/?p=49410,,,
CICF中国国际漫画节动漫游戏展 3日目(Bステージ) サンドリオン,外部イベント,サンドリオン、会沢紗弥、黒木ほの香、小峯愛未、汐入あすか、成海瑠奈,2018-10-03 13:00,https://www.eventernote.com/events/177049,,,,
CICF中国国际漫画节动漫游戏展 3日目(メインステージ) サンドリオン,外部イベント,サンドリオン、会沢紗弥、黒木ほの香、小峯愛未、汐入あすか、成海瑠奈,2018-10-03 10:00,https://www.eventernote.com/events/175276,,,,
CICF中国国际漫画节动漫游戏展 4日目(Aステージ) サンドリオン,外部イベント,サンドリオン、会沢紗弥、黒木ほの香、小峯愛未、汐入あすか、成海瑠奈,2018-10-04 09:30,https://www.eventernote.com/events/177050,,,,
CICF中国国际漫画节动漫游戏展 4日目(メインステージ) サンドリオン,外部イベント,サンドリオン、会沢紗弥、黒木ほの香、小峯愛未、汐入あすか、成海瑠奈,2018-10-04 14:00,https://www.eventernote.com/events/175277,,,,
アイドルマスター シャイニーカラーズ生配信 ～アンティーカがお祝いするばい！ハーフアニバーサリー大感謝SP！～,シャニマス生配信,"礒部花凜, 菅沼千紗, 八巻アンナ, 成海瑠奈, 結名美月, 高山祐介",2018/10/24(水) 21:00,https://idolmaster.jp/blog/?p=50479,https://idolmaster.jp/blog/?p=50941,,,
サンドリオン ライブ&トークショー 〜多摩に姫がやってきた！〜 サンドリオン,外部イベント,サンドリオン、会沢紗弥、黒木ほの香、小峯愛未、小山百代、汐入あすか、成海瑠奈,2018-11-01 14:30,https://www.eventernote.com/events/172165,,,,
サンドリオンイベント第19弾「サンドリ・オン・ジュークボックス」 サンドリオン,外部イベント,サンドリオン、会沢紗弥、黒木ほの香、小峯愛未、小山百代、汐入あすか、成海瑠奈,2018-11-23 19:00,https://www.eventernote.com/events/182139,,,,
こえよせ ~学園型声優トークバラエティ~ 昼の部 サンドリオン,外部イベント,サンドリオン、黒木ほの香、小峯愛未、汐入あすか、成海瑠奈、ピュアリーモンスター、仮屋美希、富沢恵莉、桐生朱音、今野優月、コイヌ・ユイ(中島優衣)、柳木みり、吉咲みゆ、はかせ(IOSYS/跡部泰広),2018-12-01 12:30,https://www.eventernote.com/events/181079,,,,
アイドルマスター シャイニーカラーズ生配信 アルストロメリアの！もういくつ寝るとクリスマスだよSP ,シャニマス生配信,"黒木ほの香, 前川涼子, 芝崎典子, 高山祐介",2018/12/10(月) 20:00,https://idolmaster.jp/blog/?p=53122,https://idolmaster.jp/blog/?p=53561,,,
サンドリオンイベント第20弾「超サンドリ・オン・ステージ」 サンドリオン,外部イベント,サンドリオン、会沢紗弥、黒木ほの香、小峯愛未、小山百代、汐入あすか、成海瑠奈,2018-12-26 18:00,https://www.eventernote.com/events/185029,,,,
ゆくM@SくるM@S 2018,ブランド合同生配信,"関根瞳, 近藤玲奈, 峯田茉優, 坂上陽三, 高山祐介,その他",2018/12/29(土) 19:30,https://idolmaster.jp/blog/?p=53635,https://idolmaster.jp/blog/?m=201812,,,
アニラブ・オールスター2018,外部イベント,岩淵桃音、掛川渚、若松来海、雨宮夕夏、藤本彩花、和泉風花、朝日奈丸佳、福尾美佳、岩﨑千明、荒井杏子、乃並なの、草本夏明、涼本あきほ、峯田茉優、松田裕市、湊元りょう,2018/12/30(日) 17:00,https://www.agqr.jp/topics/archives/13_1.php,,,,
サンドリオン 2ndミニアルバム「WANDERLAND」予約イベント1回目 サンドリオン,外部イベント,サンドリオン、会沢紗弥、黒木ほの香、小峯愛未、小山百代、汐入あすか、成海瑠奈,2019-01-13 18:30,https://www.eventernote.com/events/188511,,,,
サンドリオン 2ndミニアルバム「WANDERLAND」予約イベント2回目 サンドリオン,外部イベント,サンドリオン、会沢紗弥、黒木ほの香、小峯愛未、小山百代、汐入あすか、成海瑠奈,2019-01-13 20:15,https://www.eventernote.com/events/190471,,,,
Re:Union 1月24日 19:30～ 石井マーク,外部イベント,石井マーク、松井南波、小野早稀、黒木ほの香、成海瑠奈、高木友梨香、バレッタ裕、今野優月、田村響華,2019-01-24 19:30,https://www.eventernote.com/events/180455,,,,
Re:Union 1月25日 14:00～ 石井マーク,外部イベント,石井マーク、松井南波、小野早稀、黒木ほの香、成海瑠奈、高木友梨香、バレッタ裕、今野優月、田村響華、小岩井ことり,2019-01-25 14:00,https://www.eventernote.com/events/180456,,,,
Re:Union 1月25日 19:30～ 石井マーク,外部イベント,石井マーク、松井南波、小野早稀、黒木ほの香、成海瑠奈、高木友梨香、バレッタ裕、今野優月、田村響華,2019-01-25 19:30,https://www.eventernote.com/events/180457,,,,
Re:Union 1月26日 14:00～ 石井マーク,外部イベント,石井マーク、松井南波、小野早稀、黒木ほの香、成海瑠奈、高木友梨香、バレッタ裕、今野優月、田村響華、平山笑美,2019-01-26 14:00,https://www.eventernote.com/events/180459,,,,
Re:Union 1月26日 19:30～ 石井マーク,外部イベント,石井マーク、松井南波、小野早稀、黒木ほの香、成海瑠奈、高木友梨香、バレッタ裕、今野優月、田村響華,2019-01-26 19:30,https://www.eventernote.com/events/180458,,,,
Re:Union 1月27日 13:00～ 石井マーク,外部イベント,石井マーク、松井南波、小野早稀、黒木ほの香、成海瑠奈、高木友梨香、バレッタ裕、今野優月、田村響華,2019-01-27 13:00,https://www.eventernote.com/events/180461,,,,
Re:Union 1月27日 17:00～ 石井マーク,外部イベント,石井マーク、松井南波、小野早稀、黒木ほの香、成海瑠奈、高木友梨香、バレッタ裕、今野優月、田村響華,2019-01-27 17:00,https://www.eventernote.com/events/180462,,,,
サンドリオン 2ndミニアルバム「WANDERLAND」リリースイベント サンドリオン,外部イベント,サンドリオン、会沢紗弥、黒木ほの香、小峯愛未、小山百代、汐入あすか、成海瑠奈,2019-02-01 19:00,https://www.eventernote.com/events/188512,,,,
サンドリオン記念日 〜ドリオンズとの702日〜 1回目 サンドリオン,外部イベント,サンドリオン、黒木ほの香、小峯愛未、小山百代、汐入あすか、成海瑠奈、会沢紗弥,2019-02-10 13:30,https://www.eventernote.com/events/170676,,,,
サンドリオン記念日 〜ドリオンズとの702日〜 2回目 サンドリオン,外部イベント,サンドリオン、黒木ほの香、小峯愛未、小山百代、汐入あすか、成海瑠奈、会沢紗弥,2019-02-10 17:30,https://www.eventernote.com/events/175262,,,,
アイドルマスター シャイニーカラーズ生配信 放課後的！ドキドキのバレンタインSP！,シャニマス生配信,"河野ひより, 白石晴香, 永井真里子, 丸岡和佳奈, 涼本あきほ, 高山祐介",2019/02/12(火) 20:00,https://idolmaster.jp/blog/?p=56045,https://idolmaster.jp/blog/?p=56375,,,
サンドリオン 2ndミニアルバム「WANDERLAND」リリースイベント @ゲーマーズなんば店 サンドリオン,外部イベント,サンドリオン、会沢紗弥、黒木ほの香、小峯愛未、小山百代、成海瑠奈,2019-03-16 14:00,https://www.eventernote.com/events/194316,,,,
サンドリオンイベント第21弾｢出張版☆サンドリ・オン・ステージin大阪｣ サンドリオン,外部イベント,サンドリオン、会沢紗弥、黒木ほの香、小峯愛未、小山百代、成海瑠奈,2019-03-16 19:00,https://www.eventernote.com/events/194318,,,,
アイドルマスター シャイニーカラーズ生配信 1st Anniversary　前夜祭SP！,シャニマス生配信,"関根瞳, 近藤玲奈, 峯田茉優, 高山祐介",2019/03/22(金) 20:00,https://idolmaster.jp/blog/?p=56552,https://idolmaster.jp/blog/?p=58934,,,
teaRLoveイベント 2019年3月31日 昼の部,外部イベント,河野ひより、関根瞳、丸岡和佳奈、高橋菜々美(声優)、広瀬世華、赤尾ひかる、福積沙耶、桜木夕、小野寺瑠奈、桶谷菜穂,2019/03/31(日) 16:00,http://marine-e.seesaa.net/article/464202776.html,,,,
teaRLoveイベント 2019年3月31日 夜の部,外部イベント,河野ひより、関根瞳、丸岡和佳奈、高橋菜々美(声優)、広瀬世華、赤尾ひかる、福積沙耶、桜木夕、小野寺瑠奈、桶谷菜穂,2019/03/31(日) 19:00,http://marine-e.seesaa.net/article/464202776.html,,,,
ハチサマ2 Hachinai Spring LIVE 2019 〜始まりの合図〜 【昼の部】,外部イベント,西田望見、近藤玲奈、南早紀、井上ほの花、佐伯伊織(NU-KO)、白石晴香、立花理香、芝崎典子、朝日奈丸佳、HUiT、Clutch!,2019-04-06 (土) 14:30,https://twitter.com/hachinai89/status/1077561855780909056,,,,
Kleissis Resonance～with サンドリオン～ Kleissis,外部イベント,Kleissis、富田美憂、田中有紀、山根綺、山田麻莉奈、元吉有希子、髙橋麻里、金子有希、サンドリオン、小山百代、小峯愛未、黒木ほの香、会沢紗弥、汐入あすか、成海瑠奈,2019-04-07 11:30,https://www.eventernote.com/events/196685,,,,
アイドルマスター シャイニーカラーズ生配信～ 1st Anniversary SP！～,シャニマス生配信,関根瞳、礒部花凜、河野ひより、黒木ほの香、高山祐介、坂上陽三／VTR：ストレイライト(田中有紀・幸村恵理・北原沙弥香)、結名美月,2019/04/24(水) 20:00,https://idolmaster.jp/blog/?p=60174,https://idolmaster.jp/blog/?p=61018,,,
春のヘッドフォン祭 2019 ゼンハイザー 声優トークショー 1st ACT 黒木ほの香,外部イベント,黒木ほの香、小峯愛未、成海瑠奈,2019-04-27 13:30,https://www.eventernote.com/events/205996,,,,
春のヘッドフォン祭 2019 ゼンハイザー 声優トークショー 2nd ACT 黒木ほの香,外部イベント,黒木ほの香、小峯愛未、成海瑠奈,2019-04-27 15:00,https://www.eventernote.com/events/206003,,,,
teaRLove Youファンミーティング 2019年4月28日 第1部,外部イベント,河野ひより、関根瞳、丸岡和佳奈、高橋菜々美(声優)、広瀬世華、赤尾ひかる、福積沙耶、桜木夕、小野寺瑠奈、桶谷菜穂,2019/04/28(日) 16:00,https://t.livepocket.jp/e/tearlove0428,,,,
teaRLove Youファンミーティング 2019年4月28日 第2部,外部イベント,河野ひより、関根瞳、丸岡和佳奈、高橋菜々美(声優)、広瀬世華、赤尾ひかる、福積沙耶、桜木夕、小野寺瑠奈、桶谷菜穂,2019/04/28(日) 19:00,https://t.livepocket.jp/e/tearlove0428,,,,
サンドリオンLIVE DVD ｢サンドリオン記念日~ドリオンズとの702日~｣ 予約イベント1回目 サンドリオン,外部イベント,サンドリオン、会沢紗弥、黒木ほの香、小峯愛未、小山百代、汐入あすか、成海瑠奈,2019-04-29 17:00,https://www.eventernote.com/events/206232,,,,
サンドリオンLIVE DVD ｢サンドリオン記念日~ドリオンズとの702日~｣ 予約イベント2回目 サンドリオン,外部イベント,サンドリオン、会沢紗弥、黒木ほの香、小峯愛未、小山百代、汐入あすか、成海瑠奈,2019-04-29 19:30,https://www.eventernote.com/events/206233,,,,
サンドリオンイベント第22弾 ｢超サンド令和・オン・ステージ｣ サンドリオン,外部イベント,サンドリオン、会沢紗弥、黒木ほの香、小峯愛未、小山百代、汐入あすか、成海瑠奈,2019-05-05 14:00,https://www.eventernote.com/events/204039,,,,
teaRLove Youファンミーティング 2019年5月19日 第1部,外部イベント,河野ひより、関根瞳、丸岡和佳奈、高橋菜々美(声優)、広瀬世華、赤尾ひかる、福積沙耶、桜木夕、小野寺瑠奈、桶谷菜穂、teaRLove,2019-05-19 (日) 16:00,https://t.livepocket.jp/e/tearlove0519,,,,
teaRLove Youファンミーティング 2019年5月19日 第2部,外部イベント,河野ひより、関根瞳、丸岡和佳奈、高橋菜々美(声優)、広瀬世華、赤尾ひかる、福積沙耶、桜木夕、小野寺瑠奈、桶谷菜穂、teaRLove,2019-05-19 (日) 19:00,https://t.livepocket.jp/e/tearlove0519,,,,
サンドリオンLIVE DVD ｢サンドリオン記念日~ドリオンズとの702日~｣ 発売記念イベント サンドリオン,外部イベント,サンドリオン、黒木ほの香、小峯愛未、小山百代、汐入あすか、成海瑠奈,2019-05-31 19:00,https://www.eventernote.com/events/206234,,,,
アイドルマスター シャイニーカラーズ生配信　雨の日はアンティーカと一緒SP！,シャニマス生配信,礒部花凜、菅沼千紗、八巻アンナ、成海瑠奈、結名美月、高山祐介,2019/06/07(金) 20:00,https://idolmaster.jp/blog/?p=61969,https://idolmaster.jp/blog/?p=62797,,,
サンドリオンイベント第23弾 ｢サンドリ・オン・ステージ〜僕のにーさんがドリオンズなわけがない〜｣ サンドリオン,外部イベント,サンドリオン、黒木ほの香、小峯愛未、小山百代、汐入あすか、成海瑠奈,2019-06-16 19:00,https://www.eventernote.com/events/210178,,,,
20th Anniversary Live ランティス祭り2019 A・R・I・G・A・T・O ANISONG DAY-02 ライブビューイング,外部イベント,近藤玲奈,2019/06/22(土) 13:00,https://www.lantis.jp/20th/,,,,
アイドルマスター シャイニーカラーズ生配信～ストレイライト初登場SP！～,シャニマス生配信,田中有紀、幸村恵理、北原沙弥香、高山祐介,2019/06/25(火) 20:00,https://idolmaster.jp/blog/?p=62797,https://idolmaster.jp/blog/?p=64066,,,
サンドリオン・ファンツアー2019 今年もやります！！ メンバーと一緒にバーベキューの昼食と、ものづくり体験のミステリーツアー！！ サンドリオン,外部イベント,サンドリオン、黒木ほの香、小峯愛未、小山百代、汐入あすか、成海瑠奈,2019-06-30 09:00,https://www.eventernote.com/events/209983,,,,
teaRLove Youファンミーティング　JUNE 第1部,外部イベント,河野ひより、関根瞳、丸岡和佳奈、高橋菜々美(声優)、広瀬世華、赤尾ひかる、福積沙耶、桜木夕、小野寺瑠奈、桶谷菜穂,2019/06/30(日) 15:00,http://www.marine-e.net/sp/tearlove/#a_04,,,,
teaRLove Youファンミーティング　JUNE 第2部,外部イベント,河野ひより、関根瞳、丸岡和佳奈、高橋菜々美(声優)、広瀬世華、赤尾ひかる、福積沙耶、桜木夕、小野寺瑠奈、桶谷菜穂,2019/06/30(日) 18:30,http://www.marine-e.net/sp/tearlove/#a_04,,,,
サンドリオンLIVE DVD「サンドリオン記念日〜ドリオンズとの702日〜」 リリースイベント ゲーマーズ新宿店 1回目 サンドリオン,外部イベント,サンドリオン、黒木ほの香、成海瑠奈、汐入あすか,2019-07-04 19:00,https://www.eventernote.com/events/215247,,,,
サンドリオンLIVE DVD「サンドリオン記念日〜ドリオンズとの702日〜」 リリースイベント ゲーマーズ新宿店 2回目 サンドリオン,外部イベント,サンドリオン、黒木ほの香、成海瑠奈、汐入あすか,2019-07-04 20:30,https://www.eventernote.com/events/215248,,,,
アイドルマスター14周年記念ニコ生～14th Anniversary P@rty!!!!!～,ブランド合同生配信,"峯田茉優, その他",2019/07/23(火) 20:00,https://idolmaster.jp/blog/?p=65093,https://idolmaster.jp/blog/?p=65738,,,
アイドルマスター シャイニーカラーズ生配信サマーキャンペーン2019特別企画！この夏、アイドルはもっと輝く SP！,シャニマス生配信,近藤玲奈、結名美月、河野ひより、前川涼子、田中有紀、高山祐介,2019/08/02(金) 20:00,https://idolmaster.jp/blog/?p=66025,https://idolmaster.jp/blog/?p=66469,,,
ラジオRe:Union(ラジユニ)公録～真夏の特別授業 第二部 小岩井ことり,外部イベント,小岩井ことり、平山笑美、宮崎珠子、丸山美月、黒木ほの香、成海瑠奈、今野優月、野澤慧,2019-08-10 18:00,https://www.eventernote.com/events/214925,,,,
teaRLove Youファンミーティング AUGUST 第1部,外部イベント,赤尾ひかる、桶谷菜穂、小野寺瑠奈、河野ひより、桜木夕、関根瞳、高橋菜々美(声優)、広瀬世華、福積沙耶、丸岡和佳奈,2019/08/24(土) 15:00,http://www.marine-e.net/sp/tearlove/,,,,
teaRLove Youファンミーティング AUGUST 第2部,外部イベント,赤尾ひかる、桶谷菜穂、小野寺瑠奈、河野ひより、桜木夕、関根瞳、高橋菜々美(声優)、広瀬世華、福積沙耶、丸岡和佳奈,2019/08/24(土) 18:00,http://www.marine-e.net/sp/tearlove/,,,,
DAM☆とも祭り@アニサマ2019 ～けやきでうりゃおい～ 3日目 サンドリオンスペシャルライブステージ サンドリオン,外部イベント,サンドリオン、小山百代、小峯愛未、黒木ほの香、汐入あすか、成海瑠奈,2019-09-01 11:00,https://www.eventernote.com/events/221430,,,,
SAN☆SUNふぇす2019 〜SAILING TO THE SUN〜 サンドリオン,外部イベント,サンドリオン、黒木ほの香、小峯愛未、小山百代、汐入あすか、成海瑠奈,2019-09-06 19:00,https://www.eventernote.com/events/195408,,,,
ゲーマーズpresents「サンドリオン、福岡でイベントやるばい in 博多」 サンドリオン,外部イベント,サンドリオン、小峯愛未、汐入あすか、成海瑠奈、小山百代、黒木ほの香,2019-09-16 12:30,https://www.eventernote.com/events/220466,,,,
サンドリオンイベント第24弾「出張版☆超サンドリ・オン・ステージ～福岡でライブやるばい～」 サンドリオン,外部イベント,サンドリオン、小山百代、小峯愛未、黒木ほの香、成海瑠奈、汐入あすか,2019-09-16 16:30,https://www.eventernote.com/events/223084,,,,
teaRLove Youファンミーティング SEPTEMBER 第1部,外部イベント,赤尾ひかる、桶谷菜穂、小野寺瑠奈、河野ひより、桜木夕、関根瞳、高橋菜々美(声優)、広瀬世華、福積沙耶、丸岡和佳奈、津田美波,2019/09/28(土) 15:00,http://www.marine-e.net/sp/tearlove/,,,,
teaRLove Youファンミーティング SEPTEMBER 第2部,外部イベント,赤尾ひかる、桶谷菜穂、小野寺瑠奈、河野ひより、桜木夕、関根瞳、高橋菜々美(声優)、広瀬世華、福積沙耶、丸岡和佳奈、津田美波,2019/09/28(土) 18:00,http://www.marine-e.net/sp/tearlove/,,,,
アイドルマスター シャイニーカラーズ特別生配信　1.5周年を祝ストロメリアSP！,シャニマス生配信,"黒木ほの香, 前川涼子, 芝崎典子、 高山祐介",2019/10/07(月) 20:00,https://idolmaster.jp/blog/?p=69894,https://idolmaster.jp/blog/?m=20191007,,,
"""夏のアニメまつり2019公式サポーター""サンドリオン スペシャルイベント サンドリオン",外部イベント,サンドリオン、黒木ほの香、小峯愛未、小山百代、汐入あすか、成海瑠奈,2019-10-14 17:00,https://www.eventernote.com/events/225373,,,,
【1回目】サンドリオン1st single 「僕らのSailing!!・Sun!Sun!dream on!・ブランコリック」予約イベント サンドリオン,外部イベント,サンドリオン、黒木ほの香、小峯愛未、小山百代、汐入あすか、成海瑠奈,2019-10-14 12:00,https://www.eventernote.com/events/229730,,,,
【2回目】サンドリオン1st single 「僕らのSailing!!・Sun!Sun!dream on!・ブランコリック」予約イベント サンドリオン,外部イベント,サンドリオン、黒木ほの香、小峯愛未、小山百代、汐入あすか、成海瑠奈,2019-10-14 14:30,https://www.eventernote.com/events/229731,,,,
サンドリオンイベント第25弾「サンドリ・オン・ステージ～ニコニコ朝活ライブ～」 サンドリオン,外部イベント,サンドリオン、黒木ほの香、小峯愛未、小山百代、汐入あすか、成海瑠奈,2019-10-26 10:00,https://www.eventernote.com/events/230290,,,,
teaRLove Youファンミーティング OCTOBER 第1部,外部イベント,赤尾ひかる、桶谷菜穂、小野寺瑠奈、河野ひより、桜木夕、関根瞳、高橋菜々美(声優)、広瀬世華、福積沙耶、丸岡和佳奈,2019/10/26(土) 16:00,http://www.marine-e.net/sp/tearlove/,,,,
teaRLove Youファンミーティング OCTOBER 第2部,外部イベント,赤尾ひかる、桶谷菜穂、小野寺瑠奈、河野ひより、桜木夕、関根瞳、高橋菜々美(声優)、広瀬世華、福積沙耶、丸岡和佳奈,2019/10/26(土) 19:00,http://www.marine-e.net/sp/tearlove/,,,,
サンドリオンイベント第26弾「サウンドリ・音・ステージ～いい音の日～」 サンドリオン,外部イベント,サンドリオン、黒木ほの香、小峯愛未、小山百代、汐入あすか、成海瑠奈,2019-11-10 12:00,https://www.eventernote.com/events/230291,,,,
サンドリオン1st single「僕らのSailing!!・Sun!Sun!dream on!・ブランコリック」発売記念イベント サンドリオン,外部イベント,サンドリオン、黒木ほの香、小峯愛未、小山百代、汐入あすか、成海瑠奈,2019-11-16 19:30,https://www.eventernote.com/events/229732,,,,
teaRLove Youファンミーティング NOVEMBER 第1部,外部イベント,赤尾ひかる、桶谷菜穂、小野寺瑠奈、桜木夕、関根瞳、高橋菜々美(声優)、広瀬世華、福積沙耶、丸岡和佳奈,2019/11/17(日) 15:30,http://www.marine-e.net/sp/tearlove/,,,,
teaRLove Youファンミーティング NOVEMBER 第2部,外部イベント,赤尾ひかる、桶谷菜穂、小野寺瑠奈、桜木夕、関根瞳、高橋菜々美(声優)、広瀬世華、福積沙耶、丸岡和佳奈,2019/11/17(日) 18:30,http://www.marine-e.net/sp/tearlove/,,,,
緊急生配信～1stLIVE Blu-ray発売記念！見たい！聞きたい！振り返りたいSP～,,関根瞳、礒部花凜、河野ひより、黒木ほの香,2019/11/17(日) 21:00,https://idolmaster.jp/blog/?p=72283,https://idolmaster.jp/blog/?p=73439,,,
アイドルマスター シャイニーカラーズ生配信　放課後的！メリークライマックスSP！,シャニマス生配信,河野ひより、白石晴香、永井真里子、丸岡和佳奈、涼本あきほ、高山祐介,2019/12/09(月) 20:00,https://idolmaster.jp/blog/?p=72019,https://idolmaster.jp/blog/?p=74731,,,
AGF Korea 2019 (Anime x Game Festival Korea 2019) 1日目 「サンドリオン」ステージイベント 黒木ほの香,外部イベント,黒木ほの香、小峯愛未、小山百代、汐入あすか、成海瑠奈、サンドリオン,2019-12-14 16:30,https://www.eventernote.com/events/234182,,,,
AGF Korea 2019 (Anime x Game Festival Korea 2019) 1日目 キムチクラ サンドリオン 特典会 黒木ほの香,外部イベント,黒木ほの香、小峯愛未、小山百代、汐入あすか、成海瑠奈、サンドリオン,2019-12-14 17:00,https://www.eventernote.com/events/239669,,,,
黒木ほの香と前川涼子の“まだまだこれからなんです”VOL.1　リリースイベント 黒木ほの香,外部イベント,黒木ほの香、前川涼子,2019-12-15 15:00,https://www.eventernote.com/events/233253,,,,
teaRLove Youファンミーティング DECEMBER 第1部,外部イベント,桶谷菜穂、小野寺瑠奈、河野ひより、桜木夕、関根瞳、高橋菜々美(声優)、広瀬世華、福積沙耶、丸岡和佳奈,2019/12/15(日) 15:30,http://www.marine-e.net/sp/tearlove,,,,
teaRLove Youファンミーティング DECEMBER 第2部,外部イベント,桶谷菜穂、小野寺瑠奈、河野ひより、桜木夕、関根瞳、高橋菜々美(声優)、広瀬世華、福積沙耶、丸岡和佳奈,2019/12/15(日) 18:30,http://www.marine-e.net/sp/tearlove,,,,
聖☆ドリオンパーティ2019 サンドリオン,外部イベント,サンドリオン、黒木ほの香、小峯愛未、小山百代、汐入あすか、成海瑠奈,2019-12-23 19:00,https://www.eventernote.com/events/225374,,,,
ゆくM@S くるM@S 2019,ブランド合同生配信,関根瞳、永井真里子、その他,2019/12/26(木) 20:00,https://idolmaster.jp/blog/?p=74398,https://idolmaster.jp/blog/?p=75897,,,
コミックマーケット97 1日目 白黒瞳ちゃんお渡し会 白石晴香,外部イベント,白石晴香、黒木ほの香、関根瞳,2019-12-28 16:30,https://www.eventernote.com/events/238767,,,,
阿澄佳奈のキミまち！ 公開生放送 2019年12月28日 阿澄佳奈,外部イベント,阿澄佳奈、青木佑磨、浅川梨奈、白石晴香、黒木ほの香、関根瞳、寺坂尚呂己,2019-12-28 19:00,https://www.eventernote.com/events/240775,,,,
アニラブ・オールスター2019,外部イベント,柳原かなこ、西山彩佳、根本京里、高橋美佳子、吉野瑞穂、福尾美佳、乃並なの、岩﨑千明、荒井杏子、湊元りょう、春木めぐみ、オワリカナ、草本夏明、涼本あきほ、峯田茉優、雨宮夕夏、藤本彩花、和泉風花、朝日奈丸佳、光富崇雄、川上莉央、最上さやか、土方蓮奈,2019/12/30(月) 16:30,https://www.agqr.jp/topics/archives/201915_1.php,,,,
あみあみチャンネル ニューエイジ 番組合同イベント 第一部,外部イベント,和泉風花、岩井映美里、内田秀、香里有佐、八巻アンナ、河野ひより,2020-01-13 (月) 12:30,https://ch.nicovideo.jp/amiami-na,,,,
あみあみチャンネル ニューエイジ 番組合同イベント 第二部,外部イベント,和泉風花、岩井映美里、内田秀、香里有佐、八巻アンナ,2020-01-13 (月) 16:30,https://ch.nicovideo.jp/amiami-na,,,,
アイドルマスター シャイニーカラーズ生配信　2020年もシャニマスは羽ばたきますSP！,シャニマス生配信,関根瞳、近藤玲奈、峯田茉優、高山祐介,2020/01/13(月) 20:00,https://idolmaster.jp/blog/?p=75968,https://idolmaster.jp/blog/?p=76561,,,
サンドリオン衣装展 開催記念イベント サンドリオン,外部イベント,サンドリオン、黒木ほの香、小峯愛未、小山百代、汐入あすか、成海瑠奈,2020-01-19 16:30,https://www.eventernote.com/events/241653,,,,
SEGA音ゲーLIVE JAEPO2020,外部イベント,花井美春、東城日沙子、伊藤美来、丸岡和佳奈、HaNaMiNa、オンゲキシューターズ、赤尾ひかる、近藤玲奈、大空直美、長縄まりあ、t+pazolite,2020-02-08 (土) 14:30,https://twitter.com/irodorimidori5/status/1185795623003406336,,,,
サンドリオンイベント第27弾「サンドリ・オン・ステージ〜朝活バレンタイン〜」 サンドリオン,外部イベント,サンドリオン、黒木ほの香、小峯愛未、小山百代、汐入あすか、成海瑠奈,2020-02-09 10:30,https://www.eventernote.com/events/245473,,,,
アイドルマスター シャイニーカラーズ生配信 スイート♡スイート♡ストレイライトSP！,シャニマス生配信,田中有紀、幸村恵理、北原沙弥香、高山祐介,2020/02/17(月) 20:00,https://idolmaster.jp/blog/?p=77899,https://idolmaster.jp/blog/?p=78901,,,
teaRLove Youファンミーティング2020 FEBRUARY 第1部,外部イベント,赤尾ひかる、桶谷菜穂、小野寺瑠奈、桜木夕、関根瞳、高橋菜々美(声優)、広瀬世華、福積沙耶、丸岡和佳奈、河野ひより,2020/02/22(土) 16:00,http://www.marine-e.net/sp/tearlove/,,,,
teaRLove Youファンミーティング2020 FEBRUARY 第2部,外部イベント,赤尾ひかる、桶谷菜穂、小野寺瑠奈、桜木夕、関根瞳、高橋菜々美(声優)、広瀬世華、福積沙耶、丸岡和佳奈、河野ひより,2020/02/22(土) 19:00,http://www.marine-e.net/sp/tearlove/,,,,
アイドルマスター シャイニーカラーズ生配信 2nd Anniversary前夜祭！新情報大公開SP！,シャニマス生配信,結名美月、菅沼千紗、永井真里子、涼本あきほ、高山祐介,2020/03/22(日) 20:00,https://idolmaster.jp/blog/?p=79963,https://idolmaster.jp/blog/?p=80332,,,
アイドルマスター シャイニーカラーズ生配信 インフォメーションレター 2020年5月号,シャニマス生配信,高山祐介,2020/05/13(水) 20:00,https://idolmaster.jp/blog/?p=81487,https://idolmaster.jp/blog/?p=81205,,,
アイドルマスター シャイニーカラーズ生配信 ノクチル初登場SP！,シャニマス生配信,和久井優・土屋李央・田嶌紗蘭・岡咲美保、高山祐介,2020/07/01(水) 21:00,https://idolmaster.jp/blog/?p=82855,https://idolmaster.jp/blog/?p=81794,,,
サンドリオン 1st ベストアルバム「SOUND OF BEST」リリースイベント 1回目 サンドリオン,外部イベント,サンドリオン、黒木ほの香、小峯愛未、小山百代、汐入あすか、成海瑠奈,2020-07-04 12:00,https://www.eventernote.com/events/254469,,,,
サンドリオン 1st ベストアルバム「SOUND OF BEST」リリースイベント 2回目 サンドリオン,外部イベント,サンドリオン、黒木ほの香、小峯愛未、小山百代、汐入あすか、成海瑠奈,2020-07-04 14:30,https://www.eventernote.com/events/254535,,,,
サンドリオン 1st ベストアルバム「SOUND OF BEST」リリースイベント 3回目 サンドリオン,外部イベント,サンドリオン、黒木ほの香、小峯愛未、小山百代、汐入あすか、成海瑠奈,2020-07-04 17:00,https://www.eventernote.com/events/254536,,,,
アイドルマスター 15周年生配信 ～15th Anniversary P@rty!!!!!～,ブランド合同生配信,"関根瞳, 前川涼子, その他",2020/07/26(日) 22:00,https://idolmaster.jp/blog/?cat=89,https://idolmaster-official.jp/news/01_1.html,,,
アイドルマスター シャイニーカラーズ生配信 アンティーカ、真夏の納涼SP！～コワ～い話もあるよ～,シャニマス生配信,礒部花凜、菅沼千紗、八巻アンナ、成海瑠奈、結名美月、高山祐介,2020/08/03(月) 20:00,https://idolmaster-official.jp/news/01_69.html,https://idolmaster-official.jp/news/01_67.html,,,
アイドルマスターシャイニーカラーズ生配信～ 一席いかが？放課後亭クライマックスSP！～,シャニマス生配信,河野ひより、白石晴香、永井真里子、丸岡和佳奈、涼本あきほ、高山祐介,2020/09/01(火) 20:00,https://idolmaster-official.jp/news/01_163.html,https://idolmaster-official.jp/news/01_134.html,,,
A&Gサタデーライブ！(9月12日 2020年 第6回),外部イベント,川上莉央、福尾美佳、岩﨑千明、荒井杏子、草本夏明、涼本あきほ、峯田茉優、湊元りょう、吉野瑞穂,2020/09/12(土) 13:00,https://www.agqr.jp/topics/archives/ag912.php,,,,
アイドルマスター シャイニーカラーズ特別生配信 ～2.5 Anniversary 直前SP！～,シャニマス生配信,関根瞳、礒部花凜、河野ひより、黒木ほの香、田中有紀、和久井優、高山祐介,2020/10/05(月) 20:00,https://idolmaster-official.jp/news/01_418.html,https://idolmaster-official.jp/news/01_364.html,,,
【振替公演】サンドリオン FAN FUNみーてぃんぐっ！ サンドリオン,外部イベント,サンドリオン、黒木ほの香、小峯愛未、小山百代、汐入あすか、成海瑠奈,2020-10-09 15:30,https://www.eventernote.com/events/245470,,,,
【振替公演】サンドリオン記念日 ～センキュー！よろしくっ☆～ サンドリオン,外部イベント,サンドリオン、黒木ほの香、小峯愛未、小山百代、汐入あすか、成海瑠奈,2020-10-09 19:00,https://www.eventernote.com/events/241115,,,,
teaRLove You ファンミーティング in アニメイト池袋本店 第一部,外部イベント,赤尾ひかる、桶谷菜穂、小野寺瑠奈、桜木夕、高橋菜々美(声優)、広瀬世華、福積沙耶、丸岡和佳奈、teaRLove、河野ひより,2020-10-11 (日) 12:30,https://t.livepocket.jp/e/tearlove1011,,,,
teaRLove You ファンミーティング in アニメイト池袋本店 第二部,外部イベント,赤尾ひかる、桶谷菜穂、小野寺瑠奈、桜木夕、高橋菜々美(声優)、広瀬世華、福積沙耶、丸岡和佳奈、teaRLove、河野ひより,2020-10-11 (日) 15:00,https://t.livepocket.jp/e/tearlove1011,,,,
teaRLove You ファンミーティング in アニメイト池袋本店 第三部,外部イベント,赤尾ひかる、桶谷菜穂、小野寺瑠奈、桜木夕、高橋菜々美(声優)、広瀬世華、福積沙耶、丸岡和佳奈、teaRLove、河野ひより,2020-10-11 (日) 17:30,https://t.livepocket.jp/e/tearlove1011,,,,
にじさんじ×シャニマス特別生配信,コラボ生配信,丸岡和佳奈、和久井優、その他,2020/10/23(金) 18:00,https://idolmaster-official.jp/news/01_462.html,https://idolmaster-official.jp/news/01_500.html,,,
がたふぇす Vol.11「あみあみラジオまつり出張版 in がたふぇす Vol.11」,外部イベント,丸岡和佳奈、八巻アンナ,2020-10-25 (日) 14:40,https://niigata-animemangafes.com/event/amiami/,,,,
teaRLove 1st mini Album「Tears」発売記念イベント ＜アニメイトの部＞1回目,外部イベント,河野ひより、桜木夕、高橋菜々美(声優)、広瀬世華、関根瞳,2020/11/07(土) 13:30,https://www.animate-onlineshop.jp/sphone/contents/fair_event/detail.php?id=104418,,,,
teaRLove 1st Mini Album「Tears」発売記念イベント〈ゲーマーズの部〉1回目,外部イベント,河野ひより、桜木夕、高橋菜々美(声優)、広瀬世華、関根瞳,2020/11/07(土) 15:00,https://www.gamers.co.jp/contents/event_fair/detail.php?id=540,,,,
サンドリオン1st写真集発売記念イベント【第1回目】 サンドリオン,外部イベント,サンドリオン、黒木ほの香、小峯愛未、小山百代、汐入あすか、成海瑠奈,2020-11-08 12:00,https://www.eventernote.com/events/258758,,,,
サンドリオン1st写真集発売記念イベント【第2回目】 サンドリオン,外部イベント,サンドリオン、黒木ほの香、小峯愛未、小山百代、汐入あすか、成海瑠奈,2020-11-08 14:30,https://www.eventernote.com/events/258759,,,,
サンドリオン1st写真集発売記念イベント【第3回目】 サンドリオン,外部イベント,サンドリオン、黒木ほの香、小峯愛未、小山百代、汐入あすか、成海瑠奈,2020-11-08 17:00,https://www.eventernote.com/events/258760,,,,
アイドルマスター シャイニーカラーズ生配信 ～アルストロメリアの冬支度！？「冬」先取りしませんかSP！～,シャニマス生配信,黒木ほの香、前川涼子、芝崎典子、高山祐介,2020/11/25(水) 21:00,https://idolmaster-official.jp/news/01_615.html,https://idolmaster-official.jp/news/01_624.html,,,
聖☆ドリオンパーティ2020〜Party・パーティ・ぱーてぃ〜1部 サンドリオン,外部イベント,サンドリオン、黒木ほの香、小峯愛未、小山百代、汐入あすか、成海瑠奈,2020-12-20 14:00,https://www.eventernote.com/events/266550,,,,
聖☆ドリオンパーティ2020〜Party・パーティ・ぱーてぃ〜2部 サンドリオン,外部イベント,サンドリオン、黒木ほの香、小峯愛未、小山百代、汐入あすか、成海瑠奈,2020-12-20 18:00,https://www.eventernote.com/events/266551,,,,
アイドルマスター シャイニーカラーズ生配信 　イルミネホーリーナイト！～聖夜を明るく灯そうSP～,シャニマス生配信,関根瞳、近藤玲奈、峯田茉優、高山祐介,2020/12/22(火) 20:00,https://idolmaster-official.jp/news/01_746.html,https://idolmaster-official.jp/news/01_722.html,,,
声優第七世代　爆笑コントグランプリ2020,外部イベント,八巻アンナ、関根瞳、野口詩央、巽悠衣子,2020/12/23(水) 19:30,https://sp.ch.nicovideo.jp/seiyuu7/blomaga/ar1964131,,,,
ゆくM@S くるM@S 2020,ブランド合同生配信,八巻アンナ、岡咲美保、高山祐介,2020/12/29(火) 20:00,https://idolmaster-official.jp/news/01_857.html,https://idolmaster-official.jp/news/01_843.html,,,
アイドルマスター シャイニーカラーズ生配信 Stray Fortune Bright 2021 SP,シャニマス生配信,田中有紀、幸村恵理、北原沙弥香、高山祐介,2021/01/28(木) 20:00,https://idolmaster-official.jp/news/01_993.html,https://idolmaster-official.jp/news/01_933.html,,,
アイドルマスター シャイニーカラーズ生配信 ノクチルのアフターバレンタインSP,シャニマス生配信,和久井優、土屋李央、田嶌紗蘭、岡咲美保、高山祐介,2021/02/16(火) 20:00,https://idolmaster-official.jp/news/01_1147.html,https://idolmaster-official.jp/news/01_1070.html,,,
TVアニメ「おちこぼれフルーツタルト」～ネズミ荘へようこそ in 小金井市～,外部イベント,新田ひより、保科李沙(久保田梨沙)、白石晴香、近藤玲奈、守屋亨香、フルーツタルト,2021-03-07 (日) 13:30,http://ochifuru-anime.com/news.html?id=n071,,,,
スペシャルイベント『TVアニメ「おちこぼれフルーツタルト」ヒガコ感謝祭！,外部イベント,新田ひより、保科李沙(久保田梨沙)、白石晴香、近藤玲奈、守屋亨香、フルーツタルト、川口敬一郎,2021-03-07 (日) 17:30,http://ochifuru-anime.com/news.html?id=n071,,,,
アイドルマスター シャイニーカラーズ特別生配信 3rd Anniversary前夜祭SP！,シャニマス生配信,礒部花凜、菅沼千紗、八巻アンナ、成海瑠奈、結名美月、高山祐介,2021/03/23(火) 20:00,https://idolmaster-official.jp/news/01_1359,https://idolmaster-official.jp/news/01_1308.html,,,
菅沼千紗の魅力に落ちるイベント  壱ノ沼リベンジ 昼公演,外部イベント,菅沼千紗、八巻アンナ,2021-04-10 (土) 14:30,https://ch.nicovideo.jp/numaochi/blomaga/ar1991418,,,,
菅沼千紗の魅力に落ちるイベント  壱ノ沼リベンジ 夜公演,外部イベント,菅沼千紗、八巻アンナ,2021-04-10 (土) 18:30,https://ch.nicovideo.jp/numaochi/blomaga/ar1991418,,,,
サンドリオン2ndシングル「ハッピーアイスクリーム」発売記念イベント【1回目】 サンドリオン,外部イベント,サンドリオン、成海瑠奈、汐入あすか、小山百代、小峯愛未、黒木ほの香,2021-04-11 12:00,https://www.eventernote.com/events/273813,,,,
サンドリオン2ndシングル「ハッピーアイスクリーム」発売記念イベント【2回目】 サンドリオン,外部イベント,サンドリオン、成海瑠奈、汐入あすか、小山百代、小峯愛未、黒木ほの香,2021-04-11 15:00,https://www.eventernote.com/events/273814,,,,
サンドリオン2ndシングル「ハッピーアイスクリーム」発売記念イベント【3回目】 サンドリオン,外部イベント,サンドリオン、成海瑠奈、汐入あすか、小山百代、小峯愛未、黒木ほの香,2021-04-11 17:30,https://www.eventernote.com/events/273815,,,,
VOICETOURIST3番組連動イベント 昼公演,外部イベント,菅沼千紗、礒部花凜、芝崎典子,2021/04/11(日) 14:30,https://ch.nicovideo.jp/numaochi/blomaga/ar1991440,,,,
VOICETOURIST3番組連動イベント 夜公演,外部イベント,菅沼千紗、礒部花凜、芝崎典子,2021-04-11 (日) 18:30,https://ch.nicovideo.jp/numaochi/blomaga/ar1991440,,,,
アイドルマスター シャイニーカラーズ特別生配信　3rd Anniversary SP！,シャニマス生配信,関根瞳、礒部花凜、河野ひより、黒木ほの香、田中有紀、和久井優、高山祐介,2021/04/12(月) 19:00,https://idolmaster-official.jp/news/01_1475,https://idolmaster-official.jp/news/01_1449,,,
ハチサマ5 Hachinai Spring LIVE in 八王子 [昼公演],外部イベント,西田望見、近藤玲奈、南早紀、井上ほの花、立花理香、白石晴香、山下七海、佐伯伊織(NU-KO)、朝日奈丸佳、芝崎典子、楠木ともり、河瀬茉希、青木志貴、相坂優歌、福緒唯,2021/04/25(日) 14:00,https://hachinai.com/hachisama5_2021/,,,,
ハチサマ5 Hachinai Spring LIVE in 八王子 [夜公演],外部イベント,西田望見、近藤玲奈、南早紀、井上ほの花、立花理香、白石晴香、山下七海、佐伯伊織(NU-KO)、朝日奈丸佳、芝崎典子、楠木ともり、河瀬茉希、青木志貴、相坂優歌、福緒唯,2021/04/25(日) 18:00,https://hachinai.com/hachisama5_2021/,,,,
アイドルマスター シャイニーカラーズ生配信　SHHis初登場SP！,シャニマス生配信,紫月杏朱彩、山根綺、高山祐介,2021/05/16(日) 20:00,https://idolmaster-official.jp/news/01_1617,https://idolmaster-official.jp/news/01_1595,,,
teaRLove You ファンミーティング May 22 2021 第一部,外部イベント,teaRLove、赤尾ひかる、桶谷菜穂、小野寺瑠奈、桜木夕、高橋菜々美(声優)、広瀬世華、福積沙耶、丸岡和佳奈,2021-05-22 (土) 13:30,https://twitter.com/teaRLove_TRL/status/1383387251908825099,,,,
teaRLove You ファンミーティング May 22 2021 第二部,外部イベント,teaRLove、赤尾ひかる、桶谷菜穂、小野寺瑠奈、桜木夕、高橋菜々美(声優)、広瀬世華、福積沙耶、丸岡和佳奈,2021-05-22 (土) 17:00,https://twitter.com/teaRLove_TRL/status/1383387251908825099,,,,
Blu-ray「サンドリオン記念日～センキュー！よろしくっ☆～」 リリースイベント♪ミニトーク&特典会 1部 サンドリオン,外部イベント,サンドリオン、成海瑠奈、汐入あすか、小山百代、小峯愛未、黒木ほの香,2021-06-06 14:30,https://www.eventernote.com/events/278438,,,,
Blu-ray「サンドリオン記念日～センキュー！よろしくっ☆～」 リリースイベント♪ミニトーク&特典会 2部 サンドリオン,外部イベント,サンドリオン、成海瑠奈、汐入あすか、小山百代、小峯愛未、黒木ほの香,2021-06-06 17:00,https://www.eventernote.com/events/278439,,,,
「河野ひよりのてれかくし 第1回ぴよフェスティバル」[昼の部] 河野ひより,外部イベント,河野ひより、黒木ほの香、土屋李央,2021-06-19 14:00,https://www.eventernote.com/events/277594,,,,
"【振替】峯田・和泉のぽてまぼ！ ""1.3th"" anniversary ～Pattern Marble!～ 第1部",外部イベント,峯田茉優、和泉風花、河野ひより,2021/06/27(日) 13:30,http://anitama.com/pm/,,,,
"【振替】峯田・和泉のぽてまぼ！ ""1.3th"" anniversary ～Pattern Marble!～ 第2部",外部イベント,峯田茉優、和泉風花、河野ひより,2021/06/27(日) 16:30,http://anitama.com/pm/,,,,
アイドルマスター シャイニーカラーズ生配信　放課後的！七夕流星群SP！,シャニマス生配信,河野ひより、白石晴香、永井真里子、丸岡和佳奈、涼本あきほ、高山祐介,2021/06/28(月) 20:00,https://idolmaster-official.jp/news/01_1844,https://idolmaster-official.jp/news/01_1843,,,
Maisen Music FES 2021 「Don't Bother Us on Summer」 [DAY2 第3部],外部イベント,野村麻衣子、菅沼千紗、田中美海、八巻アンナ,2021-07-11 (日) 19:30,https://ch.nicovideo.jp/oshimai/blomaga/ar2023351,,,,
アイドルマスター シャイニーカラーズ生配信　～サマーキャンペーン直前！アルストロメリアの夏祭りSP！～,シャニマス生配信,黒木ほの香、前川涼子、芝崎典子、高山祐介,2021/07/19(月) 20:00,https://idolmaster-official.jp/news/01_2024,https://idolmaster-official.jp/news/01_1998,,,
teaRLove You ファンミーティング 2021 JULY 第１部,外部イベント,teaRLove、桶谷菜穂、小野寺瑠奈、河野ひより、桜木夕、高橋菜々美(声優)、広瀬世華、福積沙耶、丸岡和佳奈,2021-07-24 (土) 14:30,https://t.livepocket.jp/e/trl0724,,,,
teaRLove You ファンミーティング 2021 JULY 第２部,外部イベント,teaRLove、桶谷菜穂、小野寺瑠奈、河野ひより、桜木夕、高橋菜々美(声優)、広瀬世華、福積沙耶、丸岡和佳奈,2021-07-24 (土) 18:00,https://t.livepocket.jp/e/trl0724,,,,
アイドルマスター 16周年生配信 ～16th Anniversary P@rty!!!!!～,ブランド合同生配信,関根瞳、紫月杏朱彩、その他,2021/07/25(日) 20:00,https://idolmaster-official.jp/news/01_2051,https://idolmaster-official.jp/news/01_2063.html,,,
ONE TO ONE火曜日祭り ＜第2部＞「関根と言えば瞳でしょ！」イベント,外部イベント,関根瞳、峯田茉優、高橋美佳子,2021/08/07(土) 18:00,https://sp.ch.nicovideo.jp/onetone/blomaga/ar2028953,,,,
【振替】Spring☆ふぇすた2021～Happiness 4 you～ サンドリオン,外部イベント,サンドリオン、成海瑠奈、汐入あすか、小山百代、小峯愛未、黒木ほの香,2021-08-08 19:00,https://www.eventernote.com/events/279658,,,,
【振替】サンドリオン春の運動会 サンドリオン,外部イベント,サンドリオン、成海瑠奈、汐入あすか、小山百代、小峯愛未、黒木ほの香、天津飯大郎、上村源、小黒幸希、白井涼平、野田航弥、久山顕、Themnario,2021-08-08 15:30,https://www.eventernote.com/events/279657,,,,
teaRLove You ファンミーティング 2021 AUGUST 第１部,外部イベント,赤尾ひかる、桶谷菜穂、小野寺瑠奈、河野ひより、桜木夕、関根瞳、高橋菜々美(声優)、広瀬世華、福積沙耶、丸岡和佳奈,2021/08/08(日) 14:30,https://www.marine-e.net/sp/tearlove/,,,,
teaRLove You ファンミーティング 2021 AUGUST 第２部,外部イベント,赤尾ひかる、桶谷菜穂、小野寺瑠奈、河野ひより、桜木夕、関根瞳、高橋菜々美(声優)、広瀬世華、福積沙耶、丸岡和佳奈,2021/08/08(日) 18:00,https://www.marine-e.net/sp/tearlove/,,,,
アイドルマスター シャイニーカラーズ生配信　インフォメーションレター,シャニマス生配信,高山祐介,2021/08/25(水) 21:00,https://idolmaster-official.jp/news/01_2225,https://idolmaster-official.jp/news/01_2314,https://idolmaster-official.jp/news/01_2204,,
Animelo Summer Live 2021 -COLORS- 3日目,外部イベント,一柳隊、雨宮天、伊藤美来、内田真礼、楠木ともり、Mashumairesh!!、DOKONJOFINGER、プラズマジカ、鈴木このみ、鈴木みのり、TRUE(唐沢美帆)、仲村宗悟、早見沙織、RAISE A SUILEN、ReoNa、赤尾ひかる、夏吉ゆうこ、井澤美香子、西本りみ、紡木吏佐、岩田陽葵、星守紗凪、遠野ひかる、高橋花林、Raychell、小原莉子、夏芽、倉知玲鳳、和多田美咲、山根綺、伊東健人、稲川英里、森口博子、松尾洋一、山崎淳、村上聖、今井隼、菊嶋亮一、毛利泰士、Atsuki(FIRE HORNS)、ヒロムーチョ(髙橋弥歩)、大田垣“OTG”正信、fhána、佐藤純一(fhána)、yuxuki waga(fhána)、kevin mitsunaga(fhána)、towana(fhána)、大石昌良(オーイシマサヨシ)、スーパーちょろゴンず、桑原由気、長縄まりあ、高田憂希、髙橋ミナミ、嶺内ともみ、酒井ミキオ、ヒーラーガールズ、礒部花凜、熊田茜音、堀内まり菜、吉武千颯、NAOTO(ｳﾞｧｲｵﾘﾆｽﾄ)、重永亮介、設楽博臣、okamu.、関口孝夫、堀崎翔、荒幡亮平,2021/08/29(日) 16:00,https://anisama.tv/2021/index.html,,,,
FAN!FAM!!FUN!!!Limited!!!! 【出演：成海瑠奈&黒木ほの香】 1部 成海瑠奈,外部イベント,成海瑠奈、黒木ほの香,2021-09-11 14:30,https://www.eventernote.com/events/284975,,,,
FAN!FAM!!FUN!!!Limited!!!! 【出演：成海瑠奈&黒木ほの香】 2部 成海瑠奈,外部イベント,成海瑠奈、黒木ほの香,2021-09-11 18:00,https://www.eventernote.com/events/284976,,,,
アイドルマスター シャイニーカラーズ生配信　～3.5周年前夜祭SP！～,シャニマス生配信,田中有紀、幸村恵理、北原沙弥香、高山祐介,2021/09/25(土) 19:30,https://idolmaster-official.jp/news/01_2356,https://idolmaster-official.jp/news/01_2367,,,
『丸岡和佳奈・菅沼千紗の和び紗び じゅーおーむじん～秋祭り～』昼の部,外部イベント,丸岡和佳奈、菅沼千紗、紫月杏朱彩、関根瞳,2021/10/09(土) 14:00,https://sp.ch.nicovideo.jp/voicegarage/blomaga/ar2041692,,,,
『丸岡和佳奈・菅沼千紗の和び紗び じゅーおーむじん～秋祭り～』夜の部,外部イベント,丸岡和佳奈、菅沼千紗、紫月杏朱彩、関根瞳,2021/10/09(土) 17:30,https://sp.ch.nicovideo.jp/voicegarage/blomaga/ar2041692,,,,
アイドルマスター シャイニーカラーズ特別生配信 ～ 3.5周年SP！～,シャニマス生配信,和久井優、土屋李央、田嶌紗蘭、岡咲美保、高山祐介,2021/10/20(水) 20:00,https://idolmaster-official.jp/news/01_2543,https://idolmaster-official.jp/news/01_2543,,,
黒木ほの香のSecret Show Room 第2回ほのフェスティバル ～ほのけ生誕祭～[昼の部] 黒木ほの香,外部イベント,黒木ほの香、北原沙弥香、山根綺,2021-10-30 14:00,https://www.eventernote.com/events/287128,,,,
黒木ほの香のSecret Show Room 第2回ほのフェスティバル ～ほのけ生誕祭～[夜の部] 黒木ほの香,外部イベント,黒木ほの香、芝崎典子、関根瞳,2021-10-30 18:00,https://www.eventernote.com/events/287129,,,,
音楽朗読劇『モンテ・クリスト伯』11月12日,外部イベント,重松千晴、峯田茉優、菅沼久義、中澤まさとも、土田大、笠間淳,2021/11/12(金) 19:00,https://monte.rodokugeki.jp/,,,,
『三澤紗千香・駒形友梨のさちゆりゲーム実況部 ～Press Any Button!～ 3rd STAGE』昼の部 三澤紗千香,外部イベント,三澤紗千香、駒形友梨、河野ひより、黒木ほの香,2021-11-21 14:00,https://www.eventernote.com/events/287491,,,,
『三澤紗千香・駒形友梨のさちゆりゲーム実況部 ～Press Any Button!～ 3rd STAGE』夜の部 三澤紗千香,外部イベント,三澤紗千香、駒形友梨、河野ひより、黒木ほの香,2021-11-21 18:00,https://www.eventernote.com/events/287492,,,,
関根・丸岡はがんばらない ～初イベントではがんばります！～ 1部,外部イベント,関根瞳、丸岡和佳奈、芝崎典子、峯田茉優,2021/11/21(日) 14:00,https://platto.spwn.jp/events/21112114-ganbaranai,,,,
関根・丸岡はがんばらない ～初イベントではがんばります！～ 2部,外部イベント,関根瞳、丸岡和佳奈、芝崎典子、峯田茉優,2021/11/21(日) 18:00,https://platto.spwn.jp/events/21112114-ganbaranai,,,,
アイドルマスター シャイニーカラーズ生配信 ～プロデュース感謝の日SP！～,シャニマス生配信,紫月杏朱彩、山根綺、高山祐介,2021/11/26(金) 20:00,https://idolmaster-official.jp/news/01_2685,https://idolmaster-official.jp/news/01_2686,,,
TVアニメ『ゴールデンカムイ』スペシャルイベント’21〈昼の部〉,外部イベント,小林親弘、白石晴香、伊藤健太郎(声優)、津田健次郎、細谷佳正、てらそままさき、竹本英史、小西克幸,2021-12-05 (日) 14:40,https://kamuy-anime.com/special/event/index03060000.html,,,,
TVアニメ『ゴールデンカムイ』スペシャルイベント’21〈夜の部〉,外部イベント,小林親弘、白石晴香、伊藤健太郎(声優)、津田健次郎、細谷佳正、てらそままさき、竹本英史、小西克幸,2021-12-05 (日) 18:00,https://kamuy-anime.com/special/event/index03060000.html,,,,
関根と言えば「クリパ」でしょ！2021（夜の部）,外部イベント,関根瞳、永井真里子,2021/12/05(日) 18:00,https://sp.ch.nicovideo.jp/onetone/blomaga/ar2057666,,,,
アイドルマスター シャイニーカラーズ生配信　～アンティーカ・ナターレSP！～,シャニマス生配信,礒部花凜、菅沼千紗、八巻アンナ、結名美月、高山祐介,2021/12/07(火) 20:00,https://idolmaster-official.jp/news/01_2861.html,https://idolmaster-official.jp/news/01_2856,,,
#SSRほのけ クリスマススペシャル公開生放送 黒木ほの香,外部イベント,黒木ほの香、田嶌紗蘭、川口莉奈,2021-12-24 19:00,https://www.eventernote.com/events/294475,,,,
ボイスツーリストクリスマスミッション 夜公演,外部イベント,菅沼千紗、芝崎典子、紫月杏朱彩、峯田茉優、丸岡和佳奈,2021/12/25(土) 18:30,https://ch.nicovideo.jp/numaochi/blomaga/ar2051462,,,,
佐倉薫＆八巻アンナとマーダーミステリーinところざわサクラタウン,外部イベント,佐倉薫、八巻アンナ,2021-12-26 (日) 16:30,https://travel.willer.co.jp/entertainment/mm1226/,,,,
ゆくM@S くるM@S 2021,ブランド合同生配信,山根綺、高山祐介,2021/12/28(火) 20:00,https://idolmaster-official.jp/news/01_3149,https://idolmaster-official.jp/news/01_3010,,,
teaRLove You ファンミーティング 2022 January 第１部,外部イベント,赤尾ひかる、桶谷菜穂、小野寺瑠奈、河野ひより、桜木夕、関根瞳、高橋菜々美(声優)、広瀬世華、福積沙耶,2022/01/08(土) 15:00,https://www.marine-e.net/sp/tearlove/,,,,
teaRLove You ファンミーティング 2022 January 第２部,外部イベント,赤尾ひかる、桶谷菜穂、小野寺瑠奈、河野ひより、桜木夕、関根瞳、高橋菜々美(声優)、広瀬世華、福積沙耶,2022/01/08(土) 18:00,https://www.marine-e.net/sp/tearlove/,,,,
「ぽわぽやフェス」ふぁんみーてぃんぐ！１部,外部イベント,関根瞳、結名美月,2022/01/15(土) 15:00,https://ch.nicovideo.jp/powapoya/blomaga/ar2065897,,,,
「ぽわぽやフェス」ふぁんみーてぃんぐ！２部,外部イベント,関根瞳、結名美月,2022/01/15(土) 19:00,https://ch.nicovideo.jp/powapoya/blomaga/ar2065897,,,,
声優のひと息 FEMME Supported by 声優グランプリ/チョクメ！ 第１部 北原沙弥香,外部イベント,北原沙弥香、黒木ほの香、芝崎典子,2022-01-16 14:30,https://www.eventernote.com/events/294883,,,,
声優のひと息 FEMME Supported by 声優グランプリ/チョクメ！ 第２部 北原沙弥香,外部イベント,北原沙弥香、黒木ほの香、芝崎典子,2022-01-16 18:00,https://www.eventernote.com/events/294884,,,,
ボイスガレッジ ニューイヤーパーティー2022 〜side Girls〜 Day2 昼の部,外部イベント,郁原ゆう、藤井ゆきよ、渡部優衣、三澤紗千香、駒形友梨、丸岡和佳奈、菅沼千紗、小岩井ことり,2022-01-16 (日) 14:00,https://ch.nicovideo.jp/voicegarage/blomaga/ar2058310,,,,
ボイスガレッジ ニューイヤーパーティー2022 〜side Girls〜 Day2 夜の部,外部イベント,郁原ゆう、藤井ゆきよ、渡部優衣、三澤紗千香、駒形友梨、丸岡和佳奈、菅沼千紗、小岩井ことり,2022-01-16 (日) 18:00,https://ch.nicovideo.jp/voicegarage/blomaga/ar2058310,,,,
『ボイスガレッジシアター Vol.2「ブラインド」』1月22日 昼の部 丸岡和佳奈,外部イベント,丸岡和佳奈、黒木ほの香、高塚智人、梶原岳人、吉岡茉祐,2022-01-22 14:00,https://www.eventernote.com/events/294190,,,,
『ボイスガレッジシアター Vol.2「ブラインド」』1月22日 夜の部 丸岡和佳奈,外部イベント,丸岡和佳奈、黒木ほの香、高塚智人、梶原岳人、吉岡茉祐,2022-01-22 18:00,https://www.eventernote.com/events/294192,,,,
『ボイスガレッジシアター Vol.2「ブラインド」』1月23日 昼の部,外部イベント,河野ひより、菅沼千紗、今井文也、井上雄貴、吉岡茉祐,2022-01-23 (日) 14:00,https://ch.nicovideo.jp/voicegarage/blomaga/ar2066629,,,,
『ボイスガレッジシアター Vol.2「ブラインド」』1月23日 夜の部,外部イベント,河野ひより、菅沼千紗、今井文也、井上雄貴、吉岡茉祐,2022-01-23 (日) 18:00,https://ch.nicovideo.jp/voicegarage/blomaga/ar2066629,,,,
アイドルマスター シャイニーカラーズ生配信　～2022年も色とりどりに輝こうSP！～,シャニマス生配信,関根瞳、近藤玲奈、峯田茉優、高山祐介,2022/01/27(木) 20:00,https://idolmaster-official.jp/news/01_3202,https://idolmaster-official.jp/news/01_2973,,,
アイドルマスター シャイニーカラーズ生配信　～勝負は放課後？クライマックス・バレンタインSP！～,シャニマス生配信,河野ひより、白石晴香、永井真里子、丸岡和佳奈、涼本あきほ、高山祐介,2022/02/06(日) 20:00,https://idolmaster-official.jp/news/01_3203,https://idolmaster-official.jp/news/01_3204,,,
『ボイスガレッジ スーパーチューズデーParty!』昼の部,外部イベント,会沢紗弥、丸岡和佳奈、菅沼千紗、阿部里果、山崎エリイ(Erii)、南早紀,2022-03-06 (日) 14:00,https://ch.nicovideo.jp/voicegarage/blomaga/ar2071151,,,,
『ボイスガレッジ スーパーチューズデーParty!』夜の部,外部イベント,会沢紗弥、丸岡和佳奈、菅沼千紗、阿部里果、山崎エリイ(Erii)、南早紀,2022-03-06 (日) 18:00,https://ch.nicovideo.jp/voicegarage/blomaga/ar2071151,,,,
アイドルマスター シャイニーカラーズ生配信　～4周年前夜祭SP！～,シャニマス生配信,黒木ほの香、前川涼子、芝崎典子、高山祐介,2022/03/29(火) 20:00,https://idolmaster-official.jp/news/01_3378,https://idolmaster-official.jp/news/01_3377,,,
teaRLove You ファンミーティング 2022 APRIL 第１部,外部イベント,赤尾ひかる、桶谷菜穂、小野寺瑠奈、河野ひより、桜木夕、関根瞳、高橋菜々美(声優)、広瀬世華、福積沙耶、丸岡和佳奈,2022/04/09(土) 15:00,https://www.marine-e.net/sp/tearlove/,,,,
teaRLove You ファンミーティング 2022 APRIL 第２部,外部イベント,赤尾ひかる、桶谷菜穂、小野寺瑠奈、河野ひより、桜木夕、関根瞳、高橋菜々美(声優)、広瀬世華、福積沙耶、丸岡和佳奈,2022/04/09(土) 18:00,https://www.marine-e.net/sp/tearlove/,,,,
チョクメ祭！vol.8（振替公演）第一部,外部イベント,田嶌紗蘭、佐倉薫、八巻アンナ,2022-04-10 (日) 16:30,https://ani.chokume.com/ticket/chokume-vol8,,,,
シャニマス4thLIVE直前！イベント振り返り生配信！,ライブ直前生配信,関根瞳、前川涼子、山根綺,2022/04/15(金) 19:00,https://idolmaster-official.jp/news/01_3816.html,告知無し,,,
アイドルマスター シャイニーカラーズ生配信～4th Anniversary SP！～,シャニマス生配信,関根瞳、礒部花凜、河野ひより、黒木ほの香、田中有紀、和久井優、紫月杏朱彩、高山祐介,2022/04/18(月) 19:00,https://idolmaster-official.jp/news/01_3564,https://idolmaster-official.jp/news/01_3563.html,,,
「Café Takayama」 4thLIVE直前特別版！,高山配信,高山祐介、梅木馨、中川浩二,2022/04/22(金) 23:00,,,,,
涼本あきほ・永井真里子の「しぇあはうしゅ」第1回 るーむめいちゅ ふぇしゅ 昼のしぇ,外部イベント,涼本あきほ、永井真里子,2022-05-21 (土) 14:00,https://www.depth-live.com/sharehoushu/,,,,
涼本あきほ・永井真里子の「しぇあはうしゅ」第1回 るーむめいちゅ ふぇしゅ 夜のしぇ,外部イベント,涼本あきほ、永井真里子,2022-05-21 (土) 18:00,https://www.depth-live.com/sharehoushu/,,,,
黒木ほの香のSecret Show Room 第3回ほのフェスティバル [昼の部] 黒木ほの香,外部イベント,黒木ほの香、河野ひより、前川涼子,2022-05-22 14:00,https://www.eventernote.com/events/304612,,,,
黒木ほの香のSecret Show Room 第3回ほのフェスティバル [夜の部] 黒木ほの香,外部イベント,黒木ほの香、紫月杏朱彩、和久井優,2022-05-22 18:00,https://www.eventernote.com/events/304613,,,,
teaRLove You ファンミーティング 2022 MAY 第１部,外部イベント,赤尾ひかる、小野寺瑠奈、桜木夕、関根瞳、広瀬世華、福積沙耶、丸岡和佳奈、桶谷菜穂,2022/05/29(日) 15:00,https://t.livepocket.jp/e/tearlove0529,,,,
teaRLove You ファンミーティング 2022 MAY 第２部,外部イベント,赤尾ひかる、小野寺瑠奈、桜木夕、関根瞳、広瀬世華、福積沙耶、丸岡和佳奈、桶谷菜穂,2022/05/29(日) 18:00,https://t.livepocket.jp/e/tearlove0529,,,,
アイドルマスター シャイニーカラーズ生配信 ～ノクチルのジューンブライド直前SP！～,シャニマス生配信,和久井優、土屋李央、田嶌紗蘭、岡咲美保、高山祐介,2022/05/30(月) 20:00,https://idolmaster-official.jp/news/01_3974.html,https://idolmaster-official.jp/news/01_3976.html,,,
”いそべかりんのぽかぽかおたんじょう日和 2022“【昼の部】 礒部花凜,外部イベント,礒部花凜、菅沼千紗、黒木ほの香,2022-06-04 14:00,https://www.eventernote.com/events/306273,,,,
VOICE TOURIST 星彩の仮装舞台【昼公演】 菅沼千紗,外部イベント,菅沼千紗、芝崎典子、紫月杏朱彩、峯田茉優、黒木ほの香,2022-06-26 14:00,https://www.eventernote.com/events/301442,,,,
アイドルマスター シャイニーカラーズ生配信 ～夜空を駆け抜けろ！ストレイライトの七夕SP！～,シャニマス生配信,田中有紀、幸村恵理、北原沙弥香、高山祐介,2022/06/27(月) 20:00,https://idolmaster-official.jp/news/01_4145.html,https://idolmaster-official.jp/news/01_4139.html,,,
teaRLove You ファンミーティング 2022 JULY 第１部,外部イベント,小野寺瑠奈、桜木夕、関根瞳、広瀬世華、福積沙耶、丸岡和佳奈、桶谷菜穂、河野ひより,2022/07/17(日) 15:00,https://t.livepocket.jp/e/tearlove0717,,,,
teaRLove You ファンミーティング 2022 JULY 第２部,外部イベント,小野寺瑠奈、桜木夕、関根瞳、広瀬世華、福積沙耶、丸岡和佳奈、桶谷菜穂、河野ひより,2022/07/17(日) 18:00,https://t.livepocket.jp/e/tearlove0717,,,,
【出演者変更】＜音泉＞祭り 2022夏 ～PREMIUM～,外部イベント,会沢紗弥、天﨑滉平、石毛翔弥、礒部花凜、熊谷健太郎、小泉萌香、駒形友梨、篠原侑、佐藤元(声優)、佐藤日向、下野紘、直田姫奈、種田梨沙、土屋李央、天津飯大郎、富田美憂、夏吉ゆうこ、野上翔、野村麻衣子、花井美春、稗田寧々、藤田茜、前田佳織里、松岡禎丞、守屋亨香、鷲崎健、髙橋ミナミ、根本京里、高尾奏音、えきぞちっく❤あにま〜る,2022/07/24(日) 14:00,https://www.onsen.ag/sp/onsenfes/,,,,
アイドルマスター17周年生配信～17th Anniversary P@rty!!!!!～,ブランド合同生配信,峰田茉優、河野ひより、その他,2022/07/26(火) 21:00,https://idolmaster-official.jp/news/01_4325,https://idolmaster-official.jp/news/01_4330.html,,,
アイドルマスター シャイニーカラーズ生配信 ～シーズのサマキャン前夜祭SP！～,シャニマス生配信,紫月杏朱彩、山根綺、高山祐介,2022/07/29(金) 20:00,https://idolmaster-official.jp/news/01_4361.html,https://idolmaster-official.jp/news/01_4359.html,,,
Maisen Music FES 2022「Lit Summer! Say Cheese!」[DAY1] 第1部,外部イベント,野村麻衣子、菅沼千紗、田中美海、山下七海、八巻アンナ,2022-07-30 (土) 11:30,https://ch.nicovideo.jp/oshimai/blomaga/ar2093368,,,,
「河野ひよりのてれかくし」第2回ぴよフェスティバル 昼の部,外部イベント,河野ひより、芝崎典子、白石晴香,2022-07-30 (土) 14:00,https://official.creatia.cc/fanclubs/83/posts/4488,,,,
【出演者変更】「河野ひよりのてれかくし」第2回ぴよフェスティバル 夜の部,外部イベント,河野ひより、涼本あきほ、芝崎典子,2022-07-30 (土) 18:00,https://official.creatia.cc/fanclubs/83/posts/4488,,,,
Maisen Music FES 2022「Lit Summer! Say Cheese!」[DAY2] 第2部,外部イベント,野村麻衣子、天野聡美、菅沼千紗、夏吉ゆうこ、広瀬ゆうき,2022-07-31 (日) 15:30,https://ch.nicovideo.jp/oshimai/blomaga/ar2093368,,,,
「SETSUNA BEAT」開催直前生配信,ライブ直前生配信,永井真里子、芝崎典子、田嶌紗蘭,2022/08/05(金) 20:00,https://idolmaster-official.jp/news/01_4543,https://idolmaster-official.jp/news/01_4547,,,
コミックマーケット100 ベルガモブース『「関根といえば瞳でしょ！」コミケお話し会』,外部イベント,関根瞳,2022/08/13(土) 14:30,https://ch.nicovideo.jp/onetone/blomaga/ar2112120,,,,
アイドルマスター シャイニーカラーズ生配信 ～アンティーカの夏の思い出SP！～,シャニマス生配信,礒部花凜、菅沼千紗、八巻アンナ、結名美月、高山祐介,2022/08/17(水) 19:00,https://idolmaster-official.jp/news/01_4511.html,https://idolmaster-official.jp/news/01_4509.html,,,
「黒木ほの香と前川涼子の“まだまだこれからなんです！”」 2022 ～昼の部～ 黒木ほの香,外部イベント,黒木ほの香、前川涼子,2022-08-20 14:30,https://www.eventernote.com/events/312597,,,,
「黒木ほの香と前川涼子の“まだまだこれからなんです！”」 2022 ～夜の部～ 黒木ほの香,外部イベント,黒木ほの香、前川涼子,2022-08-20 18:00,https://www.eventernote.com/events/312600,,,,
「ぽわぽやフェス５」～世界が終わるまでは…2022～ 1部,外部イベント,関根瞳、結名美月,2022/09/17(土) 15:00,https://sp.ch.nicovideo.jp/powapoya/blomaga/ar2112871,,,,
「ぽわぽやフェス５」～世界が終わるまでは…2022～ 2部,外部イベント,関根瞳、結名美月,2022/09/17(土) 19:00,https://sp.ch.nicovideo.jp/powapoya/blomaga/ar2112871,,,,
teaRLove You ファンミーティング 2022 SEPTEMBER【第1部】,外部イベント,赤尾ひかる、桶谷菜穂、小野寺瑠奈、河野ひより、桜木夕、関根瞳、広瀬世華、福積沙耶、丸岡和佳奈,2022/09/25(日) 15:00,https://t.livepocket.jp/e/tearlove0925,,,,
teaRLove You ファンミーティング 2022 SEPTEMBER【第2部】,外部イベント,赤尾ひかる、桶谷菜穂、小野寺瑠奈、河野ひより、桜木夕、関根瞳、広瀬世華、福積沙耶、丸岡和佳奈,2022/09/25(日) 18:00,https://t.livepocket.jp/e/tearlove0925,,,,
アイドルマスター シャイニーカラーズ生配信 ～4.5周年前夜祭SP！～,シャニマス生配信,永井真里子、丸岡和佳奈、涼本あきほ、高山祐介,2022/09/29(木) 20:00,https://idolmaster-official.jp/news/01_4620,https://idolmaster-official.jp/news/01_4621.html,,,
teaRLove You ファンミーティング 2022 【第1部】,外部イベント,桶谷菜穂、小野寺瑠奈、桜木夕、関根瞳、広瀬世華、福積沙耶、丸岡和佳奈、赤尾ひかる、河野ひより,2022/10/09(日) 16:00,https://t.livepocket.jp/e/tearlove1009,,,,
teaRLove You ファンミーティング 2022 【第2部】,外部イベント,桶谷菜穂、小野寺瑠奈、桜木夕、関根瞳、広瀬世華、福積沙耶、丸岡和佳奈、赤尾ひかる、河野ひより,2022/10/09(日) 19:00,https://t.livepocket.jp/e/tearlove1009,,,,
アイドルマスター合同ライブ キックオフミーティング!!!!!,ブランド合同生配信,田中有紀、その他,2022/10/13(木) 19:30,https://idolmaster-official.jp/news/01_4982,https://idolmaster-official.jp/news/01_5018,,,
Twitterスペース生配信 #1 イルミネーションスターズ,スペース生配信,関根瞳、近藤玲奈、峯田茉優,2022/10/13(木) 22:00,,,,,
Twitterスペース生配信 #2 放課後クライマックスガールズ,スペース生配信,河野ひより、白石晴香、永井真里子,2022/10/14(金) 22:00,,,,,
Twitterスペース生配信 #3 アルストロメリア,スペース生配信,前川涼子、芝崎典子,2022/10/15(土) 22:00,,,,,
Twitterスペース生配信 #4 アンティーカ,スペース生配信,希水しお、結名美月,2022/10/17(月) 22:00,,,,,
Twitterスペース生配信 #5 ストレイライト,スペース生配信,幸村恵理、北原沙弥香,2022/10/18(火) 22:00,,,,,
Twitterスペース生配信 #6 シーズ,スペース生配信,紫月杏朱彩、山根綺,2022/10/19(水) 21:00,,,,,
Twitterスペース生配信 #7 ノクチル,スペース生配信,和久井優、岡咲美保,2022/10/20(木) 22:00,,,,,
アイドルマスター シャイニーカラーズ特別生配信 ～ 4.5周年SP！～,シャニマス生配信,峯田茉優、結名美月、涼本あきほ、芝崎典子、北原沙弥香、田嶌紗蘭、山根綺、高山祐介,2022/10/24(月) 19:00,https://idolmaster-official.jp/news/01_5043,https://idolmaster-official.jp/news/01_4965,https://idolmaster-official.jp/news/01_5099,,
黒木ほの香のSecret Show Room 第4回ほのフェスティバル [昼の部] 黒木ほの香,外部イベント,黒木ほの香、岡咲美保、土屋李央,2022-10-29 14:00,https://www.eventernote.com/events/320268,,,,
黒木ほの香のSecret Show Room 第4回ほのフェスティバル [夜の部] 黒木ほの香,外部イベント,黒木ほの香、岡咲美保、土屋李央,2022-10-29 18:00,https://www.eventernote.com/events/320269,,,,
東京工業大学 工大祭2022　峯田茉優と涼本あきほが東工大に登校だい,外部イベント,峯田茉優、涼本あきほ,2022/10/30(日) 13:15,https://koudaisai.jp/voiceactor,,,,
『声優グランプリpresents Trick or Treat!～秘密の仮装パーティーへようこそ～』・Daylight Party（昼の部） 相羽あいな,外部イベント,相羽あいな、黒木ほの香、菅沼千紗、マックスウェル・パワーズ(MaXwell Powers),2022-11-05 13:00,https://www.eventernote.com/events/319053,,,,
早稲田祭2022「菅沼千紗と芝崎典子の私たち、実は〇〇なんです！」,外部イベント,菅沼千紗、芝崎典子,2022-11-06 (日) 13:00,https://igwaseda.wixsite.com/wasedaig2022,,,,
アイドルマスター シャイニーカラーズ生配信 ～霜月はシーズと一緒SP！～,シャニマス生配信,紫月杏朱彩、山根綺、高山祐介,2022/11/25(金) 20:00,https://idolmaster-official.jp/news/01_5237,https://idolmaster-official.jp/news/01_5083,https://idolmaster-official.jp/news/01_5314,,
関根瞳のオトナ研究所 ラボメン　シンポジウム　vol.1,外部イベント,関根瞳、赤尾ひかる、河野ひより,2022/11/27(日) 18:00,https://ch.nicovideo.jp/sekineotona/blomaga/ar2121023,,,,
関根といえばクリパでしょ。～な“ぁぁぁぁ祭り2022～ 第２部,外部イベント,関根瞳、菅沼千紗,2022/12/04(日) 18:30,https://ch.nicovideo.jp/onetone/blomaga/ar2122035,,,,
アイドルマスター シャイニーカラーズ生配信 ～メリークリスマストロメリアSP！～,シャニマス生配信,黒木ほの香、前川涼子、芝崎典子、高山祐介,2022/12/05(月) 20:00,https://idolmaster-official.jp/news/01_5265,https://idolmaster-official.jp/news/01_5267,https://idolmaster-official.jp/news/01_5317,,
【会場変更】teaRLove ラストライブ TEAR＆LOVE 第１部,外部イベント,赤尾ひかる、桶谷菜穂、小野寺瑠奈、河野ひより、桜木夕、関根瞳、広瀬世華、福積沙耶、丸岡和佳奈,2022/12/10(土) 16:00,https://t.livepocket.jp/e/trl1210,,,,
【会場変更】teaRLove ラストライブ TEAR＆LOVE 第２部,外部イベント,赤尾ひかる、桶谷菜穂、小野寺瑠奈、河野ひより、桜木夕、関根瞳、広瀬世華、福積沙耶、丸岡和佳奈,2022/12/10(土) 19:30,https://t.livepocket.jp/e/trl1210,,,,
出張版！アリオ八尾でもオフレコでお願いします！第2回,外部イベント,結名美月、涼本あきほ,2022-12-17 (土) 15:30,https://t.livepocket.jp/e/nsql3,,,,
かりんのHP 公開生放送スペシャル 昼公演,外部イベント,礒部花凜、菅沼千紗,2022/12/24(土) 13:00,https://passmarket.yahoo.co.jp/event/show/detail/021w39b8epq21.html,,,,
ゆくM@S くるM@S 2022,ブランド合同生配信,田中有紀、高山祐介、その他,2022/12/27(火) 20:30,https://idolmaster-official.jp/news/01_5292,https://idolmaster-official.jp/news/01_5472,,,
舞台「ウマ娘 プリティーダービー」～Sprinters’ Story～ 1/15 13:00,外部イベント,山根綺、今泉りおな、礒部花凜、佐藤日向、飯島優花、石川鈴菜、石田彩夏、大久保胡桃、佐倉有紗(久保田有紗)、鈴木珠子、西宮ゆうき、福嶋晴菜、星野七茜、森憩斗、森本さくら、山田京奈、結月花、門田奈菜、稲村梓、ウマ娘 プリティーダービー(gal’up!),2023/01/15(日) 13:00,https://www.nelke.co.jp/stage/umamusume_stage/,,,,
舞台「ウマ娘 プリティーダービー」～Sprinters’ Story～ 1/15 18:00,外部イベント,山根綺、今泉りおな、礒部花凜、佐藤日向、飯島優花、石川鈴菜、石田彩夏、大久保胡桃、佐倉有紗(久保田有紗)、鈴木珠子、西宮ゆうき、福嶋晴菜、星野七茜、森憩斗、森本さくら、山田京奈、結月花、門田奈菜、稲村梓、ウマ娘 プリティーダービー(gal’up!),2023/01/15(日) 18:00,https://www.nelke.co.jp/stage/umamusume_stage/,,,,
アイドルマスター シャイニーカラーズ生配信 ～新春！イルミネー“ピョン”スターズSP！～,シャニマス生配信,関根瞳、近藤玲奈、峯田茉優、高山祐介,2023/01/26(木) 19:00,https://idolmaster-official.jp/news/01_5321,https://idolmaster-official.jp/news/01_5319,https://idolmaster-official.jp/news/01_5318,,
舞台「ウマ娘 プリティーダービー」～Sprinters’ Story～ 1/27 18:00,外部イベント,山根綺、今泉りおな、礒部花凜、佐藤日向、飯島優花、石川鈴菜、石田彩夏、大久保胡桃、佐倉有紗(久保田有紗)、鈴木珠子、西宮ゆうき、福嶋晴菜、星野七茜、森憩斗、森本さくら、山田京奈、結月花、門田奈菜、稲村梓、ウマ娘 プリティーダービー(gal’up!),2023/01/27(金) 18:00,https://www.nelke.co.jp/stage/umamusume_stage/,,,,
舞台「ウマ娘 プリティーダービー」～Sprinters’ Story～ 1/28 13:00,外部イベント,山根綺、今泉りおな、礒部花凜、佐藤日向、飯島優花、石川鈴菜、石田彩夏、大久保胡桃、佐倉有紗(久保田有紗)、鈴木珠子、西宮ゆうき、福嶋晴菜、星野七茜、森憩斗、森本さくら、山田京奈、結月花、門田奈菜、稲村梓、ウマ娘 プリティーダービー(gal’up!),2023/01/28(土) 13:00,https://www.nelke.co.jp/stage/umamusume_stage/,,,,
舞台「ウマ娘 プリティーダービー」～Sprinters’ Story～ 1/28 18:00,外部イベント,山根綺、今泉りおな、礒部花凜、佐藤日向、飯島優花、石川鈴菜、石田彩夏、大久保胡桃、佐倉有紗(久保田有紗)、鈴木珠子、西宮ゆうき、福嶋晴菜、星野七茜、森憩斗、森本さくら、山田京奈、結月花、門田奈菜、稲村梓、ウマ娘 プリティーダービー(gal’up!),2023/01/28(土) 18:00,https://www.nelke.co.jp/stage/umamusume_stage/,,,,
舞台「ウマ娘 プリティーダービー」～Sprinters’ Story～ 1/29 13:00,外部イベント,山根綺、今泉りおな、礒部花凜、佐藤日向、飯島優花、石川鈴菜、石田彩夏、大久保胡桃、佐倉有紗(久保田有紗)、鈴木珠子、西宮ゆうき、福嶋晴菜、星野七茜、森憩斗、森本さくら、山田京奈、結月花、門田奈菜、稲村梓、ウマ娘 プリティーダービー(gal’up!),2023/01/29(日) 13:00,https://www.nelke.co.jp/stage/umamusume_stage/,,,,
舞台「ウマ娘 プリティーダービー」～Sprinters’ Story～ 1/29 18:00,外部イベント,山根綺、今泉りおな、礒部花凜、佐藤日向、飯島優花、石川鈴菜、石田彩夏、大久保胡桃、佐倉有紗(久保田有紗)、鈴木珠子、西宮ゆうき、福嶋晴菜、星野七茜、森憩斗、森本さくら、山田京奈、結月花、門田奈菜、稲村梓、ウマ娘 プリティーダービー(gal’up!),2023/01/29(日) 18:00,https://www.nelke.co.jp/stage/umamusume_stage/,,,,
『ボイスガレッジバレンタインパーティー2023 〜Side Girls〜』Day2 昼の部 郁原ゆう,外部イベント,郁原ゆう、渡部優衣、阿部里果、会沢紗弥、菅沼千紗、原田彩楓、黒木ほの香,2023-02-19 14:00,https://www.eventernote.com/events/318412,,,,
『ボイスガレッジバレンタインパーティー2023 〜Side Girls〜』Day2 夜の部 郁原ゆう,外部イベント,郁原ゆう、渡部優衣、阿部里果、会沢紗弥、菅沼千紗、原田彩楓、黒木ほの香,2023-02-19 18:00,https://www.eventernote.com/events/318413,,,,
アイドルマスター シャイニーカラーズ生配信 ～ウィンター・スノークチル SP！～,シャニマス生配信,和久井優、土屋李央、田嶌紗蘭、岡咲美保、高山祐介,2023/02/22(水) 20:00,https://idolmaster-official.jp/news/01_5494,https://idolmaster-official.jp/news/01_5492,https://idolmaster-official.jp/news/01_5491,,
「Café Takayama」出張版！5thLIVE直前スペシャル,高山配信,高山祐介、梅木馨、中川浩二,2023/03/17(金) 22:00,https://idolmaster-official.jp/news/01_8144,,,,
アイドルマスター シャイニーカラーズ生配信 第1部 5周年直前ゲームSP！,シャニマス生配信,近藤玲奈、田中有紀、田嶌紗蘭、高山祐介,2023/03/20(月) 18:00,https://idolmaster-official.jp/news/01_5545,https://idolmaster-official.jp/news/01_5547,,,
アイドルマスター シャイニーカラーズ生配信 第2部 アニメクリエイタートーク,シャニアニ生配信,峯田茉優、まんきゅう、加藤陽一、ポリゴン・ピクチュアズ スタッフ、高山祐介,2023/03/20(月) 19:40,https://idolmaster-official.jp/news/01_5545,https://idolmaster-official.jp/news/01_8089,,,
アイドルマスター シャイニーカラーズ生配信 ～5th Anniversary SP！～,シャニマス生配信,関根瞳、紫月杏朱彩、川口莉奈、高山祐介,2023/04/20(木) 19:30,https://idolmaster-official.jp/news/01_8213,https://idolmaster-official.jp/news/01_7978,,,
「アイドルマスター シャイニーカラーズ」5周年記念ミニライブ付きイベント＆生配信（シャニマス 新作ゲーム制作発表会）,,関根瞳、河野ひより、黒木ほの香、田中有紀、土屋李央、高山祐介,2023/04/29(土) 17:00,https://idolmaster-official.jp/news/01_8109,https://idolmaster-official.jp/news/01_8463,https://idolmaster-official.jp/news/01_8404,,
丸岡和佳奈さんバースデーイベント！2023《夜の部》,外部イベント,丸岡和佳奈、涼本あきほ、前川涼子,2023-05-14 (日) 18:00,https://ch.nicovideo.jp/voice-arena/blomaga/ar2145542,,,,
丸岡和佳奈・菅沼千紗の和び紗びじゅーおーむじん〜初夏の宴2023〜 昼の部 丸岡和佳奈,外部イベント,丸岡和佳奈、菅沼千紗、黒木ほの香、芝崎典子,2023-06-04 14:00,https://www.eventernote.com/events/336788,,,,
丸岡和佳奈・菅沼千紗の和び紗びじゅーおーむじん〜初夏の宴2023〜 夜の部 丸岡和佳奈,外部イベント,丸岡和佳奈、菅沼千紗、黒木ほの香、芝崎典子,2023-06-04 18:00,https://www.eventernote.com/events/336789,,,,
河野ひよりのてれかくし 第3回ぴよフェスティバル【夜の部】,外部イベント,河野ひより、希水しお、永井真里子,2023-06-04 (日) 18:00,https://official.creatia.cc/fanclubs/83/posts/6478,,,,
関根瞳のオトナ研究所 ラボメン シンポジウム vol.2 昼の部 関根瞳,外部イベント,関根瞳、黒木ほの香,2023-06-10 14:00,https://www.eventernote.com/events/338932,,,,
関根瞳のオトナ研究所 ラボメン シンポジウム vol.2 夜の部 関根瞳,外部イベント,関根瞳、黒木ほの香,2023-06-10 17:00,https://www.eventernote.com/events/338933,,,,
Alice Eyezファンミーティング 第１部,外部イベント,ALiCE Eyez、涼本あきほ、風間万裕子、紫月杏朱彩、田中那実,2023-06-18 (日) 14:30,https://t.livepocket.jp/e/aliceeyez0618,,,,
Alice Eyezファンミーティング 第２部,外部イベント,ALiCE Eyez、涼本あきほ、風間万裕子、紫月杏朱彩、田中那実,2023-06-18 (日) 17:30,https://t.livepocket.jp/e/aliceeyez0618,,,,
「Song for Prism」Demo版 テストプレイレポート報告会,運営レター,高山祐介,2023/06/26(月) 19:00,https://idolmaster-official.jp/news/01_8792,https://idolmaster-official.jp/news/01_8856,,,https://www.youtube.com/live/bfK12XSiHe4?si=aAh4FxCgKRA7KyfQ
アイドルマスター シャイニーカラーズ生配信 ～TVアニメ【推しの子】コラボSP！～,シャニマス生配信,田中有紀、幸村恵理、北原沙弥香、高山祐介,2023/07/05(水) 19:30,https://idolmaster-official.jp/news/01_8562,https://idolmaster-official.jp/news/01_8967,,,
【出演者変更】ウマ娘 プリティーダービー  5th EVENT ARENA TOUR GO BEYOND -WISH- DAY1,外部イベント,ウマ娘 プリティーダービー(gal’up!)、Machico、高柳知葉、大橋彩香、木村千咲、衣川里佳、鈴木みのり、橋本ちなみ、近藤唯、津田美波、天海由梨奈、のぐちゆり、山根綺、矢野妃菜喜、今泉りおな、春川芽生、礒部花凜、佐藤日向、菊池紗矢香、須藤叶希、藤原夏海、吉咲みゆ、明坂聡美、優木かな、進藤尚美、佐藤聡美、斎賀みつき,2023/07/15(土) 17:00,https://umamusume.jp/news/detail.php?id=1203,,,,
「ぽわぽやフェス6」～都内で一番熱い夏～ １部,外部イベント,関根瞳、結名美月,2023/07/16(日) 14:30,https://ch.nicovideo.jp/powapoya/blomaga/ar2149684,,,,
「ぽわぽやフェス6」～都内で一番熱い夏～ ２部,外部イベント,関根瞳、結名美月,2023/07/16(日) 18:30,https://ch.nicovideo.jp/powapoya/blomaga/ar2149684,,,,
シャニマスソロライブ前日！みんなで語るわがままラヂオ,高山配信,高山祐介、梅木馨、中川浩二,2023/07/21(金) 22:00,https://idolmaster-official.jp/news/01_9064,,,,
アイドルマスター 18周年生配信～18th Anniversary Colorful P@rty!!!!!～,ブランド合同生配信,河野ひより、黒木ほの香,2023/07/25(火) 20:00,https://idolmaster-official.jp/news/01_8830,https://idolmaster-official.jp/news/01_9133,,,
アニメ「アイドルマスター シャイニーカラーズ」　シャニアニ スペシャル生配信,シャニアニ生配信,"関根瞳, まんきゅう, 高山祐介, 池田ななこ(BNE), 夏目響平",2023/07/27(木) 18:30,https://idolmaster-official.jp/news/01_8679,https://idolmaster-official.jp/news/01_8681,,,
ヘブンバーンズレッド1.5thフェス,外部イベント,前川涼子、天海由梨奈、愛美、内田秀、田口尚平、芹澤優、She is Legend、XAI、鈴木このみ、柿沼洋平(ヘブンバーンズレッドプロデューサー)、ヘブンバーンズレッド、古賀葵,2023-08-05 (土) 17:00,https://heaven-burns-red.com/2023fes/,,,,
ハチサマ Clutch! ROCK LIVE in 横浜,外部イベント,朝日奈丸佳、山下七海、白石晴香、立花理香、佐伯伊織(NU-KO)、芝崎典子、Clutch!、高木美佑、船戸ゆり絵、KOKORi,2023-08-13 (日) 18:30,https://lp.hachinai.com/hachisamarock_2023/,,,,
ALiCE Eyezファンミーティング2023AUGUST 第１部,外部イベント,ALiCE Eyez、涼本あきほ、風間万裕子、紫月杏朱彩、田中那実,2023-08-26 (土) 14:30,https://t.livepocket.jp/e/aliceeyez0826,,,,
ALiCE Eyezファンミーティング2023AUGUST 第２部,外部イベント,ALiCE Eyez、涼本あきほ、風間万裕子、紫月杏朱彩、田中那実,2023-08-26 (土) 17:30,https://t.livepocket.jp/e/aliceeyez0826,,,,
『アイドルマスター シャイニーカラーズ Song for Prism』開発進捗報告会,運営レター,高山祐介,2023/08/30(水) 19:00,https://idolmaster-official.jp/news/01_9332,https://idolmaster-official.jp/news/01_9365,,,
Maisen Music FES 2023 Summer Like a Dazzling Diamond [DAY1 第1部],外部イベント,野村麻衣子、紫月杏朱彩、菅沼千紗、稗田寧々、天海由梨奈,2023-09-02 (土) 14:00,https://ch.nicovideo.jp/oshimai/blomaga/ar2143600,,,,
Maisen Music FES 2023 Summer Like a Dazzling Diamond [DAY4 第1部],外部イベント,野村麻衣子、菅沼千紗、夏吉ゆうこ、八巻アンナ、天野聡美,2023-09-10 (日) 13:00,https://ch.nicovideo.jp/oshimai/blomaga/ar2143600,,,,
東京ゲームショウ2023 一般公開日2日目 バンダイナムコブース『アイドルマスター シャイニーカラーズ 出張！TGSスペシャルトークステージ』,外部イベント,関根瞳、近藤玲奈、峯田茉優、山村響、高山祐介,2023/09/24(日) 11:00,https://tgs2023.bandainamcoent.co.jp/stage/#st_0924,,,,
THE IDOLM@STER SHINY COLORS 5.5th Anniversary LIVE 星が見上げた空 開催直前スペシャル配信,ライブ直前生配信,紫月杏朱彩、山根綺、高山祐介,2023/10/06(金) 19:30,https://idolmaster-official.jp/news/01_9556,https://idolmaster-official.jp/news/01_9658,,,
アイドルマスター シャイニーカラーズ 5.5周年生配信 ～ ゲーム＆アニメ合同SP！ ～,シャニマス生配信、シャニアニ生配信,峯田茉優、永井真里子、川口莉奈、三川華月、小澤麗那、高山祐介,2023/10/24(火) 19:30,https://idolmaster-official.jp/news/01_9702,https://idolmaster-official.jp/news/01_9221,,,
アニメ『アイドルマスター シャイニーカラーズ』劇場先行上映第1章 初日舞台挨拶 18:00の回,シャニアニイベント,関根瞳、礒部花凜、河野ひより、黒木ほの香、高山祐介、池田ななこ,2023/10/27(金) 18:00,https://shinycolors-anime.idolmaster-official.jp/news/?id=19,,,,
アニメ『アイドルマスター シャイニーカラーズ』劇場先行上映第1章 初日舞台挨拶 21:10の回,シャニアニイベント,関根瞳、礒部花凜、河野ひより、黒木ほの香、高山祐介、池田ななこ,2023/10/27(金) 21:10,https://shinycolors-anime.idolmaster-official.jp/news/?id=19,,,,
第5回ほのフェスティバル [昼の部] 黒木ほの香,外部イベント,黒木ほの香、希水しお、菅沼千紗、北原沙弥香,2023-10-29 14:00,https://www.eventernote.com/events/353814,,,,
第5回ほのフェスティバル [夜の部] 黒木ほの香,外部イベント,黒木ほの香、希水しお、菅沼千紗、川口莉奈,2023-10-29 18:00,https://www.eventernote.com/events/353815,,,,
ALiCE Eyezファンミーティング 2023 NOVEMBER 第１部,外部イベント,ALiCE Eyez、涼本あきほ、風間万裕子、紫月杏朱彩、田中那実,2023-11-12 (日) 14:30,https://t.livepocket.jp/e/aliceeyez1112,,,,
ALiCE Eyezファンミーティング 2023 NOVEMBER 第２部,外部イベント,ALiCE Eyez、涼本あきほ、風間万裕子、紫月杏朱彩、田中那実,2023-11-12 (日) 17:30,https://t.livepocket.jp/e/aliceeyez1112,,,,
アニメ『アイドルマスター シャイニーカラーズ』劇場先行上映第1章 スタッフトーク＆デビ太郎撮影会 18:00の部,シャニアニイベント,高山祐介、池田ななこ,2023/11/13(月) 18:00,,,,,
アニメ『アイドルマスター シャイニーカラーズ』劇場先行上映第1章 スタッフトーク＆デビ太郎撮影会 21:00の部,シャニアニイベント,高山祐介、池田ななこ,2023/11/13(月) 21:00,,,,,
「Song for Prism」開発レター生配信,運営レター,高山祐介,2023/11/15(水) 19:30,https://idolmaster-official.jp/news/01_10038,,,,https://www.youtube.com/live/LhWA6Rwl3ts?si=VxB85sU0s4sfze7K
関根瞳のオトナ研究所 ラボメン シンポジウム vol.3 昼の部,外部イベント,関根瞳、峯田茉優,2023/11/25(土) 13:30,https://ch.nicovideo.jp/sekineotona/blomaga/ar2167138,,,,
関根瞳のオトナ研究所 ラボメン シンポジウム vol.3 夜の部,外部イベント,関根瞳、田嶌紗蘭,2023/11/25(土) 16:30,https://ch.nicovideo.jp/sekineotona/blomaga/ar2167138,,,,
シャニマス＆シャニソン生配信～クリスマスインフォメーション～,シャニマス生配信、シャニソン生配信,礒部花凜、希水しお、川口莉奈、三川華月、小澤麗那、高山祐介,2023/12/06(水) 20:30,https://idolmaster-official.jp/news/01_9218,https://idolmaster-official.jp/news/01_10019,,,
THE IDOLM@STER SHINY COLORS 6thLIVE TOUR Come and Unite! Brilliant Blooms グッズ紹介SP生配信！,ライブ直前生配信,峯田茉優・丸岡和佳奈・北原沙弥香・三川華月,2023/12/14(木) 21:30,https://idolmaster-official.jp/news/01_10256,,,,
TVアニメ『ゴールデンカムイ』スペシャルイベント‘23〈昼の部〉,外部イベント,小林親弘、白石晴香、伊藤健太郎(声優)、中田譲治、津田健次郎、乃村健次、松岡禎丞、竹本英史、小西克幸、堀内賢雄,2023-12-24 (日) 14:00,https://kamuy-anime.com/special/event/sp23.html,,,,
TVアニメ『ゴールデンカムイ』スペシャルイベント‘23〈夜の部〉,外部イベント,小林親弘、白石晴香、伊藤健太郎(声優)、中田譲治、津田健次郎、乃村健次、松岡禎丞、竹本英史、小西克幸、堀内賢雄,2023-12-24 (日) 18:00,https://kamuy-anime.com/special/event/sp23.html,,,,
「かりんのHP クリスマス２０２３」昼公演：ちさとかりんのクリスマス２０２３,外部イベント,礒部花凜、菅沼千紗,2023-12-25 (月) 13:00,https://ch.nicovideo.jp/Carin/blomaga/ar2170674,,,,
ゆくM@S くるM@S 2023,ブランド合同生配信,結名美月、高山祐介,2023/12/25(月) 20:00,https://idolmaster-official.jp/news/01_9964,https://idolmaster-official.jp/news/01_10349,,,
アニメ『アイドルマスター シャイニーカラーズ』新春特番！「お正月だ！晴れ着だ！シャニアニ第3章直前生配信！」,シャニアニ生配信,"峯田茉優, 丸岡和佳奈, 前川涼子, 池田ななこ",2024/01/04(木) 19:00,https://idolmaster-official.jp/news/01_10193,,,,
アニメ『アイドルマスター シャイニーカラーズ』第3章 公開記念舞台挨拶 11:00の回,シャニアニイベント,関根瞳、近藤玲奈、八巻アンナ、涼本あきほ、芝崎典子、夏目響平、高山祐介、池田ななこ,2024/01/06(土) 11:00,https://shinycolors-anime.idolmaster-official.jp/news/?id=54,,,,
アニメ『アイドルマスター シャイニーカラーズ』第3章 公開記念舞台挨拶 14:10の回,シャニアニイベント,関根瞳、近藤玲奈、八巻アンナ、涼本あきほ、芝崎典子、夏目響平、高山祐介、池田ななこ,2024/01/06(土) 14:10,https://shinycolors-anime.idolmaster-official.jp/news/?id=54,,,,
アニメ『アイドルマスター シャイニーカラーズ』第3章 公開記念舞台挨拶 17:20の回,シャニアニイベント,関根瞳、近藤玲奈、八巻アンナ、涼本あきほ、芝崎典子、夏目響平、高山祐介、池田ななこ,2024/01/06(土) 17:20,https://shinycolors-anime.idolmaster-official.jp/news/?id=54,,,,
第一回 好好運動会＜昼公演＞,外部イベント,菅沼千紗、結名美月、天野聡美、芝崎典子、林鼓子、希水しお,2024-01-21 (日) 14:15,https://twitter.com/suganumaochi/status/1714987021884866869,,,,
第一回 好好運動会＜夜公演＞,外部イベント,菅沼千紗、結名美月、天野聡美、芝崎典子、林鼓子、希水しお,2024-01-21 (日) 18:00,https://twitter.com/suganumaochi/status/1714987021884866869,,,,
河野ひよりの#サシバナ 第2部,外部イベント,河野ひより、希水しお,2024-02-04 (日) 15:30,https://ch.nicovideo.jp/voicegarage/blomaga/ar2180995,,,,
ヘブンバーンズレッド2nd Anniversary Party! 生放送,外部イベント,楠木ともり、前川涼子、伊波杏樹、天海由梨奈、芹澤優、田口尚平、柿沼洋平(ヘブンバーンズレッドプロデューサー)、古賀葵,2024-02-04 (日) 16:00,https://heaven-burns-red.com/2024party/,,,,
アイドルマスター シャイニーカラーズ ～シャニマス＆シャニソン生配信～,シャニマス生配信、シャニソン生配信,河野ひより、幸村恵理、北原沙弥香、高山祐介,2024/02/21(水) 19:00,https://idolmaster-official.jp/news/01_10453,https://idolmaster-official.jp/news/01_10453,,https://idolmaster-official.jp/news/01_10811,
ALiCE Eyezファンミーティング ファンミーティング第4回 第1部,外部イベント,ALiCE Eyez、涼本あきほ、風間万裕子、紫月杏朱彩、田中那実,2024-03-16 (土) 14:30,https://www.marine-e.net/sp/alice_eyez/,,,,
ALiCE Eyezファンミーティング ファンミーティング第4回 第2部,外部イベント,ALiCE Eyez、涼本あきほ、風間万裕子、紫月杏朱彩、田中那実,2024-03-16 (土) 17:30,https://www.marine-e.net/sp/alice_eyez/,,,,
ウマ娘 プリティーダービー  5th EVENT ARENA TOUR GO BEYOND -NEW GATE- DAY1,外部イベント,ウマ娘 プリティーダービー(gal’up!)、Machico、大橋彩香、木村千咲、髙橋ミナミ、小倉唯、渡部優衣、鈴木絵理、新田ひより、天海由梨奈、遠野ひかる、立花日菜、矢野妃菜喜、中村カンナ、春川芽生、松岡美里、奥野香耶、藤本侑里、菊池紗矢香、須藤叶希、MAKIKO、篠田みなみ、秋奈、明坂聡美、小島菜々恵、佐藤榛夏、希水しお、宮下早紀、佐藤利奈,2024-03-22 (金) 16:00,https://umamusume.jp/event/gb5th/newgate/,,,,
ウマ娘 プリティーダービー  5th EVENT ARENA TOUR GO BEYOND -NEW GATE- DAY2,外部イベント,ウマ娘 プリティーダービー(gal’up!)、渡部優衣、Machico、徳井青空、衣川里佳、小倉唯、上坂すみれ、咲々木瞳、田中あいみ、前田佳織里、田澤茉純、花井美春、矢野妃菜喜、真野美月、松岡美里、夏吉ゆうこ、奥野香耶、伊藤彩沙、藤本侑里、春日さくら、秋奈、明坂聡美、小島菜々恵、佐藤榛夏、根本優奈、希水しお、上田瞳、福嶋晴菜、河野ひより、山本昌,2024-03-23 (土) 16:00,https://umamusume.jp/event/gb5th/newgate/,,,,
丸岡和佳奈・菅沼千紗の和び紗びじゅーおーむじん ～食堂開催記念トークショー～,外部イベント,丸岡和佳奈、菅沼千紗,2024-03-23 (土) 19:00,https://ch.nicovideo.jp/voicegarage/blomaga/ar2188037,,,,
HYPER PLAMO Fes. 2024 DAY3 アイドルマスター シャイニーカラーズ アルストロメリアのティーパーティー ～30MSトークショー～,外部イベント,黒木ほの香、芝崎典子、前川涼子,2024/03/24(日) 11:30,https://bandai-hobby.net/site/HyperPlamoFes2024/,,,,
HYPER PLAMO Fes. 2024 DAY3 アルストロメリア presents 30MSつくっちゃいまショー！,外部イベント,黒木ほの香、芝崎典子、前川涼子,2024/03/24(日) 14:00,https://bandai-hobby.net/site/HyperPlamoFes2024/,,,,
アイドルマスター シャイニーカラーズ シャニマス6周年スタート生配信,シャニマス生配信,高山祐介,2024/03/28(木) 20:00,https://idolmaster-official.jp/news/01_11013,https://idolmaster-official.jp/news/01_11047,,,https://www.youtube.com/live/y22ykd9-1_w?si=1x11GUGHHk0GgVFt
TV放送まであと1週間！シャニマスアニメWEEK スタート生配信,シャニアニ生配信,"関根瞳, 幸村恵理, 和久井優, 池田ななこ",2024/03/29(金) 19:00,https://idolmaster-official.jp/news/01_11018,https://idolmaster-official.jp/news/01_11019,,,https://www.youtube.com/live/y22ykd9-1_w?si=1x11GUGHHk0GgVFt
安齋由香里クロアチアロケProject 10連イベント〜P08ゲームParty!!!!!!!!〜 昼の部,外部イベント,安齋由香里、丸岡和佳奈、前川涼子、花谷麻妃,2024-03-30 (土) 14:00,https://ch.nicovideo.jp/voicegarage/blomaga/ar2186684,,,,
安齋由香里クロアチアロケProject 10連イベント〜P08ゲームParty!!!!!!!!〜 夜の部,外部イベント,安齋由香里、丸岡和佳奈、前川涼子、河野ひより,2024-03-30 (土) 17:30,https://ch.nicovideo.jp/voicegarage/blomaga/ar2186684,,,,
5日間連続 シャニマスアニメWEEK スペース配信,スペース生配信,"土屋李央, 池田ななこ",2024/03/31(日) 23:00,,,,,
5日間連続 シャニマスアニメWEEK スペース配信,スペース生配信,"北原沙弥香, 池田ななこ",2024/04/01(月) 23:00,,,,,
5日間連続 シャニマスアニメWEEK スペース配信,スペース生配信,"結名美月, 池田ななこ",2024/04/02(火) 23:00,,,,,
5日間連続 シャニマスアニメWEEK スペース配信,スペース生配信,"田中有紀, 池田ななこ",2024/04/03(水) 23:00,,,,,
5日間連続 シャニマスアニメWEEK スペース配信,スペース生配信,"永井真里子, 池田ななこ",2024/04/04(木) 23:00,,,,,
アニメ「アイドルマスター シャイニーカラーズ」TVアニメ放送直前生配信,シャニアニ生配信,"関根瞳, 峯田茉優, 夏目響平, 池田ななこ",2024/04/05(金) 23:00,https://idolmaster-official.jp/news/01_11213,https://idolmaster-official.jp/news/01_11213,,,
賢プロダクション40周年/スクールデュオ25周年記念公演  朗読劇「VOY! VOY! VOY!」～新たなる光をまとって～ 4/7(日)13:00,外部イベント,葵あずさ、浅利遼太、江頭宏哉、大熊和奏、柿田よしくに、川田紳司、北原沙弥香、篠原彰宏、菅沼千紗、竹中悠斗、田中光(声優)、益山武明、最上嗣生、野村道子、林勇、畠中祐,2024-04-07 (日) 13:00,https://kenproduction.co.jp/news/493,,,,
アイドルマスターシャイニーカラーズ生配信 ～6th Anniversary SP～,シャニマス生配信,八巻アンナ、黒木ほの香、高山祐介,2024/04/16(火) 19:00,https://idolmaster-official.jp/news/01_10685,https://idolmaster-official.jp/news/01_10692,,,
「イルミネのプラモデルの輝きを探せ!!」同時視聴上映会,,関根瞳、近藤玲奈、峯田茉優,2024/04/18(木) 22:00,https://idolmaster-official.jp/news/01_11253,,,,
SPラウンジ席からお届け！6thLIVE横浜前日特番「Café Takayama」,高山配信、ライブ直前生配信,高山祐介、梅木馨、中川浩二,2024/04/19(金) 22:00,https://idolmaster-official.jp/news/01_11253,,,,
シャニソン ハーフアニバ直前！ スペシャルステージ生配信＠ニコニコ超会議2024,シャニソン生配信,関根瞳、希水しお、結名美月、高山祐介,2024/04/28(日) 15:00,https://idolmaster-official.jp/news/01_11202,https://idolmaster-official.jp/news/01_11398,,,
シャニソン 運営レター生配信,運営レター,高山祐介,2024/05/10(金) 20:00,https://idolmaster-official.jp/news/01_11440,https://idolmaster-official.jp/news/01_11474,,,https://www.youtube.com/live/_nSN0pUpTOI?si=ZeHWuR1I6iJRam-2
丸岡和佳奈さんバースデーイベント！2024 【昼の部】,外部イベント,丸岡和佳奈、永井真里子,2024-05-11 (土) 14:00,https://ch.nicovideo.jp/voice-arena/blomaga/ar2194577,,,,
丸岡和佳奈さんバースデーイベント！2024 【夜の部】,外部イベント,丸岡和佳奈、峯田茉優,2024/05/11(土) 18:00,https://ch.nicovideo.jp/voice-arena/blomaga/ar2194577,,,,
アニメ『アイドルマスター シャイニーカラーズ』 特別生配信！～一緒に商品開発！Blu-ray最新情報盛りだくさん！SP～,シャニアニ生配信,関根瞳、希水しお、永井真里子、 池田ななこ,2024/05/17(金) 23:00,https://idolmaster-official.jp/news/01_11487,https://idolmaster-official.jp/news/01_11542,,,https://www.youtube.com/live/rf5iusQk1XI
『涼本あきほ・幸村恵理の綺麗なバラにはトゲがある』2ndイベント「綺麗なバラと嗜む会」夜公演ｰ花の部ｰ,外部イベント,涼本あきほ、幸村恵理,2024-06-02 (日) 17:30,https://ch.nicovideo.jp/suzumoto-yukimura/blomaga/ar2195227,,,,
舞台『LIAR GAME murder mystery』6月11日(火) 昼公演「爆発廃工場 〜犯人の挑戦状〜」,外部イベント,木戸衣吹、桑原由気、渕上舞(声優)、峯田茉優、結名美月、優木かな、青木たつや(青木竜也),2024/06/11(火) 13:00,https://bandainamco-am.co.jp/event/others/liargame_murdermystery2/,,,,
舞台『LIAR GAME murder mystery』6月11日(火) 夜公演「首切りホテル ～最後の夜宴～」,外部イベント,木戸衣吹、桑原由気、渕上舞(声優)、峯田茉優、結名美月、優木かな、青木たつや(青木竜也),2024/06/11(火) 18:30,https://bandainamco-am.co.jp/event/others/liargame_murdermystery2/,,,,
舞台『LIAR GAME murder mystery』6月13日(木) 昼公演「爆発廃工場 〜犯人の挑戦状〜」,外部イベント,工藤晴香、小岩井ことり、相良茉優、芝崎典子、涼本あきほ、和久井優、青木たつや(青木竜也),2024-06-13 (木) 13:00,https://bandainamco-am.co.jp/event/others/liargame_murdermystery2/,,,,
舞台『LIAR GAME murder mystery』6月13日(木) 夜公演「首切りホテル ～最後の夜宴～」,外部イベント,工藤晴香、小岩井ことり、相良茉優、芝崎典子、涼本あきほ、和久井優、青木たつや(青木竜也),2024-06-13 (木) 18:30,https://bandainamco-am.co.jp/event/others/liargame_murdermystery2/,,,,
Ciel&Alice Eyez コラボイベント 第1部,外部イベント,春村奈々、大倉紬、七海こころ、天野聡美、Ciel(声優ユニット)、涼本あきほ、風間万裕子、紫月杏朱彩、田中那実、ALiCE Eyez,2024-06-16 (日) 14:30,https://www.marine-e.net/sp/ciel/#a_04,,,,
Ciel&Alice Eyez コラボイベント 第2部,外部イベント,春村奈々、大倉紬、七海こころ、天野聡美、Ciel(声優ユニット)、涼本あきほ、風間万裕子、紫月杏朱彩、田中那実、ALiCE Eyez,2024-06-16 (日) 17:30,https://www.marine-e.net/sp/ciel/#a_04,,,,
アニメ『アイドルマスター シャイニーカラーズ』 最終回直前生配信！,シャニアニ生配信,関根瞳、峯田茉優、夏目響平、 池田ななこ,2024/06/21(金) 23:00,https://idolmaster-official.jp/news/01_11739,https://idolmaster-official.jp/news/01_11819,,,
シャニアニ2nd 劇場先行上映直前！スペース生配信,スペース生配信,"礒部花凛, 池田ななこ",2024/07/02(火) 20:00,https://idolmaster-official.jp/news/01_11900,,,,
シャニアニ2nd 劇場先行上映直前！スペース生配信,スペース生配信,"田嶌紗蘭, 池田ななこ",2024/07/03(水) 20:00,https://idolmaster-official.jp/news/01_11901,,,,
シャニアニ2nd 劇場先行上映直前！スペース生配信,スペース生配信,"関根瞳, 池田ななこ",2024/07/04(木) 20:00,https://idolmaster-official.jp/news/01_11902,,,,
アニメ『アイドルマスター シャイニーカラーズ 2nd season』第1章 上映記念舞台挨拶 11:00の回,シャニアニイベント,関根瞳、田中有紀、幸村恵理、北原沙弥香、池田ななこ,2024/07/06(土) 11:00,https://shinycolors-anime2nd.idolmaster-official.jp/news/movie_introductory/,,,,
アニメ『アイドルマスター シャイニーカラーズ 2nd season』第1章 上映記念舞台挨拶 14:10の回,シャニアニイベント,関根瞳、田中有紀、幸村恵理、北原沙弥香、池田ななこ,2024/07/06(土) 14:10,https://shinycolors-anime2nd.idolmaster-official.jp/news/movie_introductory/,,,,
アニメ『アイドルマスター シャイニーカラーズ 2nd season』第1章 上映記念舞台挨拶 17:20の回,シャニアニイベント,関根瞳、田中有紀、幸村恵理、北原沙弥香、池田ななこ,2024/07/06(土) 17:20,https://shinycolors-anime2nd.idolmaster-official.jp/news/movie_introductory/,,,,
アニメ『アイドルマスター シャイニーカラーズ 2nd season』第1章 上映記念舞台挨拶 9:10の回,シャニアニイベント,結名美月、永井真里子、前川涼子,2024/07/07(日) 9:10,https://shinycolors-anime2nd.idolmaster-official.jp/news/movie_introductory/,,,,
アニメ『アイドルマスター シャイニーカラーズ 2nd season』第1章 上映記念舞台挨拶 11:50の回,シャニアニイベント,結名美月、永井真里子、前川涼子,2024/07/07(日) 11:50,https://shinycolors-anime2nd.idolmaster-official.jp/news/movie_introductory/,,,,
アニメ『アイドルマスター シャイニーカラーズ 2nd season』第1章 上映記念舞台挨拶 13:50の回,シャニアニイベント,結名美月、永井真里子、前川涼子,2024/07/07(日) 13:50,https://shinycolors-anime2nd.idolmaster-official.jp/news/movie_introductory/,,,,
アニメ『アイドルマスター シャイニーカラーズ 2nd season』第1章 上映記念舞台挨拶 16:10の回,シャニアニイベント,結名美月、永井真里子、前川涼子,2024/07/07(日) 16:10,https://shinycolors-anime2nd.idolmaster-official.jp/news/movie_introductory/,,,,
シャニアニ生配信 Blu-ray受注締切＆2nd season最速感想会,シャニアニ生配信,八巻アンナ、芝崎典子、幸村恵理,2024/07/08(月) 19:30,https://idolmaster-official.jp/news/01_11900,https://idolmaster-official.jp/news/01_11992,,,
Flowords&AliceEyez コラボイベント 第1部,外部イベント,結名美月、武田羅梨沙多胡、相川遥花、髙橋咲貴、Flowords、涼本あきほ、風間万裕子、紫月杏朱彩、田中那実、ALiCE Eyez,2024-07-14 (日) 14:30,https://www.marine-e.net/sp/ciel/#a_04,,,,
Flowords&AliceEyez コラボイベント 第2部,外部イベント,結名美月、武田羅梨沙多胡、相川遥花、髙橋咲貴、Flowords、涼本あきほ、風間万裕子、紫月杏朱彩、田中那実、ALiCE Eyez,2024-07-14 (日) 17:30,https://www.marine-e.net/sp/ciel/#a_04,,,,
ヘブンバーンズレッド2.5thフェス,外部イベント,ヘブンバーンズレッド、楠木ともり、前川涼子、伊波杏樹、天海由梨奈、芹澤優、古賀葵、田口尚平、柿沼洋平(ヘブンバーンズレッドプロデューサー)、XAI、吉田穣,2024-07-20 (土) 16:00,https://heaven-burns-red.com/2024fes/,,,,
アニメ『アイドルマスター シャイニーカラーズ 2nd season』第1章スタッフトーク 18:00の回,シャニアニイベント,高山祐介、池田ななこ,2024/07/22(月) 18:00,https://shinycolors-anime2nd.idolmaster-official.jp/news/staff_tark_1/,,,,
アニメ『アイドルマスター シャイニーカラーズ 2nd season』第1章スタッフトーク 21:00の回,シャニアニイベント,高山祐介、池田ななこ,2024/07/22(月) 21:00,https://shinycolors-anime2nd.idolmaster-official.jp/news/staff_tark_1/,,,,
アイドルマスター 特別生配信 19th→20th Special Party!!!!!!,ブランド合同生配信,関根瞳、その他,2024/07/26(金) 19:00,https://idolmaster-official.jp/news/01_11505,https://idolmaster-official.jp/news/01_11525,,,
アイドルマスター シャイニーカラーズ 生配信　～シャニソン水着CP ＆ シャニマス【推しの子】コラボ SP！～,シャニマス生配信,河野ひより、丸岡和佳奈、前川涼子、高山祐介,2024/07/30(火) 19:00,https://idolmaster-official.jp/news/01_11532,https://idolmaster-official.jp/news/01_11611,,,
THE IDOLM@STER SHINY COLORS 2nd CHAPTER1 舞台挨拶,海外イベント,関根瞳、北原沙弥香,2024/08/03(土) 11:00,https://x.com/dexclub/status/1811598022792610267,,,,
声優e-Sports部「オフせすぽ Vol.5」1部 黒木ほの香,外部イベント,黒木ほの香、和久井優、八木ましろ、奥谷楓、吉村尚紀,2024-08-10 13:00,https://www.eventernote.com/events/384983,,,,
声優e-Sports部「オフせすぽ Vol.5」2部 黒木ほの香,外部イベント,黒木ほの香、和久井優、八木ましろ、内山悠里菜、吉村尚紀,2024-08-10 16:00,https://www.eventernote.com/events/384984,,,,
ALiCE Eyez FANMEETING 2024 SUMMER　第1部,外部イベント,ALiCE Eyez、涼本あきほ、風間万裕子、紫月杏朱彩、田中那実,2024-08-11 (日) 14:30,https://www.marine-e.net/sp/alice_eyez/,,,,
ALiCE Eyez FANMEETING 2024 SUMMER　第2部,外部イベント,ALiCE Eyez、涼本あきほ、風間万裕子、紫月杏朱彩、田中那実,2024-08-11 (日) 17:30,https://www.marine-e.net/sp/alice_eyez/,,,,
日曜日はオフレコでお願いします！×これからミステリー『日オフミステリー』昼の部 安齋由香里,外部イベント,安齋由香里、黒木ほの香、鷹村彩花、立花日菜、土屋李央、守屋亨香、三葉彩夏,2024-08-18 14:30,https://www.eventernote.com/events/381422,,,,
日曜日はオフレコでお願いします！×これからミステリー『日オフミステリー』夜の部 黒木ほの香,外部イベント,黒木ほの香、鷹村彩花、立花日菜、土屋李央、星谷美緒、守屋亨香、三葉彩夏,2024-08-18 18:00,https://www.eventernote.com/events/383159,,,,
アニメ『アイドルマスター シャイニーカラーズ 2nd season』第2章上映記念舞台挨拶 11:00の回,シャニアニイベント,和久井優、土屋李央、田嶌紗蘭、岡咲美保、池田ななこ,2024/08/24(土) 11:00,https://shinycolors-anime2nd.idolmaster-official.jp/news/live_2/,,,,
「ぽわぽやフェス７」 １部,外部イベント,関根瞳、結名美月,2024/08/24(土) 14:00,https://ch.nicovideo.jp/powapoya/blomaga/ar2200418,,,,
KIMCHIKURA Fes VOL.3 SHHis トークショー,外部イベント,紫月杏朱彩、山根綺,2024/08/24(土) 14:00,https://x.com/kimchikura/status/1823680639440445699,,,,
アニメ『アイドルマスター シャイニーカラーズ 2nd season』第2章上映記念舞台挨拶 14:10の回,シャニアニイベント,和久井優、土屋李央、田嶌紗蘭、岡咲美保、池田ななこ,2024/08/24(土) 14:10,https://shinycolors-anime2nd.idolmaster-official.jp/news/live_2/,,,,
アニメ『アイドルマスター シャイニーカラーズ 2nd season』第2章上映記念舞台挨拶 17:20の回,シャニアニイベント,和久井優、土屋李央、田嶌紗蘭、岡咲美保、池田ななこ,2024/08/24(土) 17:20,https://shinycolors-anime2nd.idolmaster-official.jp/news/live_2/,,,,
「ぽわぽやフェス７」 ２部,外部イベント,関根瞳、結名美月,2024/08/24(土) 18:00,https://ch.nicovideo.jp/powapoya/blomaga/ar2200418,,,,
『黒木ほの香・芝崎典子のふらっと香川に来てみました!』DLC発売記念イベント 第1部 黒木ほの香,外部イベント,黒木ほの香、芝崎典子,2024-08-25 13:00,https://www.eventernote.com/events/378780,,,,
『黒木ほの香・芝崎典子のふらっと香川に来てみました!』DLC発売記念イベント 第2部 黒木ほの香,外部イベント,黒木ほの香、芝崎典子,2024-08-25 15:30,https://www.eventernote.com/events/378781,,,,
『黒木ほの香・芝崎典子のふらっと香川に来てみました!』DLC発売記念イベント 第3部 黒木ほの香,外部イベント,黒木ほの香、芝崎典子,2024-08-25 18:00,https://www.eventernote.com/events/378782,,,,
アニメ『アイドルマスター シャイニーカラーズ 2nd season』第2章キャストトーク付き上映 第1弾,シャニアニイベント,八巻アンナ、池田ななこ,2024/09/03(火) 19:00,https://shinycolors-anime2nd.idolmaster-official.jp/news/cast_talk_2/,,,,
永井真里子の真里子ジャパンシリーズ03SP ｰ昼･デイゲームｰ,外部イベント,永井真里子、八巻アンナ,2024-09-08 (日) 14:00,https://wktklive.zaiko.io/item/366248,,,,
アニメ『アイドルマスター シャイニーカラーズ 2nd season』第2章キャストトーク付き上映 第2弾,シャニアニイベント,芝崎典子、池田ななこ,2024/09/10(火) 19:00,https://shinycolors-anime2nd.idolmaster-official.jp/news/cast_talk_2/,,,,
20周年イヤー続報生配信～アイマスエキスポ情報もりだくさん！さらに20周年新規情報も！！！～,ブランド合同生配信,和久井優、その他,2024/09/11(水) 19:30,https://idolmaster-official.jp/news/01_12602,https://idolmaster-official.jp/news/01_12651,,,
芝崎典子バースデーパーティ~Noriko to TRIP~ 昼公演 芝崎典子,外部イベント,芝崎典子、黒木ほの香,2024-09-14 13:30,https://www.eventernote.com/events/384839,,,,
芝崎典子バースデーパーティ~Noriko to TRIP~ 夜公演,外部イベント,芝崎典子、結名美月,2024-09-14 (土) 18:00,https://x.com/noriko_tama/status/1820784773138452560,,,,
アイドルマスター シャイニーカラーズ ～秋のゲーム＆アニメ合同生配信！～,シャニマス生配信、シャニアニ生配信,峯田茉優、黒木ほの香、川口莉奈、高山祐介,2024/09/17(火) 20:00,https://idolmaster-official.jp/news/01_12465,,,,
アニメ『アイドルマスター シャイニーカラーズ』Blu-ray発売＆アニメ『アイドルマスター シャイニーカラーズ 2nd season』第3章上映記念イベント,シャニアニイベント,池田ななこ,2024/09/20(金) 20:30,https://shinycolors-anime.idolmaster-official.jp/news/?id=137,,,,
アニメ『アイドルマスター シャイニーカラーズ 2nd season』第3章上映記念舞台挨拶 11:00の回,シャニアニイベント,関根瞳、河野ひより、幸村恵理、和久井優、池田ななこ,2024/09/21(土) 11:00,https://shinycolors-anime2nd.idolmaster-official.jp/news/3-live/,,,,
アニメ『アイドルマスター シャイニーカラーズ 2nd season』第3章上映記念舞台挨拶 14:10の回,シャニアニイベント,関根瞳、河野ひより、幸村恵理、和久井優、池田ななこ,2024/09/21(土) 14:10,https://shinycolors-anime2nd.idolmaster-official.jp/news/3-live/,,,,
アニメ『アイドルマスター シャイニーカラーズ 2nd season』第3章上映記念舞台挨拶 17:20の回,シャニアニイベント,関根瞳、河野ひより、幸村恵理、和久井優、池田ななこ,2024/09/21(土) 17:20,https://shinycolors-anime2nd.idolmaster-official.jp/news/3-live/,,,,
『アイドルマスター』シリーズ20周年記念巡回イベント「アイマス、アイに行きマス！」in イオンモール熱田 アイドルマスターキャストトークステージ 1回目,ブランド合同イベント,中村繪里子、関根瞳、長月あおい,2024/09/23(月) 12:00,https://idolmaster-official.jp/news/01_12484,https://www.aeon.jp/sc/atsuta/event/event_e39474_as.html,,,
『アイドルマスター』シリーズ20周年記念巡回イベント「アイマス、アイに行きマス！」in イオンモール熱田 アイドルマスターキャストトークステージ 2回目,ブランド合同イベント,中村繪里子、関根瞳、長月あおい,2024/09/23(月) 14:00,https://idolmaster-official.jp/news/01_12484,https://www.aeon.jp/sc/atsuta/event/event_e39474_as.html,,,
シャニソン 運営レター生配信,運営レター,高山祐介,2024/09/26(木) 19:00,https://idolmaster-official.jp/news/01_12747,https://idolmaster-official.jp/news/01_12844,,,https://www.youtube.com/live/X1fhQOM_Zcc?si=qaHlOAEC0SWYgb6c
アニメ『アイドルマスター シャイニーカラーズ 2nd season』キャストトーク付き上映 第3弾,シャニアニイベント,北原沙弥香、池田ななこ,2024/09/30(月) 19:00,https://shinycolors-anime2nd.idolmaster-official.jp/news/3-cast/,,,,
シャニマスアニメもライブも直前生配信,,和久井優、MC：池田ななこ,2024/10/01(火) 23:00,,,,,
シャニマスアニメもライブも直前生配信,,涼本あきほ、MC：池田ななこ,2024/10/02(水) 23:00,,,,,
シャニマスアニメもライブも直前生配信,,幸村恵理、MC：池田ななこ,2024/10/03(木) 23:00,,,,,
桑山千雪のパジャマ・ジャム・ジャミング,,桑山千雪,2024/10/04(金) 22:00,https://idolmaster-official.jp/news/01_12614,,,,
夜のゆったりシャニアニ語り,,"田中有紀、北原沙弥香, 池田ななこ",2024/10/11(金) 22:00,,,,,
『声優のささやき』お披露目イベント 昼の部,外部イベント,涼本あきほ、結名美月,2024-10-12 (土) 14:00,https://seigura.com/news/142102/,,,,
『声優のささやき』お披露目イベント 夜の部,外部イベント,涼本あきほ、結名美月,2024-10-12 (土) 18:00,https://seigura.com/news/142102/,,,,
夜のゆったりシャニアニ語り,,"希水しお、河野ひより, 池田ななこ",2024/10/18(金) 22:00,https://idolmaster-official.jp/news/01_13098,,,,
関根瞳のオトナ研究所 ラボメン シンポジウム vol.4 夜の部,外部イベント,関根瞳、丸岡和佳奈,2024/10/19(土) 17:45,https://ch.nicovideo.jp/sekineotona/blomaga/ar2203782,,,,
生配信見てくれないと、イタズラしちゃうぞ♥ ～シャニマス＆シャニソン生配信 Anniversary SP！～,シャニマス生配信、シャニソン生配信,近藤玲奈、丸岡和佳奈、和久井優、三川華月、高山祐介,2024/10/24(木) 19:00,https://idolmaster-official.jp/news/01_12594,https://idolmaster-official.jp/news/01_12596,https://idolmaster-official.jp/news/01_13225,https://idolmaster-official.jp/news/01_13224,
アニメ『アイドルマスター シャイニーカラーズ 2nd season』ハロウィン特別生配信 ～Happy Surprise Trick!～,シャニアニ生配信,黒木ほの香、前川涼子,2024/10/25(金) 22:00,https://idolmaster-official.jp/news/01_13126,,,,
KENPROCK Festival 2024 DAY2,外部イベント,GRANRODEO、谷山紀章、飯塚昌明、SCREEN mode、林勇、太田雅友、畠中祐、逢田梨香子、Arika、夏吉ゆうこ、大和(ギタリスト/コンポーザー)、Lonesome_Blue、野村麻衣子、広瀬ゆうき、MIZUKI(Drum)、YASHIRO、斎賀みつき、勝杏里、大熊和奏、福西勝也、観世智顕、中村源太、木村太飛、社本悠、葵あずさ、阿部敦、北原沙弥香、菅沼千紗、永井真里子、三川華月、代永翼、佐藤拓也、Spileben、菊田千瑛、望月ゆみこ,2024-11-03 (日) 15:30,https://www.kenprock.com,,,,
【秋葉原国際映画祭2024】レッドカーペット,外部イベント,山寺宏一、梅田修一朗、阿座上洋平、小野賢章、林ゆうき、中田博也、岩浪美和、菅野祐悟、里見哲朗（アニメ仮面）、中村竜大（LIL LEAGUE from EXILE TRIBE）、田中洸希、田村睦心、関根瞳、近藤玲奈、峯田茉優、寺島惇太、蒼井翔太、菱田正和、竹達彩奈、結城アイラ（ASUKA）、黒田こらん,2024/11/09(土) 13:00,https://www.aiff.jp/news/4IF6N8y7,https://x.com/Aiff_jp/status/1851944727257796978,https://x.com/shinyc_official/status/1855152135018889462,,
夜のゆったりシャニアニ語り,,"真崎エリカ, 池田ななこ",2024/11/15(金) 22:00,https://idolmaster-official.jp/news/01_13479,,,,
朗読劇『ネコたん！弍～猫町怪異奇譚～』仮面遊戯殺猫事件 11月19日,外部イベント,鈴原希実、中島ヨシキ、涼本あきほ、市川蒼、峯田茉優、増元拓也,2024/11/19(火) 19:00,https://neko-tan.jp,,,,
『芝崎典子の#サシバナProduced by ボイスガレッジ』第3部 芝崎典子,外部イベント,芝崎典子、黒木ほの香,2024-11-23 18:30,https://www.eventernote.com/events/397991,,,,
アニメ『アイドルマスター シャイニーカラーズ 2nd season』第9話直前生配信～Blu-ray最新情報＆特別映像大公開SP！～,シャニアニ生配信,菅沼千紗、幸村恵理、池田ななこ,2024/11/29(金) 22:00,https://idolmaster-official.jp/news/01_13560,https://idolmaster-official.jp/news/01_13421,,,
アイドルマスター シャイニーカラーズ×横浜・八景島シーパラダイス「Shiny Pieces」～スペシャルドルフィンステージ～,コラボイベント,河野ひより、白石晴香、永井真里子、丸岡和佳奈、涼本あきほ,2024/12/01(日) 19:00,https://atfes.com/contents/shinypieces,,,,
シャニマス＆シャニソン 運営レター生配信,運営レター,高山祐介,2024/12/09(月) 19:00,https://idolmaster-official.jp/news/01_13378,https://idolmaster-official.jp/news/01_13382,,,https://www.youtube.com/live/rv-ajyDWb8U?si=iVX2pfaUpDNRVSNd
Café Takayama シャニマス大解剖～enza対応ゲーム「シャニマス」～,高山配信,川口莉奈、高山祐介,2024/12/14(土) 15:40,,,,,
アリオ八尾でもオフレコでお願いします！第21回 昼の部,外部イベント,菅沼千紗、黒木ほの香、小早川秀樹,2024-12-15 (日) 14:00,https://t.livepocket.jp/e/rozdd,,,,
THE IDOLM@STER M@STER EXPO エキスポスペシャルトークショー DAY2,ブランド合同イベント,斉藤佑圭、益山武明、山根綺,2024/12/15(日) 14:40,https://idolmaster-official.jp/live_event/master_expo/area/expo.php,https://idolmaster-official.jp/news/01_13127,,,
アリオ八尾でもオフレコでお願いします！第21回 夜の部,外部イベント,菅沼千紗、黒木ほの香、小早川秀樹,2024-12-15 (日) 17:30,https://t.livepocket.jp/e/rozdd,,,,
アニメ『アイドルマスター シャイニーカラーズ 2nd season』最終回直前生配信！,シャニアニ生配信,関根瞳、土屋李央、夏目響平、池田ななこ,2024/12/20(金) 22:00,https://idolmaster-official.jp/news/01_13835,https://idolmaster-official.jp/news/01_13866,,,
ALiCEEyez FANMEETING 2024 DECEMBER 第１部,外部イベント,ALiCE Eyez、涼本あきほ、風間万裕子、紫月杏朱彩、田中那実,2024-12-22 (日) 14:30,https://x.com/MARINEGIRLSUNIT/status/1854726651021816218,,,,
ALiCEEyez FANMEETING 2024 DECEMBER 第２部,外部イベント,ALiCE Eyez、涼本あきほ、風間万裕子、紫月杏朱彩、田中那実,2024-12-22 (日) 17:30,https://x.com/MARINEGIRLSUNIT/status/1854726651021816218,,,,
オールアイマス大感謝祭 ～2025年までもう待てない！生配信～,ブランド合同生配信,峯田茉優、黒木ほの香、三川華月、その他,2024/12/27(金) 19:00,https://idolmaster-official.jp/news/01_13559,https://idolmaster-official.jp/news/01_13991,,,
セカンドショット NEW YEAR PARTY 2025 〜トークとゲームとカラオケと〜 昼の部,外部イベント,高橋花林、鈴木絵理、花谷麻妃、小森結梨、八巻アンナ、紫月杏朱彩,2025-01-04 (土) 14:00,https://secondshot.jp/nyp2025/,,,,
アニメ『アイドルマスター シャイニーカラーズ 2nd season』アソビストア特装版Blu-ray上下巻COMPLETE BOX早期予約特典イベント,シャニアニイベント,関根瞳、和久井優、池田ななこ,2025/01/12(日) 11:30,https://shinycolors-anime2nd.idolmaster-official.jp/news/bd-earlyspecial/,,,,
SEASIDE NEW YEAR PARTY 2025 Day2 夜の部,外部イベント,松田颯水、篠原侑、関根瞳、丸岡和佳奈、中村カンナ,2025-01-12 (日) 18:00,https://seaside-station.net/event/2025s/newyearparty2025/,,,,
アニメ 2nd season Blu-ray！全力紹介スペシャル生配信,シャニアニ生配信,丸岡和佳奈、田嶌紗蘭、紫月杏朱彩,2025/01/14(火) 20:00,https://idolmaster-official.jp/news/01_14084,https://idolmaster-official.jp/news/01_14082,,,
音泉新番組合同イベント2025冬 〜リスナーの皆さん！いつもありがとうございます！〜 第1部,外部イベント,希水しお、佐伯伊織(NU-KO)、涼本あきほ、和泉風花、篠原侑,2025-01-18 (土) 15:00,https://www.onsen.ag/program/saesuzu#event,,,,
音泉新番組合同イベント2025冬 〜リスナーの皆さん！いつもありがとうございます！〜 第2部,外部イベント,希水しお、佐伯伊織(NU-KO)、涼本あきほ、和泉風花、篠原侑,2025-01-18 (土) 18:00,https://www.onsen.ag/program/saesuzu#event,,,,
シャニソン 運営レター生配信,運営レター,高山祐介,2025/01/27(月) 19:00,https://idolmaster-official.jp/news/01_14243,https://idolmaster-official.jp/news/01_14334,,,https://www.youtube.com/live/_OoT1vykMfo?si=fsXFU-f8EW2L1Xu_
ヘブンバーンズレッド3rd Anniversary Party!,外部イベント,楠木ともり、前川涼子、伊波杏樹、天海由梨奈、芹澤優、古賀葵、田口尚平、柿沼洋平(ヘブンバーンズレッドプロデューサー),2025-02-02 (日) 19:00,https://eplus.jp/sf/event/heaven-burns-red-3rd,,,,
アイドルマスター シャイニーカラーズ 生配信 イベント＆グッズ情報 大放出スペシャル！ 初出しイベント情報も！,イベント直前生配信,峯田茉優、涼本あきほ、黒木ほの香,2025/02/04(火) 22:00,https://idolmaster-official.jp/news/01_14357,https://idolmaster-official.jp/news/01_14413,,,
「Seaside Valentine Festival 2025」Day2 昼の部,外部イベント,篠原侑、関根瞳、丸岡和佳奈、佐藤榛夏,2025-02-09 (日) 14:00,https://seaside-station.net/event/2025s/valentine2025/,,,,
見なきゃソンソン♪ シャニソン リニューアル直前！生配信,シャニソン生配信,峯田茉優、結名美月、河野ひより、和久井優、高山祐介,2025/02/25(火) 21:00,https://idolmaster-official.jp/news/01_14521,https://idolmaster-official.jp/news/01_14685,https://idolmaster-official.jp/news/01_14524,,
アニメ「アイドルマスター シャイニーカラーズ 2nd season」～Blu-ray宣伝王は誰だ！？全力バトルバラエティ！スペシャル～,シャニアニ生配信,希水しお、芝崎典子、北原沙弥香,2025/03/13(木) 19:00,https://idolmaster-official.jp/news/01_14749,https://idolmaster-official.jp/news/01_14752,,,
ALiCE Eyez ミニライブ＆ペアメンバーお話会 第１部,外部イベント,ALiCE Eyez、涼本あきほ、風間万裕子、紫月杏朱彩、田中那実,2025-03-16 (日) 14:00,https://x.com/MARINEGIRLSUNIT/status/1887109993981435944,,,,
ALiCE Eyez ミニライブ＆ペアメンバーお話会 第２部,外部イベント,ALiCE Eyez、涼本あきほ、風間万裕子、紫月杏朱彩、田中那実,2025-03-16 (日) 17:15,https://x.com/MARINEGIRLSUNIT/status/1887109993981435944,,,,
アイドルマスター20周年イヤー特別生配信～3月もどどんと情報盛りだくさんスペシャル～,ブランド合同生配信,芝崎典子、その他,2025/03/25(火) 19:00,https://idolmaster-official.jp/news/01_14694,https://idolmaster-official.jp/news/01_15010,,,
アイドルマスター シャイニーカラーズ 7周年スタート生配信,シャニマス生配信,関根瞳、紫月杏朱彩、小澤麗那、高山祐介,2025/03/28(金) 18:00,https://idolmaster-official.jp/news/01_14728,https://idolmaster-official.jp/news/01_14734,,,
星降る街の三丁目 1部(2025年3月30日),外部イベント,八巻アンナ、菅沼千紗,2025-03-30 (日) 13:00,https://lunafield.jp/hoshifuru/,,,,
星降る街の三丁目 2部(2025年3月30日),外部イベント,八巻アンナ、菅沼千紗,2025-03-30 (日) 16:30,https://lunafield.jp/hoshifuru/,,,,
アニメ『アイドルマスター シャイニーカラーズ 2nd season』Blu-ray発売記念！『SHHis』生オーディオコメンタリー,シャニアニ生配信,紫月杏朱彩、山根綺,2025/03/31(月) 20:00,https://idolmaster-official.jp/news/01_14932,,,,
人狼バトル THE NIGHTMARE PRINCESS 2025 APRIL FOOL 第１部,外部イベント,薄井友里、小鹿なお、関根瞳、七海こころ、峯田茉優,2025/04/12(土) 14:15,https://x.com/jinroubattle_va/status/1900492933817913407,,,,
人狼バトル THE NIGHTMARE PRINCESS 2025 APRIL FOOL 第２部,外部イベント,薄井友里、小鹿なお、関根瞳、七海こころ、峯田茉優,2025/04/12(土) 17:45,https://x.com/jinroubattle_va/status/1900492933817913407,,,,
アイドルマスター シャイニーカラーズ 7th Anniversary SP！生配信,シャニマス生配信,希水しお、涼本あきほ、幸村恵理、高山祐介,2025/04/15(火) 20:00,https://idolmaster-official.jp/news/01_14730,https://idolmaster-official.jp/news/01_14736,,,
あの楽曲が実装決定！GWはシャニソンやらなきゃソンソン♪1.5周年生配信,シャニソン生配信,八巻アンナ、田中有紀、川口莉奈、高山祐介,2025/04/29(火) 19:00,https://idolmaster-official.jp/news/01_15214,https://idolmaster-official.jp/news/01_15053,,,
「ワールドダイスター」ファンミーティング～ぷちユメフェス vol.2 in サイエンスホール～ [マチネ],外部イベント,岡咲美保、近藤玲奈、赤尾ひかる、葵井歌菜、斉藤朱夏、山村響,2025/05/03(土) 14:30,https://x.com/wds_game/status/1903333742078550079,,,,
「ワールドダイスター」ファンミーティング～ぷちユメフェス vol.2 in サイエンスホール～ [ソワレ],外部イベント,岡咲美保、近藤玲奈、赤尾ひかる、葵井歌菜、斉藤朱夏、山村響,2025/05/03(土) 17:30,https://x.com/wds_game/status/1903333742078550079,,,,
夢境の回転木馬＜昼公演＞ 菅沼千紗,外部イベント,菅沼千紗、芝崎典子、黒木ほの香、土屋李央、結名美月、三川華月,2025-05-11 14:00,https://www.eventernote.com/events/419523,,,,
夢境の回転木馬＜夜公演＞ 菅沼千紗,外部イベント,菅沼千紗、芝崎典子、黒木ほの香、土屋李央、結名美月、幸村恵理,2025-05-11 19:00,https://www.eventernote.com/events/419537,,,,
涼本あきほ・永井真里子の「しぇあはうしゅ」第2回 るーむめいちゅ ふぇしゅ 昼のしぇ,外部イベント,涼本あきほ、永井真里子、八巻アンナ,2025-05-11 (日) 13:00,https://ch.nicovideo.jp/sharehoushu/blomaga/ar2212299,,,,
いそべかりんのぽかぽかおたんじょう日和2025 第１部,外部イベント,礒部花凜、涼本あきほ、峯田茉優、宮平享奈緒(セブンbyセブン),2025/05/24(土) 13:30,https://event-info.kadokawa.co.jp/event/isobe2025.html,,,,
温泉むすめトークイベント in 三朝＆はわい東郷 1部 山根綺,外部イベント,山根綺、天希かのん、温泉むすめ、黒木ほの香,2025-06-01 12:00,https://www.eventernote.com/events/394919,,,,
温泉むすめトークイベント in 三朝＆はわい東郷 2部 山根綺,外部イベント,山根綺、天希かのん、温泉むすめ、黒木ほの香,2025-06-01 14:45,https://www.eventernote.com/events/394920,,,,
「声優グランプリ」presents シネマダミス『超時空捜査隊マルキュー ～メイク・フレンズ編～』DAY1,外部イベント,天音ゆかり、小澤麗那、関根瞳、新田ひより、村上奈津実、安野希世乃,2025/06/21(土) 14:30,https://09murdermystery.com/,,,,
≪熱狂！エンタメカーニバル≫ 黒木ほの香＆芝崎典子スペシャルトークショー 黒木ほの香,外部イベント,黒木ほの香、芝崎典子,2025-06-22 14:00,https://www.eventernote.com/events/430446,,,,
黒木ほの香の#サシバナProduced by ボイスガレッジ 第1部 黒木ほの香,外部イベント,黒木ほの香、河野ひより,2025-06-29 12:30,https://www.eventernote.com/events/429559,,,,
黒木ほの香の#サシバナProduced by ボイスガレッジ 第3部 黒木ほの香,外部イベント,黒木ほの香、前川涼子,2025-06-29 18:30,https://www.eventernote.com/events/429561,,,,
シャニマス生配信～水着情報ください！お星さまにお願いスペシャル～,シャニマス生配信,河野ひより、北原沙弥香、紫月杏朱彩,2025/07/07(月) 19:00,https://idolmaster-official.jp/news/01_15522,https://idolmaster-official.jp/news/01_15519,,,
『黒木ほの香・関根瞳のふらっと新潟に来てみました!』DLC発売記念イベント 第1部 黒木ほの香,外部イベント,黒木ほの香、関根瞳,2025-07-13 13:00,https://www.eventernote.com/events/426240,,,,
『黒木ほの香・関根瞳のふらっと新潟に来てみました!』DLC発売記念イベント 第2部 黒木ほの香,外部イベント,黒木ほの香、関根瞳,2025-07-13 15:30,https://www.eventernote.com/events/426241,,,,
『黒木ほの香・関根瞳のふらっと新潟に来てみました!』DLC発売記念イベント 第3部 黒木ほの香,外部イベント,黒木ほの香、関根瞳,2025-07-13 18:00,https://www.eventernote.com/events/426242,,,,
アイドルマスター20周年前夜祭生配信,ブランド合同生配信,礒部花凜、その他,2025/07/19(土) 19:00,https://idolmaster-official.jp/news/01_15935,https://idolmaster-official.jp/news/01_16103,,,
月的夏祭 -花- 1部,外部イベント,涼本あきほ、紫月杏朱彩,2025-07-20 (日) 13:00,https://lunafield.jp/natsumatsurihana/,,,,
月的夏祭 -花- 2部,外部イベント,涼本あきほ、紫月杏朱彩,2025-07-20 (日) 16:30,https://lunafield.jp/natsumatsurihana/,,,,
菅沼千紗BIRTHDAY EVENT2025 1部,外部イベント,菅沼千紗、野村麻衣子、弘松芹香,2025-07-27 (日) 14:30,https://ch.nicovideo.jp/numaochi/blomaga/ar2215161,,,,
シャニソン生配信～このドキドキは、夏のせい……スペシャル～,シャニソン生配信,"黒木ほの香, 土屋李央, 山根綺",2025/07/27(日) 19:00,https://idolmaster-official.jp/news/01_15523,https://idolmaster-official.jp/news/01_16321,,,
リーディングシアター『神か、恋か。／アタシだけの好敵手』8月2日 昼の部 河野ひより,外部イベント,河野ひより、黒木ほの香、北原沙弥香、和久井優、吉岡茉祐,2025-08-02 14:15,https://www.eventernote.com/events/428353,,,,
リーディングシアター『神か、恋か。／アタシだけの好敵手』8月2日 夜の部 河野ひより,外部イベント,河野ひより、黒木ほの香、北原沙弥香、和久井優、吉岡茉祐,2025-08-02 18:00,https://www.eventernote.com/events/428354,,,,
ヘブンバーンズレッド3.5周年フェス,外部イベント,楠木ともり、前川涼子、伊波杏樹、古賀葵、芹澤優、天海由梨奈、She is Legend、田口尚平、柿沼洋平(ヘブンバーンズレッドプロデューサー)、XAI、鈴木このみ、ヘブンバーンズレッド,2025-08-03 (日) 19:00,https://heaven-burns-red.com/2025fes/,,,,
アイドルマスター シャイニーカラーズ 夏宵楽宴 ～サマーナイトパーティー!～,シャニマスイベント,烏屋茶房、本多友紀,2025/08/06(水) 19:00,https://idolmaster-official.jp/news/01_16325,,,,
アリオ八尾でもオフレコでお願いします！ 昼の部(2025年8月17日) 黒木ほの香,外部イベント,黒木ほの香、前川涼子、小早川秀樹,2025-08-17 14:00,https://www.eventernote.com/events/433376,,,,
アリオ八尾でもオフレコでお願いします！ 夜の部(2025年8月17日) 黒木ほの香,外部イベント,黒木ほの香、前川涼子、小早川秀樹,2025-08-17 17:30,https://www.eventernote.com/events/433377,,,,
ALiCE Eyez FANMEETING 2025 AUGUST 第1部,外部イベント,ALiCE Eyez、涼本あきほ、風間万裕子、紫月杏朱彩、田中那実,2025-08-24 (日) 14:30,https://x.com/MARINEGIRLSUNIT/status/1939901744915583461,,,,
ALiCE Eyez FANMEETING 2025 AUGUST 第2部,外部イベント,ALiCE Eyez、涼本あきほ、風間万裕子、紫月杏朱彩、田中那実,2025-08-24 (日) 17:30,https://x.com/MARINEGIRLSUNIT/status/1939901744915583461,,,,
「ぽわぽやフェス８」 １部,外部イベント,関根瞳、結名美月,2025/09/07(日) 14:00,https://ch.nicovideo.jp/powapoya/blomaga/ar2219315,,,,
「ぽわぽやフェス８」 ２部,外部イベント,関根瞳、結名美月,2025/09/07(日) 18:00,https://ch.nicovideo.jp/powapoya/blomaga/ar2219315,,,,
NAGANO ANIERA FESTA 2025 Day2 アイドルマスターシャイニーカラーズ,外部イベント,礒部花凜、菅沼千紗、八巻アンナ、結名美月、川口莉奈、三川華月、小澤麗那、藍井エイル、安月名莉子、TRUE(唐沢美帆)、富田美憂、峯田茉優、Raychell、小原莉子、夏芽、倉知玲鳳、紡木吏佐、愛美、岡咲美保、KOHSHI(FLOW)、KEIGO(FLOW)、TAKE(FLOW)、GOT'S(FLOW)、IWASAKI(FLOW)、前島麻由(mayu)、相羽あいな、鈴木杏奈、花耶、ZAQ、田口華有、秋場ゆり、道井悠、花見色(あおきまお)、五味茉莉伽、池羽悠、堀内まり菜、荒井瑠里、二ノ宮ゆい(ニノミヤユイ)、レトラ、白玖ウタノ、DJシーザー,2025/09/14(日) 12:00,https://aniera-festa.com/,,,,
ALiCE Eyez SUMMERミニライブ 2025 SEPTEMBER 第1部,外部イベント,ALiCE Eyez、涼本あきほ、風間万裕子、紫月杏朱彩、田中那実,2025-09-14 (日) 14:00,https://x.com/MARINEGIRLSUNIT/status/1953763602344645109,,,,
ALiCE Eyez SUMMERミニライブ 2025 SEPTEMBER 第2部,外部イベント,ALiCE Eyez、涼本あきほ、風間万裕子、紫月杏朱彩、田中那実,2025-09-14 (日) 17:15,https://x.com/MARINEGIRLSUNIT/status/1953763602344645109,,,,
Say U Fan vol.9 ぽのりょん FAN MEETING 第1部 黒木ほの香,外部イベント,黒木ほの香、前川涼子,2025-09-20 13:00,https://www.eventernote.com/events/439607,,,,
Say U Fan vol.9 ぽのりょん FAN MEETING 第2部 黒木ほの香,外部イベント,黒木ほの香、前川涼子,2025-09-20 16:00,https://www.eventernote.com/events/439608,,,,
MARINE Girl's Unit RADIO  公開録音 2025 SEPTEMBER 第1部,外部イベント,涼本あきほ、風間万裕子、紫月杏朱彩、田中那実、ALiCE Eyez、丸岡和佳奈、伊藤ゆいな、入江麻衣子、Merry Fave,2025-09-28 (日) 13:45,https://x.com/MARINEGIRLSUNIT/status/1963918398020317521,,,,
MARINE Girl's Unit RADIO  公開録音 2025 SEPTEMBER 第2部,外部イベント,涼本あきほ、風間万裕子、紫月杏朱彩、田中那実、ALiCE Eyez、結名美月、武田羅梨沙多胡、相川遥花、髙橋咲貴、Flowords,2025-09-28 (日) 17:30,https://x.com/MARINEGIRLSUNIT/status/1963918398020317521,,,,
Café Takayama シャニマス大解剖 2025,高山配信,紫月杏朱彩、高山祐介,2025/10/05(日) 14:00,https://idolmaster-official.jp/news/01_16391,https://idolmaster-official.jp/news/01_17255,,,
シャニアニ2nd season放送開始一 周年記念! Over the prismのライブ Blu-ray情報も! みんなで まったり秋の夜長トーーク!!!,シャニアニ生配信,関根瞳、芝崎典子、和久井優、池田ななこ,2025/10/13(月) 19:30,,https://idolmaster-official.jp/news/01_17049,,,
シャニマス7th螺旋公演直前！BASE Takayama生放送！,高山配信、ライブ直前生配信,高山祐介、APかっしー,2025/10/24(金) 19:00,https://idolmaster-official.jp/news/01_17082,,,,https://www.youtube.com/live/0M9o9LNqt6Y?si=t8iaUPeKCWJiZRmz
シャニマス生配信～祝7.5周年！アニバーサリー情報2週連続大放出SP 前編！～,シャニマス生配信,近藤玲奈、芝崎典子、小澤麗那、高山祐介,2025/10/29(水) 19:00,https://idolmaster-official.jp/news/01_16690,https://idolmaster-official.jp/news/01_16688,,,
麻雀プロペアバトル 2025 NOVEMBER 第1部,外部イベント,高宮まり、伊達朱里紗、二階堂亜樹、瑞原明奈、天野聡美、紫月杏朱彩、結名美月、優木かな,2025-11-02 (日) 14:00,https://x.com/Marine_ENT/status/1976661592575184980,,,,
麻雀プロペアバトル 2025 NOVEMBER 第2部,外部イベント,高宮まり、伊達朱里紗、二階堂亜樹、瑞原明奈、天野聡美、紫月杏朱彩、結名美月、優木かな,2025-11-02 (日) 17:30,https://x.com/Marine_ENT/status/1976661592575184980,,,,
シャニソン生配信～祝2周年！アニバーサリー情報2週連続大放出SP 後編！～,シャニソン生配信,前川涼子、幸村恵理、紫月杏朱彩、高山祐介,2025/11/07(金) 22:00,https://idolmaster-official.jp/news/01_16695,https://idolmaster-official.jp/news/01_16697,,,
やまなし声優プロジェクト2025 第1部 やまなし声優交歓会 河野ひより,外部イベント,河野ひより、黒木ほの香,2025-11-09 13:00,https://www.eventernote.com/events/447210,,,,
やまなし声優プロジェクト2025 第3部 声優やまなし県人会 高森奈津美,外部イベント,高森奈津美、河野ひより、星谷美緒、黒木ほの香,2025-11-09 17:30,https://www.eventernote.com/events/447211,,,,
丸岡和佳奈・菅沼千紗の和び紗びじゅーおーむじん〜秋祭り2025〜 昼の部 丸岡和佳奈,外部イベント,丸岡和佳奈、菅沼千紗、川口莉奈、和久井優、黒木ほの香,2025-11-23 14:00,https://www.eventernote.com/events/439796,,,,
丸岡和佳奈・菅沼千紗の和び紗びじゅーおーむじん〜秋祭り2025〜 夜の部 丸岡和佳奈,外部イベント,丸岡和佳奈、菅沼千紗、川口莉奈、和久井優、黒木ほの香,2025-11-23 17:30,https://www.eventernote.com/events/439797,,,,
ALiCE Eyez FANMEETING 2025 NOVEMBER 第１部,外部イベント,ALiCE Eyez、涼本あきほ、風間万裕子、紫月杏朱彩、田中那実,2025-11-23 (日) 14:30,https://x.com/MARINEGIRLSUNIT/status/1980945127276487113,,,,
ALiCE Eyez FANMEETING 2025 NOVEMBER 第２部,外部イベント,ALiCE Eyez、涼本あきほ、風間万裕子、紫月杏朱彩、田中那実,2025-11-23 (日) 17:30,https://x.com/MARINEGIRLSUNIT/status/1980945127276487113,,,,
ワンカラーテーマトークイベント『ひといろ〜Type Red〜』昼の部 黒木ほの香,外部イベント,黒木ほの香、紫月杏朱彩、菅沼千紗、関根瞳、田中有紀、河野ひより,2025-12-20 14:30,https://www.eventernote.com/events/443777,,,,
ワンカラーテーマトークイベント『ひといろ〜Type Red〜』夜の部 黒木ほの香,外部イベント,黒木ほの香、紫月杏朱彩、菅沼千紗、関根瞳、田中有紀、河野ひより,2025-12-20 18:00,https://www.eventernote.com/events/443778,,,,
アイマス年末感謝祭「20周年ラストスパート突入！SP生配信,ブランド合同生配信,希水しお、その他,2025/12/24(水) 19:00,https://idolmaster-official.jp/news/01_17472,https://idolmaster-official.jp/news/01_17790,,,
ヘブンバーンズレッド 第五章後編開幕直前 公開生放送,外部イベント,楠木ともり、前川涼子、天海由梨奈、田口尚平、柿沼洋平(ヘブンバーンズレッドプロデューサー),2025-12-25 (木) 20:00,https://x.com/heavenburnsred/status/1988958189027750270,,,,
シャニマス生配信 2025年シャニ納め ～今年も1年ありがとうSP～,シャニマス生配信,峯田茉優、山根綺、川口莉奈、高山祐介,2025/12/26(金) 19:00,https://idolmaster-official.jp/news/01_17567,https://idolmaster-official.jp/news/01_17695,https://idolmaster-official.jp/news/01_17483,,
和久井優の今夜もおばんですpresents 朗読バラエティ＆カラオケイベント「幻影の監視者」昼公演 黒木ほの香,外部イベント,黒木ほの香、田嶌紗蘭、前川涼子、山根綺、和久井優,2026-01-11 14:00,https://www.eventernote.com/events/449364,,,,
和久井優の今夜もおばんですpresents 朗読バラエティ＆カラオケイベント「幻影の監視者」夜公演 黒木ほの香,外部イベント,黒木ほの香、田嶌紗蘭、前川涼子、山根綺、和久井優,2026-01-11 18:15,https://www.eventernote.com/events/449363,,,,
「麗和落語～二〇二六 冬の陣～」1/11 11:00,外部イベント,八巻アンナ、由良朱合、本西彩希帆、礒部花凜,2026/01/11(日) 11:00,https://www.reiwa-rakugo2026.com/,,,,
SEASIDE NEW YEAR PARTY 2026 昼の部,外部イベント,篠原侑、丸岡和佳奈、関根瞳、中村カンナ,2026/01/11(日) 14:00,https://seaside-station.net/event/2026s/newyearparty2026/,,,,
「麗和落語～二〇二六 冬の陣～」1/11 15:00,外部イベント,八巻アンナ、由良朱合、田辺留依、礒部花凜,2026/01/11(日) 15:00,https://www.reiwa-rakugo2026.com/,,,,
「麗和落語～二〇二六 冬の陣～」1/11 18:30,外部イベント,八巻アンナ、浅井七海、田辺留依、礒部花凜,2026/01/11(日) 18:30,https://www.reiwa-rakugo2026.com/,,,,
283PRODUCTION COSTUME G＠LLERY ～MY F＠VORITE COLLECTION～衣装展の見どころを一挙紹介しちゃうぞ生配信！,イベント直前生配信,峯田茉優、河野 ひより,2026/01/20(火) 21:00,https://idolmaster-official.jp/news/01_17786,https://idolmaster-official.jp/news/01_17970,,,
シャニソン生配信 ～シャニマス大感謝祭特集＆シャニソン新ユニット発表！SP～,シャニソン生配信,菅沼千紗、永井真里子、田中有紀、土屋李央、川口莉奈、田口尚平、高山祐介,2026/01/28(水) 19:00,https://idolmaster-official.jp/news/01_17855,https://idolmaster-official.jp/news/01_17856,,,
キングサリ 3ヶ月連続 フリーライブ 2026/1/28,外部イベント,キングサリ、栗原えみる、日女白りこ、玖遠いのり(久遠りんね)、佐倉あむ(神楽もも/蒔田逢乃)、狸々みょん(宮坂美波),2026-01-28 (水) 19:30,https://x.com/kingsari_0430/status/2012827326195880126,,,,
ヘブンバーンズレッド4th Anniversary Party!,外部イベント,前川涼子、伊波杏樹、天海由梨奈、芹澤優、古賀葵、田口尚平、柿沼洋平(ヘブンバーンズレッドプロデューサー),2026-02-01 (日) 19:00,https://heaven-burns-red.com/4th-anniv-party/,,,,
シャニマス生配信 ～寒～い今夜は、プロデューサーさんと一緒SP～,シャニマス生配信,幸村恵理、紫月杏朱彩、小澤麗那、高山祐介,2026/02/25(水) 19:00,https://idolmaster-official.jp/news/01_18110,https://idolmaster-official.jp/news/01_18111,,,
人狼バトル THE NIGHTMARE PRINCESS 2026 MARCH 1stバトル 第１部,外部イベント,天野聡美、関根瞳、広瀬世華、峯田茉優、優木かな,2026/03/01(日) 14:15,https://x.com/jinroubattle_va/status/2016436090740040150,,,,
人狼バトル THE NIGHTMARE PRINCESS 2026 MARCH 1stバトル 第２部,外部イベント,天野聡美、関根瞳、広瀬世華、峯田茉優、優木かな,2026/03/01(日) 17:45,https://x.com/jinroubattle_va/status/2016436090740040150,,,,
"黒木ほの香・芝崎典子の""最高""なイベント!! 昼の部 黒木ほの香",外部イベント,黒木ほの香、芝崎典子,2026-03-15 13:00,https://www.eventernote.com/events/459125,,,,
"黒木ほの香・芝崎典子の""最高""なイベント!! 夜の部 黒木ほの香",外部イベント,黒木ほの香、芝崎典子,2026-03-15 16:00,https://www.eventernote.com/events/459126,,,,
『アイドルマスター』シリーズ20周年記念巡回イベント「アイマス、アイに行きマス！」in イオンモール新居浜 アイドルマスターキャストトークステージ 1回目,ブランド合同イベント,田中有紀,2026/03/22(日) 11:00,https://idolmaster-official.jp/news/01_18007,https://idolmaster-official.jp/news/01_18496,,,
『アイドルマスター』シリーズ20周年記念巡回イベント「アイマス、アイに行きマス！」in イオンモール新居浜 アイドルマスターキャストトークステージ 2回目,ブランド合同イベント,田中有紀,2026/03/22(日) 14:00,https://idolmaster-official.jp/news/01_18007,https://idolmaster-official.jp/news/01_18496,,,
"THE IDOLM@STER M＠STERS OF IDOL WORLD 2025 ""アイ""のキセキR＠DIO 公開録音会～みんなで聴きマス！～",ブランド合同イベント,中村繪里子、大橋彩香、山崎はるか、伊瀬結陸、峯田茉優、長月あおい,2026/03/22(日) 19:00,https://idolmaster-official.jp/news/01_18241,,,,
アイドルマスター シャイニーカラーズ×せいせき40thアニバーサリー コラボキャンペーン トークイベント,コラボイベント,関根瞳、菅沼千紗、永井真里子,2026/03/28(土) 14:00,https://x.com/shinyc_official/status/2016478195256877560,https://www.keio-sc.jp/special/?cd=000186,,,
『TOKYO DREAM PARK開業記念 有明春祭り』声優と春祭り Day2,外部イベント,阿部里果、天野聡美、涼本あきほ、峯田茉優、土佐兄弟、土佐卓也(土佐兄弟)、土佐有輝(土佐兄弟),2026/03/29(日) 11:00,https://x.com/tv_asahi_fes/status/2036367421200801999,,,,
トモカラ!!!-Premium-＜希水しお・結名美月・関根瞳＞ 昼の部,外部イベント,希水しお、結名美月、関根瞳,2026/03/29(日) 14:00,https://x.com/tomokara_vg/status/2023729474521514388,,,,
トモカラ!!!-Premium-＜希水しお・結名美月・関根瞳＞ 夜の部,外部イベント,希水しお、結名美月、関根瞳,2026/03/29(日) 17:30,https://x.com/tomokara_vg/status/2023729474521514388,,,,
シャニマス生配信 ～8周年スタートSP～,シャニマス生配信,菅沼千紗、丸岡和佳奈、涼本あきほ、高山祐介,2026/03/29(日) 19:10,https://idolmaster-official.jp/news/01_18358,https://idolmaster-official.jp/news/01_18348,,,
『THE IDOLM@STER SHINY COLORS 2nd season LIVE Over the prism』Blu-ray【アソビストア特装版】ご予約特典イベント,シャニアニイベント,峯田茉優、田中有紀、田嶌紗蘭、池田ななこ,2026/04/10(金) 19:00,https://idolmaster-official.jp/news/01_17800,,,,
人狼バトル THE NIGHTMARE PRINCESS 2026 APRIL 2ndバトル 第１部,外部イベント,大倉紬、涼本あきほ、武田羅梨沙多胡、七海こころ、結名美月,2026-04-12 (日) 14:15,https://x.com/jinroubattle_va/status/2016436090740040150,,,,
人狼バトル THE NIGHTMARE PRINCESS 2026 APRIL 2ndバトル 第２部,外部イベント,大倉紬、涼本あきほ、武田羅梨沙多胡、七海こころ、結名美月,2026-04-12 (日) 17:45,https://x.com/jinroubattle_va/status/2016436090740040150,,,,
SEASIDE NexT Girl's Presents～GAMING FESTA 2026～ 夜の部,外部イベント,奥野香耶、立花日菜、丸岡和佳奈、関根瞳,2026-04-12 (日) 18:15,https://seaside-station.net/event/2026s/gamingfesta2026/,,,,
BASE TAKAYAMA シャニマス∞th LIVE直前配信！,高山配信、ライブ直前生配信,高山祐介,2026/04/24(金) 19:00,,,,,https://youtu.be/EmT_edEzscI?si=ZOan3ysI8dSM8adf
シャニマス生配信 8th Anniversary SP ～8周年の愛を込めて～,シャニマス生配信,八巻アンナ、希水しお、幸村恵理、高山祐介,2026/04/27(月) 19:00,https://idolmaster-official.jp/news/01_18603,https://idolmaster-official.jp/news/01_18604,https://idolmaster-official.jp/news/01_18602,,
音楽朗読劇 オペラ座の怪人 4月30日,外部イベント,高橋広樹、比留間俊哉、竹内栄治、夏目響平、礒部花凜,2026/04/30(木) 19:00,https://rodokugeki.com/phantom/,,,,
ボイスガレッジPresents トモカラ!!!-Premium- 昼の部,外部イベント,紫月杏朱彩、菅沼千紗、芝崎典子,2026-05-03 (日) 14:00,https://x.com/tomokara_vg/status/2026266082668077326,,,,
和泉風花の「おいでよ！いずみんち」02 夜の部,外部イベント,和泉風花、涼本あきほ、八巻アンナ,2026-05-03 (日) 17:00,https://x.com/wktk_live/status/2034208690627330488,,,,
ボイスガレッジPresents トモカラ!!!-Premium- 夜の部,外部イベント,紫月杏朱彩、菅沼千紗、芝崎典子,2026-05-03 (日) 17:30,https://x.com/tomokara_vg/status/2026266082668077326,,,,
いそべかりんのぽかぽかおたんじょう日和2026 第１部,外部イベント,礒部花凜、芝崎典子、宮平享奈緒(セブンbyセブン),2026/05/24(日) 13:30,https://x.com/Carin_Official/status/2045785241764151555,,,,
ときめきエターナル girls edition 2部(2026年5月24日),外部イベント,八巻アンナ、結名美月,2026-05-24 (日) 16:30,https://lunafield.jp/tokietagirls/,,,,
シャニソン 運営レター生配信,運営レター,高山祐介,2026/05/28(木) 19:00,https://idolmaster-official.jp/news/01_18889,https://idolmaster-official.jp/news/01_18890,,,
鷲崎健・河野ひより 8ぶおんぶ トークイベント Vol.2【1部】,外部イベント,鷲崎健、河野ひより、希水しお,2026-05-30 (土) 14:00,https://hibiki-radio.jp/description/8buonbu/informations,,,,
鷲崎健・河野ひより 8ぶおんぶ トークイベント Vol.2【2部】,外部イベント,鷲崎健、河野ひより、希水しお,2026-05-30 (土) 17:30,https://hibiki-radio.jp/description/8buonbu/informations,,,,
Code/OMERTA 昼公演 芝崎典子,外部イベント,芝崎典子、菅沼千紗、黒木ほの香、涼本あきほ、土屋李央、丸岡和佳奈,2026-05-31 14:00,https://www.eventernote.com/events/463975,,,,
Code/OMERTA 夜公演 芝崎典子,外部イベント,芝崎典子、菅沼千紗、黒木ほの香、河野ひより、涼本あきほ、丸岡和佳奈,2026-05-31 18:15,https://www.eventernote.com/events/463977,,,,
ALiCE Eyez FANMEETING 2026 JUNE 第1部,外部イベント,ALiCE Eyez、涼本あきほ、風間万裕子、紫月杏朱彩、田中那実,2026-06-14 (日) 14:30,https://x.com/MARINEGIRLSUNIT/status/2049088740195201298,,,,
ALiCE Eyez FANMEETING 2026 JUNE 第2部,外部イベント,ALiCE Eyez、涼本あきほ、風間万裕子、紫月杏朱彩、田中那実,2026-06-14 (日) 17:30,https://x.com/MARINEGIRLSUNIT/status/2049088740195201298,,,,
土屋李央のGaming BASE イベント 第2部 『Gaming Growth ファンミーティング with 菅沼千紗』,外部イベント,土屋李央、菅沼千紗,2026-06-20 (土) 19:00,https://ch.nicovideo.jp/Tsuchiya-Rio/blomaga/ar2231590,,,,
ことばとば【1部】(2026年6月27日),外部イベント,菅沼千紗、八巻アンナ,2026-06-27 (土) 12:00,https://x.com/threclohiragana/status/2031656405829329311,,,,
ことばとば【2部】(2026年6月27日),外部イベント,菅沼千紗、八巻アンナ,2026-06-27 (土) 16:00,https://x.com/threclohiragana/status/2031656405829329311,,,,
"関根といえばイベントでしょ！～し""ゃ""く""ね""つ""～ 第２部",外部イベント,関根瞳、涼本あきほ,2026-07-05 (日) 18:30,https://ch.nicovideo.jp/onetone/blomaga/ar2232869,,,,
菅沼千紗・結名美月・黒木ほの香・北原沙弥香のTAI GAME²!!（対ゲーム スクエアード）昼の部 菅沼千紗,外部イベント,菅沼千紗、結名美月、黒木ほの香、北原沙弥香,2026-07-12 14:00,https://www.eventernote.com/events/480022,,,,
菅沼千紗・結名美月・黒木ほの香・北原沙弥香のTAI GAME²!!（対ゲーム スクエアード）夜の部 菅沼千紗,外部イベント,菅沼千紗、結名美月、黒木ほの香、北原沙弥香,2026-07-12 17:00,https://www.eventernote.com/events/480023,,,,
「花語り 源⽒物語 〜 いにしえの恋、散リ咲ク花 〜」7/12 12:00,外部イベント,鮎川太陽、綾凰華、和合真一、内田秀、高井千帆、星守紗凪、瀬戸かずや、内海光司、槙原唯、武井和歩、真島淳、七瀬悠,2026-07-12 (日) 12:00,https://hanagatari-genji.com/,,,,
深町寿成と芝崎典子のAIが作り出したくらいにはすご〜っく普通なラジオのすご〜っく普通なイベント 昼の部,外部イベント,深町寿成、芝崎典子、前川涼子,2026-07-18 (土) 13:00,https://x.com/futsu_vg/status/2072923417548869774,,,,
2026第25回 台湾漫画博覧会【アイマス、アイに行きマス！in 台湾漫画博覧会】,ブランド合同イベント,山根綺、川口莉奈,2026/07/23(木) 15:00,https://idolmaster-official.jp/news/01_19042,https://idolmaster-official.jp/news/01_19117,,,
黒木ほの香・芝崎典子スペシャルトークショー ～イオンモール新利府、おじゃまします♪～ 黒木ほの香,外部イベント,黒木ほの香、芝崎典子,2026-07-26 14:00,https://www.eventernote.com/events/482134,,,,
シャニマス生配信 ～君と過ごしたあの夏スペシャル～,シャニマス生配信,礒部花凛、永井真里子、黒木ほの香、高山祐介,2026/07/30(木) 12:00,https://idolmaster-official.jp/news/01_19141,https://idolmaster-official.jp/news/01_19142,,,
リーディングシアター『0と1と私／めぐる』8月1日 昼の部,外部イベント,河野ひより、菅叶和、紫月杏朱彩、星谷美緒,2026-08-01 (土) 14:00,https://x.com/piyo_kikaku/status/2070809666867610027,,,,
リーディングシアター『0と1と私／めぐる』8月1日 夜の部,外部イベント,河野ひより、菅叶和、紫月杏朱彩、星谷美緒,2026-08-01 (土) 17:30,https://x.com/piyo_kikaku/status/2070809666867610027,,,,
ヘブンバーンズレッド4.5thフェス,外部イベント,楠木ともり、前川涼子、伊波杏樹、天海由梨奈、芹澤優、古賀葵、She is Legend、田口尚平、柿沼洋平(ヘブンバーンズレッドプロデューサー),2026-08-02 (日) 18:00,https://eplus.jp/sf/event/heaven-burns-red-4-half,,,,
Animethon 2026 THE IDOLM@STER SHINY COLORS Special Talk Panel,海外イベント,北原沙弥香、紫月杏朱彩、田嶌紗蘭,2026/08/07(金) 16:00,https://animethon.ca/,,,,
Animethon 2026 THE IDOLM@STER SHINY COLORS Autograph Session,海外イベント,北原沙弥香、紫月杏朱彩、田嶌紗蘭,2026/08/08(土) 13:30,https://animethon.ca/,,,,
Animethon 2026 Closing Ceremony,海外イベント,北原沙弥香、紫月杏朱彩、田嶌紗蘭、Ma’Scar’Piece from電音部、Who-ya Extended、野島健児,2026/08/09(日) 17:00,https://builder.guidebook.com/g/#/guides/animethon2026/schedule/sessions/32804981,https://animethon.ca/,,,
ボイスガレッジ サマーパーティー 2026〜Side Girls〜 昼の部,外部イベント,郁原ゆう、丸岡和佳奈、菅沼千紗、菅叶和、梅澤めぐ、川村玲奈、芝崎典子、湊みや,2026-08-16 (日) 14:00,https://x.com/voicegarage_ch/status/2065056332282241504,,,,
峯田茉優のカラオケルーム404 1周年記念イベント 1部,外部イベント,峯田茉優、涼本あきほ,2026/08/16(日) 14:00,https://x.com/ROOM404min/status/2077000160924807225,,,,
ボイスガレッジ サマーパーティー 2026〜Side Girls〜 夜の部,外部イベント,郁原ゆう、丸岡和佳奈、菅沼千紗、菅叶和、梅澤めぐ、川村玲奈、芝崎典子、湊みや,2026-08-16 (日) 17:30,https://x.com/voicegarage_ch/status/2065056332282241504,,,,
峯田茉優のカラオケルーム404 1周年記念イベント 2部,外部イベント,峯田茉優、涼本あきほ,2026/08/16(日) 18:00,https://x.com/ROOM404min/status/2077000160924807225,,,,
【出演者追加】村上奈津実・小澤麗那のGamer放送局ファイナルイベント 第2部 村上奈津実,外部イベント,村上奈津実、小澤麗那、黒木ほの香,2026-08-22 17:30,https://www.eventernote.com/events/483804,,,,
wktkライブ5周年記念4番組合同イベント ~ wktklive festival 01 ~ 昼の部 涼本あきほ,外部イベント,涼本あきほ、幸村恵理、和泉風花、北原沙弥香、永井真里子、八巻アンナ、黒木ほの香,2026-08-23 14:00,https://www.eventernote.com/events/479548,,,,
wktkライブ5周年記念4番組合同イベント ~ wktklive festival 01 ~ 夜の部 涼本あきほ,外部イベント,涼本あきほ、幸村恵理、和泉風花、北原沙弥香、永井真里子、芝崎典子、黒木ほの香,2026-08-23 17:30,https://www.eventernote.com/events/479550,,,,
MYSTERY LIVE THEATER『M.L.T』day2 第１部,外部イベント,飯田ヒカル、田中那実、涼本あきほ、結名美月、咲々木瞳、星谷美緒,2026-09-13 (日) 14:45,https://x.com/Marine__girls/status/2086787748183392353,,,,
MYSTERY LIVE THEATER『M.L.T』day2 第２部,外部イベント,飯田ヒカル、田中那実、涼本あきほ、結名美月、咲々木瞳、星谷美緒,2026-09-13 (日) 17:45,https://x.com/Marine__girls/status/2086787748183392353,,,,
NAGANO ANIERA FESTA 2026 DAY1,外部イベント,愛美、atsuko(angela)、KATSU(angela)、伊藤美来、谷山紀章、飯塚昌明、幹葉、茅原実里、TRUE(唐沢美帆)、春日さくら、咲川ひなの、本村玲奈、三波春香、百瀬帆南、峯田茉優、レトラ、高柳知葉、大空直美、井上遥乃、日原あゆみ、田中有紀、ChouCho、きみコ(nano.RIPE)、ササキジュン(nano.RIPE)、南條愛乃、アリステティア・ランフィール、小江戸熒、小坂井祐莉絵、白玖ウタノ、DJ WILDPARTY、ぽにょ皇子、つんこ、ヨノ,2026/09/19(土) 12:00,https://x.com/Aniera_Japan/status/1994967117784141996,,,,
トカトントンオールスター2026[昼の部] 鷲崎健,外部イベント,鷲崎健、青木佑磨、YURiKA、黒木ほの香、前川涼子、村上まなつ、学園祭学園、栗田優、市川太一(学園祭学園)、阿部草介、野本ほたる、安月名莉子、内田稔、長谷川浩二(放送作家)、ゆい(妖精帝國)、中島怜,2026-10-12 14:00,https://www.eventernote.com/events/477627,,,,
トカトントンオールスター2026[夜の部] 鷲崎健,外部イベント,鷲崎健、青木佑磨、YURiKA、黒木ほの香、前川涼子、村上まなつ、学園祭学園、栗田優、市川太一(学園祭学園)、阿部草介、野本ほたる、安月名莉子、内田稔、長谷川浩二(放送作家)、ゆい(妖精帝國)、中島怜,2026-10-12 18:30,https://www.eventernote.com/events/477628,,,,
音泉祭り2027東京,外部イベント,青山なぎさ、飯田ヒカル、飯塚麻結、内山悠里菜、大渕野々花、緒方佑奈、小野賢章、佳原萌枝、岸本卓也、希水しお、高野麻里佳、佐伯伊織(NU-KO)、早乙女じょうじ、佐々木琴子、篠原侑、下野紘、鈴木愛奈、涼本あきほ、鷹村彩花、種田梨沙、月音こな、照井悠希、土岐隼一、中村カンナ、長月あおい、七瀬つむぎ、波多野翔、稗田寧々、松井恵理子、松岡禎丞、松田彩音、岬なこ、峯田大夢、村上まなつ、守屋亨香、結川あさき、DIALOGUE＋,2027-02-13 (土) 14:40,https://www.onsen.ag/sp/onsenfes2026/,,,,
ハチサマ2 Hachinai Spring LIVE 2019 〜始まりの合図〜 【夜の部】 西田望見,外部イベント,西田望見、近藤玲奈、南早紀、井上ほの花、佐伯伊織(NU-KO)、白石晴香、立花理香、芝崎典子、朝日奈丸佳、HUiT、Clutch!,2019-04-06 18:00,https://www.eventernote.com/events/188412,,,,
FAN!FAM!!FUN!!!Limited!!!! 2部 芝崎典子,外部イベント,芝崎典子、幸村恵理,2021-07-17 18:00,https://www.eventernote.com/events/278132,,,,
FAN!FAM!!FUN!!!Limited!!!! 1部 芝崎典子,外部イベント,芝崎典子、幸村恵理,2021-07-17 14:30,https://www.eventernote.com/events/278131,,,,
【リアルイベント】これが北原沙弥香の祭典-This is KITAHARA Fes-夜公演 北原沙弥香,外部イベント,北原沙弥香、芝崎典子,2023-05-14 18:00,https://www.eventernote.com/events/342300,,,,
ことばとば【2部】(2026年6月28日) 芝崎典子,外部イベント,芝崎典子、田嶌紗蘭,2026-06-28 16:00,https://www.eventernote.com/events/466715,,,,
ことばとば【1部】(2026年6月28日) 芝崎典子,外部イベント,芝崎典子、田嶌紗蘭,2026-06-28 12:00,https://www.eventernote.com/events/466714,,,,
幸村恵理のへんぼっけ 春の幸せ劇場2025 第２部 幸村恵理,外部イベント,幸村恵理、芝崎典子,2025-03-30 16:30,https://www.eventernote.com/events/418006,,,,
『芝崎典子の#サシバナProduced by ボイスガレッジ』第1部 芝崎典子,外部イベント,芝崎典子、紫月杏朱彩,2024-11-23 12:30,https://www.eventernote.com/events/397988,,,,
三川華月のはるちゃん食堂二周年記念イベント ＜夜の部＞ 三川華月,外部イベント,三川華月、芝崎典子,2025-11-09 18:00,https://www.eventernote.com/events/441230,,,,
芝崎典子と和久井優がYATTEKURU【第2部】 芝崎典子,外部イベント,芝崎典子、和久井優,2026-08-02 15:45,https://www.eventernote.com/events/475548,,,,
芝崎典子と和久井優がYATTEKURU【第1部】 芝崎典子,外部イベント,芝崎典子、和久井優,2026-08-02 12:00,https://www.eventernote.com/events/475547,,,,
AnimeJapan 2018 2日目【BLUE-4】キミコエ・プロジェクト スペシャルステージ 津田健次郎,外部イベント,津田健次郎、NOW ON AIR、飯野美紗子、岩淵桃音、片平美那、神戸光歩、鈴木陽斗実、田中有紀,2018-03-25 14:45,https://www.eventernote.com/events/146176,,,,
Kleissis 2ndシングル『Another Sky Resonance』発売記念リリースイベント サンシャインシティ噴水広場 特典お渡し会 Kleissis,外部イベント,Kleissis、田中有紀、富田美憂、山田麻莉奈、髙橋麻里、山根綺、元吉有希子、金子有希,2018-11-09 19:00,https://www.eventernote.com/events/182353,,,,
第6回アニ玉祭 PRステージ 久保田未夢,外部イベント,久保田未夢、澁谷梓希、荻野可鈴、はちみつクロニクル、大宮I☆DOLL、Kleissis、山根綺、田中有紀、富田美憂、山田麻莉奈、髙橋麻里、岩井勇気(ハライチ)、林ゆめ、はやぶさ、サンドリオン、会沢紗弥、黒木ほの香、小峯愛未、汐入あすか、成海瑠奈、A応P、旭優奈(葛山優奈)、工藤ひなき、堤雪菜、巴奎依、春咲暖、広瀬ゆうき、星希成奏、アクタリウム(姫イド隊)、民謡ガールズ、个凸めるる、幸乃しあ、色葉しの、乙羽まりあ、荒井杏子、岩﨑千明、乃並なの、福尾美佳、小嶋凛、亜咲花、Luce Twinkle Wink☆、深沢紗希、桧垣果穂、詩之本めぐみ(錦織めぐみ)、宇佐美幸乃、板山紗織、aki(出口陽)、AiLi、元吉有希子、友寄蓮、並木のり子、雨音実希、めちゃめちゃトランクス、えなこ(コスプレイヤー)、青木佑磨、上田清司、牛田有香、佐藤綺乃、樋口晴名、知多娘。、かこ(民謡ガールズ)、いずみ(民謡ガールズ)、ゆとり(民謡ガールズ)、りな(民謡ガールズ)、みのり(民謡ガールズ)、りお(民謡ガールズ)、らむ(民謡ガールズ)、ゆうあ(民謡ガールズ)、みやび(民謡ガールズ)、まつり(民謡ガールズ)、りょう(民謡ガールズ),2018-10-14 10:00,https://www.eventernote.com/events/171047,,,,
「みて！ みて？Kleissis」公開収録 18/10/14 Kleissis,外部イベント,Kleissis、田中有紀、富田美憂、山田麻莉奈、髙橋麻里、山根綺、元吉有希子,2018-10-14 16:00,https://www.eventernote.com/events/175992,,,,
Kleissis デビューシングル「Kleissis Chaos」リリース記念イベント ソフマップAKIBA 1号店 2回目 Kleissis,外部イベント,Kleissis、田中有紀、山田麻莉奈、髙橋麻里、山根綺、元吉有希子、金子有希,2018-09-29 12:00,https://www.eventernote.com/events/169691,,,,
Kleissis デビューシングル「Kleissis Chaos」リリース記念 ミニライブ&特典会 Kleissis,外部イベント,Kleissis、田中有紀、富田美憂、山田麻莉奈、髙橋麻里、金子有希、山根綺、元吉有希子,2018-09-21 19:00,https://www.eventernote.com/events/169613,,,,
Kleissis デビューシングル「Kleissis Chaos」リリース記念 ミニライブ＆お渡し会 AKIHABARAゲーマーズ本店 1回目  Kleissis,外部イベント,Kleissis、田中有紀、山田麻莉奈、髙橋麻里、山根綺、金子有希,2018-09-16 12:00,https://www.eventernote.com/events/169630,,,,
Kleissis デビューシングル「Kleissis Chaos」リリース記念 ミニライブ＆お渡し会 AKIHABARAゲーマーズ本店 2回目  Kleissis,外部イベント,Kleissis、田中有紀、山田麻莉奈、髙橋麻里、山根綺、金子有希,2018-09-16 15:00,https://www.eventernote.com/events/169631,,,,
Kleissis デビューシングル 『Kleissis Chaos』発売記念リリースイベント とらのあな秋葉原店C 1回目  Kleissis,外部イベント,Kleissis、田中有紀、山根綺、元吉有希子、金子有希,2018-09-15 12:00,https://www.eventernote.com/events/169650,,,,
Kleissis デビューシングル 『Kleissis Chaos』発売記念リリースイベント とらのあな秋葉原店C 2回目  Kleissis,外部イベント,Kleissis、田中有紀、山根綺、元吉有希子、金子有希,2018-09-15 15:00,https://www.eventernote.com/events/169652,,,,
「Kleissis Chaos」発売記念イベント『池袋サンシャインシティ噴水広場』 ミニライブ&特典会  Kleissis,外部イベント,Kleissis、田中有紀、山田麻莉奈、髙橋麻里、山根綺、元吉有希子、金子有希,2018-09-07 19:00,https://www.eventernote.com/events/170446,,,,
アニサマ OK! ステージ 8月24日 カラオケDAMステージ supported by LIVE DAM STADIUM DAM★ともユーザーカラオケコーナー【第2部】 武石あゆ実,外部イベント,"武石あゆ実、金子有希、Jewel☆Mare(Jewel☆Neige)、水湊いづき(桜井ゆい)、涼掛凛、中川梨来、松田あゆな、倉田かすみ、和田帆乃夏、青山玲奈、Kleissis、Run Girls, Run!、田中有紀、富田美憂、山田麻莉奈、髙橋麻里、山根綺、元吉有希子、林鼓子、厚木那奈美、森嶋優花、aki(出口陽)",2018-08-24 13:00,https://www.eventernote.com/events/171336,,,,
アニサマ OK! ステージ 8月24日 Kleissis（クレイ・シス）ミニライブ＆トークイベント Kleissis,外部イベント,Kleissis、田中有紀、富田美憂、山田麻莉奈、髙橋麻里、山根綺、元吉有希子、金子有希,2018-08-24 10:00,https://www.eventernote.com/events/171290,,,,
Kleissis 2ndシングル『Another Sky Resonance』発売記念リリースイベント ソフマップAKIBA④号店 Kleissis,外部イベント,Kleissis、田中有紀、富田美憂、山田麻莉奈、髙橋麻里、山根綺、元吉有希子、金子有希,2018-11-18 11:30,https://www.eventernote.com/events/181034,,,,
「みて！ みて？Kleissis」公開収録 18/11/18 Kleissis,外部イベント,Kleissis、田中有紀、富田美憂、山田麻莉奈、髙橋麻里、山根綺、元吉有希子、金子有希,2018-11-18 17:30,https://www.eventernote.com/events/182118,,,,
Kleissis 2ndシングル『Another Sky Resonance』発売記念リリースイベント AKIHABARAゲーマーズ本店 Kleissis,外部イベント,Kleissis、田中有紀、山田麻莉奈、髙橋麻里、山根綺、元吉有希子,2018-11-17 11:35,https://www.eventernote.com/events/181119,,,,
Kleissis 2ndシングル『Another Sky Resonance』発売記念リリースイベント とらのあな秋葉原店C 11/17回 Kleissis,外部イベント,Kleissis、田中有紀、山田麻莉奈、髙橋麻里、山根綺、元吉有希子,2018-11-17 16:00,https://www.eventernote.com/events/181064,,,,
Kleissis 2ndシングル『Another Sky Resonance』発売記念リリースイベント サンシャインシティ噴水広場 Kleissis,外部イベント,Kleissis、田中有紀、富田美憂、山田麻莉奈、髙橋麻里、山根綺、元吉有希子、金子有希,2018-11-09 18:30,https://www.eventernote.com/events/178889,,,,
Kleissis Resonance～with elfin'～ Kleissis,外部イベント,Kleissis、田中有紀、富田美憂、山田麻莉奈、髙橋麻里、山根綺、元吉有希子、金子有希、elfin'、辻美優、花房里枝、小倉舞子、厚地彩花,2019-06-15 11:30,https://www.eventernote.com/events/208196,,,,
声優グランプリ Presents 「ライブグランプリ」 アニ☆ゆめproject,外部イベント,アニ☆ゆめproject、Kleissis、NOW ON AIR、田中有紀、富田美憂、髙橋麻里、山根綺、元吉有希子、金子有希、飯野美紗子、岩淵桃音、片平美那、神戸光歩、鈴木陽斗実、井上由貴(アニ☆ゆめ)、蝦名彩香、小倉弥優、小松真奈、水谷麻鈴、村井理沙子、八木侑紀、山田奈都美、pua:re、湯浅かえで,2019-05-04 18:00,https://www.eventernote.com/events/200015,,,,
Kleissis Showcase「Invitation ～from Seven Divas～」 Kleissis,外部イベント,Kleissis、田中有紀、富田美憂、山田麻莉奈、髙橋麻里、山根綺、元吉有希子、金子有希、赤羽根健治、大空直美、狩野英孝,2019-04-06 13:00,https://www.eventernote.com/events/192638,,,,
Kleissis『eschatology／a grand conception “ARCALAST”』発売記念リリースイベント 9/29 Kleissis,外部イベント,Kleissis、田中有紀、山田麻莉奈、髙橋麻里、山根綺、元吉有希子、金子有希,2019-09-29 13:00,https://www.eventernote.com/events/224762,,,,
ようこそ!! ワンガン夏祭り THE ODAIBA 2019 THE ODAIBA MUSIC LIVE 【Kleissis】 Kleissis,外部イベント,Kleissis、田中有紀、富田美憂、山田麻莉奈、髙橋麻里、山根綺、元吉有希子、金子有希,2019-09-01 14:30,https://www.eventernote.com/events/222860,,,,
Kleissis 1st LIVE～volare～ 一部 Kleissis,外部イベント,Kleissis、田中有紀、富田美憂、山田麻莉奈、髙橋麻里、山根綺、元吉有希子、金子有希,2019-07-20 14:00,https://www.eventernote.com/events/203277,,,,
Kleissis 1st LIVE～volare～ 二部 Kleissis,外部イベント,Kleissis、田中有紀、富田美憂、山田麻莉奈、髙橋麻里、山根綺、元吉有希子、金子有希,2019-07-20 17:30,https://www.eventernote.com/events/207385,,,,
Kleissis Resonance～with 温泉むすめ～ 2部 Kleissis,外部イベント,Kleissis、田中有紀、山田麻莉奈、髙橋麻里、元吉有希子、金子有希、澤田美晴、小原莉子、相良茉優、温泉むすめ、山根綺,2019-11-17 17:30,https://www.eventernote.com/events/228108,,,,
『Kleissis LAST LIVE - Fruit of Diva -』2部 Kleissis,外部イベント,Kleissis、田中有紀、富田美憂、山田麻莉奈、髙橋麻里、山根綺、元吉有希子、金子有希,2024-07-14 18:00,https://www.eventernote.com/events/377885,,,,
Kleissis Resonance～with 温泉むすめ～ 1部 Kleissis,外部イベント,Kleissis、田中有紀、山田麻莉奈、髙橋麻里、元吉有希子、金子有希、澤田美晴、小原莉子、相良茉優、温泉むすめ、山根綺,2019-11-17 13:30,https://www.eventernote.com/events/228107,,,,
あみあみチャンネル ニューエイジ ウィンターフェスティバル 市ノ瀬加那,外部イベント,市ノ瀬加那、白城なお、田嶌紗蘭、田中有紀、幸村恵理,2020-12-12 19:00,https://www.eventernote.com/events/265126,,,,
京 Premium Live 2024 DAY2 石原夏織,外部イベント,石原夏織、岡咲美保、田中有紀、佐々木未来、伊藤彩沙、愛美、東山奈央、富田美憂、ペイトン尚未、岬なこ、矢野妃菜喜,2024-12-15 15:00,https://www.eventernote.com/events/384800,,,,
Kleissis Resonance～with 温泉むすめ～ 2部後ポストカードお渡し会 Kleissis,外部イベント,Kleissis、田中有紀、山田麻莉奈、髙橋麻里、元吉有希子、金子有希、山根綺,2019-11-17 20:00,https://www.eventernote.com/events/235219,,,,
第7回アニ玉祭 メインステージ LIVE④ Kleissis（クレイ・シス） Kleissis,外部イベント,Kleissis、田中有紀、富田美憂、山田麻莉奈、髙橋麻里、山根綺、元吉有希子、金子有希,2019-10-14 12:20,https://www.eventernote.com/events/224765,,,,
第30回芝浦工業大学学園祭「大宮祭」前川涼子＆田中有紀 声優トークショーin大宮祭 前川涼子,外部イベント,前川涼子、田中有紀,2026-05-17 14:15,https://www.eventernote.com/events/469312,,,,
第7回アニ玉祭 Kleissis ポストカードお渡し会 Kleissis,外部イベント,Kleissis、田中有紀、山田麻莉奈、髙橋麻里、山根綺、元吉有希子、金子有希,2019-10-14 13:00,https://www.eventernote.com/events/230344,,,,
【出演者変更】『声優グランプリpresents春のメルヘンティーパーティー』夜の部 田中有紀,外部イベント,田中有紀、三川華月、長谷川玲奈,2024-03-10 18:00,https://www.eventernote.com/events/369049,,,,
『Kleissis LAST LIVE - Fruit of Diva -』1部 Kleissis,外部イベント,Kleissis、田中有紀、富田美憂、山田麻莉奈、髙橋麻里、山根綺、元吉有希子、金子有希,2024-07-14 14:30,https://www.eventernote.com/events/377884,,,,
『八巻アンナのアンナことこんなこと』『田嶌紗蘭のスーパーさらんちゃんワールド』コラボイベント 夜の部 八巻アンナ,外部イベント,八巻アンナ、田嶌紗蘭、関根瞳、田中有紀,2022-08-07 18:00,https://www.eventernote.com/events/311745,,,,
やや綺譚 公開生放送 第3部 山根綺,外部イベント,山根綺、田中有紀,2022-01-29 18:30,https://www.eventernote.com/events/294752,,,,
河野ひよりと田中有紀の学祭びよりでゆきましょう！ 河野ひより,外部イベント,河野ひより、田中有紀,2023-11-04 12:30,https://www.eventernote.com/events/357730,,,,
東京ゲームショウ2018 ビジネスデイ2日目 バンダイナムコエンターテインメントブース『荒野のコトブキ飛行隊』アニメ＆ゲーム プロジェクト発表会 鈴代紗弓,外部イベント,鈴代紗弓、幸村恵理、仲谷明香、瀬戸麻沙美、山村響、富田美憂,2018-09-21 11:00,https://www.eventernote.com/events/175722,,,,
TAMASHII NATION 2018 -青の衝撃- 新作TVアニメ『荒野のコトブキ飛行隊』 キャストトークステージ 鈴代紗弓,外部イベント,鈴代紗弓、幸村恵理、仲谷明香、瀬戸麻沙美、山村響、富田美憂,2018-10-28 11:00,https://www.eventernote.com/events/176387,,,,
TVアニメ『荒野のコトブキ飛行隊』完成披露上映会 鈴代紗弓,外部イベント,鈴代紗弓、幸村恵理、仲谷明香、瀬戸麻沙美、山村響、富田美憂,2018-12-12 19:30,https://www.eventernote.com/events/180750,,,,
TVアニメ『荒野のコトブキ飛行隊』先行上映会 in 名古屋 鈴代紗弓,外部イベント,鈴代紗弓、仲谷明香、瀬戸麻沙美、山村響、富田美憂、幸村恵理,2018-12-15 12:00,https://www.eventernote.com/events/180751,,,,
TVアニメ『荒野のコトブキ飛行隊』先行上映会 in 大阪 鈴代紗弓,外部イベント,鈴代紗弓、仲谷明香、瀬戸麻沙美、山村響、富田美憂、幸村恵理,2018-12-15 18:00,https://www.eventernote.com/events/180752,,,,
AnimeJapan 2019 1日目 【ROSE REDステージ】「荒野のコトブキ飛行隊」スペシャルステージ 鈴代紗弓,外部イベント,鈴代紗弓、幸村恵理、本渡楓、白石晴香、七瀬彩夏、石見舞菜香、黒沢ともよ、高野麻里佳,2019-03-23 12:50,https://www.eventernote.com/events/193435,,,,
『荒野のコトブキ飛行隊』最終話先行上映会 鈴代紗弓,外部イベント,鈴代紗弓、幸村恵理、仲谷明香、瀬戸麻沙美、山村響、富田美憂、ZAQ,2019-03-30 18:00,https://www.eventernote.com/events/200163,,,,
『荒野のコトブキ飛行隊』アニメ＆ゲーム1周年記念イベント 立飛のコトブキ航空祭   第1部 鈴代紗弓,外部イベント,鈴代紗弓、幸村恵理、瀬戸麻沙美、山村響、富田美憂、仲谷明香、たっぴくん、たっぴちゃん,2020-02-01 11:00,https://www.eventernote.com/events/239370,,,,
『荒野のコトブキ飛行隊』アニメ＆ゲーム1周年記念イベント 立飛のコトブキ航空祭   荒野のコトブキ歌謡祭2020 鈴代紗弓,外部イベント,鈴代紗弓、幸村恵理、瀬戸麻沙美、山村響、富田美憂、仲谷明香、ZAQ,2020-02-01 18:30,https://www.eventernote.com/events/236302,,,,
ドラマCD「Octave!! Side OVER RUN!! TUNE.2」発売記念イベント 夜の部 峯田茉優,外部イベント,峯田茉優、駒形友梨、幸村恵理、浜崎奈々,2022-02-27 18:00,https://www.eventernote.com/events/297723,,,,
ボイスツーリストクリスマスミッション 昼公演 菅沼千紗,外部イベント,菅沼千紗、芝崎典子、紫月杏朱彩、峯田茉優、幸村恵理,2021-12-25 15:00,https://www.eventernote.com/events/288004,,,,
「あみあみチャンネルニューエイジ」ファイナルイベント 昼の部 田嶌紗蘭,外部イベント,田嶌紗蘭、根本京里、野中深愛、山田美鈴、幸村恵理,2021-11-20 14:00,https://www.eventernote.com/events/288115,,,,
「あみあみチャンネルニューエイジ」ファイナルイベント 夜の部 田嶌紗蘭,外部イベント,田嶌紗蘭、根本京里、野中深愛、山田美鈴、幸村恵理,2021-11-20 18:00,https://www.eventernote.com/events/288117,,,,
FAN!FAM!!FUN!!!Limited!!!! 2部 峯田茉優,外部イベント,峯田茉優、幸村恵理,2021-11-14 18:00,https://www.eventernote.com/events/283266,,,,
FAN!FAM!!FUN!!!Limited!!!! 1部 峯田茉優,外部イベント,峯田茉優、幸村恵理,2021-11-14 14:30,https://www.eventernote.com/events/283265,,,,
『OVER RUN!!番組イベント』 昼の部 峯田茉優,外部イベント,峯田茉優、駒形友梨、幸村恵理、浜崎奈々,2021-07-18 14:00,https://www.eventernote.com/events/278553,,,,
『OVER RUN!!番組イベント』 夜の部 峯田茉優,外部イベント,峯田茉優、駒形友梨、幸村恵理、浜崎奈々,2021-07-18 18:00,https://www.eventernote.com/events/278554,,,,
「河野ひよりのてれかくし 第1回ぴよフェスティバル」[夜の部] 河野ひより,外部イベント,河野ひより、成海瑠奈、幸村恵理,2021-06-19 18:00,https://www.eventernote.com/events/278403,,,,
涼本あきほと幸村恵理の綺麗なバラにはトゲがある1stイベント ｰ 綺麗なバラを見守る会 ｰ −棘の部− 涼本あきほ,外部イベント,涼本あきほ、幸村恵理,2023-01-22 17:00,https://www.eventernote.com/events/326378,,,,
涼本あきほと幸村恵理の綺麗なバラにはトゲがある1stイベント ｰ 綺麗なバラを見守る会 ｰ −花の部− 涼本あきほ,外部イベント,涼本あきほ、幸村恵理,2023-01-22 13:00,https://www.eventernote.com/events/326377,,,,
みんなとすごす！『あみあみ ニューイヤー女子会』初めての現地イベント（中級編！！）《昼の部》 芝崎典子,外部イベント,芝崎典子、丸岡和佳奈、結名美月、幸村恵理,2023-01-09 14:30,https://www.eventernote.com/events/326953,,,,
みんなとすごす！『あみあみ ニューイヤー女子会』初めての現地イベント（中級編！！）《夜の部》 芝崎典子,外部イベント,芝崎典子、丸岡和佳奈、結名美月、幸村恵理,2023-01-09 18:00,https://www.eventernote.com/events/326954,,,,
『丸岡和佳奈・菅沼千紗の和び紗びじゅーおーむじん～秋祭り 2022～』昼の部 丸岡和佳奈,外部イベント,丸岡和佳奈、菅沼千紗、峯田茉優、幸村恵理,2022-11-27 14:00,https://www.eventernote.com/events/318406,,,,
『丸岡和佳奈・菅沼千紗の和び紗びじゅーおーむじん～秋祭り 2022～』夜の部 丸岡和佳奈,外部イベント,丸岡和佳奈、菅沼千紗、峯田茉優、幸村恵理,2022-11-27 18:00,https://www.eventernote.com/events/318407,,,,
幸村恵理のへんぼっけ　夏の幸せ劇場 夜の部 幸村恵理,外部イベント,幸村恵理、峯田茉優,2022-07-31 18:30,https://www.eventernote.com/events/309632,,,,
VOICE TOURIST 星彩の仮装舞台【夜公演】 菅沼千紗,外部イベント,菅沼千紗、芝崎典子、紫月杏朱彩、峯田茉優、幸村恵理,2022-06-26 19:00,https://www.eventernote.com/events/301443,,,,
関根といえば瞳でしょ！生誕祭2022 夜の部 関根瞳,外部イベント,関根瞳、幸村恵理,2022-05-07 17:30,https://www.eventernote.com/events/301996,,,,
ドラマCD「Octave!! Side OVER RUN!! TUNE.2」発売記念イベント 昼の部 峯田茉優,外部イベント,峯田茉優、駒形友梨、幸村恵理、浜崎奈々,2022-02-27 14:00,https://www.eventernote.com/events/297722,,,,
【出演者変更】【振替】ややとみの番組イベント2023 夜の部 山根綺,外部イベント,山根綺、上田瞳、幸村恵理、和泉風花,2024-01-06 17:00,https://www.eventernote.com/events/347834,,,,
幸村恵理のへんぼっけ　秋の幸せ劇場2023 第2部 幸村恵理,外部イベント,幸村恵理、岡咲美保,2023-09-02 18:00,https://www.eventernote.com/events/343227,,,,
幸村恵理のへんぼっけ　春の幸せ劇場2023 第1部 幸村恵理,外部イベント,幸村恵理、結名美月,2023-03-05 15:30,https://www.eventernote.com/events/328288,,,,
舞台『LIAR GAME murder mystery』6月15日(土) 昼公演「爆発廃工場 〜犯人の挑戦状〜」 河野ひより,外部イベント,河野ひより、進藤あまね、立花日菜、安野希世乃、山根綺、幸村恵理、青木たつや(青木竜也),2024-06-15 13:00,https://www.eventernote.com/events/376365,,,,
舞台『LIAR GAME murder mystery』6月15日(土) 夜公演「首切りホテル ～最後の夜宴～」 河野ひより,外部イベント,河野ひより、進藤あまね、立花日菜、安野希世乃、山根綺、幸村恵理、青木たつや(青木竜也),2024-06-15 18:30,https://www.eventernote.com/events/376366,,,,
『結名美月・幸村恵理のふらっと石垣に来てみました!』DLC発売記念イベント 第3部 結名美月,外部イベント,結名美月、幸村恵理,2025-02-02 18:00,https://www.eventernote.com/events/405987,,,,
蒸汽電影都市＜夜公演＞ 菅沼千紗,外部イベント,菅沼千紗、芝崎典子、土屋李央、三川華月、幸村恵理、涼本あきほ,2024-06-09 18:30,https://www.eventernote.com/events/368990,,,,
蒸汽電影都市＜昼公演＞ 菅沼千紗,外部イベント,菅沼千紗、芝崎典子、土屋李央、三川華月、幸村恵理、丸岡和佳奈,2024-06-09 14:00,https://www.eventernote.com/events/368989,,,,
『涼本あきほ・幸村恵理の綺麗なバラにはトゲがある』2ndイベント「綺麗なバラと嗜む会」昼公演ｰ棘の部ｰ 涼本あきほ,外部イベント,涼本あきほ、幸村恵理,2024-06-02 13:30,https://www.eventernote.com/events/375006,,,,
幸村恵理のへんぼっけ　春の幸せ劇場2024　第2部 幸村恵理,外部イベント,幸村恵理、北原沙弥香,2024-04-28 16:30,https://www.eventernote.com/events/369279,,,,
丸岡和佳奈・菅沼千紗の和び紗びじゅーおーむじん～百夏繚乱～ 夜の部 丸岡和佳奈,外部イベント,丸岡和佳奈、菅沼千紗、結名美月、幸村恵理、河野ひより,2024-08-18 17:30,https://www.eventernote.com/events/380801,,,,
丸岡和佳奈・菅沼千紗の和び紗びじゅーおーむじん～百夏繚乱～ 昼の部 丸岡和佳奈,外部イベント,丸岡和佳奈、菅沼千紗、結名美月、幸村恵理、河野ひより,2024-08-18 14:00,https://www.eventernote.com/events/380800,,,,
『結名美月・幸村恵理のふらっと石垣に来てみました!』DLC発売記念イベント 第2部 結名美月,外部イベント,結名美月、幸村恵理,2025-02-02 15:30,https://www.eventernote.com/events/405986,,,,
『結名美月・幸村恵理のふらっと石垣に来てみました!』DLC発売記念イベント 第1部 結名美月,外部イベント,結名美月、幸村恵理,2025-02-02 13:00,https://www.eventernote.com/events/405985,,,,
人狼バトル THE NIGHTMARE PRINCESS 1stバトル【1部】 紫月杏朱彩,外部イベント,紫月杏朱彩、丸岡和佳奈、結名美月、優木かな、幸村恵理,2024-12-08 14:15,https://www.eventernote.com/events/399031,,,,
リーディングシアター『神か、恋か。／アタシだけの好敵手』8月3日 夜の部 丸岡和佳奈,外部イベント,丸岡和佳奈、菅沼千紗、結名美月、幸村恵理、河野ひより,2025-08-03 18:00,https://www.eventernote.com/events/428356,,,,
人狼バトル THE NIGHTMARE PRINCESS 1stバトル【2部】 紫月杏朱彩,外部イベント,紫月杏朱彩、丸岡和佳奈、結名美月、優木かな、幸村恵理,2024-12-08 17:45,https://www.eventernote.com/events/399032,,,,
涼本あきほ･幸村恵理の綺麗なバラにはトゲがある4thイベント-綺麗なバラたちを見守る会- 昼公演ｰ2人の部ｰ 涼本あきほ,外部イベント,涼本あきほ、幸村恵理,2026-07-19 14:00,https://www.eventernote.com/events/479927,,,,
『涼本あきほ・幸村恵理の綺麗なバラにはトゲがある』3rdイベント「綺麗なバラを祭る会」夜公演ｰはなの部ｰ 涼本あきほ,外部イベント,涼本あきほ、幸村恵理,2025-08-17 17:30,https://www.eventernote.com/events/431803,,,,
涼本あきほ･幸村恵理の綺麗なバラにはトゲがある4thイベント-綺麗なバラたちを見守る会- 夜公演ｰ3人の部ｰ 涼本あきほ,外部イベント,涼本あきほ、幸村恵理、峯田茉優,2026-07-19 17:30,https://www.eventernote.com/events/479928,,,,
『涼本あきほ・幸村恵理の綺麗なバラにはトゲがある』3rdイベント「綺麗なバラを祭る会」昼公演ｰトゲの部ｰ 涼本あきほ,外部イベント,涼本あきほ、幸村恵理,2025-08-17 14:00,https://www.eventernote.com/events/431801,,,,
『土屋李央の#サシバナProduced by ボイスガレッジ』 第2部 土屋李央,外部イベント,土屋李央、幸村恵理,2025-06-01 15:30,https://www.eventernote.com/events/427059,,,,
リーディングシアター『神か、恋か。／アタシだけの好敵手』8月3日 昼の部 丸岡和佳奈,外部イベント,丸岡和佳奈、菅沼千紗、結名美月、幸村恵理、河野ひより,2025-08-03 14:00,https://www.eventernote.com/events/428355,,,,
『第2回 涼子の家族会議』～春よ、来い～ 第1部 前川涼子,外部イベント,前川涼子、結名美月、山根綺、北原沙弥香,2023-02-26 14:00,https://www.eventernote.com/events/332513,,,,
"『丸岡和佳奈のゲームでカンパイ♡』""第3回""番組イベント 昼の部 丸岡和佳奈",外部イベント,丸岡和佳奈、北原沙弥香、芝崎典子,2022-09-10 14:00,https://www.eventernote.com/events/315787,,,,
【出演者変更】『八巻アンナのアンナことこんなこと』『田嶌紗蘭のスーパーさらんちゃんワールド』コラボイベント 昼の部 八巻アンナ,外部イベント,八巻アンナ、田嶌紗蘭、北原沙弥香、関根瞳,2022-08-07 14:00,https://www.eventernote.com/events/311744,,,,
関根と言えば「クリパ」でしょ！2021（昼の部） 関根瞳,外部イベント,関根瞳、北原沙弥香、結名美月,2021-12-05 15:00,https://www.eventernote.com/events/290542,,,,
賢プロダクション40周年/スクールデュオ25周年記念公演  朗読劇「VOY! VOY! VOY!」～新たなる光をまとって～ 4/7(日)17:00 葵あずさ,外部イベント,葵あずさ、浅利遼太、江頭宏哉、大熊和奏、柿田よしくに、川田紳司、北原沙弥香、篠原彰宏、菅沼千紗、竹中悠斗、田中光(声優)、益山武明、最上嗣生、野村道子、かないみか、斎賀みつき,2024-04-07 17:00,https://www.eventernote.com/events/369485,,,,
賢プロダクション40周年/スクールデュオ25周年記念公演  朗読劇「VOY! VOY! VOY!」～新たなる光をまとって～ 4/6(土)14:00 葵あずさ,外部イベント,葵あずさ、浅利遼太、江頭宏哉、大熊和奏、柿田よしくに、川田紳司、北原沙弥香、篠原彰宏、菅沼千紗、竹中悠斗、田中光(声優)、益山武明、最上嗣生、野村道子、逢田梨香子、梅田修一朗,2024-04-06 14:00,https://www.eventernote.com/events/369480,,,,
賢プロダクション40周年/スクールデュオ25周年記念公演  朗読劇「VOY! VOY! VOY!」～新たなる光をまとって～ 4/6(土)18:00 葵あずさ,外部イベント,葵あずさ、浅利遼太、江頭宏哉、大熊和奏、柿田よしくに、川田紳司、北原沙弥香、篠原彰宏、菅沼千紗、竹中悠斗、田中光(声優)、益山武明、最上嗣生、野村道子、阿部敦、末柄里恵,2024-04-06 18:00,https://www.eventernote.com/events/369482,,,,
【リアルイベント】これが北原沙弥香の祭典-This is KITAHARA Fes-昼公演 北原沙弥香,外部イベント,北原沙弥香、幸村恵理,2023-05-14 13:00,https://www.eventernote.com/events/342299,,,,
人狼バトル THE NIGHTMARE PRINCESS 2ndバトル 第1部 天野聡美,外部イベント,天野聡美、梅澤めぐ、北原沙弥香、涼本あきほ、永井真里子,2025-01-12 14:15,https://www.eventernote.com/events/400585,,,,
人狼バトル THE NIGHTMARE PRINCESS 2ndバトル 第2部 天野聡美,外部イベント,天野聡美、梅澤めぐ、北原沙弥香、涼本あきほ、永井真里子,2025-01-12 17:45,https://www.eventernote.com/events/400587,,,,
鷲崎健のアコギFUN！クラブ #92 〜鷲崎健バースデーSP〜 鷲崎健,外部イベント,鷲崎健、内田稔、青木佑磨、市川太一(学園祭学園)、北原沙弥香、河野ひより、和久井優,2024-11-15 19:30,https://www.eventernote.com/events/397212,,,,
Maisen Music FES 2024 All My FAVS are in Summer [DAY5] 第1部 野村麻衣子,外部イベント,野村麻衣子、北原沙弥香、紫月杏朱彩、菅沼千紗、八巻アンナ,2024-10-12 14:00,https://www.eventernote.com/events/389306,,,,
KENPROCK Festival 2024 CFプロジェクト レコーディング見学会 1回目 北原沙弥香,外部イベント,北原沙弥香、菅沼千紗、永井真里子、三川華月,2024-09-09 19:00,https://www.eventernote.com/events/384129,,,,
野村麻衣子のMusicJam：Second Session【一部】 野村麻衣子,外部イベント,野村麻衣子、北原沙弥香、三川華月,2026-03-22 15:00,https://www.eventernote.com/events/461170,,,,
AnimeJapan 2018 2日目 TOHO animation’s 5th anniversary Special Stage TOHO animation RECORDS スペシャルライブステージ 大原ゆい子,外部イベント,大原ゆい子、YURiKA、妹S(シスターズ)、田中あいみ、影山灯、白石晴香、古川由利奈、和久井優、金澤まい、今村彩夏、とりぷる♣ふぃーりんぐ、照井春佳、松井恵理子、吉田有里、みかくにんぐッ!,2018-03-25 15:05,https://www.eventernote.com/events/149316,,,,
アニラブ・オールスター2017 桜木信也,外部イベント,桜木信也、松田裕市、吉野瑞穂、嘉陽光、福尾美佳、岩﨑千明、荒井杏子、乃並なの、湊元りょう、後藤沙織、室町鞠奈、和久井優、水間友美、草本夏明、涼本あきほ、峯田茉優、せぞん、桜と松、アクタリウム(姫イド隊)、STAY TUNES！、gacha-cha,2017-12-29 17:00,https://www.eventernote.com/events/138435,,,,
まんがタイムきららフェスタ！2016 夜公演 西明日香,外部イベント,西明日香、田中真奈美、種田梨沙、内山夕実、東山奈央、Rhodanthe*、大久保瑠美、茅野愛衣、山口愛、高田憂希、竹尾歩美、花守ゆみり、安野希世乃、山村響、吉岡茉祐、金澤まい、和久井優、水瀬いのり、小澤亜李、高橋李依、M・A・O(市道真央)、内田真礼、今村彩夏、白石晴香、戸田めぐみ、振り回され隊、とりぷる♣ふぃーりんぐ、Happy Clover(声優ユニット)、学園生活部、fourfolium、長縄まりあ、前川涼子,2016-06-26 18:30,https://www.eventernote.com/events/73276,,,,
まんがタイムきららフェスタ！2016 昼公演 西明日香,外部イベント,西明日香、田中真奈美、種田梨沙、内山夕実、東山奈央、Rhodanthe*、大久保瑠美、茅野愛衣、高田憂希、山口愛、竹尾歩美、花守ゆみり、安野希世乃、山村響、吉岡茉祐、金澤まい、和久井優、M・A・O(市道真央)、水瀬いのり、小澤亜李、高橋李依、内田真礼、今村彩夏、白石晴香、戸田めぐみ、振り回され隊、とりぷる♣ふぃーりんぐ、Happy Clover(声優ユニット)、学園生活部、fourfolium、長縄まりあ、前川涼子,2016-06-26 14:10,https://www.eventernote.com/events/73274,,,,
【 第2回モブ祭り・メイドのお茶会第二章 】合同イベント 夜の部 和久井優,外部イベント,和久井優、土屋李央、山口愛、佐藤舞,2022-09-25 17:30,https://www.eventernote.com/events/314234,,,,
【 第2回モブ祭り・メイドのお茶会第二章 】合同イベント 昼の部 和久井優,外部イベント,和久井優、土屋李央、山口愛、佐藤舞,2022-09-25 13:30,https://www.eventernote.com/events/314233,,,,
"『丸岡和佳奈のゲームでカンパイ♡』""第3回""番組イベント 夜の部 丸岡和佳奈",外部イベント,丸岡和佳奈、前川涼子、和久井優,2022-09-10 18:00,https://www.eventernote.com/events/315788,,,,
「放課後が終わらない！」第1回モブ祭り 昼の部 和久井優,外部イベント,和久井優、土屋李央,2021-09-05 13:30,https://www.eventernote.com/events/281146,,,,
「放課後が終わらない！」第1回モブ祭り 夜の部 和久井優,外部イベント,和久井優、土屋李央,2021-09-05 17:30,https://www.eventernote.com/events/281147,,,,
河野ひよりのてれかくし 第3回ぴよフェスティバル【昼の部】 河野ひより,外部イベント,河野ひより、紫月杏朱彩、和久井優,2023-06-04 14:00,https://www.eventernote.com/events/340758,,,,
丸岡和佳奈さんバースデーイベント！2023《昼の部》 丸岡和佳奈,外部イベント,丸岡和佳奈、山根綺、和久井優,2023-05-14 14:00,https://www.eventernote.com/events/339403,,,,
more CONNECT presents SS学園と転校生の秘密 昼公演 菅沼千紗,外部イベント,菅沼千紗、芝崎典子、峯田茉優、和久井優、河野ひより,2023-04-09 14:00,https://www.eventernote.com/events/332469,,,,
more CONNECT presents SS学園と転校生の秘密 夜公演 菅沼千紗,外部イベント,菅沼千紗、芝崎典子、峯田茉優、和久井優、土屋李央,2023-04-09 19:00,https://www.eventernote.com/events/332470,,,,
山根綺のゆるっと綺譚公開生放送2024 第2部 山根綺,外部イベント,山根綺、和久井優,2024-05-12 15:30,https://www.eventernote.com/events/371663,,,,
「放課後が終わらない！」第3回モブ祭り 昼の部 和久井優,外部イベント,和久井優、土屋李央、安齋由香里,2024-10-27 13:00,https://www.eventernote.com/events/390165,,,,
大阪・関西万博協賛 第66回朝日新聞社杯 競輪祭G1・第2回競輪祭女子王座戦G1 リンカイ！声優による「リンカイ！予想女子王座戦」11月24日② 川村海乃,外部イベント,川村海乃、葵あずさ、山村響、和久井優、東内マリ子,2024-11-24 18:30,https://www.eventernote.com/events/399761,,,,
大阪・関西万博協賛 第66回朝日新聞社杯 競輪祭G1・第2回競輪祭女子王座戦G1 リンカイ！声優による「リンカイ！予想女子王座戦」11月23日① 川村海乃,外部イベント,川村海乃、葵あずさ、山村響、和久井優、東内マリ子,2024-11-23 15:05,https://www.eventernote.com/events/399756,,,,
大阪・関西万博協賛 第66回朝日新聞社杯 競輪祭G1・第2回競輪祭女子王座戦G1 リンカイ！声優による「リンカイ！予想女子王座戦」11月23日② 川村海乃,外部イベント,川村海乃、葵あずさ、山村響、和久井優、東内マリ子,2024-11-23 16:30,https://www.eventernote.com/events/399757,,,,
大阪・関西万博協賛 第66回朝日新聞社杯 競輪祭G1・第2回競輪祭女子王座戦G1 リンカイ！声優による「リンカイ！予想女子王座戦」11月23日③ 川村海乃,外部イベント,川村海乃、葵あずさ、山村響、和久井優、東内マリ子,2024-11-23 18:25,https://www.eventernote.com/events/399758,,,,
「放課後が終わらない！」第3回モブ祭り 夜の部 和久井優,外部イベント,和久井優、土屋李央、三川華月,2024-10-27 18:00,https://www.eventernote.com/events/392703,,,,
大阪・関西万博協賛 第66回朝日新聞社杯 競輪祭G1・第2回競輪祭女子王座戦G1 リンカイ！声優による「リンカイ！予想女子王座戦」11月24日① 川村海乃,外部イベント,川村海乃、葵あずさ、山村響、和久井優、東内マリ子,2024-11-24 15:05,https://www.eventernote.com/events/399760,,,,
アリオ八尾でもオフレコでお願いします！第25回　 夜の部 田嶌紗蘭,外部イベント,田嶌紗蘭、和久井優,2025-04-20 17:30,https://www.eventernote.com/events/420916,,,,
アリオ八尾でもオフレコでお願いします！第25回　 昼の部 田嶌紗蘭,外部イベント,田嶌紗蘭、和久井優,2025-04-20 14:00,https://www.eventernote.com/events/420915,,,,
冬夜の星紋祭 昼公演 河野ひより,外部イベント,河野ひより、涼本あきほ、土屋李央、和久井優,2025-01-19 13:30,https://www.eventernote.com/events/396832,,,,
ワンカラーテーマトークイベント『ひといろ〜Type Green〜』夜の部 芝崎典子,外部イベント,芝崎典子、前川涼子、紫月杏朱彩、結名美月、和久井優,2025-07-05 16:00,https://www.eventernote.com/events/430618,,,,
ワンカラーテーマトークイベント『ひといろ〜Type Green〜』昼の部 芝崎典子,外部イベント,芝崎典子、前川涼子、紫月杏朱彩、結名美月、和久井優,2025-07-05 13:00,https://www.eventernote.com/events/430617,,,,
菅沼千紗BIRTHDAY EVENT2025 2部 菅沼千紗,外部イベント,菅沼千紗、結名美月、和久井優,2025-07-27 18:30,https://www.eventernote.com/events/429124,,,,
冬夜の星紋祭 夜公演 河野ひより,外部イベント,河野ひより、涼本あきほ、土屋李央、和久井優,2025-01-19 18:00,https://www.eventernote.com/events/396833,,,,
アリオ八尾でもオフレコでお願いします！ 夜の部(2026年5月17日) 和久井優,外部イベント,和久井優、田嶌紗蘭、小早川秀樹,2026-05-17 17:30,https://www.eventernote.com/events/463989,,,,
Blu-ray「和久井優の今夜もおばんです in 沖縄」和久井さん&土屋さんリリースイベント 1部 和久井優,外部イベント,和久井優、土屋李央,2025-11-16 10:20,https://www.eventernote.com/events/439398,,,,
アリオ八尾でもオフレコでお願いします！ 昼の部(2026年5月17日) 和久井優,外部イベント,和久井優、田嶌紗蘭、小早川秀樹,2026-05-17 14:00,https://www.eventernote.com/events/463988,,,,
土屋李央のGaming BASE イベント ～第2部～  土屋李央,外部イベント,土屋李央、和久井優,2025-11-22 19:00,https://www.eventernote.com/events/448834,,,,
Blu-ray「和久井優の今夜もおばんです in 沖縄」和久井さん&土屋さんリリースイベント 4部 和久井優,外部イベント,和久井優、土屋李央,2025-11-16 17:00,https://www.eventernote.com/events/439401,,,,
Blu-ray「和久井優の今夜もおばんです in 沖縄」和久井さん&土屋さんリリースイベント 3部 和久井優,外部イベント,和久井優、土屋李央,2025-11-16 14:50,https://www.eventernote.com/events/439400,,,,
土屋李央Official Channel ~ちゃんりおスペースシップ~ 『李央の誓い』 ~エピソードⅤ~ 1部 土屋李央,外部イベント,土屋李央、和久井優,2026-04-12 14:00,https://www.eventernote.com/events/454455,,,,
土屋李央Official Channel ~ちゃんりおスペースシップ~ 『李央の誓い』 ~エピソードⅤ~ 2部 土屋李央,外部イベント,土屋李央、和久井優,2026-04-12 18:00,https://www.eventernote.com/events/463722,,,,
Blu-ray「和久井優の今夜もおばんです in 沖縄」和久井さん&土屋さんリリースイベント 2部 和久井優,外部イベント,和久井優、土屋李央,2025-11-16 12:45,https://www.eventernote.com/events/439399,,,,
土屋李央×和久井優 香港粉絲見面會2026【昼场】 土屋李央,外部イベント,土屋李央、和久井優,2026-03-21 13:00,https://www.eventernote.com/events/462801,,,,
土屋李央×和久井優 香港粉絲見面會2026【夜场】 土屋李央,外部イベント,土屋李央、和久井優,2026-03-21 18:00,https://www.eventernote.com/events/462802,,,,
mitt management presentsVol.1「In to the Blue BOX」～＃事務所推し宣言～【第１部】 安藤千伽奈,外部イベント,安藤千伽奈、黒木美佑、田嶌紗蘭、八巻アンナ、和久井優、吉田仁美,2025-11-15 13:30,https://www.eventernote.com/events/437175,,,,
mitt management presentsVol.1「In to the Blue BOX」～＃事務所推し宣言～【第２部】 安藤千伽奈,外部イベント,安藤千伽奈、黒木美佑、田嶌紗蘭、八巻アンナ、和久井優、吉田仁美,2025-11-15 18:00,https://www.eventernote.com/events/437178,,,,
DERAGAYA! 山根綺 × 和久井優 [第2部]  山根綺,外部イベント,山根綺、和久井優,2026-02-08 17:00,https://www.eventernote.com/events/454612,,,,
DERAGAYA! in 台北 vol.2 2部 山根綺,外部イベント,山根綺、和久井優,2026-06-20 14:00,https://www.eventernote.com/events/477635,,,,
DERAGAYA! 山根綺 × 和久井優 [第1部]  山根綺,外部イベント,山根綺、和久井優,2026-02-08 14:00,https://www.eventernote.com/events/454611,,,,
DERAGAYA! in 台北 vol.2 1部 山根綺,外部イベント,山根綺、和久井優,2026-06-20 11:05,https://www.eventernote.com/events/477632,,,,
声劇和楽団 第6回公演『鳥獣奇譚』【2回目】 近藤玲奈,外部イベント,近藤玲奈、飛鳥凛、中澤まさとも、白倉裕二、満仲由紀子、有沢俊浩、足立優樹、うのちひろ、土屋李央、堀江一眞,2017-07-29 18:00,https://www.eventernote.com/events/117603,,,,
声劇和楽団 第6回公演『鳥獣奇譚』【1回目】 近藤玲奈,外部イベント,近藤玲奈、飛鳥凛、中澤まさとも、白倉裕二、満仲由紀子、有沢俊浩、足立優樹、うのちひろ、土屋李央、堀江一眞,2017-07-29 13:00,https://www.eventernote.com/events/117602,,,,
声劇和楽団 第6回公演『鳥獣奇譚』【3回目】 近藤玲奈,外部イベント,近藤玲奈、飛鳥凛、中澤まさとも、白倉裕二、満仲由紀子、有沢俊浩、足立優樹、うのちひろ、土屋李央、堀江一眞,2017-07-30 12:00,https://www.eventernote.com/events/117604,,,,
声劇和楽団 第6回公演『鳥獣奇譚』【4回目】 近藤玲奈,外部イベント,近藤玲奈、飛鳥凛、中澤まさとも、白倉裕二、満仲由紀子、有沢俊浩、足立優樹、うのちひろ、土屋李央、堀江一眞,2017-07-30 17:00,https://www.eventernote.com/events/117605,,,,
『丸岡和佳奈のゲームでカンパイ♡』 番組イベント2022 今日はみんなとイベントでカンパイ！ 昼の部 丸岡和佳奈,外部イベント,丸岡和佳奈、土屋李央、峯田茉優,2022-01-23 14:00,https://www.eventernote.com/events/295402,,,,
DERAGAYA! 山根綺 × 土屋李央 [第1部] 山根綺,外部イベント,山根綺、土屋李央,2023-02-19 13:00,https://www.eventernote.com/events/326247,,,,
のむこがみなみ DE ぽんぽこぽん 野村香菜子,外部イベント,野村香菜子、古賀葵、南早紀、駒形友梨、礒部花凜、土屋李央,2022-11-06 13:55,https://www.eventernote.com/events/314365,,,,
「友梨・花凜・李央のらじおぽんぽこぽん」テーマソングCD「PO・PO・PON」 テーマソング発売記念イベント 駒形友梨,外部イベント,駒形友梨、礒部花凜、土屋李央,2022-11-06 18:15,https://www.eventernote.com/events/314303,,,,
”いそべかりんのぽかぽかおたんじょう日和 2022“【夕方の部】 礒部花凜,外部イベント,礒部花凜、菅沼千紗、土屋李央,2022-06-04 18:00,https://www.eventernote.com/events/306274,,,,
友梨・花凜・李央のらじおぽんぽこぽんイベント 第1部：フジサキ夏のぽん祭り 駒形友梨,外部イベント,駒形友梨、礒部花凜、土屋李央,2023-09-23 15:30,https://www.eventernote.com/events/346419,,,,
DERAGAYA! 山根綺 × 土屋李央 [第2部] 山根綺,外部イベント,山根綺、土屋李央,2023-02-19 16:00,https://www.eventernote.com/events/326248,,,,
丸岡和佳奈・菅沼千紗の和び紗びじゅーおーむじん～新年会2024～ 昼の部 丸岡和佳奈,外部イベント,丸岡和佳奈、菅沼千紗、土屋李央、岡咲美保,2024-01-13 14:00,https://www.eventernote.com/events/359946,,,,
丸岡和佳奈・菅沼千紗の和び紗びじゅーおーむじん～新年会2024～ 夜の部 丸岡和佳奈,外部イベント,丸岡和佳奈、菅沼千紗、土屋李央、岡咲美保,2024-01-13 17:15,https://www.eventernote.com/events/359947,,,,
［Otona Project-Produce］ 演劇ユニット【爆走おとな小学生】 朗読劇『カラフル』再演 11月16日（木）本番③15:00 小松昌平,外部イベント,小松昌平、土屋李央、深町寿成、やみえん、礒部花凜、正木郁、田中健大、中村裕香里、森永彩斗、花塚廉太郎、鳴海まい、宮沢小春,2023-11-16 15:00,https://www.eventernote.com/events/355858,,,,
［Otona Project-Produce］ 演劇ユニット【爆走おとな小学生】 朗読劇『カラフル』再演 11月16日（木）本番④19:00 小松昌平,外部イベント,小松昌平、土屋李央、深町寿成、やみえん、礒部花凜、正木郁、田中健大、中村裕香里、森永彩斗、花塚廉太郎、鳴海まい、宮沢小春,2023-11-16 19:00,https://www.eventernote.com/events/355859,,,,
早稲田大学 早稲田祭2023「土屋李央と河野ひより 2人の休み時間！」 土屋李央,外部イベント,土屋李央、河野ひより,2023-11-05 15:30,https://www.eventernote.com/events/356651,,,,
友梨・花凜・李央のらじおぽんぽこぽんイベント 第2部：残残残暑の夏祭り～ぽこの名は～ 駒形友梨,外部イベント,駒形友梨、礒部花凜、土屋李央,2023-09-23 18:15,https://www.eventernote.com/events/348282,,,,
山根綺のゆるっと綺譚公開生放送2024 第3部 山根綺,外部イベント,山根綺、土屋李央,2024-05-12 18:30,https://www.eventernote.com/events/371664,,,,
キミに贈る朗読会『春とみどり』4月28日 1部 前田佳織里,外部イベント,前田佳織里、山根綺、土屋李央,2024-04-28 14:30,https://www.eventernote.com/events/368967,,,,
キミに贈る朗読会『春とみどり』4月28日 2部 前田佳織里,外部イベント,前田佳織里、山根綺、土屋李央,2024-04-28 18:30,https://www.eventernote.com/events/368968,,,,
朗読劇「美術室に置き去りにされた天使」本番⑥ 土屋李央,外部イベント,土屋李央、篠崎彩奈、各務華梨、志崎樺音、小坂井祐莉絵、鶴野有紗、藤川茜、田嶌紗蘭、城崎桃華、川原美咲、井上遥乃、春日さくら、立石凛、鈴木杏奈、立沢萌々瑚、三島京華、橘一花、久家心、延松舞佳、倉丸莉子、岡本芽子,2024-03-30 14:00,https://www.eventernote.com/events/370893,,,,
朗読劇「美術室に置き去りにされた天使」本番⑦ 土屋李央,外部イベント,土屋李央、篠崎彩奈、各務華梨、志崎樺音、小坂井祐莉絵、鶴野有紗、藤川茜、田嶌紗蘭、城崎桃華、川原美咲、井上遥乃、春日さくら、立石凛、鈴木杏奈、立沢萌々瑚、三島京華、橘一花、久家心、延松舞佳、倉丸莉子、岡本芽子,2024-03-30 18:00,https://www.eventernote.com/events/370894,,,,
出張版！日曜日はオフレコでお願いします！ in 北海道 夜の部 希水しお,外部イベント,希水しお、菅沼千紗、田嶌紗蘭、土屋李央,2024-08-04 16:30,https://www.eventernote.com/events/381338,,,,
出張版！日曜日はオフレコでお願いします！ in 北海道 昼の部 希水しお,外部イベント,希水しお、菅沼千紗、田嶌紗蘭、土屋李央,2024-08-04 13:00,https://www.eventernote.com/events/381337,,,,
アリオ八尾でもオフレコでお願いします！第16回 昼の部 土屋李央,外部イベント,土屋李央、黒木ほの香、小早川秀樹,2024-06-16 14:00,https://www.eventernote.com/events/372339,,,,
アリオ八尾でもオフレコでお願いします！第16回 夜の部 土屋李央,外部イベント,土屋李央、黒木ほの香、小早川秀樹,2024-06-16 17:30,https://www.eventernote.com/events/377906,,,,
いそべかりんのぽかぽかおたんじょう日和2024 第2部 礒部花凜,外部イベント,礒部花凜、土屋李央、宮平享奈緒(セブンbyセブン),2024-05-26 17:30,https://www.eventernote.com/events/374791,,,,
出張版！日曜日はオフレコでお願いします！ supported by 大阪アニメ・声優＆eスポーツ専門学校（ゲスト：菅沼千紗、土屋李央）夜の部 菅沼千紗,外部イベント,菅沼千紗、土屋李央、小早川秀樹,2025-07-06 17:30,https://www.eventernote.com/events/426015,,,,
土屋李央と田嶌紗蘭がYATTEKURU【第1部】 土屋李央,外部イベント,土屋李央、田嶌紗蘭,2025-12-21 12:00,https://www.eventernote.com/events/442078,,,,
音泉祭り2024  ～アニラジといえば、音泉だね！～ 下野紘,外部イベント,下野紘、松井恵理子、鈴木愛奈、種田梨沙、石見舞菜香、岬なこ、篠原侑、守屋亨香、稲垣好、希水しお、前田佳織里、高野麻里佳、南早紀、礒部花凜、土屋李央、結川あさき、浅野真澄、天津飯大郎、川島零士、檜山修之、鈴代紗弓、和泉風花、林鼓子,2024-09-07 13:20,https://www.eventernote.com/events/377717,,,,
出張版！日曜日はオフレコでお願いします！ supported by 大阪アニメ・声優＆eスポーツ専門学校（ゲスト：菅沼千紗、土屋李央）昼の部 菅沼千紗,外部イベント,菅沼千紗、土屋李央、小早川秀樹,2025-07-06 14:00,https://www.eventernote.com/events/426014,,,,
丸岡和佳奈・菅沼千紗の和び紗びじゅーおーむじん〜春の宴2025〜 夜の部 丸岡和佳奈,外部イベント,丸岡和佳奈、菅沼千紗、三川華月、希水しお、土屋李央,2025-03-16 17:30,https://www.eventernote.com/events/407082,,,,
礒部花凜・土屋李央・林鼓子 トリコロールカラー premier événement アン部 礒部花凜,外部イベント,礒部花凜、土屋李央、林鼓子,2025-09-07 14:00,https://www.eventernote.com/events/432339,,,,
礒部花凜・土屋李央・林鼓子 トリコロールカラー premier événement ドゥ部 礒部花凜,外部イベント,礒部花凜、土屋李央、林鼓子,2025-09-07 18:00,https://www.eventernote.com/events/434092,,,,
ひみつのアイプリ×ワッチャプリマジ！ プリ♡プリライブ 昼の部 藤寺美徳,外部イベント,藤寺美徳、平塚紗依、久保ユリカ、土屋李央、川口莉奈、小林竜之、大森綺星、大地葉、日比優理香、鈴木杏奈、徳井青空、和多田美咲、廣瀬千夏、小池理子、内田彩、引坂理絵、相良茉優、吉河順央、庄司宇芽香、青野紗穂、梶原岳人、田丸篤志,2025-07-13 14:30,https://www.eventernote.com/events/426396,,,,
ひみつのアイプリ×ワッチャプリマジ！ プリ♡プリライブ 夜の部 藤寺美徳,外部イベント,藤寺美徳、平塚紗依、久保ユリカ、土屋李央、川口莉奈、小林竜之、大森綺星、大地葉、日比優理香、鈴木杏奈、徳井青空、和多田美咲、廣瀬千夏、小池理子、内田彩、引坂理絵、相良茉優、吉河順央、庄司宇芽香、青野紗穂、梶原岳人、田丸篤志,2025-07-13 18:30,https://www.eventernote.com/events/426397,,,,
土屋李央と田嶌紗蘭がYATTEKURU【第2部】 土屋李央,外部イベント,土屋李央、田嶌紗蘭,2025-12-21 16:00,https://www.eventernote.com/events/442079,,,,
ひみつのアイプリ×キラッとプリ☆チャン プリ♡プリライブ 昼の部 藤寺美徳,外部イベント,藤寺美徳、平塚紗依、土屋李央、川口莉奈、小林竜之、大森綺星、寺澤百花、大地葉、日比優理香、鈴木杏奈、徳井青空、和多田美咲、林鼓子、久保田未夢、厚木那奈美、芹澤優、若井友希、森嶋優花、茜屋日海夏、佐々木李子、ファイルーズあい、指出毬亜、山下七海、大森日雅、田中美海、斎賀みつき、山村響、山北早紀、澁谷梓希、本泉莉奈、久保ユリカ,2026-01-24 13:30,https://www.eventernote.com/events/444328,,,,
日曜日はオフレコでお願いします！ in 神戸 vol.2 昼の部 土屋李央,外部イベント,土屋李央、前川涼子、三川華月、安齋由香里、小早川秀樹,2026-06-07 14:00,https://www.eventernote.com/events/474489,,,,
ひみつのアイプリ×キラッとプリ☆チャン プリ♡プリライブ 夜の部 藤寺美徳,外部イベント,藤寺美徳、平塚紗依、土屋李央、川口莉奈、小林竜之、大森綺星、寺澤百花、大地葉、日比優理香、鈴木杏奈、徳井青空、和多田美咲、林鼓子、久保田未夢、厚木那奈美、芹澤優、若井友希、森嶋優花、茜屋日海夏、佐々木李子、ファイルーズあい、指出毬亜、山下七海、大森日雅、田中美海、斎賀みつき、山村響、山北早紀、澁谷梓希、本泉莉奈、久保ユリカ,2026-01-24 17:30,https://www.eventernote.com/events/444329,,,,
「映画ひみつのアイプリ まんかいバズリウムライブ！」スペシャルイベント Secret Stage！ 昼の部 藤寺美徳,外部イベント,藤寺美徳、平塚紗依、土屋李央、川口莉奈、小林竜之、大森綺星、寺澤百花、日比優理香、鈴木杏奈、徳井青空、和多田美咲、小川華果、叶矢りか,2026-05-16 14:30,https://www.eventernote.com/events/469735,,,,
川口莉奈の#サシバナProduced by ボイスガレッジ  第1部 川口莉奈,外部イベント,川口莉奈、土屋李央,2026-03-01 12:30,https://www.eventernote.com/events/461319,,,,
「映画ひみつのアイプリ まんかいバズリウムライブ！」スペシャルイベント Secret Stage！ 夜の部 藤寺美徳,外部イベント,藤寺美徳、平塚紗依、土屋李央、川口莉奈、小林竜之、大森綺星、寺澤百花、日比優理香、鈴木杏奈、徳井青空、和多田美咲、小川華果、叶矢りか,2026-05-16 18:30,https://www.eventernote.com/events/469738,,,,
日曜日はオフレコでお願いします！ in 神戸 vol.2 夜の部 土屋李央,外部イベント,土屋李央、前川涼子、三川華月、安齋由香里、小早川秀樹,2026-06-07 17:30,https://www.eventernote.com/events/474490,,,,
丸岡和佳奈・菅沼千紗の和び紗びじゅーおーむじん〜夏の陣2026〜 夜の部 丸岡和佳奈,外部イベント,丸岡和佳奈、菅沼千紗、芝崎典子、土屋李央、岡咲美保、三川華月,2026-06-13 17:30,https://www.eventernote.com/events/474526,,,,
丸岡和佳奈・菅沼千紗の和び紗びじゅーおーむじん〜夏の陣2026〜 昼の部 丸岡和佳奈,外部イベント,丸岡和佳奈、菅沼千紗、芝崎典子、土屋李央、岡咲美保、涼本あきほ,2026-06-13 14:00,https://www.eventernote.com/events/474525,,,,
アンナとサランとアナタと。〜池袋バスツアー〜 八巻アンナ,外部イベント,八巻アンナ、田嶌紗蘭,2020-11-15 10:00,https://www.eventernote.com/events/263916,,,,
チョクメ祭！vol.8（振替公演）第二部 田嶌紗蘭,外部イベント,田嶌紗蘭、佐倉薫、八巻アンナ,2022-04-10 19:15,https://www.eventernote.com/events/305003,,,,
【延期】チョクメ祭！vol.8 第２部 佐倉薫,外部イベント,佐倉薫、八巻アンナ、田嶌紗蘭,2022-03-06 19:15,https://www.eventernote.com/events/299557,,,,
【延期】チョクメ祭！vol.8 第１部 佐倉薫,外部イベント,佐倉薫、八巻アンナ、田嶌紗蘭,2022-03-06 16:30,https://www.eventernote.com/events/299556,,,,
佐倉薫の 絶対Knee！ 勝ち取ります ひざとり秋の陣～第2部～ 佐倉薫,外部イベント,佐倉薫、山口慧、八巻アンナ、田嶌紗蘭,2023-09-30 18:00,https://www.eventernote.com/events/354255,,,,
演劇ユニット【メイホリック】［メイホリックシアター18］朗読劇「美術室に置き去りにされた天使－再演－」4月6日(日) 本番⑨ 佐々木琴子,外部イベント,佐々木琴子、真山りか、内山悠里菜、白城なお、小澤麗那、村田綾香、天音みほ、秋元悠里、茶々原ゆゆ、小島菜々恵、阿部寿世、中澤ミナ、鷹村彩花、八巻アンナ、香坂さき、石飛恵里花、磯貝花音、逢来りん、小日向美香、田嶌紗蘭、岡本芽子,2025-04-06 17:00,https://www.eventernote.com/events/420618,,,,
演劇ユニット【メイホリック】［メイホリックシアター18］朗読劇「美術室に置き去りにされた天使－再演－」4月6日(日) 本番⑧ 佐々木琴子,外部イベント,佐々木琴子、真山りか、内山悠里菜、白城なお、小澤麗那、村田綾香、天音みほ、秋元悠里、茶々原ゆゆ、小島菜々恵、阿部寿世、中澤ミナ、鷹村彩花、八巻アンナ、香坂さき、石飛恵里花、磯貝花音、逢来りん、小日向美香、田嶌紗蘭、岡本芽子,2025-04-06 13:00,https://www.eventernote.com/events/420617,,,,
河野ひよりのホラーミステリークラブ〜血塗られた招待状〜 夜の部 河野ひより,外部イベント,河野ひより、紫月杏朱彩、前川涼子、田嶌紗蘭,2026-03-22 15:30,https://www.eventernote.com/events/463378,,,,
河野ひよりのホラーミステリークラブ〜血塗られた招待状〜 昼の部 河野ひより,外部イベント,河野ひより、紫月杏朱彩、前川涼子、田嶌紗蘭,2026-03-22 12:30,https://www.eventernote.com/events/463377,,,,
"関根といえばイベントでしょ！～2026し""ん""し""ゅ""ん""(新春)～ 第２部 関根瞳",外部イベント,関根瞳、田嶌紗蘭,2026-01-25 17:30,https://www.eventernote.com/events/452542,,,,
岡咲美保 ファンミーティング vol.1 ＜第1部＞ 岡咲美保,外部イベント,岡咲美保、田嶌紗蘭,2025-12-20 13:45,https://www.eventernote.com/events/444697,,,,
声々流転Vol.4 小澤麗那、田嶌紗蘭 香港ファンミーティング 夜の部 小澤麗那,外部イベント,小澤麗那、田嶌紗蘭,2026-08-01 17:00,https://www.eventernote.com/events/481240,,,,
声々流転Vol.4 小澤麗那、田嶌紗蘭 香港ファンミーティング 昼の部 小澤麗那,外部イベント,小澤麗那、田嶌紗蘭,2026-08-01 12:00,https://www.eventernote.com/events/481239,,,,
さらん と あずさ のたのしいクリスマス 2部 田嶌紗蘭,外部イベント,田嶌紗蘭、紫月杏朱彩,2026-12-05 16:30,https://www.eventernote.com/events/484933,,,,
さらん と あずさ のたのしいクリスマス 1部 田嶌紗蘭,外部イベント,田嶌紗蘭、紫月杏朱彩,2026-12-05 13:00,https://www.eventernote.com/events/484932,,,,
【出演者変更】関根といえばクリパでしょ。～な“ぁぁぁぁ祭り2022～ 第１部 関根瞳,外部イベント,関根瞳、岡咲美保,2022-12-04 16:00,https://www.eventernote.com/events/321345,,,,
ワールドダイスター 劇団シリウス主催 合同公演in 豊洲PIT ～Wanna Be A Star～ [マチネ] 石見舞菜香,外部イベント,石見舞菜香、長谷川育美、天城サリー、長縄まりあ、佐々木李子、鳥部万里子、田中美海、岡咲美保、近藤玲奈、葵井歌菜、斉藤朱夏,2023-11-12 14:30,https://www.eventernote.com/events/342092,,,,
ワールドダイスター 劇団シリウス主催 合同公演in 豊洲PIT ～Wanna Be A Star～ [ソワレ] 石見舞菜香,外部イベント,石見舞菜香、長谷川育美、天城サリー、長縄まりあ、佐々木李子、鳥部万里子、田中美海、岡咲美保、近藤玲奈、葵井歌菜、斉藤朱夏,2023-11-12 18:00,https://www.eventernote.com/events/342093,,,,
岡咲美保 ファンミーティング vol.1 ＜第2部＞ 岡咲美保,外部イベント,岡咲美保、前川涼子,2025-12-20 18:15,https://www.eventernote.com/events/444698,,,,
Thanksgiving！～11月生まれ声優生誕祭＆感謝祭～ 夜の部 岡咲美保,外部イベント,岡咲美保、南早紀、峯田茉優、山崎エリイ(Erii),2025-11-02 18:30,https://www.eventernote.com/events/448945,,,,
Thanksgiving！～11月生まれ声優生誕祭＆感謝祭～ 昼の部 岡咲美保,外部イベント,岡咲美保、南早紀、峯田茉優、山崎エリイ(Erii),2025-11-02 15:30,https://www.eventernote.com/events/448944,,,,
涼本あきほ・永井真里子の「しぇあはうしゅ」第2回 るーむめいちゅ ふぇしゅ 夜のしぇ 涼本あきほ,外部イベント,涼本あきほ、永井真里子、岡咲美保,2025-05-11 18:00,https://www.eventernote.com/events/412706,,,,
岡咲美保・関根瞳の24時のシンデレラ 1周年記念イベント 〜我々は！本当に！仲良し！〜 夜の部 岡咲美保,外部イベント,岡咲美保、関根瞳、前川涼子,2026-10-04 17:00,https://www.eventernote.com/events/487062,,,,
岡咲美保・関根瞳の24時のシンデレラ 1周年記念イベント 〜我々は！本当に！仲良し！〜 昼の部 岡咲美保,外部イベント,岡咲美保、関根瞳,2026-10-04 13:00,https://www.eventernote.com/events/482047,,,,
薄井友里・川村玲奈のすーぱーかわちぃ☆ゆりれいしょん レク5〜がくえんちゃい〜 昼の部 薄井友里,外部イベント,薄井友里、川村玲奈、関根瞳、岡咲美保,2026-10-18 14:00,https://www.eventernote.com/events/484392,,,,
薄井友里・川村玲奈のすーぱーかわちぃ☆ゆりれいしょん レク5〜がくえんちゃい〜 夜の部 薄井友里,外部イベント,薄井友里、川村玲奈、関根瞳、岡咲美保,2026-10-18 17:30,https://www.eventernote.com/events/484393,,,,
MYSTERY LIVE THEATER『M.L.T』day1 第１部 伊藤舞音,外部イベント,伊藤舞音、松田彩音、紫月杏朱彩、野木奏、丸岡和佳奈、入江麻衣子,2026-09-06 14:45,https://www.eventernote.com/events/488638,,,,
MYSTERY LIVE THEATER『M.L.T』day1 第２部 伊藤舞音,外部イベント,伊藤舞音、松田彩音、紫月杏朱彩、野木奏、丸岡和佳奈、入江麻衣子,2026-09-06 17:45,https://www.eventernote.com/events/488639,,,,
演劇ユニット【メイホリック】×【Kawaii Party！】メイホリックシアター19 ライブ×リーディング『KAWAII偶像パラドキシカル』7月31日 本番② 佐々木琴子,外部イベント,佐々木琴子、飯塚麻結、小森結梨、中川梨花、原田彩楓、小澤麗那、石原美沙紀、西尾夕香、鈴木杏奈、紫月杏朱彩、花谷麻妃、三島京華、秋山歩、岡本芽子、春川芽生、城崎桃華、宮内桃子、堀内まり菜、八木ましろ,2025-07-31 19:00,https://www.eventernote.com/events/433977,,,,
演劇ユニット【メイホリック】×【Kawaii Party！】メイホリックシアター19 ライブ×リーディング『KAWAII偶像パラドキシカル』7月30日 本番① 佐々木琴子,外部イベント,佐々木琴子、飯塚麻結、本郷柚巴、中川梨花、原田彩楓、各務華梨、石原美沙紀、西尾夕香、鈴木杏奈、紫月杏朱彩、花谷麻妃、三島京華、野木奏、岡本芽子、春川芽生、城崎桃華、月城莉奈、堀内まり菜、八木ましろ,2025-07-30 19:00,https://www.eventernote.com/events/433976,,,,
Kleissis 2ndシングル『Another Sky Resonance』発売記念リリースイベント とらのあな秋葉原店C 11/10回 第1部 Kleissis,外部イベント,Kleissis 富田美憂 山根綺 元吉有希子 金子有希,2018-11-10 12:00,https://www.eventernote.com/events/181061,,,,
Kleissis 2ndシングル『Another Sky Resonance』発売記念リリースイベント とらのあな秋葉原店C 11/10回 第2部 Kleissis,外部イベント,Kleissis 富田美憂 山根綺 元吉有希子 金子有希,2018-11-10 15:00,https://www.eventernote.com/events/181062,,,,
こえずか×温泉むすめ 昼の部 青山吉能,外部イベント,青山吉能 大空直美 豊田萌絵 長江里加 天津飯大郎 温泉むすめ 永野愛理 相良茉優 田中音緒 山根綺 竹尾歩美 長久友紀 成海瑠奈,2019-07-21 13:35,https://www.eventernote.com/events/209587,,,,
こえずか×温泉むすめ 夜の部 青山吉能,外部イベント,青山吉能 大空直美 豊田萌絵 長江里加 天津飯大郎 温泉むすめ 永野愛理 相良茉優 田中音緒 山根綺 竹尾歩美 長久友紀 成海瑠奈,2019-07-21 17:05,https://www.eventernote.com/events/209588,,,,
ウマ娘 プリティーダービー 5th EVENT ARENA TOUR GO BEYOND -GAZE- DAY2 ウマ娘 プリティーダービー(gal’up!),外部イベント,ウマ娘 プリティーダービー(gal’up!) Machico 高柳知葉 前田玲奈 髙橋ミナミ 香坂さき 鈴木絵理 下地紫野 前田佳織里 遠野ひかる 田澤茉純 のぐちゆり 山根綺 花井美春 立花日菜 矢野妃菜喜 鈴代紗弓 白石晴香 篠田みなみ 明坂聡美 上田瞳 篠原侑 大和田仁美 首藤志奈 ファイルーズあい 藤井ゆきよ,2023-09-17 16:00,https://www.eventernote.com/events/346755,,,,
温怪談（あったかいだん）～心温まる怪談～ 5月5日 第1部 山根綺,外部イベント,山根綺 礒部花凜 本渡楓 ぁみ(ありがとう) 天津飯大郎 望月ヒカリ,2024-05-05 16:30,https://www.eventernote.com/events/375654,,,,
【出演者変更】【振替】ややとみの番組イベント2023 昼の部 山根綺,外部イベント,変更】【振替】ややとみの番組イベント2023 昼の部 山根綺 Eventernote イベンターノート 【出演者変更】【振替】ややとみの番組イベント2023 昼の部 山根綺 声優、アイドル、アーティストのイベント・ライブ情報ならイベンターノート 声優/アーティスト情報 イベント情報 会場情報 ログイン 会員登録 TOP > イベント・ライブ情報 > 【出演者変更】【振替】ややとみの番組イベント2023 昼の部 【出演者変更】【振替】ややとみの番組イベント2023 昼の部 イベント詳細 開催日時 2024-01-06 (土) 時間 開場 - 開演 13:30 終演 15:00 ※終演時間はあくまでも目安になります 開催場所 科学技術館サイエンスホール 出演者 山根綺 上田瞳 峯田茉優 和泉風花,2024-01-06 13:30,https://www.eventernote.com/events/347833,,,,
いそべかりんのぽかぽかおたんじょう日和 2023【昼の部】 礒部花凜,外部イベント,礒部花凜 今泉りおな 山根綺 宮平享奈緒(セブンbyセブン),2023-05-20 14:00,https://www.eventernote.com/events/338692,,,,
『丸岡和佳奈のゲームでカンパイ♡』 番組イベント2022 今日はみんなとイベントでカンパイ！ 夜の部 丸岡和佳奈,外部イベント,丸岡和佳奈 涼本あきほ 山根綺,2022-01-23 18:00,https://www.eventernote.com/events/295403,,,,
温怪談（あったかいだん）～心温まる怪談～ 5月5日 第2部 山根綺,外部イベント,山根綺 礒部花凜 本渡楓 ぁみ(ありがとう) 天津飯大郎 望月ヒカリ,2024-05-05 19:30,https://www.eventernote.com/events/375655,,,,
『姫様“拷問”の時間です』秋のファン感謝祭  夜公演 白石晴香,外部イベント,白石晴香 小林親弘 伊藤静 山根綺 永瀬アンナ 井上ほの花 日高里菜,2024-10-27 17:00,https://www.eventernote.com/events/390802,,,,
『丸岡和佳奈・菅沼千紗の和び紗びじゅーおーむじん～初夏の宴～』夜の部 丸岡和佳奈,外部イベント,丸岡和佳奈 菅沼千紗 山根綺 礒部花凜,2022-05-22 18:00,https://www.eventernote.com/events/302011,,,,
『姫様“拷問”の時間です』秋のファン感謝祭 昼公演 白石晴香,外部イベント,白石晴香 小林親弘 伊藤静 山根綺 永瀬アンナ 井上ほの花 日高里菜,2024-10-27 14:00,https://www.eventernote.com/events/390801,,,,
人気女性声優番組が集結！ ボイススター大感謝祭'21 ～声・とどいていますか～ 西明日香,外部イベント,西明日香 天野聡美 奥野香耶 紫月杏朱彩 菅沼千紗 野村麻衣子 南早紀 山崎エリイ(Erii) 山田麻莉奈 山根綺 吉岡茉祐,2021-12-15 19:00,https://www.eventernote.com/events/291258,,,,
やや綺譚 公開生放送 第1部 山根綺,外部イベント,山根綺 河野ひより,2022-01-29 12:30,https://www.eventernote.com/events/294748,,,,
『丸岡和佳奈・菅沼千紗の和び紗びじゅーおーむじん～初夏の宴～』昼の部 丸岡和佳奈,外部イベント,丸岡和佳奈 菅沼千紗 山根綺 礒部花凜,2022-05-22 14:00,https://www.eventernote.com/events/302010,,,,
第2回 峯田茉優と香里有佐はイベントがしたい！ 昼の部 香里有佐,外部イベント,香里有佐・峯田茉優・川口莉奈,2025-06-08 13:30,https://www.eventernote.com/events/422548,,,,
川口莉奈の#サシバナProduced by ボイスガレッジ  第3部 川口莉奈,外部イベント,川口莉奈・河野ひより,2026-03-01 18:30,https://www.eventernote.com/events/461321,,,,
プリティーシリーズ Crossing Live 2025 昼の部 茜屋日海夏,外部イベント,茜屋日海夏・芹澤優・久保田未夢・田中美海・大森日雅・山下七海・伊達朱里紗・大地葉・山田唯菜・厚木那奈美・佐々木李子・廣瀬千夏・内田彩・相良茉優・鈴木杏奈・庄司宇芽香・藤寺美徳・平塚紗依・久保ユリカ・土屋李央・川口莉奈・小林竜之・大森綺星・寺澤百花,2025-11-29 13:05,https://www.eventernote.com/events/437003,,,,
プリティーシリーズ Crossing Live 2025 夜の部 茜屋日海夏,外部イベント,茜屋日海夏・久保田未夢・田中美海・大森日雅・山下七海・伊達朱里紗・大地葉・山田唯菜・厚木那奈美・佐々木李子・廣瀬千夏・内田彩・相良茉優・鈴木杏奈・庄司宇芽香・藤寺美徳・平塚紗依・久保ユリカ・土屋李央・川口莉奈・小林竜之・大森綺星・寺澤百花,2025-11-29 18:00,https://www.eventernote.com/events/437004,,,,
リーディングシアター『神か、恋か。／アタシだけの好敵手』＜再演＞ 昼の部 河野ひより,外部イベント,河野ひより・川口莉奈・関根瞳・前川涼子・菅沼千紗,2026-05-24 14:00,https://www.eventernote.com/events/465365,,,,
リーディングシアター『神か、恋か。／アタシだけの好敵手』＜再演＞ 夜の部 河野ひより,外部イベント,河野ひより・川口莉奈・関根瞳・前川涼子・菅沼千紗,2026-05-24 17:30,https://www.eventernote.com/events/465366,,,,
菅沼千紗と旅するPHOTOBOOK 〜神奈川の魅力に落ちました〜 特別版イベント ３部：旅を振り返る！トークイベント 菅沼千紗,外部イベント,菅沼千紗・三川華月,2023-11-04,https://www.eventernote.com/events/355320,,,,
菅沼千紗と旅するPHOTOBOOK 〜神奈川の魅力に落ちました〜 特別版イベント ２部：菅沼千紗＆三川華月のチェキお渡し会 菅沼千紗,外部イベント,菅沼千紗・三川華月,2023-11-04,https://www.eventernote.com/events/355319,,,,
菅沼千紗と旅するPHOTOBOOK 〜神奈川の魅力に落ちました〜 特別版イベント １部：2Lサイズブロマイドへのサイン会 菅沼千紗,外部イベント,菅沼千紗・三川華月,2023-11-04,https://www.eventernote.com/events/355318,,,,
Maisen Music FES 2024 All My FAVS are in Summer [DAY1] 第2部 野村麻衣子,外部イベント,野村麻衣子・菅沼千紗・三川華月・山崎エリイ(Erii),2024-09-28 18:30,https://www.eventernote.com/events/379982,,,,
永井真里子の真里子ジャパンシリーズ03SP ナイターゲーム 永井真里子,外部イベント,永井真里子・三川華月,2024-09-08 18:00,https://www.eventernote.com/events/389199,,,,
丸岡和佳奈・菅沼千紗の和び紗びじゅーおーむじん〜春の宴2025〜 昼の部 丸岡和佳奈,外部イベント,丸岡和佳奈・菅沼千紗・三川華月・希水しお・河野ひより,2025-03-16 14:00,https://www.eventernote.com/events/407081,,,,
三川華月のはるちゃん食堂二周年記念イベント ＜昼の部＞ 三川華月,外部イベント,三川華月・小澤麗那,2025-11-09 14:00,https://www.eventernote.com/events/441229,,,,
横浜国立大学 25常盤祭 三川華月と菅沼千紗のはるちさえきすぽ！in 横国 三川華月,外部イベント,三川華月・菅沼千紗,2025-11-02 13:00,https://www.eventernote.com/events/443161,,,,
野村麻衣子のMusicJam：Second Session【二部】 野村麻衣子,外部イベント,野村麻衣子・北原沙弥香・三川華月,2026-03-22 19:00,https://www.eventernote.com/events/461171,,,,
I'll be there for you〜よりらじネイバーズVol.1 夜の部 小澤麗那,外部イベント,小澤麗那・三川華月,2025-12-14 18:00,https://www.eventernote.com/events/449801,,,,
演劇ユニット【メイホリック】［メイホリックシアター18］朗読劇「美術室に置き去りにされた天使－再演－」4月4日(金) 本番⑤ 原田彩楓,外部イベント,原田彩楓・真山りか・二ノ宮ゆい(ニノミヤユイ)・白城なお・小澤麗那・日原あゆみ・天音みほ・秋元悠里・茶々原ゆゆ・橘莉衣・阿部寿世・中澤ミナ・飯塚麻結・佐倉薫・鈴木杏奈・紫月杏朱彩・城崎桃華・みゆう(奥野未悠)・相良茉優・華成結・岡本芽子,2025-04-04 19:00,https://www.eventernote.com/events/420614,,,,
演劇ユニット【メイホリック】［メイホリックシアター18］朗読劇「美術室に置き去りにされた天使－再演－」4月4日(金) 本番④(アフタートークショーあり) 原田彩楓,外部イベント,原田彩楓・真山りか・二ノ宮ゆい(ニノミヤユイ)・白城なお・小澤麗那・日原あゆみ・天音みほ・秋元悠里・茶々原ゆゆ・橘莉衣・阿部寿世・中澤ミナ・飯塚麻結・佐倉薫・鈴木杏奈・紫月杏朱彩・城崎桃華・みゆう(奥野未悠)・相良茉優・華成結・岡本芽子,2025-04-04 15:00,https://www.eventernote.com/events/420613,,,,
【出演者追加】村上奈津実・小澤麗那のGamer放送局ファイナルイベント 第1部 村上奈津実,外部イベント,村上奈津実・小澤麗那・指出毬亜,2026-08-22 14:00,https://www.eventernote.com/events/483803,,,,
THE IDOLM@STER 20th ANNIVERSARY NEW YEAR MEETING & DJ PARTY【東京公演】DAY1 仲村宗悟,ブランド合同イベント,仲村宗悟・高塚智人・アイドルマスターSideM・山本希望・アイドルマスターシンデレラガールズ・北原沙弥香・アイドルマスターシャイニーカラーズ・松井洋平・アオワイファイ・DJカエール・八城雄太,2026-01-10 17:00,https://www.eventernote.com/events/453378,,,,
旅マス フィナーレイベント 浅倉杏美,ブランド合同イベント,浅倉杏美・高森奈津美・香里有佐・伊東健人・涼本あきほ・長月あおい・THE IDOLM@STER・アイドルマスターシンデレラガールズ・アイドルマスターミリオンライブ！ミリオンスターズ・アイドルマスターSideM・アイドルマスターシャイニーカラーズ・学園アイドルマスター,2026-03-06 19:00,https://www.eventernote.com/events/450334,,,,
THE IDOLM@STER 20th ANNIVERSARY NEW YEAR MEETING & DJ PARTY【名古屋公演】DAY2 中村繪里子,ブランド合同イベント,中村繪里子・若林直美・THE IDOLM@STER・濱健人・アイドルマスターSideM・小澤麗那・アイドルマスターシャイニーカラーズ・大久保博・DJ UMEKING・松井洋平,2026-01-18 17:00,https://www.eventernote.com/events/453381,,,,
黒木ほの香と土屋李央のTAI GAME!!,外部イベント,黒木ほの香・土屋李央,2025-05-24 18:00,https://www.youtube.com/watch?v=wAWjEOBMBNs,,,,https://www.youtube.com/watch?v=wAWjEOBMBNs
菅沼千紗と結名美月のTAI GAME!!,外部イベント,菅沼千紗・結名美月,2025-07-02 19:00,https://www.youtube.com/watch?v=FhhSsy4kyx4,,,,https://www.youtube.com/watch?v=FhhSsy4kyx4
関根瞳と希水しおのTAI GAME!!,外部イベント,関根瞳・希水しお,2026-03-14 16:30,https://www.youtube.com/watch?v=YPwc6G924Dk,,,,https://www.youtube.com/watch?v=YPwc6G924Dk
結名美月と菅沼千紗のTAI GAME!!,外部イベント,結名美月・菅沼千紗,2026-03-16 19:30,https://www.youtube.com/watch?v=KaQw0YKZ3Fg,,,,https://www.youtube.com/watch?v=KaQw0YKZ3Fg
黒木ほの香のボイスガレッジ麻雀～初級編～オンラインイベント,外部イベント,黒木ほの香・前川涼子・芝崎典子・結名美月,2022-07-17 13:30,https://imas-db.jp/bangumi/title/737/program,,,,
黒木ほの香のボイスガレッジ麻雀～初級編2～オンラインイベント,外部イベント,黒木ほの香・前川涼子・芝崎典子・丸岡和佳奈,2022-12-03 15:00,https://imas-db.jp/bangumi/title/737/program,,,,
黒木ほの香のボイスガレッジ麻雀～初級編3～オンラインイベント,外部イベント,黒木ほの香・芝崎典子・結名美月・菅沼千紗,2023-04-16 15:00,https://twfan.net/user/1594923905029853185/new/1,,,,
黒木ほの香のボイスガレッジ麻雀～初級編4～オンラインイベント,外部イベント,黒木ほの香・前川涼子・関根瞳・峯田茉優,2023-09-03 15:00,https://imas-db.jp/bangumi/title/737/program,,,,
黒木ほの香のボイスガレッジ麻雀～初級編5～オンラインイベント,外部イベント,黒木ほの香・涼本あきほ・峯田茉優・結名美月,2024-01-07 14:30,https://imas-db.jp/bangumi/title/737/program,,,,
黒木ほの香のボイスガレッジ麻雀～初級編6～オンラインイベント,外部イベント,黒木ほの香・前川涼子・菅沼千紗・幸村恵理,2024-05-25 14:30,https://imas-db.jp/bangumi/title/737/program,,,,
黒木ほの香のボイスガレッジ麻雀～初級編7～オンラインイベント,外部イベント,黒木ほの香・芝崎典子・涼本あきほ・関根瞳,2024-09-15 15:00,https://ch.nicovideo.jp/voicegarage/blomaga/ar2202234,,,,
黒木ほの香のボイスガレッジ麻雀～初級編9～オンラインイベント,外部イベント,黒木ほの香・紫月杏朱彩・希水しお・涼本あきほ,2025-04-27 15:00,https://live.nicovideo.jp/watch/lv347264728,,,,
黒木ほの香のボイスガレッジ麻雀～初級編10～オンラインイベント,外部イベント,黒木ほの香・紫月杏朱彩・田嶌紗蘭・和久井優,2025-09-07 15:00,https://mittma.com/news/%E3%80%8E%E9%BB%92%E6%9C%A8%E3%81%BB%E3%81%AE%E9%A6%99%E3%81%AE%E3%83%9C%E3%82%A4%E3%82%B9%E3%82%AC%E3%83%AC%E3%83%83%E3%82%B8%E9%BA%BB%E9%9B%80%E3%80%9C%E5%88%9D%E7%B4%9A%E7%B7%A810%E3%80%9C%E3%82%AA/,,,,
黒木ほの香のボイスガレッジ麻雀11,外部イベント,黒木ほの香・前川涼子・芝崎典子・土屋李央,2026-01-10 15:00,https://imas-db.jp/bangumi/title/737/program,,,,
黒木ほの香のボイスガレッジ麻雀12,外部イベント,黒木ほの香・紫月杏朱彩・涼本あきほ・田嶌紗蘭,2026-05-23 15:00,https://voicegarage.zaiko.io/ja/e/0523vmh,,,,
トモカラ!!! 第22回,外部イベント,関根瞳・菅沼千紗・丸岡和佳奈,2020-05-25 19:00,https://live.nicovideo.jp/watch/lv325652372,,,,
トモカラ!!! 第19回,外部イベント,会沢紗弥・成海瑠奈・涼本あきほ,2020-02-24 19:00,https://live.nicovideo.jp/watch/lv324175529,,,,
トモカラ!!! 第25回,外部イベント,芝崎典子・八巻アンナ・田嶌紗蘭,2020-12-05 20:00,https://live.nicovideo.jp/watch/lv329133914,,,,
トモカラ!!! 第31回,外部イベント,河野ひより・田中有紀・北原沙弥香,2021-06-20 19:00,https://live.nicovideo.jp/watch/lv332248936,,,,
トモカラ!!! 第32回,外部イベント,峯田茉優・八巻アンナ・他,2021-08-26 20:00,https://live.nicovideo.jp/watch/lv333216760,,,,
トモカラ!!! -Premium- カラオケパート,外部イベント,紫月杏朱彩・菅沼千紗・芝崎典子,2026-02-22 14:00,https://voicegarage.zaiko.io/buy/1Amk:MlB:1322d:0222,,,,
トモカラ!!! -Premium- パーティーパート,外部イベント,紫月杏朱彩・菅沼千紗・芝崎典子,2026-02-22 17:30,https://voicegarage.zaiko.io/buy/1Amk:MlC:87275:0222,,,,
今井麻美のニコニコSSG #129,外部イベント,今井麻美・峯田茉優,2021-02-02 20:00,https://imas-db.jp/bangumi/title/223/program,,,,
今井麻美のニコニコSSG #167,外部イベント,今井麻美・田嶌紗蘭,2022-08-30 20:00,https://imas-db.jp/bangumi/title/223/program,,,,
今井麻美のニコニコSSG 特番 アイドルマスター シャイニーカラーズ,外部イベント,今井麻美・八巻アンナ・菅沼千紗,2023-04-22 19:00,https://live.nicovideo.jp/watch/lv340926899,,,,https://www.youtube.com/watch?v=ArnBCh0a9jA
今井麻美のニコニコSSG #189,外部イベント,今井麻美・峯田茉優,2023-07-18 20:00,https://imas-db.jp/bangumi/title/223/program,,,,
今井麻美のニコニコSSG シャニマス特番,外部イベント,今井麻美・小澤麗那・三川華月,2024-05-04 19:00,https://www.famitsu.com/article/202405/4300,,,,https://www.youtube.com/watch?v=aUKkspJ_bgk
今井麻美のニコニコSSG #243,外部イベント,今井麻美・峯田茉優・香里有佐,2025-09-08 19:00,https://imas-db.jp/bangumi/title/223/program,,,,
カワボパジャマパーティー,外部イベント,上坂すみれ・黒木ほの香・芹澤優・前川涼子,2025-12-14 20:35,https://www.youtube.com/watch?v=_Y7VMN0fmO4,,,,https://www.youtube.com/watch?v=_Y7VMN0fmO4
HAIKYO FESTIVAL DAY2,外部イベント,梅澤めぐ・菅叶和・小森結梨・咲々木瞳・紫月杏朱彩・鈴木絵理・田澤茉純・花岩香奈・星谷美緒・湊みや・宮下早紀・守屋亨香・直田姫奈・髙橋ミナミ・月城日花・山村響・小早川秀樹,2025-08-10 15:30,https://www.eventernote.com/events/428817,,,,
シャニマス生配信 ～8月も意外と暑い～ズSP～,,峯田茉優;前川涼子;高山祐介,2026/08/25 19:00,,,,,
