アイドル	作品	P/S	レア度	カード名	入手	実装日
シャニマスリリース	シャニマス					2018/04/24
櫻木真乃	シャニマス	W.I.N.G編				2018/04/24
風野灯織	シャニマス	W.I.N.G編				2018/04/24
八宮めぐる	シャニマス	W.I.N.G編				2018/04/24
月岡恋鐘	シャニマス	W.I.N.G編				2018/04/24
田中摩美々	シャニマス	W.I.N.G編				2018/04/24
白瀬咲耶	シャニマス	W.I.N.G編				2018/04/24
三峰結華	シャニマス	W.I.N.G編				2018/04/24
幽谷霧子	シャニマス	W.I.N.G編				2018/04/24
小宮果穂	シャニマス	W.I.N.G編				2018/04/24
園田智代子	シャニマス	W.I.N.G編				2018/04/24
西城樹里	シャニマス	W.I.N.G編				2018/04/24
杜野凛世	シャニマス	W.I.N.G編				2018/04/24
有栖川夏葉	シャニマス	W.I.N.G編				2018/04/24
大崎甘奈	シャニマス	W.I.N.G編				2018/04/24
大崎甜花	シャニマス	W.I.N.G編				2018/04/24
桑山千雪	シャニマス	W.I.N.G編				2018/04/24
田中摩美々	シャニマス	S	N	アイドルのたまご	開始時所持	2018/04/24
白瀬咲耶	シャニマス	S	N	アイドルのたまご	開始時所持	2018/04/24
有栖川夏葉	シャニマス	S	N	アイドルのたまご	開始時所持	2018/04/24
大崎甜花	シャニマス	S	N	アイドルのたまご	開始時所持	2018/04/24
櫻木真乃	シャニマス	P	R	白いツバサ	恒常	2018/04/24
櫻木真乃	シャニマス	S	R	283プロのヒナ	恒常	2018/04/24
風野灯織	シャニマス	P	R	白いツバサ	恒常	2018/04/24
風野灯織	シャニマス	S	R	283プロのヒナ	恒常	2018/04/24
八宮めぐる	シャニマス	P	R	白いツバサ	恒常	2018/04/24
八宮めぐる	シャニマス	S	R	283プロのヒナ	恒常	2018/04/24
月岡恋鐘	シャニマス	P	R	白いツバサ	恒常	2018/04/24
月岡恋鐘	シャニマス	S	R	283プロのヒナ	恒常	2018/04/24
田中摩美々	シャニマス	P	R	白いツバサ	恒常	2018/04/24
田中摩美々	シャニマス	S	R	283プロのヒナ	恒常	2018/04/24
白瀬咲耶	シャニマス	P	R	白いツバサ	恒常	2018/04/24
白瀬咲耶	シャニマス	S	R	283プロのヒナ	恒常	2018/04/24
三峰結華	シャニマス	P	R	白いツバサ	恒常	2018/04/24
三峰結華	シャニマス	S	R	283プロのヒナ	恒常	2018/04/24
幽谷霧子	シャニマス	P	R	白いツバサ	恒常	2018/04/24
幽谷霧子	シャニマス	S	R	283プロのヒナ	恒常	2018/04/24
小宮果穂	シャニマス	P	R	白いツバサ	恒常	2018/04/24
小宮果穂	シャニマス	S	R	283プロのヒナ	恒常	2018/04/24
園田智代子	シャニマス	P	R	白いツバサ	恒常	2018/04/24
園田智代子	シャニマス	S	R	283プロのヒナ	恒常	2018/04/24
西城樹里	シャニマス	P	R	白いツバサ	恒常	2018/04/24
西城樹里	シャニマス	S	R	283プロのヒナ	恒常	2018/04/24
杜野凛世	シャニマス	P	R	白いツバサ	恒常	2018/04/24
杜野凛世	シャニマス	S	R	283プロのヒナ	恒常	2018/04/24
有栖川夏葉	シャニマス	P	R	白いツバサ	恒常	2018/04/24
有栖川夏葉	シャニマス	S	R	283プロのヒナ	恒常	2018/04/24
大崎甘奈	シャニマス	P	R	白いツバサ	恒常	2018/04/24
大崎甘奈	シャニマス	S	R	283プロのヒナ	恒常	2018/04/24
大崎甜花	シャニマス	P	R	白いツバサ	恒常	2018/04/24
大崎甜花	シャニマス	S	R	283プロのヒナ	恒常	2018/04/24
桑山千雪	シャニマス	P	R	白いツバサ	恒常	2018/04/24
桑山千雪	シャニマス	S	R	283プロのヒナ	恒常	2018/04/24
杜野凛世	シャニマス	P	SR	凛凛、凛世	招待	2018/04/24
櫻木真乃	シャニマス	S	SR	天然色ピクニック	恒常	2018/04/24
風野灯織	シャニマス	S	SR	克服の特訓	恒常	2018/04/24
八宮めぐる	シャニマス	S	SR	友情の花吹雪	恒常	2018/04/24
月岡恋鐘	シャニマス	P	SR	ばってん長崎恋岬	恒常	2018/04/24
田中摩美々	シャニマス	P	SR	裏腹あまのじゃく	恒常	2018/04/24
田中摩美々	シャニマス	S	SR	カラフルポップMIX	恒常	2018/04/24
白瀬咲耶	シャニマス	P	SR	秘めやかファンサービス	恒常	2018/04/24
三峰結華	シャニマス	P	SR	カラフルメタモルフォーゼ	恒常	2018/04/24
幽谷霧子	シャニマス	P	SR	包・帯・組・曲	恒常	2018/04/24
幽谷霧子	シャニマス	S	SR	綿毛ノ想	恒常	2018/04/24
小宮果穂	シャニマス	P	SR	マメ丸と一緒！	恒常	2018/04/24
園田智代子	シャニマス	P	SR	純真チョコレート	恒常	2018/04/24
園田智代子	シャニマス	S	SR	迷走チョコロード	恒常	2018/04/24
西城樹里	シャニマス	P	SR	バッドガールの羽ばたき	恒常	2018/04/24
西城樹里	シャニマス	S	SR	意地っ張りサンセット	恒常	2018/04/24
杜野凛世	シャニマス	P	SR	想ひいろは	恒常	2018/04/24
有栖川夏葉	シャニマス	P	SR	ストイックトレーニング	恒常	2018/04/24
大崎甘奈	シャニマス	P	SR	似合うかな？	恒常	2018/04/24
大崎甘奈	シャニマス	S	SR	秘密のがんばり	恒常	2018/04/24
大崎甜花	シャニマス	P	SR	秘密のだらだらタイム	恒常	2018/04/24
桑山千雪	シャニマス	P	SR	マイフェイバリット	恒常	2018/04/24
櫻木真乃	シャニマス	P	SSR	ほわっとスマイル	恒常	2018/04/24
風野灯織	シャニマス	P	SSR	柔らかな微笑み	恒常	2018/04/24
八宮めぐる	シャニマス	P	SSR	金色の元気いっぱいガール	恒常	2018/04/24
月岡恋鐘	シャニマス	S	SSR	ふっふ～ん、ふふ～ん♪	恒常	2018/04/24
白瀬咲耶	シャニマス	S	SSR	指先の煌めき	恒常	2018/04/24
三峰結華	シャニマス	S	SSR	等身大のレイニーデイ	恒常	2018/04/24
小宮果穂	シャニマス	S	SSR	ヒーローインザパーク	恒常	2018/04/24
杜野凛世	シャニマス	S	SSR	ふれんど日和	恒常	2018/04/24
有栖川夏葉	シャニマス	S	SSR	熱血指導！	恒常	2018/04/24
大崎甜花	シャニマス	S	SSR	彩りファッションドール	恒常	2018/04/24
桑山千雪	シャニマス	S	SSR	先生のお時間	恒常	2018/04/24
イルミネーションスターズ	シャニマス	Light up the illumination				2018/04/26
櫻木真乃	シャニマス	S	SSR	トリプルイルミネーション	イベント	2018/04/26
八宮めぐる	シャニマス	S	SR	友達という灯り	イベント	2018/04/26
風野灯織	シャニマス	P	SR	手作りの心遣い	恒常	2018/04/26
幽谷霧子	シャニマス	P	SR	伝・伝・心・音	恒常	2018/04/30
月岡恋鐘	シャニマス	P	SSR	ばりうまかブルース	恒常	2018/04/30
白瀬咲耶	シャニマス	S	SSR	街角フラワーガーデン	恒常	2018/04/30
アンティーカ	シャニマス	廻る歯車、運命の瞬間				2018/05/04
田中摩美々	シャニマス	S	SSR	ゴシックデコレーション	イベント	2018/05/04
三峰結華	シャニマス	S	SR	輪になって	イベント	2018/05/04
八宮めぐる	シャニマス	S	SSR	スタァライトショウタイム	恒常	2018/05/10
櫻木真乃	シャニマス	P	SR	ナチュラルモード	イベント	2018/05/21
田中摩美々	シャニマス	S	SR	アーリー・ナチュラリィ	イベント	2018/05/21
桑山千雪	シャニマス	S	SR	ブルーミングハート	イベント	2018/05/21
大崎甘奈	シャニマス	P	SSR	スタンバイオッケー	恒常	2018/05/21
大崎甜花	シャニマス	S	SSR	身支度はお任せ☆	恒常	2018/05/21
放課後クライマックスガールズ	シャニマス	五色 爆発！合宿 クライマックス！				2018/05/31
有栖川夏葉	シャニマス	S	SSR	遊びも本気で	イベント	2018/05/31
杜野凛世	シャニマス	S	SR	百色ふぉとぐらふ	イベント	2018/05/31
西城樹里	シャニマス	P	SR	オフデーゲーム	恒常	2018/05/31
小宮果穂	シャニマス	P	SSR	第2形態アーマードタイプ	恒常	2018/05/31
園田智代子	シャニマス	S	SSR	放課後★肝試しパニック	恒常	2018/05/31
三峰結華	シャニマス	P	SR	雨色、上機嫌	恒常	2018/06/11
田中摩美々	シャニマス	P	SR	夕つ方まみみチック	イベント	2018/06/20
白瀬咲耶	シャニマス	S	SR	雲間のモーメント	イベント	2018/06/20
園田智代子	シャニマス	S	SSR	桜餅マスター……？	恒常	2018/06/20
アルストロメリア	シャニマス	満開、アルストロメリア流幸福論─つなぐ・まごころ・みっつ─				2018/06/30
大崎甘奈	シャニマス	S	SSR	幸せのりんご飴	イベント	2018/06/30
大崎甜花	シャニマス	S	SR	アイ・セーブ・ユー	イベント	2018/06/30
桑山千雪	シャニマス	P	SR	一夏一刻物語	恒常	2018/06/30
櫻木真乃	シャニマス	S	SSR	お揃いスナップ	恒常	2018/06/30
大崎甜花	シャニマス	P	SSR	事務所。静寂。大輪の華	恒常	2018/06/30
杜野凛世	シャニマス	P	SR	微熱風鈴	恒常	2018/07/11
幽谷霧子	シャニマス	S	SR	娘・娘・金・魚	恒常	2018/07/20
園田智代子	シャニマス	P	SR	よろしく♡めしませっ	イベント	2018/07/20
有栖川夏葉	シャニマス	P	SSR	アルティメットマーメイド	恒常	2018/07/20
越境イベント	シャニマス	夏は短し海でしょ！乙女たち～お待ち遠サマ★ごちそうSUMMER!!～				2018/07/31
小宮果穂	シャニマス	S	SSR	鉄板★絶品★海の家	イベント	2018/07/31
大崎甘奈	シャニマス	S	SR	光の想い出	イベント	2018/07/31
月岡恋鐘	シャニマス	P	SR	ビ～♡バップ海岸	恒常	2018/07/31
白瀬咲耶	シャニマス	P	SSR	紺碧のボーダーライン	恒常	2018/07/31
西城樹里	シャニマス	S	SSR	未知なるFROZEN	恒常	2018/07/31
櫻木真乃	シャニマス	S	SSR	スプラッシュビート	キャンペーン	2018/07/31
風野灯織	シャニマス	S	SR	遊び疲れて……	恒常	2018/08/10
八宮めぐる	シャニマス	P	SSR	夏に恋するピチカート！	限定	2018/08/10
三峰結華	シャニマス	S	SR	メロウビート・スローダウン	恒常	2018/08/20
大崎甜花	シャニマス	P	SR	シンメトリー・プールサイド	イベント	2018/08/20
西城樹里	シャニマス	P	SSR	ラムネ色の覚悟	恒常	2018/08/20
風野灯織	シャニマス	S	SSR	みんなと結んだもの	恒常	2018/08/31
田中摩美々	シャニマス	P	SSR	トリッキーナイト	恒常	2018/08/31
有栖川夏葉	シャニマス	S	SR	虹待ちレインドロップ	恒常	2018/09/20
八宮めぐる	シャニマス	P	SR	キネマ・リリックで夢見て	イベント	2018/09/20
桑山千雪	シャニマス	P	SSR	マイ・ピュア・ロマンス	恒常	2018/09/20
越境イベント	シャニマス	真夜中発、ハロウィンワールドの旅人				2018/09/30
八宮めぐる	シャニマス	S	SSR	キャプテン★パンプキン	イベント	2018/09/30
白瀬咲耶	シャニマス	S	SR	マジカル＊スカイレース	イベント	2018/09/30
櫻木真乃	シャニマス	P	SR	ぐうぜんBOOKS	恒常	2018/09/30
三峰結華	シャニマス	P	SSR	お試し／みつゴコロ	恒常	2018/09/30
幽谷霧子	シャニマス	S	SSR	霧・霧・奇・譚	恒常	2018/09/30
大崎甘奈	シャニマス	P	SR	甜花ちゃんといっしょ☆	恒常	2018/10/10
月岡恋鐘	シャニマス	S	SSR	これ、なんの話～？	恒常	2018/10/10
風野灯織	シャニマス	S	SR	魔法の階段を上って……	恒常	2018/10/19
小宮果穂	シャニマス	P	SR	デコって！ハッピークッキー	イベント	2018/10/19
杜野凛世	シャニマス	P	SSR	杜野凛世の印象派	恒常	2018/10/19
有栖川夏葉	シャニマス	P	SR	カトレアの花言葉	イベント	2018/10/31
園田智代子	シャニマス	P	SSR	ちょこ色×きらきらロマン	恒常	2018/10/31
大崎甘奈	シャニマス	S	SSR	まだ……寝ないから……	恒常	2018/10/31
有栖川夏葉	シャニマス	S	SSR	#ナッツ・チョコジェリー	恒常	2018/11/09
西城樹里	シャニマス	S	SR	3名様極楽旅行記	恒常	2018/11/19
白瀬咲耶	シャニマス	P	SR	ふれあい、おもいあい	イベント	2018/11/19
幽谷霧子	シャニマス	P	SSR	霧・音・燦・燦	恒常	2018/11/19
大崎甜花	シャニマス	P	SR	氷上バンビーナ	恒常	2018/11/30
杜野凛世	シャニマス	P	SR	ふらここのうた	イベント	2018/11/30
風野灯織	シャニマス	P	SSR	淡雪の戯れ	恒常	2018/11/30
田中摩美々	シャニマス	S	SSR	闇鍋上等	恒常	2018/11/30
越境イベント	シャニマス	オペレーション・サンタ！～包囲せよ２８３プロ～				2018/12/14
櫻木真乃	シャニマス	S	SSR	はじまりのエピローグ	イベント	2018/12/14
月岡恋鐘	シャニマス	S	SR	やけん、なんの話～！？	イベント	2018/12/14
西城樹里	シャニマス	P	SSR	とびっきりジンジャー	限定	2018/12/14
桑山千雪	シャニマス	S	SSR	永遠のCarol	限定	2018/12/14
櫻木真乃	シャニマス	S	SSR	冬街イルミネート	キャンペーン	2018/12/14
八宮めぐる	シャニマス	P	SR	小さな夜のトロイメライ	恒常	2018/12/21
小宮果穂	シャニマス	S	SR	放課後スノーガールズ！	恒常	2018/12/21
大崎甘奈	シャニマス	P	SSR	ゆらゆらアクアリウム	恒常	2018/12/21
風野灯織	シャニマス	P	SR	マフラー直して、心は解けて	イベント	2018/12/26
越境イベント	シャニマス	新春！２８３式かるた大全				2019/01/01
幽谷霧子	シャニマス	S	SSR	娘・娘・謹・賀	イベント	2019/01/01
有栖川夏葉	シャニマス	S	SR	紅いろは、白	イベント	2019/01/01
櫻木真乃	シャニマス	P	SR	しじまに華ひととき	限定	2019/01/01
月岡恋鐘	シャニマス	P	SSR	月の浜辺で待っとって	限定	2019/01/01
大崎甜花	シャニマス	S	SSR	かしまし、みっつの願いごと	限定	2019/01/01
田中摩美々	シャニマス	P	SR	そのまみみ無気力につき	恒常	2019/01/11
三峰結華	シャニマス	S	SSR	ハロー、私の「いつも通り」	恒常	2019/01/11
白瀬咲耶	シャニマス	S	SR	咲耶と摩美々のぶらり旅	恒常	2019/01/21
桑山千雪	シャニマス	P	SR	よそゆき顔のセレナーデ	イベント	2019/01/21
小宮果穂	シャニマス	P	SSR	新装備・バブルバスター！	恒常	2019/01/21
イルミネーションスターズ	シャニマス	Catch the shiny tail				2019/01/31
風野灯織	シャニマス	S	SSR	風野署長の一日勤務回想録	イベント	2019/01/31
八宮めぐる	シャニマス	S	SR	アイムカミングスーン	イベント	2019/01/31
大崎甜花	シャニマス	P	SR	お日様染めのマリーナ	恒常	2019/01/31
大崎甘奈	シャニマス	S	SSR	お菓子なティータイム	恒常	2019/01/31
櫻木真乃	シャニマス	P	SSR	ハ♡トフェルトゥギフト	限定	2019/01/31
園田智代子	シャニマス	P	SSR	あそ→と♡ちよこれいと	恒常	2019/02/08
西城樹里	シャニマス	P	SR	STARTRAIN	イベント	2019/02/18
杜野凛世	シャニマス	S	SSR	凛世夕町物語	恒常	2019/02/18
有栖川夏葉	シャニマス	P	SSR	メイドインナツハ	恒常	2019/02/18
アンティーカ	シャニマス	MAGIA L'Antica～アンティーカの5つの魔法～				2019/02/28
月岡恋鐘	シャニマス	S	SSR	SIDE：K	イベント	2019/02/28
三峰結華	シャニマス	S	SR	SIDE：Y	イベント	2019/02/28
幽谷霧子	シャニマス	P	SR	白・白・白・祈	恒常	2019/02/28
田中摩美々	シャニマス	S	SSR	夜夜中ワンダーラスト	恒常	2019/02/28
白瀬咲耶	シャニマス	P	SSR	1/60・NaturalHeart	限定	2019/02/28
三峰結華	シャニマス	P	SR	お願い、ただの少女がいい	イベント	2019/03/12
桑山千雪	シャニマス	P	SSR	シークレット・ヒロイン	恒常	2019/03/12
越境イベント	シャニマス	PiCNiC BASKET!				2019/03/22
桑山千雪	シャニマス	S	SSR	トキ・メキ・タコさん	イベント	2019/03/22
小宮果穂	シャニマス	S	SR	無敵の証！五紋章！	イベント	2019/03/22
大崎甜花	シャニマス	S	SR	楽園に背く	恒常	2019/03/22
杜野凛世	シャニマス	P	SSR	凛世花伝	恒常	2019/03/22
櫻木真乃	シャニマス	ファン感謝祭編				2019/04/01
風野灯織	シャニマス	ファン感謝祭編				2019/04/01
八宮めぐる	シャニマス	ファン感謝祭編				2019/04/01
月岡恋鐘	シャニマス	ファン感謝祭編				2019/04/01
田中摩美々	シャニマス	ファン感謝祭編				2019/04/01
白瀬咲耶	シャニマス	ファン感謝祭編				2019/04/01
三峰結華	シャニマス	ファン感謝祭編				2019/04/01
幽谷霧子	シャニマス	ファン感謝祭編				2019/04/01
小宮果穂	シャニマス	ファン感謝祭編				2019/04/01
園田智代子	シャニマス	ファン感謝祭編				2019/04/01
西城樹里	シャニマス	ファン感謝祭編				2019/04/01
杜野凛世	シャニマス	ファン感謝祭編				2019/04/01
有栖川夏葉	シャニマス	ファン感謝祭編				2019/04/01
大崎甘奈	シャニマス	ファン感謝祭編				2019/04/01
大崎甜花	シャニマス	ファン感謝祭編				2019/04/01
桑山千雪	シャニマス	ファン感謝祭編				2019/04/01
芹沢あさひ	シャニマス	W.I.N.G編				2019/04/01
芹沢あさひ	シャニマス	P	R	白いツバサ	恒常	2019/04/01
月岡恋鐘	シャニマス	S	SR	と～りゃんせ！	限定	2019/04/01
櫻木真乃	シャニマス	S	SSR	駅線上の日常	限定	2019/04/01
風野灯織	シャニマス	P	SSR	伸ばす手に乗せるのは	限定	2019/04/01
黛冬優子	シャニマス	W.I.N.G編				2019/04/05
黛冬優子	シャニマス	P	R	白いツバサ	恒常	2019/04/05
和泉愛依	シャニマス	W.I.N.G編				2019/04/09
和泉愛依	シャニマス	P	R	白いツバサ	恒常	2019/04/09
芹沢あさひ	シャニマス	S	R	283プロのヒナ	恒常	2019/04/12
黛冬優子	シャニマス	S	R	283プロのヒナ	恒常	2019/04/12
和泉愛依	シャニマス	S	R	283プロのヒナ	恒常	2019/04/12
田中摩美々	シャニマス	P	SSR	摩的・アンチテーゼ	恒常	2019/04/12
有栖川夏葉	シャニマス	S	SSR	月刊CLIMAX	恒常	2019/04/12
八宮めぐる	シャニマス	P	SR	チエルアルコは流星の	恒常	2019/04/19
幽谷霧子	シャニマス	P	SSR	夕・音・鳴・鳴	恒常	2019/04/19
月岡恋鐘	シャニマス	P	SR	は～と♡に火をつけて	イベント	2019/04/24
アルストロメリア	シャニマス	完録、クエストロメリア！ ～サイコロ編～				2019/04/29
大崎甘奈	シャニマス	S	SSR	ハッピーの答えはどこに？	イベント	2019/04/29
黛冬優子	シャニマス	P	SR	ザ・冬優子イズム	恒常	2019/04/29
八宮めぐる	シャニマス	S	SSR	花笑み咲匂う	限定	2019/04/29
大崎甜花	シャニマス	P	SSR	好きなものはなんですか？	限定	2019/04/29
西城樹里	シャニマス	S	SR	グッド・ラック・ボール	イベント	2019/05/10
三峰結華	シャニマス	P	SSR	それなら目をつぶりましょう	恒常	2019/05/10
杜野凛世	シャニマス	S	SR	をとめ大学	恒常	2019/05/20
芹沢あさひ	シャニマス	P	SR	さかさま世界	恒常	2019/05/20
幽谷霧子	シャニマス	P	SR	天・天・白・布	イベント	2019/05/20
月岡恋鐘	シャニマス	P	SSR	風吹く丘にはよ来んね	恒常	2019/05/20
放課後クライマックスガールズ	シャニマス	轟！-とどろき- 紅蘭偉魔空珠†番外地				2019/05/31
園田智代子	シャニマス	S	SSR	紅蘭偉魔空珠に挑め！	イベント	2019/05/31
有栖川夏葉	シャニマス	P	SSR	Ring a bell	限定	2019/05/31
小宮果穂	シャニマス	S	SSR	雨のち、マイヒーロー	限定	2019/05/31
和泉愛依	シャニマス	P	SR	気になる！？染めちゃう！？	恒常	2019/06/10
櫻木真乃	シャニマス	S	SR	音、雨、パシャ、リ	イベント	2019/06/10
白瀬咲耶	シャニマス	P	SSR	幸福のリズム	恒常	2019/06/10
大崎甘奈	シャニマス	P	SR	ふたつの雨	イベント	2019/06/20
風野灯織	シャニマス	S	SSR	星合アステリズム	恒常	2019/06/20
八宮めぐる	シャニマス	P	SSR	シュカのまにまに	恒常	2019/06/20
ストレイライト	シャニマス	Straylight.run()				2019/06/30
桑山千雪	シャニマス	S	SR	こころに恋	恒常	2019/06/30
芹沢あさひ	シャニマス	P	SSR	ジャンプ！スタッグ！！！	恒常	2019/06/30
和泉愛依	シャニマス	S	SSR	なるんじゃん？	イベント	2019/06/30
幽谷霧子	シャニマス	S	SR	我・思・君・思	イベント	2019/07/10
月岡恋鐘	シャニマス	S	SSR	夏、どがんね～？	恒常	2019/07/10
西城樹里	シャニマス	P	SSR	曲がり角のランウェイ	恒常	2019/07/10
八宮めぐる	シャニマス	S	SR	サンシャインシエスタ！	限定	2019/07/19
黛冬優子	シャニマス	P	SR	水×天カイヤナイト	イベント	2019/07/19
田中摩美々	シャニマス	P	SSR	パープル・ミラージュ	限定	2019/07/19
越境イベント	シャニマス	サマー・ミーツ・ワンダーランド				2019/07/31
幽谷霧子	シャニマス	S	SSR	潜・潜・夏・娘	限定	2019/07/31
桑山千雪	シャニマス	P	SSR	サマーハニー・シーズン	限定	2019/07/31
杜野凛世	シャニマス	S	SSR	常夏CLIMAX	イベント	2019/07/31
風野灯織	シャニマス	P	SR	落下予測地点	恒常	2019/08/09
和泉愛依	シャニマス	P	SR	てへっ♪	イベント	2019/08/09
櫻木真乃	シャニマス	P	SSR	はじけてスマイル	恒常	2019/08/09
芹沢あさひ	シャニマス	S	SR	腹が減っては遊びはできぬ	恒常	2019/08/21
園田智代子	シャニマス	S	SR	Best☆Great☆サマー！	イベント	2019/08/21
小宮果穂	シャニマス	P	SSR	潮騒のシーショア	恒常	2019/08/21
アンティーカ	シャニマス	十五夜「おもちをつこう」				2019/08/31
三峰結華	シャニマス	P	SSR	NOT≠EQUAL	限定	2019/08/31
西城樹里	シャニマス	S	SSR	スリープオーバーベイビー	限定	2019/08/31
白瀬咲耶	シャニマス	S	SSR	月映えのソワレ	イベント	2019/08/31
芹沢あさひ	シャニマス	ファン感謝祭編				2019/09/10
黛冬優子	シャニマス	ファン感謝祭編				2019/09/10
和泉愛依	シャニマス	ファン感謝祭編				2019/09/10
風野灯織	シャニマス	S	SR	RPGのススメ	イベント	2019/09/10
幽谷霧子	シャニマス	P	SSR	菜・菜・輪・舞	恒常	2019/09/10
黛冬優子	シャニマス	S	SSR	スパイシーベリィデコレイト	恒常	2019/09/10
有栖川夏葉	シャニマス	S	SR	スタンド・バイ	恒常	2019/09/20
芹沢あさひ	シャニマス	P	SR	かしゃーんとがらがら	イベント	2019/09/20
杜野凛世	シャニマス	P	SSR	水色感情	恒常	2019/09/20
越境イベント	シャニマス	ミルキィウェイ61-世界と世界がまじわる夜に-				2019/09/30
田中摩美々	シャニマス	S	SSR	きまぐれのめぐみ	限定	2019/09/30
園田智代子	シャニマス	P	SSR	かきまぜたら＊ミルク	限定	2019/09/30
大崎甜花	シャニマス	S	SSR	トゥインクル・トゥインクル	イベント	2019/09/30
小宮果穂	シャニマス	P	SR	キャッチ・ザ・フォール！	恒常	2019/10/11
月岡恋鐘	シャニマス	S	SR	秋、どがんね～？	イベント	2019/10/11
和泉愛依	シャニマス	P	SSR	ちょっとあげる～	恒常	2019/10/11
桑山千雪	シャニマス	P	SR	ワン・モア・フラワリング	イベント	2019/10/21
三峰結華	シャニマス	S	SSR	賑やか四畳半	限定	2019/10/21
大崎甘奈	シャニマス	P	SSR	ないしょのスイーツ	限定	2019/10/21
越境イベント	シャニマス	283プロダクションー某月某日、面談ー				2019/10/24
イルミネーションスターズ	シャニマス	Star n dew by me				2019/10/31
櫻木真乃	シャニマス	P	SSR	深染め、いろみぐさ	限定	2019/10/31
風野灯織	シャニマス	S	SSR	星掬い藍仰ぐ	限定	2019/10/31
八宮めぐる	シャニマス	S	SSR	ああひかりよ	イベント	2019/10/31
小宮果穂	シャニマス	P	SR	窓辺・サイレントタイム	イベント	2019/11/11
白瀬咲耶	シャニマス	S	SSR	prince×princess	恒常	2019/11/11
大崎甜花	シャニマス	P	SSR	I♡DOLL	恒常	2019/11/11
園田智代子	シャニマス	S	SR	ぐるもこ・まふ×２	恒常	2019/11/20
有栖川夏葉	シャニマス	S	SR	夢追いランナバウト	イベント	2019/11/20
黛冬優子	シャニマス	P	SSR	オ♡フ♡レ♡コ	恒常	2019/11/20
大崎甘奈	シャニマス	S	SR	冬の日の『贈り物』	イベント	2019/11/30
田中摩美々	シャニマス	P	SSR	フィドル・ファドル	限定	2019/11/30
桑山千雪	シャニマス	S	SSR	ウォーム・スノウ	限定	2019/11/30
越境イベント	シャニマス	きよしこの夜、プレゼン・フォー・ユー！～お客様の中にサンタはいらっしゃいますかSP～				2019/12/13
三峰結華	シャニマス	S	SSR	プレゼントなら両手いっぱい	限定	2019/12/13
杜野凛世	シャニマス	P	SSR	十二月短篇	限定	2019/12/13
芹沢あさひ	シャニマス	S	SSR	プレゼン・バトン！	イベント	2019/12/13
月岡恋鐘	シャニマス	S	SR	冬、どがんね～？	恒常	2019/12/26
大崎甜花	シャニマス	P	SR	ストライク狙って	イベント	2019/12/26
八宮めぐる	シャニマス	P	SSR	日々を紡ぐインヴェルノ	恒常	2019/12/26
越境イベント	シャニマス	［MAKING］スノー・マジック！				2020/01/01
幽谷霧子	シャニマス	P	SSR	鱗・鱗・謹・賀	限定	2020/01/01
黛冬優子	シャニマス	S	SSR	ノー墨・勝者フェイス	限定	2020/01/01
田中摩美々	シャニマス	S	SSR	デタラメハッシュタグ	イベント	2020/01/01
園田智代子	シャニマス	P	SR	錯覚・Darling	限定	2020/01/10
和泉愛依	シャニマス	S	SR	和泉流・書道心得	イベント	2020/01/10
西城樹里	シャニマス	P	SSR	誰が為シンパシー	限定	2020/01/10
白瀬咲耶	シャニマス	P	SR	雪染めロマンティカ	イベント	2020/01/20
風野灯織	シャニマス	P	SSR	清閑に息をひそめて	恒常	2020/01/20
芹沢あさひ	シャニマス	S	SSR	あめ、ゆき、はれ	恒常	2020/01/20
放課後クライマックスガールズ	シャニマス	階段の先の君へ				2020/01/31
小宮果穂	シャニマス	P	SSR	エクストリーム・ブレイク！	限定	2020/01/31
園田智代子	シャニマス	S	SSR	おあがり←くらいまっくす	限定	2020/01/31
西城樹里	シャニマス	S	SSR	坂道だらけのこの街で	イベント	2020/01/31
杜野凛世	シャニマス	S	SR	をとめ辞典	イベント	2020/02/12
月岡恋鐘	シャニマス	P	SSR	うちのリボンは恋結び	恒常	2020/02/12
幽谷霧子	シャニマス	S	SSR	奇・綺・甘・甘	恒常	2020/02/12
櫻木真乃	シャニマス	S	SR	by to illuminate	恒常	2020/02/20
田中摩美々	シャニマス	P	SR	FANCY 24g	イベント	2020/02/20
和泉愛依	シャニマス	P	SSR	メイ・ビー	恒常	2020/02/20
アルストロメリア	シャニマス	薄桃色にこんがらがって				2020/02/29
大崎甘奈	シャニマス	P	SSR	お散歩サンライト	限定	2020/02/29
大崎甜花	シャニマス	S	SSR	見果てぬ先のアヴァロン	限定	2020/02/29
桑山千雪	シャニマス	S	SSR	ドゥワッチャラブ！	イベント	2020/02/29
櫻木真乃	シャニマス	P	SR	花結びゆくゆく	恒常	2020/03/10
風野灯織	シャニマス	S	SR	クローズ・トゥ・ユー	イベント	2020/03/10
桑山千雪	シャニマス	P	SSR	はるかぜまち、1番地	恒常	2020/03/10
八宮めぐる	シャニマス	P	SR	ハロー・ワールド	イベント	2020/03/19
有栖川夏葉	シャニマス	P	SSR	♡AKQJ10	恒常	2020/03/19
大崎甘奈	シャニマス	S	SSR	Cherry Jelly	恒常	2020/03/19
ストレイライト	シャニマス	WorldEnd:BreakDown				2020/04/01
芹沢あさひ	シャニマス	P	SSR	空と青とアイツ	限定	2020/04/01
和泉愛依	シャニマス	S	SSR	うち来る～！？	限定	2020/04/01
黛冬優子	シャニマス	S	SSR	＠ストーリィズ	イベント	2020/04/01
浅倉透	シャニマス	W.I.N.G編				2020/04/03
浅倉透	シャニマス	P	R	白いツバサ	恒常	2020/04/03
樋口円香	シャニマス	W.I.N.G編				2020/04/06
樋口円香	シャニマス	P	R	白いツバサ	恒常	2020/04/06
福丸小糸	シャニマス	W.I.N.G編				2020/04/09
福丸小糸	シャニマス	P	R	白いツバサ	恒常	2020/04/09
幽谷霧子	シャニマス	S	SR	君・空・我・空	イベント	2020/04/10
園田智代子	シャニマス	P	SSR	You’re My Dream	恒常	2020/04/10
杜野凛世	シャニマス	S	SSR	夜明けの晩に	恒常	2020/04/10
市川雛菜	シャニマス	W.I.N.G編				2020/04/12
越境イベント	シャニマス	シャイニーの日 2020 特別コミュ				2020/04/12
市川雛菜	シャニマス	P	R	白いツバサ	恒常	2020/04/12
浅倉透	シャニマス	S	R	283プロのヒナ	恒常	2020/04/13
樋口円香	シャニマス	S	R	283プロのヒナ	恒常	2020/04/13
福丸小糸	シャニマス	S	R	283プロのヒナ	恒常	2020/04/13
市川雛菜	シャニマス	S	R	283プロのヒナ	恒常	2020/04/13
櫻木真乃	シャニマス	P	SR	白いツバサ	アイドルロード	2020/04/13
風野灯織	シャニマス	P	SR	白いツバサ	アイドルロード	2020/04/13
八宮めぐる	シャニマス	P	SR	白いツバサ	アイドルロード	2020/04/13
月岡恋鐘	シャニマス	P	SR	白いツバサ	アイドルロード	2020/04/13
田中摩美々	シャニマス	P	SR	白いツバサ	アイドルロード	2020/04/13
白瀬咲耶	シャニマス	P	SR	白いツバサ	アイドルロード	2020/04/13
三峰結華	シャニマス	P	SR	白いツバサ	アイドルロード	2020/04/13
幽谷霧子	シャニマス	P	SR	白いツバサ	アイドルロード	2020/04/13
小宮果穂	シャニマス	P	SR	白いツバサ	アイドルロード	2020/04/13
園田智代子	シャニマス	P	SR	白いツバサ	アイドルロード	2020/04/13
西城樹里	シャニマス	P	SR	白いツバサ	アイドルロード	2020/04/13
杜野凛世	シャニマス	P	SR	白いツバサ	アイドルロード	2020/04/13
有栖川夏葉	シャニマス	P	SR	白いツバサ	アイドルロード	2020/04/13
大崎甘奈	シャニマス	P	SR	白いツバサ	アイドルロード	2020/04/13
大崎甜花	シャニマス	P	SR	白いツバサ	アイドルロード	2020/04/13
桑山千雪	シャニマス	P	SR	白いツバサ	アイドルロード	2020/04/13
芹沢あさひ	シャニマス	P	SR	白いツバサ	アイドルロード	2020/04/13
黛冬優子	シャニマス	P	SR	白いツバサ	アイドルロード	2020/04/13
和泉愛依	シャニマス	P	SR	白いツバサ	アイドルロード	2020/04/13
浅倉透	シャニマス	P	SR	白いツバサ	アイドルロード	2020/04/13
樋口円香	シャニマス	P	SR	白いツバサ	アイドルロード	2020/04/13
福丸小糸	シャニマス	P	SR	白いツバサ	アイドルロード	2020/04/13
市川雛菜	シャニマス	P	SR	白いツバサ	アイドルロード	2020/04/13
櫻木真乃	シャニマス	P	SSR	アイドルロード	アイドルロード	2020/04/13
風野灯織	シャニマス	P	SSR	アイドルロード	アイドルロード	2020/04/13
八宮めぐる	シャニマス	P	SSR	アイドルロード	アイドルロード	2020/04/13
月岡恋鐘	シャニマス	P	SSR	アイドルロード	アイドルロード	2020/04/13
田中摩美々	シャニマス	P	SSR	アイドルロード	アイドルロード	2020/04/13
白瀬咲耶	シャニマス	P	SSR	アイドルロード	アイドルロード	2020/04/13
三峰結華	シャニマス	P	SSR	アイドルロード	アイドルロード	2020/04/13
幽谷霧子	シャニマス	P	SSR	アイドルロード	アイドルロード	2020/04/13
小宮果穂	シャニマス	P	SSR	アイドルロード	アイドルロード	2020/04/13
園田智代子	シャニマス	P	SSR	アイドルロード	アイドルロード	2020/04/13
西城樹里	シャニマス	P	SSR	アイドルロード	アイドルロード	2020/04/13
杜野凛世	シャニマス	P	SSR	アイドルロード	アイドルロード	2020/04/13
有栖川夏葉	シャニマス	P	SSR	アイドルロード	アイドルロード	2020/04/13
大崎甘奈	シャニマス	P	SSR	アイドルロード	アイドルロード	2020/04/13
大崎甜花	シャニマス	P	SSR	アイドルロード	アイドルロード	2020/04/13
桑山千雪	シャニマス	P	SSR	アイドルロード	アイドルロード	2020/04/13
芹沢あさひ	シャニマス	P	SSR	アイドルロード	アイドルロード	2020/04/13
黛冬優子	シャニマス	P	SSR	アイドルロード	アイドルロード	2020/04/13
和泉愛依	シャニマス	P	SSR	アイドルロード	アイドルロード	2020/04/13
浅倉透	シャニマス	P	SSR	アイドルロード	アイドルロード	2020/04/13
樋口円香	シャニマス	P	SSR	アイドルロード	アイドルロード	2020/04/13
福丸小糸	シャニマス	P	SSR	アイドルロード	アイドルロード	2020/04/13
市川雛菜	シャニマス	P	SSR	アイドルロード	アイドルロード	2020/04/13
大崎甘奈	シャニマス	P	SR	見つけたい、だけど……	イベント	2020/04/20
田中摩美々	シャニマス	S	SSR	スプリング・フィッシュ	限定	2020/04/20
大崎甜花	シャニマス	P	SSR	四夜一夜物語	限定	2020/04/20
アンティーカ	シャニマス	ストーリー・ストーリー				2020/04/30
月岡恋鐘	シャニマス	S	SSR	晴れ、よかばい～！	限定	2020/04/30
白瀬咲耶	シャニマス	P	SSR	海と太陽のプロメッサ	限定	2020/04/30
三峰結華	シャニマス	S	SSR	おはようと日向に手を振る	イベント	2020/04/30
櫻木真乃	シャニマス	G.R.A.D.編				2020/05/13
風野灯織	シャニマス	G.R.A.D.編				2020/05/13
八宮めぐる	シャニマス	G.R.A.D.編				2020/05/13
小宮果穂	シャニマス	G.R.A.D.編				2020/05/13
園田智代子	シャニマス	G.R.A.D.編				2020/05/13
西城樹里	シャニマス	G.R.A.D.編				2020/05/13
杜野凛世	シャニマス	G.R.A.D.編				2020/05/13
有栖川夏葉	シャニマス	G.R.A.D.編				2020/05/13
有栖川夏葉	シャニマス	P	SR	鳥籠をひらいて	恒常	2020/05/13
小宮果穂	シャニマス	S	SR	ホーカゴ・ア・ゴーゴー！	イベント	2020/05/13
浅倉透	シャニマス	P	SSR	10個、光	恒常	2020/05/13
和泉愛依	シャニマス	P	SR	ご褒美、いるよね♪	イベント	2020/05/22
樋口円香	シャニマス	P	SSR	カラカラカラ	恒常	2020/05/22
イルミネーションスターズ	シャニマス	くもりガラスの銀曜日				2020/05/31
八宮めぐる	シャニマス	P	SSR	アイの誓い	限定	2020/05/31
芹沢あさひ	シャニマス	S	SSR	今日の手は空を切らない	限定	2020/05/31
風野灯織	シャニマス	S	SSR	宝石色のしおり	イベント	2020/05/31
月岡恋鐘	シャニマス	G.R.A.D.編				2020/06/10
田中摩美々	シャニマス	G.R.A.D.編				2020/06/10
白瀬咲耶	シャニマス	G.R.A.D.編				2020/06/10
三峰結華	シャニマス	G.R.A.D.編				2020/06/10
幽谷霧子	シャニマス	G.R.A.D.編				2020/06/10
大崎甘奈	シャニマス	G.R.A.D.編				2020/06/10
大崎甜花	シャニマス	G.R.A.D.編				2020/06/10
桑山千雪	シャニマス	G.R.A.D.編				2020/06/10
白瀬咲耶	シャニマス	P	SR	真紅一輪	恒常	2020/06/10
黛冬優子	シャニマス	S	SR	(ノージャンル)グラヴィティ	イベント	2020/06/10
和泉愛依	シャニマス	S	SR	＋『α』	恒常	2020/06/19
西城樹里	シャニマス	P	SR	夏服にWIND YOU！	イベント	2020/06/19
小宮果穂	シャニマス	S	SSR	ナツイロ☆アフタースクール	恒常	2020/06/19
西城樹里	シャニマス	S	SSR	SPACE WHAT？	恒常	2020/06/19
福丸小糸	シャニマス	P	SSR	ポシェットの中には	恒常	2020/06/19
市川雛菜	シャニマス	P	SSR	HAPPY-!NG	恒常	2020/06/19
ノクチル	シャニマス	天塵				2020/06/30
浅倉透	シャニマス	P	SSR	途方もない午後	限定	2020/06/30
市川雛菜	シャニマス	S	SSR	ROOKIE!	限定	2020/06/30
樋口円香	シャニマス	S	SSR	游魚	イベント	2020/06/30
芹沢あさひ	シャニマス	G.R.A.D.編				2020/07/10
黛冬優子	シャニマス	G.R.A.D.編				2020/07/10
和泉愛依	シャニマス	G.R.A.D.編				2020/07/10
芹沢あさひ	シャニマス	S	SR	花火の夜に……	イベント	2020/07/10
櫻木真乃	シャニマス	P	SSR	ソラを跳ね	恒常	2020/07/10
福丸小糸	シャニマス	S	SR	きせつはアイスクリン	イベント	2020/07/21
有栖川夏葉	シャニマス	S	SSR	Sr×Ba×Cu=	限定	2020/07/21
黛冬優子	シャニマス	P	SSR	アンシーン・ダブルキャスト	限定	2020/07/21
越境イベント	シャニマス	アジェンダ２８３				2020/07/31
三峰結華	シャニマス	P	SSR	く ら く ら	限定	2020/07/31
桑山千雪	シャニマス	S	SSR	夏空への挑戦	限定	2020/07/31
櫻木真乃	シャニマス	S	SSR	つむぎ、まばゆく。星屑たち	イベント	2020/07/31
市川雛菜	シャニマス	P	SR	#SS	イベント	2020/08/11
白瀬咲耶	シャニマス	S	SSR	シー・イズ	限定	2020/08/11
杜野凛世	シャニマス	P	SSR	われにかへれ	限定	2020/08/11
大崎甜花	シャニマス	S	SR	Summer for Us	イベント	2020/08/21
大崎甘奈	シャニマス	P	SSR	叶えて☆ゴールドフィッシュ	恒常	2020/08/21
浅倉透	シャニマス	S	SSR	ハウ・アー・UFO	恒常	2020/08/21
放課後クライマックスガールズ	シャニマス	many screens				2020/08/31
園田智代子	シャニマス	S	SSR	kimagure全力ビート！	限定	2020/08/31
有栖川夏葉	シャニマス	P	SSR	cheer+	限定	2020/08/31
小宮果穂	シャニマス	S	SSR	続！（完全）燃焼	イベント	2020/08/31
櫻木真乃	シャニマス	S	SR	まわる音色、君色のかおり	イベント	2020/09/11
八宮めぐる	シャニマス	S	SSR	アップ・トゥ・ユー	恒常	2020/09/11
田中摩美々	シャニマス	P	SSR	真・TRAVELER	恒常	2020/09/11
樋口円香	シャニマス	S	SR	閑話	恒常	2020/09/23
月岡恋鐘	シャニマス	P	SR	猫道カントリー	イベント	2020/09/23
西城樹里	シャニマス	P	SSR	秋陽のスケッチ	恒常	2020/09/23
越境イベント	シャニマス	ゴシップ・キャンディ!-魔法の本とおかしな食べ物-				2020/09/30
和泉愛依	シャニマス	P	SSR	シャッターチャンス！？	限定	2020/09/30
福丸小糸	シャニマス	S	SSR	パーティーのやくそく	限定	2020/09/30
芹沢あさひ	シャニマス	S	SSR	ゴースト・サイド！	イベント	2020/09/30
風野灯織	シャニマス	P	SR	インビジブルタイム	イベント	2020/10/12
櫻木真乃	シャニマス	S	SSR	こころ、えんにならんで	恒常	2020/10/12
白瀬咲耶	シャニマス	P	SSR	乙女と交わすTrick	恒常	2020/10/12
浅倉透	シャニマス	S	SR	かっとばし党の逆襲	イベント	2020/10/21
幽谷霧子	シャニマス	S	SSR	数・数・娘・娘	限定	2020/10/21
樋口円香	シャニマス	P	SSR	ギンコ・ビローバ	限定	2020/10/21
アルストロメリア	シャニマス	流れ星が消えるまでのジャーニー				2020/10/31
風野灯織	シャニマス	S	SSR	水面を仰いで海の底	限定	2020/10/31
桑山千雪	シャニマス	P	SSR	秋空と紅葉	限定	2020/10/31
大崎甜花	シャニマス	S	SSR	リトル・スターズ	イベント	2020/10/31
浅倉透	シャニマス	ファン感謝祭編				2020/11/10
樋口円香	シャニマス	ファン感謝祭編				2020/11/10
福丸小糸	シャニマス	ファン感謝祭編				2020/11/10
市川雛菜	シャニマス	ファン感謝祭編				2020/11/10
浅倉透	シャニマス	P	SR	まわるものについて	イベント	2020/11/10
三峰結華	シャニマス	P	SSR	雨に祝福	恒常	2020/11/10
樋口円香	シャニマス	S	SSR	UNTITLED	恒常	2020/11/10
福丸小糸	シャニマス	S	SR	しかえし優等生	恒常	2020/11/20
園田智代子	シャニマス	S	SR	茜色セレンディピティ	イベント	2020/11/20
芹沢あさひ	シャニマス	P	SSR	不機嫌なテーマパーク	恒常	2020/11/20
櫻木真乃	シャニマス	P	SR	一番星の魔法	イベント	2020/11/30
月岡恋鐘	シャニマス	P	SSR	心の鐘が鳴っとるけん	限定	2020/11/30
西城樹里	シャニマス	S	SSR	モーニング・グロウリー？	限定	2020/11/30
越境イベント	シャニマス	明るい部屋				2020/12/11
園田智代子	シャニマス	P	SSR	プリティ・スイート	限定	2020/12/11
浅倉透	シャニマス	S	SSR	pooool	限定	2020/12/11
杜野凛世	シャニマス	S	SSR	日を食んで、夜を啜って	イベント	2020/12/11
桑山千雪	シャニマス	S	SR	RELAXIN	イベント	2020/12/23
黛冬優子	シャニマス	P	SSR	starring F	恒常	2020/12/23
和泉愛依	シャニマス	S	SSR	エンジョイ！パーティ	恒常	2020/12/23
ノクチル	シャニマス	海へ出るつもりじゃなかったし				2021/01/01
杜野凛世	シャニマス	S	SSR	祝唄-hogiuta-	限定	2021/01/01
福丸小糸	シャニマス	P	SSR	おみくじ結びますか	限定	2021/01/01
浅倉透	シャニマス	S	SSR	がんばれ！ ノロマ号	イベント	2021/01/01
田中摩美々	シャニマス	S	SR	イン・ザ・ピンク	イベント	2021/01/12
櫻木真乃	シャニマス	S	SSR	泡沫の石たちに乾杯	限定	2021/01/12
小宮果穂	シャニマス	P	SSR	日刊ウィズ・ユー！	限定	2021/01/12
西城樹里	シャニマス	S	SR	晴れ待ちのひと時	恒常	2021/01/22
有栖川夏葉	シャニマス	P	SR	風がかけていくように	イベント	2021/01/22
風野灯織	シャニマス	P	SSR	黒百合前で待ち合わせ	恒常	2021/01/22
ストレイライト	シャニマス	The Straylight				2021/01/31
大崎甘奈	シャニマス	S	SSR	スペンサー家の日常	限定	2021/01/31
芹沢あさひ	シャニマス	P	SSR	Housekeeping!	限定	2021/01/31
和泉愛依	シャニマス	S	SSR	いるっしょ！	イベント	2021/01/31
樋口円香	シャニマス	S	SR	Feb.	イベント	2021/02/10
八宮めぐる	シャニマス	S	SSR	ハッピー・バレンタイン？	恒常	2021/02/10
大崎甜花	シャニマス	P	SSR	BON・BON・DAY！	恒常	2021/02/10
浅倉透	シャニマス	S	SR	faaaar	恒常	2021/02/19
芹沢あさひ	シャニマス	P	SR	はり・はり	イベント	2021/02/19
市川雛菜	シャニマス	P	SSR	♡LOG	恒常	2021/02/19
アンティーカ	シャニマス	見て見ぬふりをすくって				2021/02/28
幽谷霧子	シャニマス	P	SSR	琴・禽・空・華	限定	2021/02/28
黛冬優子	シャニマス	S	SSR	×トリック／〇＿＿＿＿	限定	2021/02/28
白瀬咲耶	シャニマス	S	SSR	あのねが言える場所	イベント	2021/02/28
和泉愛依	シャニマス	S	SR	イケてた！？	恒常	2021/03/12
月岡恋鐘	シャニマス	S	SSR	会いに行かんば～！	限定	2021/03/12
大崎甘奈	シャニマス	P	SSR	約束ペタル	限定	2021/03/12
桑山千雪	シャニマス	S	SR	好き、っていうのはね	恒常	2021/03/22
福丸小糸	シャニマス	P	SR	はれのひ喫茶店	イベント	2021/03/22
杜野凛世	シャニマス	P	SSR	ロー・ポジション	恒常	2021/03/22
イルミネーションスターズ	シャニマス	青のReflection				2021/04/01
櫻木真乃	シャニマス	P	SSR	花風Smiley	限定	2021/04/01
小宮果穂	シャニマス	S	SSR	反撃の狼煙をあげよ！	限定	2021/04/01
八宮めぐる	シャニマス	S	SSR	Scoop up Scraps	イベント	2021/04/01
七草にちか	シャニマス	W.I.N.G編				2021/04/05
七草にちか	シャニマス	P	R	白いツバサ	恒常	2021/04/05
緋田美琴	シャニマス	W.I.N.G編				2021/04/08
緋田美琴	シャニマス	P	R	白いツバサ	恒常	2021/04/08
越境イベント	シャニマス	シャイニーの日 2021 特別コミュ				2021/04/12
黛冬優子	シャニマス	P	SR	はるさき可憐花	イベント	2021/04/12
西城樹里	シャニマス	P	SSR	I・OWE・U	恒常	2021/04/12
福丸小糸	シャニマス	S	SSR	思い出にもならない	恒常	2021/04/12
浅倉透	シャニマス	G.R.A.D.編				2021/04/20
樋口円香	シャニマス	G.R.A.D.編				2021/04/20
福丸小糸	シャニマス	G.R.A.D.編				2021/04/20
市川雛菜	シャニマス	G.R.A.D.編				2021/04/20
市川雛菜	シャニマス	S	SR	PEEPS!	イベント	2021/04/20
和泉愛依	シャニマス	S	SSR	よしよし♪	限定	2021/04/20
浅倉透	シャニマス	P	SSR	つづく、	限定	2021/04/20
放課後クライマックスガールズ	シャニマス	ミッション・コンプリート！				2021/04/30
七草にちか	シャニマス	S	R	283プロのヒナ	恒常	2021/04/30
緋田美琴	シャニマス	S	R	283プロのヒナ	恒常	2021/04/30
七草にちか	シャニマス	P	SR	白いツバサ	アイドルロード	2021/04/30
緋田美琴	シャニマス	P	SR	白いツバサ	アイドルロード	2021/04/30
白瀬咲耶	シャニマス	S	SSR	それは途中の１ページ	限定	2021/04/30
有栖川夏葉	シャニマス	P	SSR	夏は来ぬ	限定	2021/04/30
園田智代子	シャニマス	S	SSR	code:SH☆☆TING star!	イベント	2021/04/30
七草にちか	シャニマス	P	SSR	アイドルロード	アイドルロード	2021/04/30
緋田美琴	シャニマス	P	SSR	アイドルロード	アイドルロード	2021/04/30
櫻木真乃	シャニマス	Landing Point編				2021/05/10
風野灯織	シャニマス	Landing Point編				2021/05/10
八宮めぐる	シャニマス	Landing Point編				2021/05/10
市川雛菜	シャニマス	P	SR	Makeup♡Box	恒常	2021/05/10
風野灯織	シャニマス	S	SR	幾星霜の先に	イベント	2021/05/10
七草にちか	シャニマス	P	SSR	♡まっクろはムウサぎ♡	恒常	2021/05/10
杜野凛世	シャニマス	P	SR	階段式純情昇降機	イベント	2021/05/20
三峰結華	シャニマス	S	SSR	リ・リフレクション	恒常	2021/05/20
緋田美琴	シャニマス	P	SSR	ROUNDLY	恒常	2021/05/20
アルストロメリア	シャニマス	アンカーボルトソング				2021/05/31
桑山千雪	シャニマス	P	SSR	ハッピー・アイ・スクリーム	限定	2021/05/31
樋口円香	シャニマス	S	SSR	雨情	限定	2021/05/31
大崎甘奈	シャニマス	S	SSR	ever-	イベント	2021/05/31
月岡恋鐘	シャニマス	Landing Point編				2021/06/11
田中摩美々	シャニマス	Landing Point編				2021/06/11
白瀬咲耶	シャニマス	Landing Point編				2021/06/11
三峰結華	シャニマス	Landing Point編				2021/06/11
幽谷霧子	シャニマス	Landing Point編				2021/06/11
芹沢あさひ	シャニマス	S	SR	頬を照らすのは	イベント	2021/06/11
和泉愛依	シャニマス	P	SSR	今のうちは走らない	恒常	2021/06/11
幽谷霧子	シャニマス	P	SR	雨・雨・電・電	イベント	2021/06/21
八宮めぐる	シャニマス	P	SSR	たまゆらフレーミング	恒常	2021/06/21
緋田美琴	シャニマス	S	SSR	A	恒常	2021/06/21
シーズ	シャニマス	OO-ct.　──ノー・カラット				2021/06/30
櫻木真乃	シャニマス	S	SSR	夏風渡るdiary	限定	2021/06/30
七草にちか	シャニマス	P	SSR	ヴぇりべりいかシたサマー	限定	2021/06/30
緋田美琴	シャニマス	S	SSR	RESONANCE	イベント	2021/06/30
小宮果穂	シャニマス	Landing Point編				2021/07/10
園田智代子	シャニマス	Landing Point編				2021/07/10
西城樹里	シャニマス	Landing Point編				2021/07/10
杜野凛世	シャニマス	Landing Point編				2021/07/10
有栖川夏葉	シャニマス	Landing Point編				2021/07/10
浅倉透	シャニマス	P	SR	おかえり、ギター	恒常	2021/07/10
小宮果穂	シャニマス	S	SR	キング・アンド・ヒーロー	イベント	2021/07/10
緋田美琴	シャニマス	S	SR	FEEL	イベント	2021/07/10
田中摩美々	シャニマス	P	SSR	アバウト-ナイト-ライト	恒常	2021/07/10
樋口円香	シャニマス	P	SR	ダウト	イベント	2021/07/20
風野灯織	シャニマス	P	SSR	涼	限定	2021/07/20
大崎甘奈	シャニマス	S	SSR	レッツ☆忍び足！	限定	2021/07/20
黛冬優子	シャニマス	S	SSR	One, Two...♡	グレフェス報酬	2021/07/20
越境イベント	シャニマス	アイムベリーベリーソーリー				2021/07/31
有栖川夏葉	シャニマス	S	SSR	ビードロの翳	限定	2021/07/31
黛冬優子	シャニマス	P	SSR	ONSTAGE？	限定	2021/07/31
月岡恋鐘	シャニマス	S	SSR	ビコーズ・ラブ	イベント	2021/07/31
大崎甘奈	シャニマス	Landing Point編				2021/08/10
大崎甜花	シャニマス	Landing Point編				2021/08/10
桑山千雪	シャニマス	Landing Point編				2021/08/10
三峰結華	シャニマス	P	SSR	♡コメディ	恒常	2021/08/10
市川雛菜	シャニマス	S	SSR	Re:BIRTH	恒常	2021/08/10
七草にちか	シャニマス	P	SR	一億回めくらいの、その夏	イベント	2021/08/20
田中摩美々	シャニマス	S	SSR	ソバニアル・サマー	恒常	2021/08/20
大崎甜花	シャニマス	P	SSR	バス・タイムの気分で	恒常	2021/08/20
ノクチル	シャニマス	さざなみはいつも凡庸な音がする				2021/08/31
芹沢あさひ	シャニマス	S	SSR	秋の実りの配達係	限定	2021/08/31
樋口円香	シャニマス	P	SSR	ピトス・エルピス	限定	2021/08/31
福丸小糸	シャニマス	S	SSR	傍白のあいだ	イベント	2021/08/31
芹沢あさひ	シャニマス	Landing Point編				2021/09/10
黛冬優子	シャニマス	Landing Point編				2021/09/10
和泉愛依	シャニマス	Landing Point編				2021/09/10
桑山千雪	シャニマス	P	SR	夏、イエー	イベント	2021/09/10
白瀬咲耶	シャニマス	P	SSR	渦と淵	恒常	2021/09/10
七草にちか	シャニマス	S	SSR	間違いそうだ	恒常	2021/09/10
黛冬優子	シャニマス	S	SR	馴染まないで非日常	イベント	2021/09/21
園田智代子	シャニマス	P	SSR	砂糖づけ・ビターエンド	恒常	2021/09/21
越境イベント	シャニマス	密着!ハロウィンワールド24時				2021/09/30
風野灯織	シャニマス	S	SSR	永遠の方程式	限定	2021/09/30
市川雛菜	シャニマス	P	SSR	TRICK☆☆☆	限定	2021/09/30
杜野凛世	シャニマス	S	SSR	をとめ条約	グレフェス報酬	2021/09/30
七草にちか	シャニマス	S	SSR	死神リポート	イベント	2021/09/30
八宮めぐる	シャニマス	S	SR	スローリー・メモリー	イベント	2021/10/12
小宮果穂	シャニマス	P	SSR	フルスロットルエイジ！	恒常	2021/10/12
桑山千雪	シャニマス	S	SSR	黄昏時に会いましょう	恒常	2021/10/12
芹沢あさひ	シャニマス	P	SR	黄葉の冠	イベント	2021/10/21
月岡恋鐘	シャニマス	P	SSR	秋空ばくちずさんで	限定	2021/10/21
杜野凛世	シャニマス	S	SSR	牛的情感盛り、一丁	限定	2021/10/21
ストレイライト	シャニマス	Run 4 ???				2021/10/31
大崎甜花	シャニマス	S	SSR	キュン！とwith us	限定	2021/10/31
和泉愛依	シャニマス	P	SSR	ちょー早い！	限定	2021/10/31
黛冬優子	シャニマス	S	SSR	Wrong？	イベント	2021/10/31
浅倉透	シャニマス	Landing Point編				2021/11/10
樋口円香	シャニマス	Landing Point編				2021/11/10
福丸小糸	シャニマス	Landing Point編				2021/11/10
市川雛菜	シャニマス	Landing Point編				2021/11/10
三峰結華	シャニマス	P	SR	Hakoni□a	イベント	2021/11/10
幽谷霧子	シャニマス	P	SSR	かぜかんむりのこどもたち	恒常	2021/11/10
園田智代子	シャニマス	S	SSR	生彩トラベリング	恒常	2021/11/10
園田智代子	シャニマス	P	SR	フロイラインに心酔	イベント	2021/11/19
緋田美琴	シャニマス	P	SSR	CHILLY	恒常	2021/11/19
七草にちか	シャニマス	ファン感謝祭編				2021/11/30
緋田美琴	シャニマス	ファン感謝祭編				2021/11/30
白瀬咲耶	シャニマス	S	SR	当日じゃない日	イベント	2021/11/30
西城樹里	シャニマス	S	SSR	Hearty!Holy!Party!	限定	2021/11/30
大崎甘奈	シャニマス	P	SSR	雪空セパレート	限定	2021/11/30
シーズ	シャニマス	ファン感謝祭編				2021/11/30
アンティーカ	シャニマス	感光注意報				2021/12/10
田中摩美々	シャニマス	P	SSR	Have a bad day♥	限定	2021/12/10
七草にちか	シャニマス	S	SSR	浪漫キャメラ0号	限定	2021/12/10
三峰結華	シャニマス	S	SSR	ヒトトキ／トワ	イベント	2021/12/10
緋田美琴	シャニマス	P	SR	SEASON	イベント	2021/12/22
八宮めぐる	シャニマス	S	SSR	ワン・デイ	恒常	2021/12/22
福丸小糸	シャニマス	P	SSR	てのひらの答え	恒常	2021/12/22
緋田美琴	シャニマス	S	SSR	X-DAY	リアルイベント	2021/12/28
越境イベント	シャニマス	#２８３をひろげよう				2022/01/01
月岡恋鐘	シャニマス	S	SSR	あけまして、大吉～！	限定	2022/01/01
杜野凛世	シャニマス	P	SSR	さよならごつこ	限定	2022/01/01
大崎甜花	シャニマス	S	SSR	エンドレス・ゲーム	グレフェス報酬	2022/01/01
市川雛菜	シャニマス	S	SSR	♡like	イベント	2022/01/01
大崎甜花	シャニマス	S	SR	Fallin' Snow in	イベント	2022/01/11
幽谷霧子	シャニマス	S	SSR	午・燦・娘・娘	限定	2022/01/11
芹沢あさひ	シャニマス	P	SSR	Howling	限定	2022/01/11
樋口円香	シャニマス	P	SR	カラメル	恒常	2022/01/20
小宮果穂	シャニマス	P	SR	ソー・ディフィカルト！	イベント	2022/01/20
櫻木真乃	シャニマス	P	SSR	ひとつ、はたたく	恒常	2022/01/20
イルミネーションスターズ	シャニマス	はこぶものたち				2022/01/31
八宮めぐる	シャニマス	P	SSR	きゅん♡コメ	限定	2022/01/31
浅倉透	シャニマス	S	SSR	チョコレー党、起立！	限定	2022/01/31
風野灯織	シャニマス	S	SSR	WtoW	イベント	2022/01/31
月岡恋鐘	シャニマス	P	SR	雪、えとせとら	イベント	2022/02/10
有栖川夏葉	シャニマス	P	SSR	マイバレンタイン	限定	2022/02/10
緋田美琴	シャニマス	S	SSR	LATE	限定	2022/02/10
浅倉透	シャニマス	S	SR	殴打、その他の夢について	イベント	2022/02/19
桑山千雪	シャニマス	P	SSR	つよがりのためのララバイ	恒常	2022/02/19
放課後クライマックスガールズ	シャニマス	アフター・スクール・タイム				2022/02/28
三峰結華	シャニマス	S	SSR	心に住む人	限定	2022/02/28
小宮果穂	シャニマス	P	SSR	ギア・アップ！ゴー・オン！	限定	2022/02/28
有栖川夏葉	シャニマス	S	SSR	明日の思い出で笑って	イベント	2022/02/28
田中摩美々	シャニマス	S	SR	episode：Cool	イベント	2022/03/10
和泉愛依	シャニマス	S	SSR	左選んで～！	恒常	2022/03/10
樋口円香	シャニマス	P	SSR	オイサラバエル	恒常	2022/03/10
杜野凛世	シャニマス	P	SR	春告窓	イベント	2022/03/19
櫻木真乃	シャニマス	S	SSR	春日影、さんならび	限定	2022/03/19
黛冬優子	シャニマス	P	SSR	multi-angle	限定	2022/03/19
アルストロメリア	シャニマス	YOUR／MY Love letter				2022/04/01
大崎甜花	シャニマス	P	SSR	Feel Like Flower	限定	2022/04/01
福丸小糸	シャニマス	S	SSR	はるとあめ	限定	2022/04/01
樋口円香	シャニマス	S	SSR	射陽	グレフェス報酬	2022/04/01
桑山千雪	シャニマス	S	SSR	signal	イベント	2022/04/01
櫻木真乃	シャニマス	P	SR	ピックアップ・スプリング	イベント	2022/04/11
西城樹里	シャニマス	P	SSR	花染む街で、君と	恒常	2022/04/11
黛冬優子	シャニマス	S	SSR	二律背反sweet	恒常	2022/04/11
越境イベント	シャニマス	シャイニーの日 2022 特別コミュ				2022/04/12
園田智代子	シャニマス	S	SR	NEON♥ICE	イベント	2022/04/20
櫻木真乃	シャニマス	P	SSR	interStellar-Stella	トワコレ	2022/04/20
小宮果穂	シャニマス	S	SSR	チルドレンモード！	トワコレ	2022/04/20
小宮果穂	シャニマス	S	SR	空は澄み、今を越えて。	ガシャ特典	2022/04/23
櫻木真乃	シャニマス	S	SR	空は澄み、今を越えて。	ガシャ特典	2022/04/24
月岡恋鐘	シャニマス	S	SR	空は澄み、今を越えて。	ガシャ特典	2022/04/24
越境イベント	シャニマス	4th Anniversary 当日スペシャルコミュ				2022/04/24
シーズ	シャニマス	モノラル・ダイアローグス				2022/04/30
大崎甘奈	シャニマス	S	SSR	デビルたちの夜会☆	限定	2022/04/30
緋田美琴	シャニマス	P	SSR	CONTRAIL	限定	2022/04/30
七草にちか	シャニマス	S	SSR	あっかい	イベント	2022/04/30
月岡恋鐘	シャニマス	S	SR	ばら色ハーモニー	イベント	2022/05/10
三峰結華	シャニマス	P	SSR	kaleidoscope-pinball	恒常	2022/05/10
有栖川夏葉	シャニマス	S	SSR	ベリー・ストロベリー	恒常	2022/05/10
大崎甜花	シャニマス	P	SR	U♥DOLL	イベント	2022/05/20
七草にちか	シャニマス	P	SSR	夜よこノ窓は塗らないデ	恒常	2022/05/20
ノクチル	シャニマス	天檻				2022/05/31
白瀬咲耶	シャニマス	S	SSR	かわいいひと	限定	2022/05/31
浅倉透	シャニマス	P	SSR	国道沿いに、憶光年	限定	2022/05/31
樋口円香	シャニマス	S	SSR	洒落	イベント	2022/05/31
有栖川夏葉	シャニマス	S	SR	ナチュラルデイズ	イベント	2022/06/10
大崎甘奈	シャニマス	P	SSR	longing	恒常	2022/06/10
樋口円香	シャニマス	S	SSR	ハシルウマ	恒常	2022/06/10
田中摩美々	シャニマス	P	SR	irodori-corridor	イベント	2022/06/20
園田智代子	シャニマス	P	SSR	トコハレ☀コメディ	限定	2022/06/20
桑山千雪	シャニマス	S	SSR	そらカラフル、幾千の	限定	2022/06/20
ストレイライト	シャニマス	if(!Straylight)				2022/06/30
黛冬優子	シャニマス	S	SSR	＜IF＞	イベント	2022/06/30
和泉愛依	シャニマス	P	SSR	あたし流・かっこいい	限定	2022/06/30
八宮めぐる	シャニマス	S	SSR	オールウェイズ	限定	2022/06/30
幽谷霧子	シャニマス	S	SSR	奏・奏・綺・羅	グレフェス報酬	2022/06/30
七草にちか	シャニマス	S	SR	夏葬灯	イベント	2022/07/11
福丸小糸	シャニマス	P	SSR	なつやすみ学校	恒常	2022/07/11
芹沢あさひ	シャニマス	S	SSR	とても、とても静かな雨	恒常	2022/07/11
緋田美琴	シャニマス	P	SR	MANNEQUIN	恒常	2022/07/21
大崎甘奈	シャニマス	P	SR	竜宮城へご招待☆	イベント	2022/07/21
月岡恋鐘	シャニマス	P	SSR	あなたと、月の満ちる頃	恒常	2022/07/21
越境イベント	シャニマス	ロング・ログ・エンドロール				2022/07/31
小宮果穂	シャニマス	S	SSR	ロング・ショート・タイム！	イベント	2022/07/31
西城樹里	シャニマス	P	SSR	sparkle,,,	限定	2022/07/31
田中摩美々	シャニマス	S	SSR	murmurmaid	限定	2022/07/31
田中摩美々	シャニマス	S.T.E.P.編				2022/08/10
市川雛菜	シャニマス	S	SR	SETSUNA BEAT	ガシャ特典	2022/08/10
三峰結華	シャニマス	S	SR	翻弄by♡time	イベント	2022/08/10
風野灯織	シャニマス	P	SSR	洸	恒常	2022/08/10
浅倉透	シャニマス	S	SSR	かっとばし党の長い夏	恒常	2022/08/10
杜野凛世	シャニマス	S	SR	SETSUNA BEAT	ガシャ特典	2022/08/13
桑山千雪	シャニマス	S	SR	SETSUNA BEAT	ガシャ特典	2022/08/14
和泉愛依	シャニマス	P	SR	見つかっちゃった♪	イベント	2022/08/19
幽谷霧子	シャニマス	P	SSR	縷・縷・屡・来	トワコレ	2022/08/19
市川雛菜	シャニマス	S	SSR	DIVEIN!	トワコレ	2022/08/19
イルミネーションスターズ	シャニマス	For Your Eyes Only				2022/08/31
櫻木真乃	シャニマス	S	SSR	私のレンズの先のこと	イベント	2022/08/31
八宮めぐる	シャニマス	P	SSR	たそかれスワッグ	限定	2022/08/31
杜野凛世	シャニマス	S	SSR	珈琲の牛乳いれたん	限定	2022/08/31
風野灯織	シャニマス	S.T.E.P.編				2022/09/09
大崎甘奈	シャニマス	S	SR	初風Nostalgia	イベント	2022/09/10
市川雛菜	シャニマス	P	SSR	S!GNATURE	恒常	2022/09/10
風野灯織	シャニマス	S	SSR	Can't give up	恒常	2022/09/10
風野灯織	シャニマス	P	SR	足りない隙間	イベント	2022/09/20
芹沢あさひ	シャニマス	P	SSR	光は光へ	恒常	2022/09/20
アンティーカ	シャニマス	かいぶつのうた				2022/09/30
幽谷霧子	シャニマス	S	SSR	吼・吼・熱・々	イベント	2022/09/30
白瀬咲耶	シャニマス	P	SSR	はらりひらり結ぶ	限定	2022/09/30
大崎甜花	シャニマス	S	SSR	満開、うまストロメリア	限定	2022/09/30
八宮めぐる	シャニマス	S	SSR	シェア・シェア・ハピネス	グレフェス報酬	2022/09/30
芹沢あさひ	シャニマス	S.T.E.P.編				2022/10/11
浅倉透	シャニマス	P	SR	聞こえててよ、babe	イベント	2022/10/11
有栖川夏葉	シャニマス	P	SSR	Fall	恒常	2022/10/11
福丸小糸	シャニマス	S	SSR	きっと色褪せるけど	恒常	2022/10/11
杜野凛世	シャニマス	S	SR	別冊をとめ	イベント	2022/10/20
黛冬優子	シャニマス	P	SSR	幕間、沸々と高温	トワコレ	2022/10/20
七草にちか	シャニマス	S	SSR	こんなのホラーでしょ最悪	トワコレ	2022/10/20
黛冬優子	シャニマス	S	SR	MUGEN BEAT	ガシャ特典	2022/10/22
幽谷霧子	シャニマス	S	SR	MUGEN BEAT	ガシャ特典	2022/10/23
八宮めぐる	シャニマス	S	SR	MUGEN BEAT	ガシャ特典	2022/10/24
七草にちか	シャニマス	S	SR	MUGEN BEAT	ガシャ特典	2022/10/24
放課後クライマックスガールズ	シャニマス	夢色ストライド、どこまでも				2022/10/31
西城樹里	シャニマス	S	SSR	日々の灯り	イベント	2022/10/31
杜野凛世	シャニマス	P	SSR	晩秋ろまんす	限定	2022/10/31
幽谷霧子	シャニマス	S	SSR	煌・煌・星・娘	限定	2022/10/31
和泉愛依	シャニマス	S.T.E.P.編				2022/11/10
福丸小糸	シャニマス	S	SR	学割キャンペーン	イベント	2022/11/10
櫻木真乃	シャニマス	P	SSR	きみと巡り行く	恒常	2022/11/10
西城樹里	シャニマス	S	SSR	はずむ息、夜を縫って	恒常	2022/11/10
田中摩美々	シャニマス	P	SSR	リバーシブル・トースト	恒常	2022/11/18
七草にちか	シャニマス	P	SR	泣けよ洗濯機	恒常	2022/11/18
櫻木真乃	シャニマス	S	SR	ふわり気持ち、秋かおり	イベント	2022/11/18
七草にちか	シャニマス	G.R.A.D.編				2022/11/30
緋田美琴	シャニマス	G.R.A.D.編				2022/11/30
和泉愛依	シャニマス	S	SR	PANOR@MA WING 06	ガシャ特典	2022/11/30
緋田美琴	シャニマス	S	SR	PANOR@MA WING 08	ガシャ特典	2022/11/30
風野灯織	シャニマス	P	SSR	ひとりじゃない夜のこと	限定	2022/11/30
緋田美琴	シャニマス	S	SSR	GAP	限定	2022/11/30
黛冬優子	シャニマス	P	SR	アンコンシャス35→80	イベント	2022/11/30
越境イベント	シャニマス	線たちの12月				2022/12/09
白瀬咲耶	シャニマス	S	SSR	冬の隙間	イベント	2022/12/09
風野灯織	シャニマス	S	SR	GR@DATE WING 01	キャンペーン	2022/12/09
樋口円香	シャニマス	P	SSR	Merry	トワコレ	2022/12/09
芹沢あさひ	シャニマス	S	SSR	ひかりしめすは	トワコレ	2022/12/09
大崎甘奈	シャニマス	S.T.E.P.編				2022/12/20
大崎甜花	シャニマス	S.T.E.P.編				2022/12/20
三峰結華	シャニマス	S	SR	SE@SONAL WINTER	ガシャ特典	2022/12/20
八宮めぐる	シャニマス	P	SR	セツナ/n	イベント	2022/12/20
小宮果穂	シャニマス	P	SSR	スノードーム・シンドローム	恒常	2022/12/20
アルストロメリア	シャニマス	私たちのためのフレーズ				2023/01/01
大崎甜花	シャニマス	S	SSR	My lyrics	イベント	2023/01/01
桑山千雪	シャニマス	P	SSR	ひとひらで紡ぐ世界	限定	2023/01/01
園田智代子	シャニマス	S	SSR	◎もちもちよこ◎	限定	2023/01/01
緋田美琴	シャニマス	S	SSR	MADE	グレフェス報酬	2023/01/01
幽谷霧子	シャニマス	S	SR	犬・猿・雉・霧	イベント	2023/01/10
市川雛菜	シャニマス	P	SSR	DE-S!GN	限定	2023/01/10
和泉愛依	シャニマス	S	SSR	本気！餅つき！	限定	2023/01/10
櫻木真乃	シャニマス	S	SR	WING COLLECTION	CD特典	2023/01/18
三峰結華	シャニマス	S.T.E.P.編				2023/01/20
西城樹里	シャニマス	P	SR	#3738 Custom Order	イベント	2023/01/20
三峰結華	シャニマス	P	SSR	ノー・ライフ	恒常	2023/01/20
大崎甘奈	シャニマス	S	SSR	走るっ！！！！	恒常	2023/01/20
ストレイライト	シャニマス	VS.				2023/01/31
和泉愛依	シャニマス	S	SSR	なんでもない～	イベント	2023/01/31
七草にちか	シャニマス	P	SSR	↓ろウTea	限定	2023/01/31
有栖川夏葉	シャニマス	S	SSR	Cool＆Warm	限定	2023/01/31
八宮めぐる	シャニマス	P	SSR	ずっと・グッド・ラック	マイコレ	2023/01/31
芹沢あさひ	シャニマス	P	SSR	Boiling Sky	マイコレ	2023/01/31
桑山千雪	シャニマス	S.T.E.P.編				2023/02/10
桑山千雪	シャニマス	S	SR	Noir	イベント	2023/02/10
浅倉透	シャニマス	P	SSR	夜はなにいろ	恒常	2023/02/10
小宮果穂	シャニマス	S	SSR	グロウン・メイク・アップ！	恒常	2023/02/10
福丸小糸	シャニマス	P	SR	福はうち	イベント	2023/02/19
大崎甜花	シャニマス	P	SSR	甜ing Room	トワコレ	2023/02/19
月岡恋鐘	シャニマス	S	SSR	にゃんにゃんにゃ～ん♡	トワコレ	2023/02/19
シーズ	シャニマス	セヴン＃ス				2023/02/28
緋田美琴	シャニマス	S	SSR	STAGE	イベント	2023/02/28
芹沢あさひ	シャニマス	P	SSR	Anti-Gravity	限定	2023/02/28
風野灯織	シャニマス	S	SSR	ふたりといる夜のこと	限定	2023/02/28
西城樹里	シャニマス	P	SSR	陽の光、透かせば	マイコレ	2023/03/03
樋口円香	シャニマス	P	SSR	バグ・ル	マイコレ	2023/03/03
小宮果穂	シャニマス	S.T.E.P.編				2023/03/10
樋口円香	シャニマス	S	SR	ダ・カラ	イベント	2023/03/10
園田智代子	シャニマス	P	SSR	うつくしいあした	恒常	2023/03/10
白瀬咲耶	シャニマス	S	SSR	純粋・fall into a trap	恒常	2023/03/10
風野灯織	シャニマス	S	SR	If I_wings.	ガシャ特典	2023/03/19
芹沢あさひ	シャニマス	P	SR	ちぐはぐ姫	イベント	2023/03/20
月岡恋鐘	シャニマス	P	SSR	よか匂いのする陽気やけん	恒常	2023/03/20
斑鳩ルカ	シャニマス	ジ・エピソード				2023/03/21
風野灯織	シャニマス	P	SSR	耿耿	マイコレ	2023/03/22
市川雛菜	シャニマス	P	SSR	UNCHARTE:D	マイコレ	2023/03/22
斑鳩ルカ	シャニマス	W.I.N.G編				2023/04/02
ノクチル	シャニマス	ワールプールフールガールズ				2023/04/02
市川雛菜	シャニマス	S	SSR	THE W♡RLD	イベント	2023/04/02
斑鳩ルカ	シャニマス	P	R	白いツバサ	恒常	2023/04/02
福丸小糸	シャニマス	P	SSR	セピア色の孤独	限定	2023/04/02
七草にちか	シャニマス	S	SSR	短二度、一番線	限定	2023/04/02
浅倉透	シャニマス	S	SSR	裏声であいつら	グレフェス報酬	2023/04/02
越境イベント	シャニマス	シャイニーの日 2023 特別コミュ				2023/04/12
有栖川夏葉	シャニマス	S	SR	If I_wings.	キャンペーン	2023/04/12
有栖川夏葉	シャニマス	S	SR	アオハルランナーズ	イベント	2023/04/12
斑鳩ルカ	シャニマス	P	SSR	broken shout	恒常	2023/04/12
大崎甘奈	シャニマス	P	SSR	聞いてマイハート	マイコレ	2023/04/13
黛冬優子	シャニマス	P	SSR	名モナキ夜ノ標ニ	マイコレ	2023/04/13
月岡恋鐘	シャニマス	S.T.E.P.編				2023/04/21
斑鳩ルカ	シャニマス	S	R	283プロのヒナ	恒常	2023/04/21
田中摩美々	シャニマス	S	SSR	COOL JOKERS	トワコレ	2023/04/21
杜野凛世	シャニマス	P	SSR	花は	トワコレ	2023/04/21
斑鳩ルカ	シャニマス	P	SR	白いツバサ	アイドルロード	2023/04/21
斑鳩ルカ	シャニマス	P	SSR	アイドルロード	アイドルロード	2023/04/21
大崎甘奈	シャニマス	S	SR	For worker	イベント	2023/04/21
越境イベント	シャニマス	5th Anniversary 当日スペシャルコミュ				2023/04/24
イルミネーションスターズ	シャニマス	ヒカリと夜の音楽、またはクロノスタシス				2023/04/30
八宮めぐる	シャニマス	S	SSR	青風、駆けていく	イベント	2023/04/30
風野灯織	シャニマス	P	SSR	エバー・リメンバー・ネバー	限定	2023/04/30
小宮果穂	シャニマス	S	SSR	オルター！	限定	2023/04/30
七草にちか	シャニマス	S	SR	羽なしたちの長い日	イベント	2023/05/11
白瀬咲耶	シャニマス	P	SSR	私をときめかせて	恒常	2023/05/11
田中摩美々	シャニマス	P	SSR	PURPLE M	マイコレ	2023/05/17
園田智代子	シャニマス	P	SSR	チョコ for Y♡U	マイコレ	2023/05/17
白瀬咲耶	シャニマス	S.T.E.P.編				2023/05/22
西城樹里	シャニマス	S	SR	ゆらりゆられて	イベント	2023/05/22
桑山千雪	シャニマス	S	SSR	一瞬を閉じ込め、あなたに	恒常	2023/05/22
和泉愛依	シャニマス	P	SSR	うちと幸せ	恒常	2023/05/22
アンティーカ	シャニマス	月が焦がれる太陽／月				2023/05/31
三峰結華	シャニマス	S	SSR	焦	イベント	2023/05/31
幽谷霧子	シャニマス	P	SSR	空・風・明・鳴	限定	2023/05/31
樋口円香	シャニマス	S	SSR	漠漠	限定	2023/05/31
黛冬優子	シャニマス	S	SSR	とある日の	キャンペーン	2023/06/01
芹沢あさひ	シャニマス	S	SR	月に向かって吠えろ	イベント	2023/06/09
有栖川夏葉	シャニマス	P	SSR	Birdy BUddy	恒常	2023/06/09
斑鳩ルカ	シャニマス	S	SSR	Splinter	恒常	2023/06/09
西城樹里	シャニマス	S.T.E.P.編				2023/06/20
浅倉透	シャニマス	S	SR	みずになりかけ	イベント	2023/06/20
西城樹里	シャニマス	S	SSR	心に浮かぶもの	限定	2023/06/20
大崎甜花	シャニマス	P	SSR	Eve	限定	2023/06/20
放課後クライマックスガールズ	シャニマス	綺羅星ルックバック				2023/06/30
園田智代子	シャニマス	S	SSR	chocolate next door	イベント	2023/06/30
市川雛菜	シャニマス	S	SSR	CR-EAT-I♡N	限定	2023/06/30
緋田美琴	シャニマス	P	SSR	DIVA	限定	2023/06/30
樋口円香	シャニマス	S	SSR	暑熱	キャンペーン	2023/07/01
推しの子	シャニマス	Belles of three.Stray match				2023/07/10
MEMちょ	シャニマス	S	SSR	Be yellow	イベント	2023/07/10
小宮果穂	シャニマス	P	SSR	両手に兄！	恒常	2023/07/10
ルビー	シャニマス	P	SSR	Be red	限定	2023/07/10
月岡恋鐘	シャニマス	S	SR	夏空商店街	イベント	2023/07/10
ルビー	シャニマス	W.I.N.G編				2023/07/10
福丸小糸	シャニマス	S	SR	おおきなひと口	イベント	2023/07/20
八宮めぐる	シャニマス	P	SSR	こころレイヤリング	恒常	2023/07/20
杜野凛世	シャニマス	S	SSR	夏彩フレア	恒常	2023/07/20
有馬かな	シャニマス	P	SSR	Be white	限定	2023/07/20
有馬かな	シャニマス	W.I.N.G編				2023/07/20
市川雛菜	シャニマス	S	SR	我儘なまま	ガシャ特典	2023/07/22
三峰結華	シャニマス	S	SR	我儘なまま	ガシャ特典	2023/07/23
市川雛菜	シャニマス	S	SR	LaLa！Bitter	イベント	2023/07/31
黛冬優子	シャニマス	S	SSR	浮遊回帰線	限定	2023/07/31
樋口円香	シャニマス	P	SSR	キン・コン	限定	2023/07/31
七草にちか	シャニマス	Landing Point編				2023/08/09
緋田美琴	シャニマス	Landing Point編				2023/08/09
田中摩美々	シャニマス	S	SR	コミケ102	ガシャ特典	2023/08/09
小宮果穂	シャニマス	S	SR	『大天使カホエル』	イベント	2023/08/09
白瀬咲耶	シャニマス	P	SSR	落ちる音がする	恒常	2023/08/09
緋田美琴	シャニマス	S	SSR	overlap	恒常	2023/08/09
シーズ	シャニマス	Landing Point編				2023/08/09
小宮果穂	シャニマス	P	SSR	カラーズキャッチ！	マイコレ	2023/08/15
七草にちか	シャニマス	P	SSR	ふラiとぅTHE	マイコレ	2023/08/15
越境イベント	シャニマス	バイ・スパイラル				2023/08/21
斑鳩ルカ	シャニマス	S	SSR	杖たちの足跡	イベント	2023/08/21
桑山千雪	シャニマス	P	SSR	ネームレス・ヘヴンに憧れて	トワコレ	2023/08/21
三峰結華	シャニマス	S	SSR	一夏・泡沫・ギフテッド	トワコレ	2023/08/21
アルストロメリア	シャニマス	好きの満ち欠け				2023/08/31
大崎甜花	シャニマス	S	SSR	楽しいがたくさん	イベント	2023/08/31
西城樹里	シャニマス	P	SSR	Clashmade	限定	2023/08/31
浅倉透	シャニマス	S	SSR	floooat	限定	2023/08/31
浅倉透	シャニマス	S.T.E.P.編				2023/09/11
樋口円香	シャニマス	S.T.E.P.編				2023/09/11
幽谷霧子	シャニマス	P	SSR	窓・送・巡・歌	恒常	2023/09/11
櫻木真乃	シャニマス	S	SSR	2,640のきせき	恒常	2023/09/11
和泉愛依	シャニマス	S	SR	志道の覚悟	イベント	2023/09/11
大崎甘奈	シャニマス	P	SSR	すれちがいシアター	恒常	2023/09/21
斑鳩ルカ	シャニマス	P	SR	Blind Driver	恒常	2023/09/21
白瀬咲耶	シャニマス	S	SR	back to back	イベント	2023/09/21
三峰結華	シャニマス	P	SSR	鏡界フィクションレイン	マイコレ	2023/09/25
福丸小糸	シャニマス	P	SSR	雲のかなたまで	マイコレ	2023/09/25
シーズ	シャニマス	not enough				2023/09/30
緋田美琴	シャニマス	S	SSR	AWAKE	イベント	2023/09/30
七草にちか	シャニマス	P	SSR	とキどき間氷期	限定	2023/09/30
園田智代子	シャニマス	S	SSR	歪-twst-罅割-brk	限定	2023/09/30
田中摩美々	シャニマス	P	SSR	まみみスイッチ	恒常	2023/10/10
幽谷霧子	シャニマス	S	SSR	楓・風・娘・娘	恒常	2023/10/10
杜野凛世	シャニマス	S	SR	竜想譚	イベント	2023/10/10
有栖川夏葉	シャニマス	P	SSR	ビューティ/フル	マイコレ	2023/10/15
和泉愛依	シャニマス	P	SSR	何度転んだって	マイコレ	2023/10/15
黛冬優子	シャニマス	S.T.E.P.編				2023/10/19
市川雛菜	シャニマス	P	SSR	Keep→it up♡	恒常	2023/10/19
風野灯織	シャニマス	S	SR	混ぜ込む気持ち	イベント	2023/10/19
斑鳩ルカ	シャニマス	S	SR	星が見上げた空	ガシャ特典	2023/10/21
大崎甘奈	シャニマス	S	SR	星が見上げた空	ガシャ特典	2023/10/22
ストレイライト	シャニマス	Wintermute,dawn				2023/10/30
芹沢あさひ	シャニマス	S	SSR	真空の庭	イベント	2023/10/30
八宮めぐる	シャニマス	P	SSR	ふたり色 クレオール	トワコレ	2023/10/30
有栖川夏葉	シャニマス	S	SSR	コンビ・コンビニエンス	トワコレ	2023/10/30
幽谷霧子	シャニマス	S	SSR	廻・廻・娩・淘	恒常	2023/10/30
大崎甘奈	シャニマス	S	SSR	マジック☆ガーディアンズ	グレフェス報酬	2023/10/30
櫻木真乃	シャニマス	S.T.E.P.編				2023/11/13
黛冬優子	シャニマス	P	SSR	三文ノワール	限定	2023/11/13
白瀬咲耶	シャニマス	S	SSR	silver◎lining	限定	2023/11/13
三峰結華	シャニマス	S	SR	こんな顔して実は	イベント	2023/11/13
園田智代子	シャニマス	P	SSR	Kn☆cking. Kn☆cking.	恒常	2023/11/21
大崎甜花	シャニマス	S	SSR	Pop-Up！My ♡	恒常	2023/11/21
桑山千雪	シャニマス	S	SR	世界はこの、腕の中	イベント	2023/11/21
桑山千雪	シャニマス	P	SSR	剥がされて、虚ろ	恒常	2023/11/29
樋口円香	シャニマス	S	SR	無色	イベント	2023/11/29
杜野凛世	シャニマス	P	SSR	染光満月	マイコレ	2023/12/03
浅倉透	シャニマス	P	SSR	あてもなく、風	マイコレ	2023/12/03
風野灯織	シャニマス	S	SR	空×虹	ガシャ特典	2023/12/09
鈴木羽那	シャニマス	W.I.N.G編				2023/12/11
郁田はるき	シャニマス	W.I.N.G編				2023/12/11
鈴木羽那	シャニマス	P	R	白いツバサ	恒常	2023/12/11
郁田はるき	シャニマス	P	R	白いツバサ	恒常	2023/12/11
越境イベント	シャニマス	ロード・トゥ・ハッピーホリデー！				2023/12/11
有栖川夏葉	シャニマス	S	SSR	ヒイラギの窓辺に	イベント	2023/12/11
月岡恋鐘	シャニマス	P	SSR	ふりそそぐもの	限定	2023/12/11
芹沢あさひ	シャニマス	S	SSR	吹雪舞う地でのひと時	限定	2023/12/11
鈴木羽那	シャニマス	P	SSR	Eyes On You	恒常	2023/12/20
郁田はるき	シャニマス	P	SSR	Hopeland	恒常	2023/12/20
幽谷霧子	シャニマス	S	SR	赤・巾・狼・娘	イベント	2023/12/20
コメティック	シャニマス	no/ode				2024/01/01
鈴木羽那	シャニマス	S	SSR	黒色彗星	イベント	2024/01/01
鈴木羽那	シャニマス	S	R	283プロのヒナ	恒常	2024/01/01
郁田はるき	シャニマス	S	R	283プロのヒナ	恒常	2024/01/01
斑鳩ルカ	シャニマス	P	SSR	Noisy Rush	限定	2024/01/01
八宮めぐる	シャニマス	S	SSR	春待ちララバイ	限定	2024/01/01
郁田はるき	シャニマス	S	SR	specially made	ガシャ特典	2024/01/01
福丸小糸	シャニマス	P	SSR	あなた様へ紡ぐ	トワコレ	2024/01/12
大崎甘奈	シャニマス	S	SSR	おそろしいかぐ！	トワコレ	2024/01/12
鈴木羽那	シャニマス	P	SR	白いツバサ	アイドルロード	2024/01/12
郁田はるき	シャニマス	P	SR	白いツバサ	アイドルロード	2024/01/12
鈴木羽那	シャニマス	P	SSR	アイドルロード	恒常	2024/01/12
郁田はるき	シャニマス	P	SSR	アイドルロード	恒常	2024/01/12
園田智代子	シャニマス	S	SR	ラフ？ガール	イベント	2024/01/12
市川雛菜	シャニマス	S.T.E.P.編				2024/01/22
浅倉透	シャニマス	P	SSR	雪あたりの季節	恒常	2024/01/22
鈴木羽那	シャニマス	S	SSR	Colorless Mirror	恒常	2024/01/22
田中摩美々	シャニマス	S	SR	ひまな白銀	イベント	2024/01/22
幽谷霧子	シャニマス	P	SSR	唯・唯・寧・詠	マイコレ	2024/01/26
大崎甜花	シャニマス	P	SSR	きみは相棒	マイコレ	2024/01/26
ノクチル	シャニマス	いきどまりの自由				2024/01/30
浅倉透	シャニマス	S	SSR	たすものについて	イベント	2024/01/30
小宮果穂	シャニマス	P	SSR	きみだけ！	限定	2024/01/30
月岡恋鐘	シャニマス	S	SSR	春風来たりて	限定	2024/01/30
大崎甘奈	シャニマス	S	SSR	OT♡NAメイクヘンシン☆	限定	2024/01/30
風野灯織	シャニマス	S	SSR	守って！スターリー☆ナイト	グレフェス報酬	2024/01/30
黛冬優子	シャニマス	P	SSR	ノンセンス・プロンプ	恒常	2024/02/08
西城樹里	シャニマス	S	SR	祈って、分け合って	イベント	2024/02/08
福丸小糸	シャニマス	S.T.E.P.編				2024/02/19
樋口円香	シャニマス	P	SSR	フリークス・アリー	恒常	2024/02/19
鈴木羽那	シャニマス	P	SR	優You	恒常	2024/02/19
黛冬優子	シャニマス	S	SR	三つ数えて	イベント	2024/02/19
白瀬咲耶	シャニマス	P	SSR	夜が来ても	マイコレ	2024/02/23
桑山千雪	シャニマス	P	SSR	やわらかくうけとめて	マイコレ	2024/02/23
アンティーカ	シャニマス	タイム・オブ・グッバイズ				2024/02/28
幽谷霧子	シャニマス	S	SSR	巡・巡・花・風	イベント	2024/02/28
郁田はるき	シャニマス	P	SSR	連綿と、桜	トワコレ	2024/02/28
西城樹里	シャニマス	S	SSR	宝物はこの手の中に	トワコレ	2024/02/28
小宮果穂	シャニマス	S	SSR	友情BURNING！	限定	2024/02/28
樋口円香	シャニマス	S	SR	Brilliant Blooms	ガシャ特典	2024/03/02
芹沢あさひ	シャニマス	S	SR	Brilliant Blooms	ガシャ特典	2024/03/03
三峰結華	シャニマス	P	SSR	Good-bye ラブレター	限定	2024/03/11
櫻木真乃	シャニマス	S	SSR	お手をどうぞ	限定	2024/03/11
杜野凛世	シャニマス	S	SR	超純情和菓子専科	イベント	2024/03/11
和泉愛依	シャニマス	P	SSR	あたし・マスト	恒常	2024/03/21
市川雛菜	シャニマス	S	SSR	spare☆☆☆☆time	恒常	2024/03/21
櫻木真乃	シャニマス	S	SR	月へようこそ	イベント	2024/03/21
月岡恋鐘	シャニマス	P	SSR	hurray for...	マイコレ	2024/03/23
緋田美琴	シャニマス	P	SSR	YOU＆I	マイコレ	2024/03/23
芹沢あさひ	シャニマス	S	SSR	路地裏のRhyme	限定	2024/03/29
ストレイライト	シャニマス	Stay just the way you are				2024/04/02
芹沢あさひ	シャニマス	S	SSR	夕日に照らされ光るもの	イベント	2024/04/02
白瀬咲耶	シャニマス	P	SSR	記憶が降る街	トワコレ	2024/04/02
浅倉透	シャニマス	S	SSR	てやんでぇ	トワコレ	2024/04/02
櫻木真乃	シャニマス	S	SR	出会い	ガシャ特典	2024/04/06
八宮めぐる	シャニマス	S	SR	今、羽ばたく瞬間――。	配布	2024/04/06
郁田はるき	シャニマス	P	SSR	桜花拾	限定	2024/04/10
田中摩美々	シャニマス	S	SSR	パッチ・リコレクション	限定	2024/04/10
樋口円香	シャニマス	S	SR	fuka	イベント	2024/04/10
櫻木真乃	シャニマス	S	SR	ツバサグラビティ	配布	2024/04/10
越境イベント	シャニマス	シャイニーの日 2024 特別コミュ				2024/04/12
櫻木真乃	シャニマス	P	SSR	私のハルモニア	マイコレ	2024/04/13
斑鳩ルカ	シャニマス	P	SSR	BLUES	マイコレ	2024/04/13
田中摩美々	シャニマス	S	SR	みんなと一緒に	ガシャ特典	2024/04/13
三峰結華	シャニマス	S	SR	ウタという炎	配布	2024/04/13
大崎甘奈	シャニマス	P	SSR	憧憬リキュール	パラコレ	2024/04/18
市川雛菜	シャニマス	P	SSR	change___	パラコレ	2024/04/18
大崎甜花	シャニマス	S	SR	余白のページ	イベント	2024/04/18
大崎甘奈	シャニマス	S	SR	みんなと一緒に	ガシャ特典	2024/04/20
幽谷霧子	シャニマス	S	SR	Fantastic Fireworks	ガシャ特典	2024/04/20
大崎甜花	シャニマス	S	SR	未来への憧れ	配布	2024/04/20
鈴木羽那	シャニマス	S	SR	Fantastic Fireworks	ガシャ特典	2024/04/21
斑鳩ルカ	シャニマス	ファン感謝祭編				2024/04/24
鈴木羽那	シャニマス	ファン感謝祭編				2024/04/24
郁田はるき	シャニマス	ファン感謝祭編				2024/04/24
コメティック	シャニマス	ファン感謝祭編				2024/04/24
越境イベント	シャニマス	6th Anniversary 当日スペシャルコミュ				2024/04/24
小宮果穂	シャニマス	S	SR	みんなと一緒に	ガシャ特典	2024/04/27
西城樹里	シャニマス	S	SR	本当のヒーロー！	配布	2024/04/27
イルミネーションスターズ	シャニマス	絆光記				2024/04/29
八宮めぐる	シャニマス	S	SSR	王と蚤	イベント	2024/04/29
櫻木真乃	シャニマス	P	SSR	あなたと、いただきます	限定	2024/04/29
三峰結華	シャニマス	S	SSR	宝鈿玉釵	限定	2024/04/29
風野灯織	シャニマス	S	SR	みんなと一緒に	ガシャ特典	2024/05/04
櫻木真乃	シャニマス	S	SR	３人だけのフォーメーション	配布	2024/05/04
杜野凛世	シャニマス	P	SSR	硝子少女	恒常	2024/05/09
郁田はるき	シャニマス	S	SSR	遠き明滅	恒常	2024/05/09
白瀬咲耶	シャニマス	S	SR	スイッチ・デイズ	イベント	2024/05/09
杜野凛世	シャニマス	S	SR	今のすべてを	配布	2024/05/11
桑山千雪	シャニマス	S	SR	W.I.N.G.への軌跡	配布	2024/05/18
杜野凛世	シャニマス	S.T.E.P.編				2024/05/21
桑山千雪	シャニマス	P	SSR	切り拓いて・茨	パラコレ	2024/05/21
黛冬優子	シャニマス	P	SSR	紅茶夢現	パラコレ	2024/05/21
有栖川夏葉	シャニマス	S	SR	夢境カスタマイズ	イベント	2024/05/21
園田智代子	シャニマス	S	SR	照らしあう景色	配布	2024/05/25
コメティック	シャニマス	THE（CoMETIK）EPISODE				2024/05/30
斑鳩ルカ	シャニマス	S	SSR	夜になって	イベント	2024/05/30
鈴木羽那	シャニマス	P	SSR	Marry You？	限定	2024/05/30
樋口円香	シャニマス	S	SSR	水平	限定	2024/05/30
月岡恋鐘	シャニマス	S	SR	最初の勇気	配布	2024/06/01
幽谷霧子	シャニマス	P	SSR	白・架・祝・幻	恒常	2024/06/07
杜野凛世	シャニマス	S	SSR	白木槿	恒常	2024/06/07
郁田はるき	シャニマス	S	SR	猫と犬みたいな雨	イベント	2024/06/07
八宮めぐる	シャニマス	S	SR	花火のヒカリ	ガシャ特典	2024/06/08
有栖川夏葉	シャニマス	S	SR	色とりどりのイメージ	配布	2024/06/08
幽谷霧子	シャニマス	S	SR	ライブ前	ガシャ特典	2024/06/15
大崎甘奈	シャニマス	S	SR	バトンをつないで	配布	2024/06/15
幽谷霧子	シャニマス	S.T.E.P.編				2024/06/19
緋田美琴	シャニマス	P	SSR	This way	トワコレ	2024/06/19
和泉愛依	シャニマス	P	SSR	誓う～！	トワコレ	2024/06/19
田中摩美々	シャニマス	S	SR	レイニーじゃんじゃん	イベント	2024/06/19
八宮めぐる	シャニマス	S	SR	２８３プロの集大成	ガシャ特典	2024/06/22
風野灯織	シャニマス	S	SR	Spread the Wings!!	配布	2024/06/22
シーズ	シャニマス	それはとても青く。				2024/06/29
緋田美琴	シャニマス	P	SSR	BLUE SKY	イベント	2024/06/29
斑鳩ルカ	シャニマス	P	SSR	SMASH	限定	2024/06/29
大崎甘奈	シャニマス	S	SSR	ウォーターパーク☆リポート	限定	2024/06/29
田中摩美々	シャニマス	S	SR	サマーアイドル2022	ガシャ特典	2024/06/29
有栖川夏葉	シャニマス	S.T.E.P.編				2024/07/09
大崎甜花	シャニマス	P	SSR	甜der Dream Show	恒常	2024/07/09
月岡恋鐘	シャニマス	S	SSR	いんすたんとバケーション！	恒常	2024/07/09
三峰結華	シャニマス	S	SR	IN THE MOOD VOL.3	イベント	2024/07/09
園田智代子	シャニマス	S	SR	サマーアイドル2022	ガシャ特典	2024/07/09
小宮果穂	シャニマス	P	SSR	ななひゃくさんじゅう えん	パラコレ	2024/07/18
樋口円香	シャニマス	P	SSR	ジャンク・ション	パラコレ	2024/07/18
杜野凛世	シャニマス	S	SR	なつおもひ	イベント	2024/07/18
七草にちか	シャニマス	S	SR	サマーアイドル2022	ガシャ特典	2024/07/18
浅倉透	シャニマス	S	SR	LIVE FUN!!	ガシャ特典	2024/07/27
芹沢あさひ	シャニマス	S	SR	LIVE FUN!!	ガシャ特典	2024/07/28
黛冬優子	シャニマス	P	SSR	ア・冬優子イズム	恒常	2024/07/30
浅倉透	シャニマス	S	SSR	ジューンブライド2024	限定	2024/07/30
園田智代子	シャニマス	S	SSR	ちょこほりっく♡注意報	グレフェス報酬	2024/07/30
推しの子	シャニマス	Actors				2024/08/07
黒川あかね	シャニマス	S	SSR	Actors	イベント	2024/08/07
七草にちか	シャニマス	P	SSR	伝えテ niiid U	恒常	2024/08/07
MEMちょ	シャニマス	P	SSR	In yellow	限定	2024/08/07
ルビー	シャニマス	S	SSR	Starlight	限定	2024/08/07
樋口円香	シャニマス	S	SR	露光	イベント	2024/08/07
ルビー	シャニマス	P	SSR	In red	トワコレ	2024/08/14
有馬かな	シャニマス	P	SSR	In white	トワコレ	2024/08/14
園田智代子	シャニマス	P	SSR	はじめましてラストダンス	トワコレ	2024/08/19
斑鳩ルカ	シャニマス	S	SSR	JUNK STAR	トワコレ	2024/08/19
有栖川夏葉	シャニマス	S	SR	七色を知っている	イベント	2024/08/19
アルストロメリア	シャニマス	【配信！】おはこんばんストロメリア！				2024/08/30
桑山千雪	シャニマス	S	SSR	私たちらしく	イベント	2024/08/30
大崎甘奈	シャニマス	P	SSR	輝いてアンドロメダ	限定	2024/08/30
小宮果穂	シャニマス	S	SSR	ワン・フォー・オール！	限定	2024/08/30
幽谷霧子	シャニマス	S	SSR	サマーキャンペーン2024	ガシャ特典	2024/08/30
風野灯織	シャニマス	P	SSR	ベター・ザン・ベスト	限定	2024/09/09
福丸小糸	シャニマス	S	SSR	さよならメランコリー	限定	2024/09/09
七草にちか	シャニマス	S	SR	僥倖、色付く	イベント	2024/09/09
芹沢あさひ	シャニマス	P	SSR	ムーンライト・ガーデン	恒常	2024/09/18
七草にちか	シャニマス	S	SSR	なけなしホリデー	恒常	2024/09/18
福丸小糸	シャニマス	S	SR	翅がみえた	イベント	2024/09/18
放課後クライマックスガールズ	シャニマス	夢のあと、さき				2024/09/29
西城樹里	シャニマス	S	SSR	紡ぐ黄昏	イベント	2024/09/29
月岡恋鐘	シャニマス	P	SSR	いつか帰りたか場所	パラコレ	2024/09/29
大崎甜花	シャニマス	P	SSR	LADY♡e-DOL	パラコレ	2024/09/29
櫻木真乃	シャニマス	S	SSR	プリズムフレア	配布	2024/10/05
和泉愛依	シャニマス	S	SR	飛んでく先を決めるのは	配布	2024/10/05
芹沢あさひ	シャニマス	S	SR	迷光、生じる	ガシャ特典	2024/10/05
桑山千雪	シャニマス	S	SR	Chapter283	ガシャ特典	2024/10/05
鈴木羽那	シャニマス	S	SR	Chapter283	ガシャ特典	2024/10/06
斑鳩ルカ	シャニマス	G.R.A.D.編				2024/10/09
鈴木羽那	シャニマス	G.R.A.D.編				2024/10/09
郁田はるき	シャニマス	G.R.A.D.編				2024/10/09
園田智代子	シャニマス	S.T.E.P.編				2024/10/09
浅倉透	シャニマス	P	SSR	ヘブンリーブルーをつかまえて	限定	2024/10/09
斑鳩ルカ	シャニマス	S	SSR	※CAUTION※	限定	2024/10/09
櫻木真乃	シャニマス	S	SR	やさしい夜に	イベント	2024/10/09
黛冬優子	シャニマス	S	SR	Straylight.run()	配布	2024/10/12
芹沢あさひ	シャニマス	S	SR	The Straylight	ガシャ特典	2024/10/12
鈴木羽那	シャニマス	P	SSR	Scene With You	トワコレ	2024/10/18
風野灯織	シャニマス	S	SSR	レンズの先に見えたもの	トワコレ	2024/10/18
大崎甘奈	シャニマス	S	SR	D★wner	イベント	2024/10/18
西城樹里	シャニマス	S	SR	混ざりあえば新しい光	配布	2024/10/19
杜野凛世	シャニマス	S	SR	交雑する心、合わせて	ガシャ特典	2024/10/19
七草はづき	シャニマス	S	SSR	２８３プロの日常	限定	2024/10/24
樋口円香	シャニマス	S	SSR	ワーキングスナップ～デート	限定	2024/10/25
月岡恋鐘	シャニマス	S	SR	Happy Surprise Trick!	配布	2024/10/26
大崎甜花	シャニマス	S	SR	化けストロメリア	ガシャ特典	2024/10/26
風野灯織	シャニマス	S	SSR	Poison Berry Daughters	ガシャ特典	2024/10/26
田中摩美々	シャニマス	S	SSR	Midnight parade!	ガシャ特典	2024/10/26
小宮果穂	シャニマス	S	SSR	CANDY UNIVERSE	ガシャ特典	2024/10/26
園田智代子	シャニマス	S	SSR	ねぇ、ねぇ、ねぇ	ガシャ特典	2024/10/26
有栖川夏葉	シャニマス	S	SSR	OPEN the New world	ガシャ特典	2024/10/26
アンティーカ	シャニマス	794.62MHz				2024/10/31
田中摩美々	シャニマス	S	SSR	メモラブル・シングス	イベント	2024/10/31
三峰結華	シャニマス	P	SSR	待ちぼうけ次回予告	限定	2024/10/31
園田智代子	シャニマス	S	SSR	リアルラックにお願い☆★	限定	2024/10/31
杜野凛世	シャニマス	S	SSR	三恋符のソナタ	限定	2024/10/31
月岡恋鐘	シャニマス	S	SSR	ばってん乙女♡ラブ・ムーン	グレフェス報酬	2024/10/31
市川雛菜	シャニマス	S	SR	行こうって言ったら	配布	2024/11/02
樋口円香	シャニマス	S	SR	今はまだ――	ガシャ特典	2024/11/02
八宮めぐる	シャニマス	S.T.E.P.編				2024/11/08
福丸小糸	シャニマス	P	SSR	窓をあけて	恒常	2024/11/08
郁田はるき	シャニマス	P	SR	漂白花火	恒常	2024/11/08
園田智代子	シャニマス	S	SR	キス♡ミーなんて！？	イベント	2024/11/08
黛冬優子	シャニマス	S	SR	ほんとの気持ちのその先に	配布	2024/11/09
浅倉透	シャニマス	S	SR	問いかけと、答えは。	ガシャ特典	2024/11/09
白瀬咲耶	シャニマス	S	SR	一番大事なもの	配布	2024/11/16
月岡恋鐘	シャニマス	S	SSR	橙より未来	ガシャ特典	2024/11/16
白瀬咲耶	シャニマス	S	SR	――過去	ガシャ特典	2024/11/16
田中摩美々	シャニマス	P	SSR	Find M Trick	限定	2024/11/19
大崎甜花	シャニマス	S	SSR	甜花の恩返し	限定	2024/11/19
幽谷霧子	シャニマス	S	SR	君・記・我・憶	イベント	2024/11/19
桑山千雪	シャニマス	S	SR	アルストロメリア、なんて	配布	2024/11/23
大崎甜花	シャニマス	S	SSR	With you	ガシャ特典	2024/11/23
大崎甘奈	シャニマス	S	SR	３人で	ガシャ特典	2024/11/23
黛冬優子	シャニマス	S	SSR	ワーキングスナップ～デート	限定	2024/11/24
八宮めぐる	シャニマス	P	SSR	そらあいスウィング	パラコレ	2024/11/29
杜野凛世	シャニマス	P	SSR	ラヴ・レター	パラコレ	2024/11/29
小宮果穂	シャニマス	S	SR	選んでる？選ばれてる？	イベント	2024/11/29
芹沢あさひ	シャニマス	S	SR	うちとあたしのひとつの結論	配布	2024/11/30
和泉愛依	シャニマス	S	SSR	Future Designer	ガシャ特典	2024/11/30
和泉愛依	シャニマス	S	SR	Q.E.D. 証明終了	ガシャ特典	2024/11/30
園田智代子	シャニマス	S	SR	それが私の夢だって	配布	2024/12/07
西城樹里	シャニマス	S	SSR	さあ舞い上がれ	ガシャ特典	2024/12/07
有栖川夏葉	シャニマス	S	SR	これが私の気持ちだから	ガシャ特典	2024/12/07
七草にちか	シャニマス	S.T.E.P.編				2024/12/11
越境イベント	シャニマス	冬が灯る先				2024/12/11
緋田美琴	シャニマス	S	SSR	GIFT	イベント	2024/12/11
緋田美琴	シャニマス	P	SSR	SUGARLESS	限定	2024/12/11
鈴木羽那	シャニマス	S	SSR	聖なれ	限定	2024/12/11
七草はづき	シャニマス	S	SSR	ケーキブレイク	限定	2024/12/11
郁田はるき	シャニマス	P	SSR	流星パレット	マイコレ	2024/12/13
浅倉透	シャニマス	S	SR	私にできること	配布	2024/12/14
福丸小糸	シャニマス	S	SSR	未来へのSign	ガシャ特典	2024/12/14
浅倉透	シャニマス	S	SR	くじら	ガシャ特典	2024/12/14
樋口円香	シャニマス	S	SR	アイマスEXPO	ガシャ特典	2024/12/14
大崎甜花	シャニマス	S	SR	アイマスEXPO	ガシャ特典	2024/12/15
有栖川夏葉	シャニマス	P	SSR	TOTTを誓って	パラコレ	2024/12/19
芹沢あさひ	シャニマス	P	SSR	さよならカイト	パラコレ	2024/12/19
黛冬優子	シャニマス	S	SR	散光白書	イベント	2024/12/19
七草はづき	シャニマス	S	SSR	輝きを支える	限定	2024/12/21
福丸小糸	シャニマス	S	SR	今、この時だけの輝き	配布	2024/12/21
福丸小糸	シャニマス	S	SSR	いつだって僕らは	ガシャ特典	2024/12/21
芹沢あさひ	シャニマス	S	SR	ライブツアー	ガシャ特典	2024/12/21
八宮めぐる	シャニマス	S	SSR	星の数だけ	ガシャ特典	2024/12/21
小宮果穂	シャニマス	S	SSR	ゆめうつつ	限定	2024/12/22
大崎甘奈	シャニマス	S	SSR	ワーキングスナップ～デート	限定	2024/12/24
大崎甜花	シャニマス	S	SSR	ワーキングスナップ～デート	限定	2024/12/24
放課後クライマックスガールズ	シャニマス	くつろぎクライマックスガールズ				2025/01/01
園田智代子	シャニマス	S	SSR	クライマックス↑↓大貧民	イベント	2025/01/01
西城樹里	シャニマス	P	SSR	あなた色アンダンテ	トワコレ	2025/01/01
樋口円香	シャニマス	S	SSR	ナカキヨノ	トワコレ	2025/01/01
緋田美琴	シャニマス	S.T.E.P.編				2025/01/09
樋口円香	シャニマス	S	SSR	湯巡	限定	2025/01/09
月岡恋鐘	シャニマス	P	SSR	純雪エモーショナル	恒常	2025/01/09
桑山千雪	シャニマス	S	SSR	あたたかく、癒されて	恒常	2025/01/09
鈴木羽那	シャニマス	S	SR	ダブルホワイト	イベント	2025/01/09
緋田美琴	シャニマス	S	SR	liminal;marginal;eternal	ガシャ特典	2025/01/11
郁田はるき	シャニマス	S	SR	liminal;marginal;eternal	ガシャ特典	2025/01/11
七草にちか	シャニマス	S	SR	liminal;marginal;eternal	ガシャ特典	2025/01/12
斑鳩ルカ	シャニマス	S	SR	liminal;marginal;eternal	ガシャ特典	2025/01/12
風野灯織	シャニマス	P	SSR	The thing is	パラコレ	2025/01/21
七草にちか	シャニマス	P	SSR	日々、想	パラコレ	2025/01/21
月岡恋鐘	シャニマス	S	SR	届け♡こん気持ち	イベント	2025/01/21
浅倉透	シャニマス	S	SSR	ワーキングスナップ～デート	限定	2025/01/25
ストレイライト	シャニマス	En Route				2025/01/30
和泉愛依	シャニマス	S	SSR	獲るよ！	イベント	2025/01/30
有栖川夏葉	シャニマス	P	SSR	ユアバレンタイン	限定	2025/01/30
八宮めぐる	シャニマス	S	SSR	わがままサンライズ	限定	2025/01/30
芹沢あさひ	シャニマス	S	SSR	コウカンシンケイドールズ	グレフェス報酬	2025/01/30
七草はづき	シャニマス	S	SR	Happy Birthday	限定	2025/02/03
コメティック	シャニマス	Landing Point編				2025/02/07
斑鳩ルカ	シャニマス	Landing Point編				2025/02/07
郁田はるき	シャニマス	Landing Point編				2025/02/07
鈴木羽那	シャニマス	Landing Point編				2025/02/07
杜野凛世	シャニマス	P	SSR	片恋はあと	恒常	2025/02/07
市川雛菜	シャニマス	S	SR	MY：♡ur Castle	イベント	2025/02/07
鈴木羽那	シャニマス	P	SSR	From You	マイコレ	2025/02/12
杜野凛世	シャニマス	S	SSR	ワーキングスナップ～デート	限定	2025/02/14
和泉愛依	シャニマス	P	SSR	今、できることを全て	パラコレ	2025/02/18
斑鳩ルカ	シャニマス	P	SSR	Could Be	パラコレ	2025/02/18
風野灯織	シャニマス	S	SR	優雅に願いをかけて	イベント	2025/02/18
越境イベント	シャニマス	とまりかぜの春たちは				2025/02/28
浅倉透	シャニマス	S	SSR	caaaaaaall	イベント	2025/02/28
市川雛菜	シャニマス	P	SSR	d!scovery	限定	2025/02/28
芹沢あさひ	シャニマス	S	SSR	三月三十三日	限定	2025/02/28
杜野凛世	シャニマス	S	SR	Over the prism	ガシャ特典	2025/03/01
園田智代子	シャニマス	S	SR	Over the prism	ガシャ特典	2025/03/02
市川雛菜	シャニマス	S	SSR	ひな♡まつり	限定	2025/03/03
幽谷霧子	シャニマス	P	SSR	海へと還る街	パラコレ	2025/03/11
緋田美琴	シャニマス	P	SSR	POLARIS	パラコレ	2025/03/11
白瀬咲耶	シャニマス	S	SR	シンメトリカルのように	イベント	2025/03/11
櫻木真乃	シャニマス	S	SSR	春風、ふわり	限定	2025/03/19
鈴木羽那	シャニマス	S	SSR	スクーリー・フラッシュ	限定	2025/03/19
風野灯織	シャニマス	P	SSR	キミと今旅立つ	恒常	2025/03/19
西城樹里	シャニマス	S	SR	新緑に響く	イベント	2025/03/19
桑山千雪	シャニマス	S	SSR	ワーキングスナップ～デート	限定	2025/03/20
八宮めぐる	シャニマス	S	SR	COSTUME GALLERY	ガシャ特典	2025/03/22
三峰結華	シャニマス	S	SR	COSTUME GALLERY	ガシャ特典	2025/03/22
西城樹里	シャニマス	S	SR	COSTUME GALLERY	ガシャ特典	2025/03/22
大崎甜花	シャニマス	S	SR	COSTUME GALLERY	ガシャ特典	2025/03/22
芹沢あさひ	シャニマス	S	SR	COSTUME GALLERY	ガシャ特典	2025/03/22
福丸小糸	シャニマス	S	SR	COSTUME GALLERY	ガシャ特典	2025/03/22
七草にちか	シャニマス	S	SR	COSTUME GALLERY	ガシャ特典	2025/03/22
斑鳩ルカ	シャニマス	S	SR	COSTUME GALLERY	ガシャ特典	2025/03/22
櫻木真乃	シャニマス	S	SSR	分光-1-	シャニアニ2nd円盤特典	2025/03/28
浅倉透	シャニマス	S	SSR	分光-2-	シャニアニ2nd円盤特典	2025/03/28
白瀬咲耶	シャニマス	S	SSR	分光-3-	シャニアニ2nd円盤特典	2025/03/28
和泉愛依	シャニマス	S	SSR	分光-4-	シャニアニ2nd円盤特典	2025/03/28
幽谷霧子	シャニマス	S	SSR	SCHOOL/BIZARRE	限定	2025/04/01
ノクチル	シャニマス	コースティクス・ノクチルカ				2025/04/02
櫻木真乃	シャニマス	P	SSR	はるかなる	パラコレ	2025/04/02
浅倉透	シャニマス	P	SSR	テープエンドの行き先	パラコレ	2025/04/02
市川雛菜	シャニマス	S	SSR	sa!l	イベント	2025/04/02
斑鳩ルカ	シャニマス	S.T.E.P.編				2025/04/10
大崎甘奈	シャニマス	P	SSR	挑戦アトラクティブ	トワコレ	2025/04/10
緋田美琴	シャニマス	S	SSR	DIGEST	トワコレ	2025/04/10
桑山千雪	シャニマス	S	SR	誘わないで、陽光	イベント	2025/04/10
越境イベント	シャニマス	シャイニーの日 2025 特別コミュ				2025/04/12
斑鳩ルカ	シャニマス	P	SSR	new or ...	マイコレ	2025/04/15
櫻木真乃	シャニマス	S	SSR	'25Pカップランクイン	イベント	2025/04/15
風野灯織	シャニマス	S	SSR	'25Pカップランクイン	イベント	2025/04/15
八宮めぐる	シャニマス	S	SSR	'25Pカップランクイン	イベント	2025/04/15
月岡恋鐘	シャニマス	S	SSR	'25Pカップランクイン	イベント	2025/04/15
田中摩美々	シャニマス	S	SSR	'25Pカップランクイン	イベント	2025/04/15
白瀬咲耶	シャニマス	S	SSR	'25Pカップランクイン	イベント	2025/04/15
三峰結華	シャニマス	S	SSR	'25Pカップランクイン	イベント	2025/04/15
幽谷霧子	シャニマス	S	SSR	'25Pカップランクイン	イベント	2025/04/15
小宮果穂	シャニマス	S	SSR	'25Pカップランクイン	イベント	2025/04/15
園田智代子	シャニマス	S	SSR	'25Pカップランクイン	イベント	2025/04/15
西城樹里	シャニマス	S	SSR	'25Pカップランクイン	イベント	2025/04/15
杜野凛世	シャニマス	S	SSR	'25Pカップランクイン	イベント	2025/04/15
有栖川夏葉	シャニマス	S	SSR	'25Pカップランクイン	イベント	2025/04/15
大崎甘奈	シャニマス	S	SSR	'25Pカップランクイン	イベント	2025/04/15
大崎甜花	シャニマス	S	SSR	'25Pカップランクイン	イベント	2025/04/15
桑山千雪	シャニマス	S	SSR	'25Pカップランクイン	イベント	2025/04/15
芹沢あさひ	シャニマス	S	SSR	'25Pカップランクイン	イベント	2025/04/15
黛冬優子	シャニマス	S	SSR	'25Pカップランクイン	イベント	2025/04/15
和泉愛依	シャニマス	S	SSR	'25Pカップランクイン	イベント	2025/04/15
浅倉透	シャニマス	S	SSR	'25Pカップランクイン	イベント	2025/04/15
樋口円香	シャニマス	S	SSR	'25Pカップランクイン	イベント	2025/04/15
福丸小糸	シャニマス	S	SSR	'25Pカップランクイン	イベント	2025/04/15
市川雛菜	シャニマス	S	SSR	'25Pカップランクイン	イベント	2025/04/15
七草にちか	シャニマス	S	SSR	'25Pカップランクイン	イベント	2025/04/15
緋田美琴	シャニマス	S	SSR	'25Pカップランクイン	イベント	2025/04/15
斑鳩ルカ	シャニマス	S	SSR	'25Pカップランクイン	イベント	2025/04/15
郁田はるき	シャニマス	S	SSR	'25Pカップランクイン	イベント	2025/04/15
鈴木羽那	シャニマス	S	SSR	'25Pカップランクイン	イベント	2025/04/15
櫻木真乃	シャニマス	S	SR	'25Pカップ	イベント	2025/04/15
風野灯織	シャニマス	S	SR	'25Pカップ	イベント	2025/04/15
八宮めぐる	シャニマス	S	SR	'25Pカップ	イベント	2025/04/15
月岡恋鐘	シャニマス	S	SR	'25Pカップ	イベント	2025/04/15
田中摩美々	シャニマス	S	SR	'25Pカップ	イベント	2025/04/15
白瀬咲耶	シャニマス	S	SR	'25Pカップ	イベント	2025/04/15
三峰結華	シャニマス	S	SR	'25Pカップ	イベント	2025/04/15
幽谷霧子	シャニマス	S	SR	'25Pカップ	イベント	2025/04/15
小宮果穂	シャニマス	S	SR	'25Pカップ	イベント	2025/04/15
園田智代子	シャニマス	S	SR	'25Pカップ	イベント	2025/04/15
西城樹里	シャニマス	S	SR	'25Pカップ	イベント	2025/04/15
杜野凛世	シャニマス	S	SR	'25Pカップ	イベント	2025/04/15
有栖川夏葉	シャニマス	S	SR	'25Pカップ	イベント	2025/04/15
大崎甘奈	シャニマス	S	SR	'25Pカップ	イベント	2025/04/15
大崎甜花	シャニマス	S	SR	'25Pカップ	イベント	2025/04/15
桑山千雪	シャニマス	S	SR	'25Pカップ	イベント	2025/04/15
芹沢あさひ	シャニマス	S	SR	'25Pカップ	イベント	2025/04/15
黛冬優子	シャニマス	S	SR	'25Pカップ	イベント	2025/04/15
和泉愛依	シャニマス	S	SR	'25Pカップ	イベント	2025/04/15
浅倉透	シャニマス	S	SR	'25Pカップ	イベント	2025/04/15
樋口円香	シャニマス	S	SR	'25Pカップ	イベント	2025/04/15
福丸小糸	シャニマス	S	SR	'25Pカップ	イベント	2025/04/15
市川雛菜	シャニマス	S	SR	'25Pカップ	イベント	2025/04/15
七草にちか	シャニマス	S	SR	'25Pカップ	イベント	2025/04/15
緋田美琴	シャニマス	S	SR	'25Pカップ	イベント	2025/04/15
斑鳩ルカ	シャニマス	S	SR	'25Pカップ	イベント	2025/04/15
郁田はるき	シャニマス	S	SR	'25Pカップ	イベント	2025/04/15
鈴木羽那	シャニマス	S	SR	'25Pカップ	イベント	2025/04/15
黛冬優子	シャニマス	P	UR	誘爆ハートビート	恒常	2025/04/18
三峰結華	シャニマス	S	UR	HoP PoP らびっつ	恒常	2025/04/18
幽谷霧子	シャニマス	S	SR	旅・風・段・々	イベント	2025/04/18
七草はづき	シャニマス	S	SSR	七草はづきのプライベート	トワコレ	2025/04/20
有栖川夏葉	シャニマス	S	SSR	THE IDOL	限定	2025/04/22
越境イベント	シャニマス	8th Anniversary 当日スペシャルコミュ				2025/04/24
櫻木真乃	シャニマス	S	SSR	おめでとう、が咲く	誕生日ガシャ	2025/04/25
シーズ	シャニマス	Eyes to SHHis				2025/04/29
七草にちか	シャニマス	S	SSR	その先、	イベント	2025/04/29
福丸小糸	シャニマス	P	SSR	羽をやすめて	限定	2025/04/29
白瀬咲耶	シャニマス	S	SSR	ホカンティーカ	限定	2025/04/29
緋田美琴	シャニマス	S	SSR	INSOMNIAC	グレフェス報酬	2025/04/29
浅倉透	シャニマス	S	SSR	ひだまりの時間	誕生日ガシャ	2025/05/04
郁田はるき	シャニマス	S.T.E.P.編				2025/05/09
鈴木羽那	シャニマス	S.T.E.P.編				2025/05/09
七草にちか	シャニマス	P	SSR	受けトル sun Q	恒常	2025/05/09
八宮めぐる	シャニマス	S	SR	ルート・ストリート	イベント	2025/05/09
風野灯織	シャニマス	S	SR	Performance Uka,	配布	2025/05/10
櫻木真乃	シャニマス	S	SR	Larva,1	ガシャ特典	2025/05/10
八宮めぐる	シャニマス	S	SR	Pupa,2	ガシャ特典	2025/05/11
風野灯織	シャニマス	S	SR	Imago,3	ガシャ特典	2025/05/11
七草はづき	シャニマス	S	SSR	deco;re:memorie	限定	2025/05/17
西城樹里	シャニマス	P	SSR	きらり、足跡	パラコレ	2025/05/20
郁田はるき	シャニマス	P	SSR	song for you	パラコレ	2025/05/20
西城樹里	シャニマス	S	SR	ひととき淑女	イベント	2025/05/20
田中摩美々	シャニマス	S	SSR	フローラル・レミニセンス	誕生日ガシャ	2025/05/24
アルストロメリア	シャニマス	よっつのものがたり				2025/05/30
大崎甘奈	シャニマス	S	SSR	つづいていくものがたり	イベント	2025/05/30
芹沢あさひ	シャニマス	P	SSR	何故、ベルは鳴る	トワコレ	2025/05/30
櫻木真乃	シャニマス	S	SSR	だいすきだよ	トワコレ	2025/05/30
和泉愛依	シャニマス	S	SSR	Live/ing Light	限定	2025/06/07
小宮果穂	シャニマス	P	SSR	アイドルじゃなくなったら	限定	2025/06/09
斑鳩ルカ	シャニマス	S	SSR	she sees	限定	2025/06/09
郁田はるき	シャニマス	S	SR	創彗星	イベント	2025/06/09
アンティーカ	シャニマス	"say ""Halo""編"				2025/06/17
シーズ	シャニマス	"say ""Halo""編"				2025/06/17
田中摩美々	シャニマス	P	SSR	まといてホワイトフル	限定	2025/06/17
大崎甘奈	シャニマス	S	SSR	ウェディングナイツ	限定	2025/06/17
白瀬咲耶	シャニマス	S	SSR	afterward(s)	イベント	2025/06/17
月岡恋鐘	シャニマス	S	SR	first quadrant	配布	2025/06/21
幽谷霧子	シャニマス	S	SSR	円環 -Halo around-	ガシャ特典	2025/06/21
緋田美琴	シャニマス	S	SSR	円環 -Halo around-	ガシャ特典	2025/06/22
白瀬咲耶	シャニマス	S	SSR	数分だけのアナタに	誕生日ガシャ	2025/06/27
三峰結華	シャニマス	P	SSR	眩いステージ	パラコレ	2025/06/29
鈴木羽那	シャニマス	P	SSR	純白の君へ	パラコレ	2025/06/29
緋田美琴	シャニマス	S	SR	OBLIVION	イベント	2025/06/29
小宮果穂	シャニマス	S	SR	second quadrant	配布	2025/07/05
園田智代子	シャニマス	S	SSR	円環 -Halo around-	ガシャ特典	2025/07/05
芹沢あさひ	シャニマス	S	SSR	円環 -Halo around-	ガシャ特典	2025/07/06
放課後クライマックスガールズ	シャニマス	"say ""Halo""編"				2025/07/08
ストレイライト	シャニマス	"say ""Halo""編"				2025/07/08
樋口円香	シャニマス	P	UR	アマテラス	恒常	2025/07/08
八宮めぐる	シャニマス	S	UR	君色オーバーラップ	恒常	2025/07/08
黛冬優子	シャニマス	S	SSR	放課後の振り返り	イベント	2025/07/08
月岡恋鐘	シャニマス	P	SSR	あなたと、メモリアル	トワコレ	2025/07/18
桑山千雪	シャニマス	S	SSR	溢れそうなDiary	トワコレ	2025/07/18
三峰結華	シャニマス	S	SR	サマーアイドル2019	限定	2025/07/18
田中摩美々	シャニマス	S	SR	ひたすらウォーカー	イベント	2025/07/18
浅倉透	シャニマス	S	SSR	20th ORCHESTRA	限定	2025/07/21
八宮めぐる	シャニマス	S	SSR	ふいうちテンパチュア	誕生日ガシャ	2025/07/22
七草にちか	シャニマス	S	SSR	道しるべに灯ス	誕生日ガシャ	2025/07/26
小宮果穂	シャニマス	S	SSR	さんびゃくろくじゅうご！	誕生日ガシャ	2025/07/29
白瀬咲耶	シャニマス	P	SSR	いつかのアルファルドへ	パラコレ	2025/07/30
園田智代子	シャニマス	P	SSR	T☆ Queen	パラコレ	2025/07/30
大崎甜花	シャニマス	S	SR	サマーアイドル2020	限定	2025/07/30
樋口円香	シャニマス	S	SSR	ジューンブライド2025	限定	2025/07/30
芹沢あさひ	シャニマス	S	SR	公園探索記	イベント	2025/07/30
鈴木羽那	シャニマス	S	SSR	未 来世界	グレフェス報酬	2025/07/30
風野灯織	シャニマス	S	SSR	玉兎三星	限定	2025/08/02
和泉愛依	シャニマス	S	SSR	間違われるっしょ？	誕生日ガシャ	2025/08/02
アルストロメリア	シャニマス	"say ""Halo""編"				2025/08/08
コメティック	シャニマス	"say ""Halo""編"				2025/08/08
緋田美琴	シャニマス	P	SSR	GLIMMER	限定	2025/08/08
市川雛菜	シャニマス	S	SSR	The ☆ summer	限定	2025/08/08
小宮果穂	シャニマス	S	SR	サマーアイドル2021	限定	2025/08/08
大崎甜花	シャニマス	S	SSR	相談ならおまかせ？	イベント	2025/08/08
郁田はるき	シャニマス	S	SR	third quadrant	配布	2025/08/09
大崎甘奈	シャニマス	S	SSR	円環 -Halo around-	ガシャ特典	2025/08/09
鈴木羽那	シャニマス	S	SSR	円環 -Halo around-	ガシャ特典	2025/08/10
有栖川夏葉	シャニマス	S	SSR	今夜限り	誕生日ガシャ	2025/08/16
斑鳩ルカ	シャニマス	P	SSR	NoNoNo:Bunny	限定	2025/08/20
大崎甘奈	シャニマス	S	SSR	傍に……	限定	2025/08/20
福丸小糸	シャニマス	S	SR	ひんやり捜索隊	イベント	2025/08/20
月岡恋鐘	シャニマス	S	SSR	うさぎたちのおもてなし	限定	2025/08/21
有栖川夏葉	シャニマス	P	SSR	summer break	トワコレ	2025/08/30
黛冬優子	シャニマス	S	SSR	きづけばまほろば	トワコレ	2025/08/30
斑鳩ルカ	シャニマス	S	SSR	サマーアイドル2025	限定	2025/08/30
斑鳩ルカ	シャニマス	S	SR	不意	イベント	2025/08/30
緋田美琴	シャニマス	S	SSR	SPECTACLES	誕生日ガシャ	2025/09/08
和泉愛依	シャニマス	P	SSR	心安らげる場所	限定	2025/09/09
三峰結華	シャニマス	S	SR	スキを繋ぐ	イベント	2025/09/09
イルミネーションスターズ	シャニマス	"say ""Halo""編"				2025/09/19
ノクチル	シャニマス	"say ""Halo""編"				2025/09/19
市川雛菜	シャニマス	P	SSR	loading...	限定	2025/09/19
七草にちか	シャニマス	S	SSR	そういう時間、も	限定	2025/09/19
櫻木真乃	シャニマス	S	SSR	思い出、繋いで	イベント	2025/09/19
幽谷霧子	シャニマス	S	SSR	祝・祝・祈・生	誕生日ガシャ	2025/09/23
七草はづき	シャニマス	S	SR	@ヨガに夢見て	パッケージ販売	2025/09/23
七草はづき	シャニマス	S	SR	@満喫＆満腹	パッケージ販売	2025/09/23
七草はづき	シャニマス	S	SR	@手にいっぱい夢いっぱい	パッケージ販売	2025/09/23
市川雛菜	シャニマス	S	SR	fourth quadrant	配布	2025/09/27
福丸小糸	シャニマス	S	SSR	円環 -Halo around-	ガシャ特典	2025/09/27
風野灯織	シャニマス	S	SSR	円環 -Halo around-	ガシャ特典	2025/09/28
田中摩美々	シャニマス	P	SSR	モラトリアム・レポート	パラコレ	2025/09/29
福丸小糸	シャニマス	P	SSR	ちいさな巣立ち	パラコレ	2025/09/29
杜野凛世	シャニマス	S	SR	をとめ茶会	イベント	2025/09/29
鈴木羽那	シャニマス	S	SSR	A Piece Of Peach	誕生日ガシャ	2025/10/02
杜野凛世	シャニマス	P	UR	絵空靴	恒常	2025/10/08
大崎甜花	シャニマス	S	UR	A Kiss to JOL	恒常	2025/10/08
浅倉透	シャニマス	S	SR	フルホンズ	イベント	2025/10/08
小宮果穂	シャニマス	S	SSR	さびしさの理由	限定	2025/10/11
杜野凛世	シャニマス	S	SSR	ゆめのごとし	誕生日ガシャ	2025/10/19
浅倉透	シャニマス	P	SSR	アルマ	トワコレ	2025/10/20
鈴木羽那	シャニマス	S	SSR	MANAZASHI	トワコレ	2025/10/20
園田智代子	シャニマス	S	SR	怖怖レイトナイト	イベント	2025/10/20
七草はづき	シャニマス	S	SSR	あなた次第	パラコレ	2025/10/22
白瀬咲耶	シャニマス	S	SR	the origin on the axes	配布	2025/10/25
緋田美琴	シャニマス	S	SSR	螺旋 -Halo around-	ガシャ特典	2025/10/25
郁田はるき	シャニマス	S	SR	螺旋 -Halo around-	ガシャ特典	2025/10/26
樋口円香	シャニマス	S	SSR	間隙	誕生日ガシャ	2025/10/27
イルミネーションスターズ	シャニマス	ちいさな星にスポットライトを				2025/10/30
風野灯織	シャニマス	S	SSR	天に寂寥	イベント	2025/10/30
風野灯織	シャニマス	P	SSR	お弁当と未来	キャスコレ	2025/10/30
桑山千雪	シャニマス	P	SSR	末永く、ふたり	キャスコレ	2025/10/30
福丸小糸	シャニマス	S	SSR	ふわもこ注意報！	グレフェス報酬	2025/10/30
郁田はるき	シャニマス	S	SSR	Trick For ???	限定	2025/10/31
八宮めぐる	シャニマス	P	SSR	晴れ空オーシニ	限定	2025/11/11
七草にちか	シャニマス	S	SSR	いっしょ	限定	2025/11/11
福丸小糸	シャニマス	S	SSR	特別をめいっぱい	誕生日ガシャ	2025/11/11
和泉愛依	シャニマス	S	SR	あたし流・かわいい	イベント	2025/11/11
幽谷霧子	シャニマス	P	SSR	援・心・熱・行	限定	2025/11/19
有栖川夏葉	シャニマス	S	SSR	Just	限定	2025/11/19
鈴木羽那	シャニマス	S	SR	Cat And Nap	イベント	2025/11/19
西城樹里	シャニマス	S	SSR	あなたに贈りたい	誕生日ガシャ	2025/11/26
小宮果穂	シャニマス	P	SSR	ねぇねぇ先生、質問です！	キャスコレ	2025/11/29
芹沢あさひ	シャニマス	P	SSR	センパイレッスン	キャスコレ	2025/11/29
市川雛菜	シャニマス	S	SR	great on U	イベント	2025/11/29
黛冬優子	シャニマス	S	SSR	とあるふゆのひ	誕生日ガシャ	2025/12/04
三峰結華	シャニマス	P	SSR	映す光	トワコレ	2025/12/08
郁田はるき	シャニマス	S	SSR	My Christmas	トワコレ	2025/12/08
七草にちか	シャニマス	S	SR	滑走、躍るように	イベント	2025/12/08
鈴木羽那	シャニマス	S	SSR	Love∞Destiny	ライブ	2025/12/13
風野灯織	シャニマス	S	SSR	Shower of light	ライブ	2025/12/14
芹沢あさひ	シャニマス	S	SSR	虹の行方		2025/12/15
八宮めぐる	シャニマス	S	SSR	虹の行方		2025/12/15
月岡恋鐘	シャニマス	P	SSR	思いがけず、ジェラシー	キャスコレ	2025/12/17
大崎甘奈	シャニマス	P	SSR	さかさまハート	キャスコレ	2025/12/17
郁田はるき	シャニマス	S	SSR	きせき、辿って	イベント	2025/12/17
越境イベント	シャニマス	結実、の先に				2025/12/17
斑鳩ルカ	シャニマス	S	SSR	ノエル・エンプレス	限定	2025/12/24
大崎甜花	シャニマス	S	SSR	メリー・バースデー！	誕生日ガシャ	2025/12/25
大崎甘奈	シャニマス	S	SSR	勇気をください	誕生日ガシャ	2025/12/25
黛冬優子	シャニマス	S	SSR	帰慕ノ姫騎士	ファンタジー	2025/12/27
幽谷霧子	シャニマス	S	SSR	騎士団のヴェール	ライブ	2025/12/27
田中摩美々	シャニマス	S	SSR	騎士団のヴェール	ライブ	2025/12/28
白瀬咲耶	シャニマス	S	SSR	騎士団のヴェール	ライブ	2025/12/28
アンティーカ	シャニマス	終わる魔法、積み重ねた昨日				2026/01/01
月岡恋鐘	シャニマス	S	SSR	思い出を重ねて	イベント	2026/01/01
鈴木羽那	シャニマス	P	UR	Cherish You	恒常	2026/01/01
緋田美琴	シャニマス	S	UR	REHEARSE	恒常	2026/01/01
斑鳩ルカ	シャニマス	S	SSR	あの子の港町	プレコレ	2026/01/01
芹沢あさひ	シャニマス	S	SSR	おめでとうを毎日	誕生日ガシャ	2026/01/04
七草はづき	シャニマス	S	SSR	マルチ・サポーター	ガシャ特典	2026/01/07
櫻木真乃	シャニマス	P	SSR	としたてば旅	限定	2026/01/09
樋口円香	シャニマス	S	SSR	露記	限定	2026/01/09
幽谷霧子	シャニマス	S	SSR	聖・捨・裁・罪	ファンタジー	2026/01/09
小宮果穂	シャニマス	S	SR	酸いと甘いと！	イベント	2026/01/09
三峰結華	シャニマス	S	SSR	いたずら猫	誕生日ガシャ	2026/01/16
風野灯織	シャニマス	P	SSR	そのひと言が聞きたくて	トワコレ	2026/01/20
幽谷霧子	シャニマス	S	SSR	寛・汗・幽・湯	トワコレ	2026/01/20
大崎甜花	シャニマス	S	SR	Pomme pour toi	イベント	2026/01/20
市川雛菜	シャニマス	S	SSR	vacati♡n!!!!	限定	2026/01/24
コメティック	シャニマス	CoMETIK：In Focus				2026/01/30
斑鳩ルカ	シャニマス	S	SSR	Three Captures	イベント	2026/01/30
園田智代子	シャニマス	P	SSR	ちちゃカワ	キャスコレ	2026/01/30
福丸小糸	シャニマス	P	SSR	いまだけ先輩	キャスコレ	2026/01/30
田中摩美々	シャニマス	S	SSR	SWEET♡WINGS	グレフェス	2026/01/30
福丸小糸	シャニマス	S	SSR	リトル・フルール	グレフェス	2026/01/30
斑鳩ルカ	シャニマス	S	SSR	当たり前みたいに	誕生日ガシャ	2026/01/31
七草はづき	シャニマス	S	SSR	仕事終わりのサプライズ	誕生日ガシャ	2026/02/03
大崎甜花	シャニマス	P	SSR	花蜜可可	限定	2026/02/09
櫻木真乃	シャニマス	S	SSR	こころ、みちびく。ゆかし夜	プレコレ	2026/02/09
白瀬咲耶	シャニマス	S	SR	ファインダーを覗いて	イベント	2026/02/09
大崎甜花	シャニマス	S	SSR	よーいドン、の前に	ライブ	2026/02/14
三峰結華	シャニマス	S	SSR	レベル計算中	ライブ	2026/02/15
幽谷霧子	シャニマス	S	SSR	まきまき	ささやき	2026/02/16
和泉愛依	シャニマス	P	SSR	上るだけ！	トワコレ	2026/02/18
園田智代子	シャニマス	S	SSR	Perfect☆February	トワコレ	2026/02/18
有栖川夏葉	シャニマス	S	SR	放クラ★バレンタイン事情	イベント	2026/02/18
緋田美琴	シャニマス	S	SSR	FRIEND	限定	2026/02/21
七草にちか	シャニマス	S	SSR	きゃっ、と。あふれて	限定	2026/02/22
園田智代子	シャニマス	S	SSR	notちょこっとbutどばっと	限定	2026/02/24
月岡恋鐘	シャニマス	S	SSR	バースデーハプニング	誕生日ガシャ	2026/02/25
ストレイライト	シャニマス	Same or Not the same？				2026/02/27
黛冬優子	シャニマス	S	SSR	すべてはまるく	イベント	2026/02/27
七草にちか	シャニマス	P	SSR	きっと、もう少し	キャスコレ	2026/02/27
斑鳩ルカ	シャニマス	P	SSR	シンギ	キャスコレ	2026/02/27
風野灯織	シャニマス	S	SSR	ひとりと一匹ワンルーム	ファンタジー	2026/02/27
桑山千雪	シャニマス	S	SSR	時を過ぎても解けない魔法	グレフェス	2026/02/27
風野灯織	シャニマス	S	SSR	言葉にならないサプライズ	誕生日ガシャ	2026/03/04
桑山千雪	シャニマス	P	SSR	Secret Face	限定	2026/03/09
福丸小糸	シャニマス	S	SSR	お目当てはいずこ	限定	2026/03/09
芹沢あさひ	シャニマス	S	SSR	かくりよの少女	ファンタジー	2026/03/09
幽谷霧子	シャニマス	S	SR	速・準・一・丁	イベント	2026/03/09
八宮めぐる	シャニマス	S	SSR	COSTUME G＠LLERY	衣装展	2026/03/13
白瀬咲耶	シャニマス	S	SSR	COSTUME G＠LLERY	衣装展	2026/03/13
西城樹里	シャニマス	S	SSR	COSTUME G＠LLERY	衣装展	2026/03/13
桑山千雪	シャニマス	S	SSR	COSTUME G＠LLERY	衣装展	2026/03/13
和泉愛依	シャニマス	S	SSR	COSTUME G＠LLERY	衣装展	2026/03/13
市川雛菜	シャニマス	S	SSR	COSTUME G＠LLERY	衣装展	2026/03/13
緋田美琴	シャニマス	S	SSR	COSTUME G＠LLERY	衣装展	2026/03/13
郁田はるき	シャニマス	S	SSR	COSTUME G＠LLERY	衣装展	2026/03/13
市川雛菜	シャニマス	S	SSR	from now ♡n	誕生日ガシャ	2026/03/17
西城樹里	シャニマス	P	SSR	春へと駈ける	限定	2026/03/18
杜野凛世	シャニマス	S	SSR	遠き御空	プレコレ	2026/03/18
八宮めぐる	シャニマス	S	SR	花かんむりをあなたへ	イベント	2026/03/18
風野灯織	シャニマス	S	SSR	特訓！新婚生活	ささやき	2026/03/20
郁田はるき	シャニマス	S	SSR	誕生日のキャンバス	誕生日ガシャ	2026/03/29
樋口円香	シャニマス	S	SSR	リュピナス	ファンタジー	2026/03/30
櫻木真乃	シャニマス	S	SSR	BLEND / MIX	エイプリル	2026/04/01
櫻木真乃	シャニマス	S	SR	櫻風宮 灯め乃	エイプリル	2026/04/01
月岡恋鐘	シャニマス	S	SR	月中谷 咲華	エイプリル	2026/04/01
小宮果穂	シャニマス	S	SR	西園宮 凛葉	エイプリル	2026/04/01
大崎甘奈	シャニマス	S	SR	桑崎 千花奈	エイプリル	2026/04/01
芹沢あさひ	シャニマス	S	SR	沢泉 依子	エイプリル	2026/04/01
浅倉透	シャニマス	S	SR	福倉口 雛	エイプリル	2026/04/01
七草にちか	シャニマス	S	SR	七田 琴か	エイプリル	2026/04/01
斑鳩ルカ	シャニマス	S	SR	斑木 はる那	エイプリル	2026/04/01
放課後クライマックスガールズ	シャニマス	sand song				2026/04/02
杜野凛世	シャニマス	S	SSR	流砂の果てに	イベント	2026/04/02
田中摩美々	シャニマス	P	SSR	スーツ・ユアセルフ	トワコレ	2026/04/02
幽谷霧子	シャニマス	S	SSR	イル。まどろみとほほえみの。	グレフェス	2026/04/02
八宮めぐる	シャニマス	S	SSR	門出を飾る	トワコレ	2026/04/02
有栖川夏葉	シャニマス	P	SSR	a[___]ction	キャスコレ	2026/04/09
浅倉透	シャニマス	P	SSR	月の下、花	キャスコレ	2026/04/09
郁田はるき	シャニマス	S	SR	Spring×Street	イベント	2026/04/09
黛冬優子	シャニマス	S	SSR	おっきくならなくちゃ	プレコレ	2026/04/11
黛冬優子	シャニマス	S	SSR	XXX= S/N-GUL4R1TY	ライブ	2026/04/11
芹沢あさひ	シャニマス	S	SSR	XXX= S/N-GUL4R1TY	ライブ	2026/04/12
和泉愛依	シャニマス	S	SSR	XXX= S/N-GUL4R1TY	ライブ	2026/04/12
越境イベント	シャニマス	シャイニーの日 2026 特別コミュ				2026/04/12
幽谷霧子	シャニマス	P	UR	知・知・識・識	恒常	2026/04/17
芹沢あさひ	シャニマス	S	UR	くっつく、くっつかない	恒常	2026/04/17
樋口円香	シャニマス	S	SR	露色	イベント	2026/04/17
桑山千雪	シャニマス	S	SSR	あなたのすぐそばで	誕生日ガシャ	2026/04/18
越境イベント	シャニマス	8th Anniversary 当日スペシャルコミュ				2026/04/24
芹沢あさひ	シャニマス	S	SSR	∞th LIVE iと夢	ライブ	2026/04/24
櫻木真乃	シャニマス	S	SSR	ほわっとバースデー	誕生日ガシャ	2026/04/25
月岡恋鐘	シャニマス	S	SSR	焼肉食べんね～	ライブ	2026/04/25
小宮果穂	シャニマス	S	SSR	ピザ！パーティ！	ライブ	2026/04/26
白瀬咲耶	シャニマス	P	SSR	Episode05	限定	2026/04/29
アルストロメリア	シャニマス	しんぐる！				2026/04/29
桑山千雪	シャニマス	S	SSR	それぞれのネガイ	イベント	2026/04/29
和泉愛依	シャニマス	S	SSR	２８３ファミリー	グレフェス	2026/04/29
櫻木真乃	シャニマス	S	SSR	ある日、森の中	グレフェス	2026/04/29
浅倉透	シャニマス	S	SSR	リバースホーム	誕生日ガシャ	2026/05/04
鈴木羽那	シャニマス	S	SSR	メイド in	限定	2026/05/10
大崎甘奈	シャニマス	S	SSR	おようふくめもりぃ	プレコレ	2026/05/12
白瀬咲耶	シャニマス	S	SR	夕景スロータイム	イベント	2026/05/12
七草にちか	シャニマス	P	SSR	花ノ名前	トワコレ	2026/05/21
福丸小糸	シャニマス	S	SSR	そらいろの海	トワコレ	2026/05/21
西城樹里	シャニマス	S	SR	碧天にとけて	イベント	2026/05/21
黛冬優子	シャニマス	S	SSR	限定・あなたの恋人役	ささやき	2026/05/23
田中摩美々	シャニマス	S	SSR	モラトリアム350ml	誕生日ガシャ	2026/05/24
三峰結華	シャニマス	P	SSR	心、知れて	キャスコレ	2026/05/30
黛冬優子	シャニマス	P	SSR	あなたが待つ場所	キャスコレ	2026/05/30
七草にちか	シャニマス	S	SSR	「うそつき」	グレフェス	2026/05/30
イルミネーションスターズ	シャニマス	同じで違う屋根のした				2026/05/30
風野灯織	シャニマス	S	SSR	囲む実り	イベント	2026/05/30
樋口円香	シャニマス	P	SSR	ダイヤモンド・クラリティ	限定	2026/06/09
緋田美琴	シャニマス	S	SSR	ROOTS	プレコレ	2026/06/09
市川雛菜	シャニマス	S	SR	「fragrance」	イベント	2026/06/09
斑鳩ルカ	シャニマス	P	SSR	恋人たち	トワコレ	2026/06/18
杜野凛世	シャニマス	S	SSR	幸あれと	トワコレ	2026/06/18
郁田はるき	シャニマス	S	SR	雨音の余白	イベント	2026/06/18
白瀬咲耶	シャニマス	S	SSR	喝采と祝福	誕生日ガシャ	2026/06/27
越境イベント	シャニマス	iの栖				2026/06/29
三峰結華	シャニマス	S	SSR	mem∞ry	イベント	2026/06/29
八宮めぐる	シャニマス	P	SSR	寄り道ブラウジング	キャスコレ	2026/06/29
幽谷霧子	シャニマス	P	SSR	演・勇・伝・言	キャスコレ	2026/06/29
鈴木羽那	シャニマス	S	SSR	お腰につけた	グレフェス	2026/06/29
有栖川夏葉	シャニマス	S	SSR	わかばの頃	プレコレ	2026/07/08
桑山千雪	シャニマス	S	SR	Specialな夏、いただきます	イベント	2026/07/08
七草はづき	シャニマス	S	SSR	ある夏の日のあなたは	トワコレ	2026/07/10
大崎甘奈	シャニマス	P	UR	前進オフェンス	恒常	2026/07/17
浅倉透	シャニマス	S	UR	flieeeers	恒常	2026/07/17
西城樹里	シャニマス	S	SR	小さな灯、空の花	イベント	2026/07/17
八宮めぐる	シャニマス	S	SSR	楽しいことはあなたと	誕生日ガシャ	2026/07/22
緋田美琴	シャニマス	S	SSR	OH MY GOD	ライブ	2026/07/24
樋口円香	シャニマス	S	SSR	CRIMSON LOVERS	ライブ	2026/07/25
櫻木真乃	シャニマス	S	SSR	We can go now!	ライブ	2026/07/26
シャニソンリリース	シャニソン					2023/11/14
斑鳩ルカ	シャニソン	P	星3	魂の慟哭	恒常	2023/11/14
七草にちか	シャニソン	P	星3	カワイイですけど？	恒常	2023/11/14
浅倉透	シャニソン	P	星3	華、水面に浮かぶ	恒常	2023/11/14
芹沢あさひ	シャニソン	P	星3	高鳴りは遮れない	恒常	2023/11/14
大崎甘奈	シャニソン	P	星3	天使はあなたのそばに	恒常	2023/11/14
小宮果穂	シャニソン	P	星3	はっちゃけちゃいな！	恒常	2023/11/14
月岡恋鐘	シャニソン	P	星3	うさぎと踊るティータイム	恒常	2023/11/14
櫻木真乃	シャニソン	P	星3	ほわっと春に羽ばたいて	恒常	2023/11/14
郁田はるき	シャニソン	P	星2	色煌めく	恒常	2023/11/14
鈴木羽那	シャニソン	P	星2	夜空照らす	恒常	2023/11/14
斑鳩ルカ	シャニソン	P	星2	彗星瞬く	恒常	2023/11/14
緋田美琴	シャニソン	P	星2	煌めくStory	恒常	2023/11/14
七草にちか	シャニソン	P	星2	わがままStyle	恒常	2023/11/14
市川雛菜	シャニソン	P	星2	うみ色世界	恒常	2023/11/14
福丸小糸	シャニソン	P	星2	透明なこころ	恒常	2023/11/14
樋口円香	シャニソン	P	星2	波音に潜む	恒常	2023/11/14
浅倉透	シャニソン	P	星2	海に溶ける	恒常	2023/11/14
和泉愛依	シャニソン	P	星2	新たな世界を拓く姿	恒常	2023/11/14
黛冬優子	シャニソン	P	星2	憧れの景色を魅せて	恒常	2023/11/14
芹沢あさひ	シャニソン	P	星2	乱反射する好奇心	恒常	2023/11/14
桑山千雪	シャニソン	P	星2	しあわせの花束	恒常	2023/11/14
大崎甜花	シャニソン	P	星2	どきどきの芽吹き	恒常	2023/11/14
大崎甘奈	シャニソン	P	星2	ときめきの花びら	恒常	2023/11/14
有栖川夏葉	シャニソン	P	星2	未来目指して一直線！	恒常	2023/11/14
杜野凛世	シャニソン	P	星2	天下無双の愛！	恒常	2023/11/14
西城樹里	シャニソン	P	星2	夢へと駆けだす一番星！	恒常	2023/11/14
園田智代子	シャニソン	P	星2	No.1のチョコアイドル！	恒常	2023/11/14
小宮果穂	シャニソン	P	星2	ヒーローの最高潮！	恒常	2023/11/14
幽谷霧子	シャニソン	P	星2	その身にオトを宿して	恒常	2023/11/14
三峰結華	シャニソン	P	星2	廻る廻る、秘めたココロ	恒常	2023/11/14
白瀬咲耶	シャニソン	P	星2	誓い、そして革命のウタ	恒常	2023/11/14
田中摩美々	シャニソン	P	星2	オモイ乗せて、悪戯な瞳	恒常	2023/11/14
月岡恋鐘	シャニソン	P	星2	ネガイ叶える運命の鍵	恒常	2023/11/14
八宮めぐる	シャニソン	P	星2	煌めくためのイエロー	恒常	2023/11/14
風野灯織	シャニソン	P	星2	輝くためのブルー	恒常	2023/11/14
櫻木真乃	シャニソン	P	星2	羽ばたくためのピンク	恒常	2023/11/14
郁田はるき	シャニソン	P	星1	Iris,包み込む光	恒常	2023/11/14
鈴木羽那	シャニソン	P	星1	Iris,大好きを伝えて	恒常	2023/11/14
斑鳩ルカ	シャニソン	P	星1	Iris,その先へ	恒常	2023/11/14
緋田美琴	シャニソン	P	星1	Iris,心のままに	恒常	2023/11/14
七草にちか	シャニソン	P	星1	Iris,近づいたら	恒常	2023/11/14
市川雛菜	シャニソン	P	星1	Iris,しあわせの隣で	恒常	2023/11/14
福丸小糸	シャニソン	P	星1	Iris,一歩ずつ	恒常	2023/11/14
樋口円香	シャニソン	P	星1	Iris,光で染めて	恒常	2023/11/14
浅倉透	シャニソン	P	星1	Iris,光、反射して	恒常	2023/11/14
和泉愛依	シャニソン	P	星1	Iris,閃光を放って	恒常	2023/11/14
黛冬優子	シャニソン	P	星1	Iris,夢の向こう側	恒常	2023/11/14
芹沢あさひ	シャニソン	P	星1	Iris,光に飛び込んで	恒常	2023/11/14
桑山千雪	シャニソン	P	星1	Iris,新しい景色	恒常	2023/11/14
大崎甜花	シャニソン	P	星1	Iris,手をつないで	恒常	2023/11/14
大崎甘奈	シャニソン	P	星1	Iris,ずっと見てて	恒常	2023/11/14
有栖川夏葉	シャニソン	P	星1	Iris,誰よりも眩しく	恒常	2023/11/14
杜野凛世	シャニソン	P	星1	Iris,眼差しに映して	恒常	2023/11/14
西城樹里	シャニソン	P	星1	Iris,どこまでも高く	恒常	2023/11/14
園田智代子	シャニソン	P	星1	Iris,チョコは何色	恒常	2023/11/14
小宮果穂	シャニソン	P	星1	Iris,お揃いのきらめき	恒常	2023/11/14
幽谷霧子	シャニソン	P	星1	Iris,もっと遠くへ	恒常	2023/11/14
三峰結華	シャニソン	P	星1	Iris,響いて笑って	恒常	2023/11/14
白瀬咲耶	シャニソン	P	星1	Iris,永遠の約束	恒常	2023/11/14
田中摩美々	シャニソン	P	星1	Iris,悪戯に笑って	恒常	2023/11/14
月岡恋鐘	シャニソン	P	星1	Iris,纏って輝く	恒常	2023/11/14
八宮めぐる	シャニソン	P	星1	Iris,キラキラに輝いて	恒常	2023/11/14
風野灯織	シャニソン	P	星1	Iris,これからの光	恒常	2023/11/14
櫻木真乃	シャニソン	P	星1	Iris,私色のかがやき	恒常	2023/11/14
郁田はるき	シャニソン	P	星1	無垢に、白い羽根	初期	2023/11/14
鈴木羽那	シャニソン	P	星1	華やか、白い羽根	初期	2023/11/14
斑鳩ルカ	シャニソン	P	星1	染めて、白い羽根	初期	2023/11/14
緋田美琴	シャニソン	P	星1	響いて、白い羽根	初期	2023/11/14
七草にちか	シャニソン	P	星1	届いて、白い羽根	初期	2023/11/14
市川雛菜	シャニソン	P	星1	満ちて、白い羽根	初期	2023/11/14
福丸小糸	シャニソン	P	星1	がんばる、白い羽根	初期	2023/11/14
樋口円香	シャニソン	P	星1	秘めて、白い羽根	初期	2023/11/14
浅倉透	シャニソン	P	星1	高く、白い羽根	初期	2023/11/14
和泉愛依	シャニソン	P	星1	弾けて、白い羽根	初期	2023/11/14
黛冬優子	シャニソン	P	星1	魅せて、白い羽根	初期	2023/11/14
芹沢あさひ	シャニソン	P	星1	自由に、白い羽根	初期	2023/11/14
桑山千雪	シャニソン	P	星1	淡く、白い羽根	初期	2023/11/14
大崎甜花	シャニソン	P	星1	ゆっくり、白い羽根	初期	2023/11/14
大崎甘奈	シャニソン	P	星1	咲いて、白い羽根	初期	2023/11/14
有栖川夏葉	シャニソン	P	星1	飛んで、白い羽根	初期	2023/11/14
杜野凛世	シャニソン	P	星1	照らして、白い羽根	初期	2023/11/14
西城樹里	シャニソン	P	星1	駆けて、白い羽根	初期	2023/11/14
園田智代子	シャニソン	P	星1	甘く、白い羽根	初期	2023/11/14
小宮果穂	シャニソン	P	星1	無邪気に、白い羽根	初期	2023/11/14
幽谷霧子	シャニソン	P	星1	儚く、白い羽根	初期	2023/11/14
三峰結華	シャニソン	P	星1	憧れ、白い羽根	初期	2023/11/14
白瀬咲耶	シャニソン	P	星1	纏って、白い羽根	初期	2023/11/14
田中摩美々	シャニソン	P	星1	気まぐれ、白い羽根	初期	2023/11/14
月岡恋鐘	シャニソン	P	星1	笑顔で、白い羽根	初期	2023/11/14
八宮めぐる	シャニソン	P	星1	まぶしく、白い羽根	初期	2023/11/14
風野灯織	シャニソン	P	星1	真っすぐ、白い羽根	初期	2023/11/14
櫻木真乃	シャニソン	P	星1	ほんわか、白い羽根	初期	2023/11/14
七草はづき	シャニソン	S	SSR	今日のおやつ	恒常	2023/11/14
鈴木羽那	シャニソン	S	SSR	1st heart	恒常	2023/11/14
緋田美琴	シャニソン	S	SSR	舞台袖	恒常	2023/11/14
福丸小糸	シャニソン	S	SSR	放課後チョーク	恒常	2023/11/14
浅倉透	シャニソン	S	SSR	rock'n'gooood	恒常	2023/11/14
黛冬優子	シャニソン	S	SSR	M♡GU M♡GU	恒常	2023/11/14
大崎甜花	シャニソン	S	SSR	ヘルプ・ユー	恒常	2023/11/14
西城樹里	シャニソン	S	SSR	手と声あわせて	恒常	2023/11/14
白瀬咲耶	シャニソン	S	SSR	幸せな傘の中	恒常	2023/11/14
八宮めぐる	シャニソン	S	SSR	さん・こ・いち	恒常	2023/11/14
イルミネーションスターズ	シャニソン	エピソード1			プロデュース	2023/11/14
八宮めぐる	シャニソン	エピソード1			プロデュース	2023/11/14
風野灯織	シャニソン	エピソード1			プロデュース	2023/11/14
櫻木真乃	シャニソン	エピソード1			プロデュース	2023/11/14
イルミネーションスターズ	シャニソン	ユニットサブストーリー1話			サブストーリー	2023/11/14
イルミネーションスターズ	シャニソン	ユニットサブストーリー2話			サブストーリー	2023/11/14
八宮めぐる	シャニソン	アイドルサブストーリー1話			サブストーリー	2023/11/14
風野灯織	シャニソン	アイドルサブストーリー1話			サブストーリー	2023/11/14
櫻木真乃	シャニソン	アイドルサブストーリー1話			サブストーリー	2023/11/14
八宮めぐる	シャニソン	アイドルサブストーリー2話			サブストーリー	2023/11/14
風野灯織	シャニソン	アイドルサブストーリー2話			サブストーリー	2023/11/14
櫻木真乃	シャニソン	アイドルサブストーリー2話			サブストーリー	2023/11/14
アンティーカ	シャニソン	エピソード1			プロデュース	2023/11/14
幽谷霧子	シャニソン	エピソード1			プロデュース	2023/11/14
三峰結華	シャニソン	エピソード1			プロデュース	2023/11/14
白瀬咲耶	シャニソン	エピソード1			プロデュース	2023/11/14
田中摩美々	シャニソン	エピソード1			プロデュース	2023/11/14
月岡恋鐘	シャニソン	エピソード1			プロデュース	2023/11/14
アンティーカ	シャニソン	ユニットサブストーリー1話			サブストーリー	2023/11/14
アンティーカ	シャニソン	ユニットサブストーリー2話			サブストーリー	2023/11/14
幽谷霧子	シャニソン	アイドルサブストーリー1話			サブストーリー	2023/11/14
三峰結華	シャニソン	アイドルサブストーリー1話			サブストーリー	2023/11/14
白瀬咲耶	シャニソン	アイドルサブストーリー1話			サブストーリー	2023/11/14
田中摩美々	シャニソン	アイドルサブストーリー1話			サブストーリー	2023/11/14
月岡恋鐘	シャニソン	アイドルサブストーリー1話			サブストーリー	2023/11/14
幽谷霧子	シャニソン	アイドルサブストーリー2話			サブストーリー	2023/11/14
三峰結華	シャニソン	アイドルサブストーリー2話			サブストーリー	2023/11/14
白瀬咲耶	シャニソン	アイドルサブストーリー2話			サブストーリー	2023/11/14
田中摩美々	シャニソン	アイドルサブストーリー2話			サブストーリー	2023/11/14
月岡恋鐘	シャニソン	アイドルサブストーリー2話			サブストーリー	2023/11/14
放課後クライマックスガールズ	シャニソン	エピソード1			プロデュース	2023/11/14
有栖川夏葉	シャニソン	エピソード1			プロデュース	2023/11/14
杜野凛世	シャニソン	エピソード1			プロデュース	2023/11/14
西城樹里	シャニソン	エピソード1			プロデュース	2023/11/14
園田智代子	シャニソン	エピソード1			プロデュース	2023/11/14
小宮果穂	シャニソン	エピソード1			プロデュース	2023/11/14
放課後クライマックスガールズ	シャニソン	ユニットサブストーリー1話			サブストーリー	2023/11/14
放課後クライマックスガールズ	シャニソン	ユニットサブストーリー2話			サブストーリー	2023/11/14
有栖川夏葉	シャニソン	アイドルサブストーリー1話			サブストーリー	2023/11/14
杜野凛世	シャニソン	アイドルサブストーリー1話			サブストーリー	2023/11/14
西城樹里	シャニソン	アイドルサブストーリー1話			サブストーリー	2023/11/14
園田智代子	シャニソン	アイドルサブストーリー1話			サブストーリー	2023/11/14
小宮果穂	シャニソン	アイドルサブストーリー1話			サブストーリー	2023/11/14
有栖川夏葉	シャニソン	アイドルサブストーリー2話			サブストーリー	2023/11/14
杜野凛世	シャニソン	アイドルサブストーリー2話			サブストーリー	2023/11/14
西城樹里	シャニソン	アイドルサブストーリー2話			サブストーリー	2023/11/14
園田智代子	シャニソン	アイドルサブストーリー2話			サブストーリー	2023/11/14
小宮果穂	シャニソン	アイドルサブストーリー2話			サブストーリー	2023/11/14
アルストロメリア	シャニソン	エピソード1			プロデュース	2023/11/14
桑山千雪	シャニソン	エピソード1			プロデュース	2023/11/14
大崎甜花	シャニソン	エピソード1			プロデュース	2023/11/14
大崎甘奈	シャニソン	エピソード1			プロデュース	2023/11/14
アルストロメリア	シャニソン	ユニットサブストーリー1話			サブストーリー	2023/11/14
アルストロメリア	シャニソン	ユニットサブストーリー2話			サブストーリー	2023/11/14
桑山千雪	シャニソン	アイドルサブストーリー1話			サブストーリー	2023/11/14
大崎甜花	シャニソン	アイドルサブストーリー1話			サブストーリー	2023/11/14
大崎甘奈	シャニソン	アイドルサブストーリー1話			サブストーリー	2023/11/14
桑山千雪	シャニソン	アイドルサブストーリー2話			サブストーリー	2023/11/14
大崎甜花	シャニソン	アイドルサブストーリー2話			サブストーリー	2023/11/14
大崎甘奈	シャニソン	アイドルサブストーリー2話			サブストーリー	2023/11/14
ストレイライト	シャニソン	エピソード1			プロデュース	2023/11/14
和泉愛依	シャニソン	エピソード1			プロデュース	2023/11/14
黛冬優子	シャニソン	エピソード1			プロデュース	2023/11/14
芹沢あさひ	シャニソン	エピソード1			プロデュース	2023/11/14
ストレイライト	シャニソン	ユニットサブストーリー1話			サブストーリー	2023/11/14
ストレイライト	シャニソン	ユニットサブストーリー2話			サブストーリー	2023/11/14
和泉愛依	シャニソン	アイドルサブストーリー1話			サブストーリー	2023/11/14
黛冬優子	シャニソン	アイドルサブストーリー1話			サブストーリー	2023/11/14
芹沢あさひ	シャニソン	アイドルサブストーリー1話			サブストーリー	2023/11/14
和泉愛依	シャニソン	アイドルサブストーリー2話			サブストーリー	2023/11/14
黛冬優子	シャニソン	アイドルサブストーリー2話			サブストーリー	2023/11/14
芹沢あさひ	シャニソン	アイドルサブストーリー2話			サブストーリー	2023/11/14
ノクチル	シャニソン	エピソード1			プロデュース	2023/11/14
市川雛菜	シャニソン	エピソード1			プロデュース	2023/11/14
福丸小糸	シャニソン	エピソード1			プロデュース	2023/11/14
樋口円香	シャニソン	エピソード1			プロデュース	2023/11/14
浅倉透	シャニソン	エピソード1			プロデュース	2023/11/14
ノクチル	シャニソン	ユニットサブストーリー1話			サブストーリー	2023/11/14
ノクチル	シャニソン	ユニットサブストーリー2話			サブストーリー	2023/11/14
市川雛菜	シャニソン	アイドルサブストーリー1話			サブストーリー	2023/11/14
福丸小糸	シャニソン	アイドルサブストーリー1話			サブストーリー	2023/11/14
樋口円香	シャニソン	アイドルサブストーリー1話			サブストーリー	2023/11/14
浅倉透	シャニソン	アイドルサブストーリー1話			サブストーリー	2023/11/14
市川雛菜	シャニソン	アイドルサブストーリー2話			サブストーリー	2023/11/14
福丸小糸	シャニソン	アイドルサブストーリー2話			サブストーリー	2023/11/14
樋口円香	シャニソン	アイドルサブストーリー2話			サブストーリー	2023/11/14
浅倉透	シャニソン	アイドルサブストーリー2話			サブストーリー	2023/11/14
シーズ	シャニソン	エピソード1			プロデュース	2023/11/14
緋田美琴	シャニソン	エピソード1			プロデュース	2023/11/14
七草にちか	シャニソン	エピソード1			プロデュース	2023/11/14
シーズ	シャニソン	ユニットサブストーリー1話			サブストーリー	2023/11/14
シーズ	シャニソン	ユニットサブストーリー2話			サブストーリー	2023/11/14
緋田美琴	シャニソン	アイドルサブストーリー1話			サブストーリー	2023/11/14
七草にちか	シャニソン	アイドルサブストーリー1話			サブストーリー	2023/11/14
緋田美琴	シャニソン	アイドルサブストーリー2話			サブストーリー	2023/11/14
七草にちか	シャニソン	アイドルサブストーリー2話			サブストーリー	2023/11/14
コメティック	シャニソン	エピソード1			プロデュース	2023/11/14
郁田はるき	シャニソン	エピソード1			プロデュース	2023/11/14
鈴木羽那	シャニソン	エピソード1			プロデュース	2023/11/14
斑鳩ルカ	シャニソン	エピソード1			プロデュース	2023/11/14
コメティック	シャニソン	ユニットサブストーリー1話			サブストーリー	2023/11/14
コメティック	シャニソン	ユニットサブストーリー2話			サブストーリー	2023/11/14
郁田はるき	シャニソン	アイドルサブストーリー1話			サブストーリー	2023/11/14
鈴木羽那	シャニソン	アイドルサブストーリー1話			サブストーリー	2023/11/14
斑鳩ルカ	シャニソン	アイドルサブストーリー1話			サブストーリー	2023/11/14
郁田はるき	シャニソン	アイドルサブストーリー2話			サブストーリー	2023/11/14
鈴木羽那	シャニソン	アイドルサブストーリー2話			サブストーリー	2023/11/14
斑鳩ルカ	シャニソン	アイドルサブストーリー2話			サブストーリー	2023/11/14
越境イベント	シャニソン	新たなる空への一羽は1話			その他	2023/11/14
越境イベント	シャニソン	新たなる空への一羽は2話			その他	2023/11/14
越境イベント	シャニソン	新たなる空への一羽は3話			その他	2023/11/14
郁田はるき	シャニソン	S	SR	今日のマストバイ	恒常	2023/11/14
鈴木羽那	シャニソン	S	SR	Lesson²	恒常	2023/11/14
斑鳩ルカ	シャニソン	S	SR	voc-ation	恒常	2023/11/14
緋田美琴	シャニソン	S	SR	アスレチック	恒常	2023/11/14
七草にちか	シャニソン	S	SR	街頭で	恒常	2023/11/14
市川雛菜	シャニソン	S	SR	準備OK	恒常	2023/11/14
福丸小糸	シャニソン	S	SR	10円	恒常	2023/11/14
樋口円香	シャニソン	S	SR	或日	恒常	2023/11/14
浅倉透	シャニソン	S	SR	昼休み	恒常	2023/11/14
和泉愛依	シャニソン	S	SR	サクサクの縁側～	恒常	2023/11/14
黛冬優子	シャニソン	S	SR	欲張り	恒常	2023/11/14
芹沢あさひ	シャニソン	S	SR	確認は必須	恒常	2023/11/14
桑山千雪	シャニソン	S	SR	永遠を抱きしめて	恒常	2023/11/14
大崎甜花	シャニソン	S	SR	陽だまりぼっこ	恒常	2023/11/14
大崎甘奈	シャニソン	S	SR	もしもし、イルカさん	恒常	2023/11/14
有栖川夏葉	シャニソン	S	SR	約束ショッピング	恒常	2023/11/14
杜野凛世	シャニソン	S	SR	ほっとひといき	恒常	2023/11/14
西城樹里	シャニソン	S	SR	ととのうってヤツ	恒常	2023/11/14
園田智代子	シャニソン	S	SR	ほっぺ落下予報	恒常	2023/11/14
小宮果穂	シャニソン	S	SR	ラン！ラン！ドッグラン！	恒常	2023/11/14
幽谷霧子	シャニソン	S	SR	恋鐘ちゃんと	恒常	2023/11/14
三峰結華	シャニソン	S	SR	パペットトーク	恒常	2023/11/14
白瀬咲耶	シャニソン	S	SR	Beautiful Sunset	恒常	2023/11/14
田中摩美々	シャニソン	S	SR	まどろみのひ	恒常	2023/11/14
月岡恋鐘	シャニソン	S	SR	うちにまかせとって！	恒常	2023/11/14
八宮めぐる	シャニソン	S	SR	ハピネス♡コネクト	恒常	2023/11/14
風野灯織	シャニソン	S	SR	一筆入魂	恒常	2023/11/14
櫻木真乃	シャニソン	S	SR	うらうらクルル	恒常	2023/11/14
郁田はるき	シャニソン	S	R	とどけることつながるもの	恒常	2023/11/14
鈴木羽那	シャニソン	S	R	純白領域	恒常	2023/11/14
斑鳩ルカ	シャニソン	S	R	Close yet far	恒常	2023/11/14
緋田美琴	シャニソン	S	R	FEEL	恒常	2023/11/14
七草にちか	シャニソン	S	R	間違いそうだ	恒常	2023/11/14
市川雛菜	シャニソン	S	R	PEEPS!	恒常	2023/11/14
福丸小糸	シャニソン	S	R	仕返し優等生	恒常	2023/11/14
樋口円香	シャニソン	S	R	閑話	恒常	2023/11/14
浅倉透	シャニソン	S	R	かっとばし党の逆襲	恒常	2023/11/14
和泉愛依	シャニソン	S	R	"​""+『α』"""	恒常	2023/11/14
黛冬優子	シャニソン	S	R	(ノージャンル)グラビティ	恒常	2023/11/14
芹沢あさひ	シャニソン	S	R	頬を照らすのは	恒常	2023/11/14
桑山千雪	シャニソン	S	R	ブルーミングハート	恒常	2023/11/14
大崎甜花	シャニソン	S	R	楽園に背く	恒常	2023/11/14
大崎甘奈	シャニソン	S	R	秘密のがんばり	恒常	2023/11/14
有栖川夏葉	シャニソン	S	R	虹待ちレインドロップ	恒常	2023/11/14
杜野凛世	シャニソン	S	R	をとめ大学	恒常	2023/11/14
西城樹里	シャニソン	S	R	グッド・ラック・ボール	恒常	2023/11/14
園田智代子	シャニソン	S	R	迷走チョコロード	恒常	2023/11/14
小宮果穂	シャニソン	S	R	ホーカゴ・ア・ゴーゴー	恒常	2023/11/14
幽谷霧子	シャニソン	S	R	綿毛ノ想	恒常	2023/11/14
三峰結華	シャニソン	S	R	翻弄by♡time	恒常	2023/11/14
白瀬咲耶	シャニソン	S	R	咲耶と摩美々のぶらり旅	恒常	2023/11/14
田中摩美々	シャニソン	S	R	アーリー・ナチュラリィ	恒常	2023/11/14
月岡恋鐘	シャニソン	S	R	冬、どがんね～？	恒常	2023/11/14
八宮めぐる	シャニソン	S	R	友情の花吹雪	恒常	2023/11/14
風野灯織	シャニソン	S	R	克服の特訓	恒常	2023/11/14
櫻木真乃	シャニソン	S	R	天然色ピクニック	恒常	2023/11/14
郁田はるき	シャニソン	P	星3	ふわふわな夢心地	恒常	2023/11/15
樋口円香	シャニソン	P	星3	秋空に照らされて	恒常	2023/11/15
有栖川夏葉	シャニソン	P	星2	放課後はもり沢山	恒常	2023/11/15
杜野凛世	シャニソン	P	星2	キラキラな日常	恒常	2023/11/15
西城樹里	シャニソン	P	星2	イケイケなアタシたち	恒常	2023/11/15
園田智代子	シャニソン	P	星2	ゆめもお腹もいっぱい	恒常	2023/11/15
小宮果穂	シャニソン	P	星2	フレフレ！みんなと一緒に！	恒常	2023/11/15
小宮果穂	シャニソン	S	SSR	秋のおそうじ救世主	恒常	2023/11/15
田中摩美々	シャニソン	S	SSR	めんどーでも秋	恒常	2023/11/15
放課後クライマックスガールズ	シャニソン	茜色ドローイング			イベント	2023/11/15
緋田美琴	シャニソン	P	星3	踊って溺れて	恒常	2023/11/22
有栖川夏葉	シャニソン	P	星3	とびっきりの夜を	恒常	2023/11/22
八宮めぐる	シャニソン	P	星2	キラメキを捕まえて	恒常	2023/11/22
風野灯織	シャニソン	P	星2	未来へ飛び込む	恒常	2023/11/22
櫻木真乃	シャニソン	P	星2	きらり光る流れ星	恒常	2023/11/22
市川雛菜	シャニソン	S	SSR	水も滴る	恒常	2023/11/22
風野灯織	シャニソン	S	SSR	オフにスマッシュ	恒常	2023/11/22
イルミネーションスターズ	シャニソン	エピソード2			プロデュース	2023/11/22
八宮めぐる	シャニソン	エピソード2			プロデュース	2023/11/22
風野灯織	シャニソン	エピソード2			プロデュース	2023/11/22
櫻木真乃	シャニソン	エピソード2			プロデュース	2023/11/22
福丸小糸	シャニソン	P	星3	ゆきんこ発動中	恒常	2023/11/30
田中摩美々	シャニソン	P	星3	夜空に歌を奏でて	恒常	2023/11/30
桑山千雪	シャニソン	P	星2	やわらかな微笑み	恒常	2023/11/30
大崎甜花	シャニソン	P	星2	まったり空間	恒常	2023/11/30
大崎甘奈	シャニソン	P	星2	ぬくもりで包んで	恒常	2023/11/30
斑鳩ルカ	シャニソン	S	SSR	In one page	恒常	2023/11/30
月岡恋鐘	シャニソン	S	SSR	温もりの恋しい季節	恒常	2023/11/30
アルストロメリア	シャニソン	やさしさのちから			イベント	2023/11/30
郁田はるき	シャニソン	S	SSR	たわいもない冬の午後	恒常	2023/12/01
イルミネーションスターズ	シャニソン	ユニットサブストーリー3話			サブストーリー	2023/12/04
櫻木真乃	シャニソン	アイドルサブストーリー3話			サブストーリー	2023/12/06
鈴木羽那	シャニソン	P	星3	白い雪に染められて	恒常	2023/12/08
和泉愛依	シャニソン	P	星3	特別をプレゼント♡	恒常	2023/12/08
幽谷霧子	シャニソン	P	星2	幻想へと導いて	恒常	2023/12/08
三峰結華	シャニソン	P	星2	絶望にさようなら	恒常	2023/12/08
白瀬咲耶	シャニソン	P	星2	迷宮を穿つ咆哮	恒常	2023/12/08
田中摩美々	シャニソン	P	星2	退屈に爪を立てて	恒常	2023/12/08
月岡恋鐘	シャニソン	P	星2	憧れに咬みつく	恒常	2023/12/08
大崎甘奈	シャニソン	S	SSR	ボードでゴーゴーっ！	恒常	2023/12/08
櫻木真乃	シャニソン	S	SSR	しあわせのループ	恒常	2023/12/08
アンティーカ	シャニソン	エピソード2			プロデュース	2023/12/08
幽谷霧子	シャニソン	エピソード2			プロデュース	2023/12/08
三峰結華	シャニソン	エピソード2			プロデュース	2023/12/08
白瀬咲耶	シャニソン	エピソード2			プロデュース	2023/12/08
田中摩美々	シャニソン	エピソード2			プロデュース	2023/12/08
月岡恋鐘	シャニソン	エピソード2			プロデュース	2023/12/08
アンティーカ	シャニソン	ユニットサブストーリー3話			サブストーリー	2023/12/14
風野灯織	シャニソン	アイドルサブストーリー3話			サブストーリー	2023/12/18
風野灯織	シャニソン	P	星3	光の道しるべ	恒常	2023/12/20
樋口円香	シャニソン	S	SSR	除夜篝	恒常	2023/12/20
有栖川夏葉	シャニソン	S	SSR	五つ星ツリー	恒常	2023/12/20
放課後クライマックスガールズ	シャニソン	ユニットサブストーリー3話			サブストーリー	2023/12/25
八宮めぐる	シャニソン	アイドルサブストーリー3話			サブストーリー	2023/12/27
市川雛菜	シャニソン	P	星3	しあわせ～な新年	恒常	2023/12/31
杜野凛世	シャニソン	P	星3	瑞祥新春	恒常	2023/12/31
郁田はるき	シャニソン	P	星2	星屑に込めて	恒常	2023/12/31
鈴木羽那	シャニソン	P	星2	硝子に映して	恒常	2023/12/31
斑鳩ルカ	シャニソン	P	星2	消える世界へ	恒常	2023/12/31
芹沢あさひ	シャニソン	S	SSR	目が合えば、えいっ	恒常	2023/12/31
三峰結華	シャニソン	S	SSR	ハレますように	恒常	2023/12/31
コメティック	シャニソン	GOOD BYE FLOWER			イベント	2023/12/31
風野灯織	シャニソン	S	SSR	解き明かす謎について	シーズン	2024/01/01
アルストロメリア	シャニソン	ユニットサブストーリー3話			サブストーリー	2024/01/05
月岡恋鐘	シャニソン	アイドルサブストーリー3話			サブストーリー	2024/01/09
白瀬咲耶	シャニソン	P	星3	トキメキの瞬間	恒常	2024/01/11
八宮めぐる	シャニソン	P	星3	お手をどうぞ	恒常	2024/01/11
有栖川夏葉	シャニソン	P	星2	太陽を撃ち抜いて	恒常	2024/01/11
杜野凛世	シャニソン	P	星2	水飛沫と大和撫子	恒常	2024/01/11
西城樹里	シャニソン	P	星2	真夏に飛び込め	恒常	2024/01/11
園田智代子	シャニソン	P	星2	ラムネの瓶を空にして	恒常	2024/01/11
小宮果穂	シャニソン	P	星2	ずぶ濡れ覚悟で！	恒常	2024/01/11
浅倉透	シャニソン	S	SSR	空腹のちょっとまえ	恒常	2024/01/11
幽谷霧子	シャニソン	S	SSR	ふたり、ぽつん	恒常	2024/01/11
放課後クライマックスガールズ	シャニソン	エピソード2			プロデュース	2024/01/11
有栖川夏葉	シャニソン	エピソード2			プロデュース	2024/01/11
杜野凛世	シャニソン	エピソード2			プロデュース	2024/01/11
西城樹里	シャニソン	エピソード2			プロデュース	2024/01/11
園田智代子	シャニソン	エピソード2			プロデュース	2024/01/11
小宮果穂	シャニソン	エピソード2			プロデュース	2024/01/11
ストレイライト	シャニソン	ユニットサブストーリー3話			サブストーリー	2024/01/15
田中摩美々	シャニソン	アイドルサブストーリー3話			サブストーリー	2024/01/17
西城樹里	シャニソン	P	星3	透明な空を駆ける	恒常	2024/01/19
七草にちか	シャニソン	S	SSR	てと手とテ	恒常	2024/01/19
園田智代子	シャニソン	S	SSR	広告ナース事情	恒常	2024/01/19
ノクチル	シャニソン	ユニットサブストーリー3話			サブストーリー	2024/01/24
白瀬咲耶	シャニソン	アイドルサブストーリー3話			サブストーリー	2024/01/26
園田智代子	シャニソン	P	星3	こころもこもこ	恒常	2024/01/31
三峰結華	シャニソン	P	星3	ぴょんっと跳ねたら	恒常	2024/01/31
市川雛菜	シャニソン	P	星2	しあわせを空へひろげて	恒常	2024/01/31
福丸小糸	シャニソン	P	星2	空と夢のまんなかで	恒常	2024/01/31
樋口円香	シャニソン	P	星2	透き通る空模様	恒常	2024/01/31
浅倉透	シャニソン	P	星2	飛んで、青空へ	恒常	2024/01/31
和泉愛依	シャニソン	S	SSR	いとお菓子～なDAY！	恒常	2024/01/31
桑山千雪	シャニソン	S	SSR	願いを頬張るためのレシピ	恒常	2024/01/31
ノクチル	シャニソン	青空に横たわりて			イベント	2024/01/31
三峰結華	シャニソン	S	SSR	今イマshooting	シーズン	2024/02/01
シーズ	シャニソン	ユニットサブストーリー3話			サブストーリー	2024/02/05
三峰結華	シャニソン	アイドルサブストーリー3話			サブストーリー	2024/02/07
斑鳩ルカ	シャニソン	P	星3	シュガーレスハート	恒常	2024/02/09
大崎甘奈	シャニソン	P	星3	めしませ☆スウィートLOVE	恒常	2024/02/09
桑山千雪	シャニソン	P	星2	まっすぐな想い	恒常	2024/02/09
大崎甜花	シャニソン	P	星2	とどけたい願い	恒常	2024/02/09
大崎甘奈	シャニソン	P	星2	だいすきな気持ち	恒常	2024/02/09
小宮果穂	シャニソン	S	SSR	全力！チョコレートキッチン！	恒常	2024/02/09
櫻木真乃	シャニソン	S	SSR	お好みで、お好きなだけ。	恒常	2024/02/09
アルストロメリア	シャニソン	エピソード2			プロデュース	2024/02/09
桑山千雪	シャニソン	エピソード2			プロデュース	2024/02/09
大崎甜花	シャニソン	エピソード2			プロデュース	2024/02/09
大崎甘奈	シャニソン	エピソード2			プロデュース	2024/02/09
コメティック	シャニソン	ユニットサブストーリー3話			サブストーリー	2024/02/14
幽谷霧子	シャニソン	アイドルサブストーリー3話			サブストーリー	2024/02/16
黛冬優子	シャニソン	P	星3	小悪魔ネコの誘惑	恒常	2024/02/22
緋田美琴	シャニソン	S	SSR	気づけない冬	恒常	2024/02/22
月岡恋鐘	シャニソン	S	SSR	体当たりで行くばい！	恒常	2024/02/22
イルミネーションスターズ	シャニソン	ユニットサブストーリー4話			サブストーリー	2024/02/22
小宮果穂	シャニソン	アイドルサブストーリー3話			サブストーリー	2024/02/26
大崎甜花	シャニソン	P	星3	もちもち桜日和	恒常	2024/02/29
幽谷霧子	シャニソン	P	星3	春風に舞う桜の願い	恒常	2024/02/29
緋田美琴	シャニソン	P	星2	制御不能Lovely	恒常	2024/02/29
七草にちか	シャニソン	P	星2	駆け引きCutie	恒常	2024/02/29
郁田はるき	シャニソン	S	SSR	桃の甘さはジュッテで踊る	恒常	2024/02/29
杜野凛世	シャニソン	S	SSR	はるつかた	恒常	2024/02/29
シーズ	シャニソン	メイビーラブ・オクターブ			イベント	2024/02/29
園田智代子	シャニソン	S	SSR	眼鏡前線準備よし	シーズン	2024/03/01
アンティーカ	シャニソン	ユニットサブストーリー4話			サブストーリー	2024/03/04
園田智代子	シャニソン	アイドルサブストーリー3話			サブストーリー	2024/03/07
七草にちか	シャニソン	P	星3	気持ちはマシュマロ風味	恒常	2024/03/08
小宮果穂	シャニソン	P	星3	ミラクル☆キャンディパワー！	恒常	2024/03/08
和泉愛依	シャニソン	P	星2	艶やかに暴く本性	恒常	2024/03/08
黛冬優子	シャニソン	P	星2	華やかに舞う野望	恒常	2024/03/08
芹沢あさひ	シャニソン	P	星2	軽やかに纏う表情	恒常	2024/03/08
黛冬優子	シャニソン	S	SSR	Ms.WHITEDAYの午後３時	恒常	2024/03/08
白瀬咲耶	シャニソン	S	SSR	純真なシュガー・シュガー	恒常	2024/03/08
ストレイライト	シャニソン	エピソード2			プロデュース	2024/03/08
和泉愛依	シャニソン	エピソード2			プロデュース	2024/03/08
黛冬優子	シャニソン	エピソード2			プロデュース	2024/03/08
芹沢あさひ	シャニソン	エピソード2			プロデュース	2024/03/08
放課後クライマックスガールズ	シャニソン	ユニットサブストーリー4話			サブストーリー	2024/03/15
西城樹里	シャニソン	アイドルサブストーリー3話			サブストーリー	2024/03/18
桑山千雪	シャニソン	P	星3	美味しい時間をあなたと	恒常	2024/03/19
樋口円香	シャニソン	S	SSR	霞を焚く	恒常	2024/03/19
西城樹里	シャニソン	S	SSR	花びらの行方	恒常	2024/03/19
アルストロメリア	シャニソン	ユニットサブストーリー4話			サブストーリー	2024/03/25
杜野凛世	シャニソン	アイドルサブストーリー3話			サブストーリー	2024/03/28
樋口円香	シャニソン	P	星3	カワイイ♡♡♡モード	恒常	2024/03/31
三峰結華	シャニソン	P	星3	カラフルキャットパーティー	恒常	2024/03/31
八宮めぐる	シャニソン	P	星2	出逢えた日のぬくもり	恒常	2024/03/31
風野灯織	シャニソン	P	星2	風が導く想い出	恒常	2024/03/31
櫻木真乃	シャニソン	P	星2	記憶のたからもの	恒常	2024/03/31
福丸小糸	シャニソン	S	SSR	虹をつかむまで	恒常	2024/03/31
風野灯織	シャニソン	S	SSR	君と混ざりあって、青	恒常	2024/03/31
イルミネーションスターズ	シャニソン	うつりゆく車窓、共にゆく道程			イベント	2024/03/31
大崎甘奈	シャニソン	S	SSR	まな☆まな☆せれくしょん	シーズン	2024/04/01
ストレイライト	シャニソン	ユニットサブストーリー4話			サブストーリー	2024/04/04
有栖川夏葉	シャニソン	アイドルサブストーリー3話			サブストーリー	2024/04/08
緋田美琴	シャニソン	P	星3	静謐な鍵盤の上で	恒常	2024/04/09
西城樹里	シャニソン	P	星3	緑と奏でるジョイフルマーチ	恒常	2024/04/09
市川雛菜	シャニソン	P	星2	反射する水景色	恒常	2024/04/09
福丸小糸	シャニソン	P	星2	零れるみずたま	恒常	2024/04/09
樋口円香	シャニソン	P	星2	青を纏えば	恒常	2024/04/09
浅倉透	シャニソン	P	星2	透色の向こう	恒常	2024/04/09
大崎甘奈	シャニソン	S	SSR	#Hoppy #Happy	恒常	2024/04/09
園田智代子	シャニソン	S	SSR	ミチ・ミチル・イースター	恒常	2024/04/09
ノクチル	シャニソン	エピソード2			プロデュース	2024/04/09
市川雛菜	シャニソン	エピソード2			プロデュース	2024/04/09
福丸小糸	シャニソン	エピソード2			プロデュース	2024/04/09
樋口円香	シャニソン	エピソード2			プロデュース	2024/04/09
浅倉透	シャニソン	エピソード2			プロデュース	2024/04/09
ノクチル	シャニソン	ユニットサブストーリー4話			サブストーリー	2024/04/15
大崎甘奈	シャニソン	アイドルサブストーリー3話			サブストーリー	2024/04/17
鈴木羽那	シャニソン	P	星3	白い恋の行方	恒常	2024/04/19
八宮めぐる	シャニソン	S	SSR	エブリデイ・ウィズ・ユー	恒常	2024/04/19
田中摩美々	シャニソン	S	SSR	さざ波ポリリズム	恒常	2024/04/19
浅倉透	シャニソン	S	SSR	sleeeep	恒常	2024/04/21
和泉愛依	シャニソン	S	SSR	あたし・コフレ	恒常	2024/04/21
シーズ	シャニソン	ユニットサブストーリー4話			サブストーリー	2024/04/24
大崎甜花	シャニソン	アイドルサブストーリー3話			サブストーリー	2024/04/26
浅倉透	シャニソン	P	星3	透明なまま	限定	2024/04/30
櫻木真乃	シャニソン	P	星3	きらきらの瞬間を一緒に	限定	2024/04/30
幽谷霧子	シャニソン	P	星2	秘密の舞台で踊って	恒常	2024/04/30
三峰結華	シャニソン	P	星2	演じて 隠して	恒常	2024/04/30
白瀬咲耶	シャニソン	P	星2	雑音も歓声に変えて	恒常	2024/04/30
田中摩美々	シャニソン	P	星2	仮面に隠した仕掛け	恒常	2024/04/30
月岡恋鐘	シャニソン	P	星2	かりそめの夜に纏う	恒常	2024/04/30
七草はづき	シャニソン	S	SSR	陰の日向	限定	2024/04/30
西城樹里	シャニソン	S	SSR	Reversed Sign	恒常	2024/04/30
アンティーカ	シャニソン	もうひとつのワンダーランド			イベント	2024/04/30
七草はづき	シャニソン	S	SR	いってらっしゃい	恒常	2024/04/30
七草はづき	シャニソン	S	SSR	YOU ARE (HERO)	恒常	2024/04/30
斑鳩ルカ	シャニソン	S	SSR	Don't look, baby	恒常	2024/04/30
緋田美琴	シャニソン	S	SSR	線伝いに響音	シーズン	2024/05/01
コメティック	シャニソン	ユニットサブストーリー4話			サブストーリー	2024/05/04
芹沢あさひ	シャニソン	S	SSR	ワッショイ★神様ビバラビダ	恒常	2024/05/09
白瀬咲耶	シャニソン	S	SSR	遠き空へと思いを寄せて	恒常	2024/05/09
芹沢あさひ	シャニソン	P	星3	あつあつモモ注意報	恒常	2024/05/10
田中摩美々	シャニソン	P	星3	甘い苺にご用心	恒常	2024/05/10
緋田美琴	シャニソン	P	星2	揺るぎない耀き	恒常	2024/05/10
七草にちか	シャニソン	P	星2	耀きを止めないで	恒常	2024/05/10
有栖川夏葉	シャニソン	S	SSR	体験に勝るものなし	恒常	2024/05/10
大崎甜花	シャニソン	S	SSR	4 Lovely Stories	恒常	2024/05/10
シーズ	シャニソン	エピソード2			プロデュース	2024/05/10
緋田美琴	シャニソン	エピソード2			プロデュース	2024/05/10
七草にちか	シャニソン	エピソード2			プロデュース	2024/05/10
郁田はるき	シャニソン	P	星2	雲の隙間、色を混ぜたら	恒常	2024/05/14
鈴木羽那	シャニソン	P	星2	雲の隙間、白く遠く	恒常	2024/05/14
斑鳩ルカ	シャニソン	P	星2	雲の隙間、見えなくても	恒常	2024/05/14
緋田美琴	シャニソン	P	星2	雲の隙間、晴れる前	恒常	2024/05/14
七草にちか	シャニソン	P	星2	雲の隙間、灰色になっても	恒常	2024/05/14
市川雛菜	シャニソン	P	星2	雲の隙間、澄み渡って	恒常	2024/05/14
福丸小糸	シャニソン	P	星2	雲の隙間、届く日まで	恒常	2024/05/14
樋口円香	シャニソン	P	星2	雲の隙間、滲み出して	恒常	2024/05/14
浅倉透	シャニソン	P	星2	雲の隙間、覗きみた	恒常	2024/05/14
和泉愛依	シャニソン	P	星2	雲の隙間、どんな色でも	恒常	2024/05/14
黛冬優子	シャニソン	P	星2	雲の隙間、終わりのない	恒常	2024/05/14
芹沢あさひ	シャニソン	P	星2	雲の隙間、まだ見ぬ景色へ	恒常	2024/05/14
桑山千雪	シャニソン	P	星2	雲の隙間、新たな夢へ	恒常	2024/05/14
大崎甜花	シャニソン	P	星2	雲の隙間、晴れたらきっと	恒常	2024/05/14
大崎甘奈	シャニソン	P	星2	雲の隙間、キミと見たくて	恒常	2024/05/14
有栖川夏葉	シャニソン	P	星2	雲の隙間、夢の先まで	恒常	2024/05/14
杜野凛世	シャニソン	P	星2	雲の隙間、熱を宿して	恒常	2024/05/14
西城樹里	シャニソン	P	星2	雲の隙間、どこまでも	恒常	2024/05/14
園田智代子	シャニソン	P	星2	雲の隙間、綿雲の柔らかさ	恒常	2024/05/14
小宮果穂	シャニソン	P	星2	雲の隙間、もっと先へ	恒常	2024/05/14
幽谷霧子	シャニソン	P	星2	雲の隙間、広げた世界	恒常	2024/05/14
三峰結華	シャニソン	P	星2	雲の隙間、鈍色の幸福	恒常	2024/05/14
白瀬咲耶	シャニソン	P	星2	雲の隙間、空の下で	恒常	2024/05/14
田中摩美々	シャニソン	P	星2	雲の隙間、翼と共に	恒常	2024/05/14
月岡恋鐘	シャニソン	P	星2	雲の隙間、黄金の空は	恒常	2024/05/14
八宮めぐる	シャニソン	P	星2	雲の隙間、ヒカリ溢れて	恒常	2024/05/14
風野灯織	シャニソン	P	星2	雲の隙間、蒼を見つけて	恒常	2024/05/14
櫻木真乃	シャニソン	P	星2	雲の隙間、お気に入りを纏って	恒常	2024/05/14
越境イベント	シャニソン	OVERCAST LIVE!			イベント	2024/05/14
越境イベント	シャニソン	OVERCAST LIVE!			イベント	2024/05/15
越境イベント	シャニソン	OVERCAST LIVE!			イベント	2024/05/16
越境イベント	シャニソン	OVERCAST LIVE!			イベント	2024/05/17
越境イベント	シャニソン	OVERCAST LIVE!			イベント	2024/05/18
越境イベント	シャニソン	OVERCAST LIVE!			イベント	2024/05/19
越境イベント	シャニソン	OVERCAST LIVE!			イベント	2024/05/20
大崎甜花	シャニソン	P	星3	アナタを悪魔は待っている	恒常	2024/05/20
市川雛菜	シャニソン	S	SSR	Take off！	恒常	2024/05/20
鈴木羽那	シャニソン	S	SSR	砂糖菓子は何色の夢を見るか	恒常	2024/05/20
越境イベント	シャニソン	OVERCAST LIVE!			イベント	2024/05/21
緋田美琴	シャニソン	S	SSR	咲くまでのトキ	恒常	2024/05/21
樋口円香	シャニソン	S	SSR	未然	恒常	2024/05/21
越境イベント	シャニソン	OVERCAST LIVE!			イベント	2024/05/22
越境イベント	シャニソン	OVERCAST LIVE!			イベント	2024/05/23
桑山千雪	シャニソン	アイドルサブストーリー3話			サブストーリー	2024/05/24
八宮めぐる	シャニソン	P	星3	駆けめぐる願い	30MSコラボ	2024/05/24
風野灯織	シャニソン	P	星3	想いを刻んで	30MSコラボ	2024/05/24
櫻木真乃	シャニソン	P	星3	宙が繋がる時	30MSコラボ	2024/05/24
杜野凛世	シャニソン	P	星3	狐火に燃ゆ想い	恒常	2024/05/31
月岡恋鐘	シャニソン	P	星3	永遠の愛を束ねて	限定	2024/05/31
和泉愛依	シャニソン	P	星2	繋がる奇跡	恒常	2024/05/31
黛冬優子	シャニソン	P	星2	溢れる光の粒	恒常	2024/05/31
芹沢あさひ	シャニソン	P	星2	未知を掴んで	恒常	2024/05/31
郁田はるき	シャニソン	S	SSR	ほどけないで魔法	恒常	2024/05/31
幽谷霧子	シャニソン	S	SSR	箱の音色に包まれて	限定	2024/05/31
七草にちか	シャニソン	S	SSR	砕けろダイヤモンド	限定	2024/05/31
芹沢あさひ	シャニソン	S	SSR	象牙の塔の姫に捧ぐ	恒常	2024/05/31
ストレイライト	シャニソン	Stray's LINK			イベント	2024/05/31
杜野凛世	シャニソン	S	SSR	めぐる共鳴の拍	シーズン	2024/06/01
幽谷霧子	シャニソン	S	SSR	やまない音たち	シーズン	2024/06/01
イルミネーションスターズ	シャニソン	ユニットサブストーリー5話			サブストーリー	2024/06/04
幽谷霧子	シャニソン	P	星3	灯す命 宿る光	30MSコラボ	2024/06/06
三峰結華	シャニソン	P	星3	星の暗号は秘密のまま	30MSコラボ	2024/06/06
白瀬咲耶	シャニソン	P	星3	心の奥へ触れて	30MSコラボ	2024/06/06
田中摩美々	シャニソン	P	星3	どんな姿もお手の物	30MSコラボ	2024/06/06
月岡恋鐘	シャニソン	P	星3	光の粒子にダイブして	30MSコラボ	2024/06/06
市川雛菜	シャニソン	P	星3	雨あがり虹さんぽ	恒常	2024/06/10
和泉愛依	シャニソン	P	星3	色めき咲いて	恒常	2024/06/10
小宮果穂	シャニソン	S	SSR	ピタ・パタ・パウ・パウ	恒常	2024/06/10
郁田はるき	シャニソン	P	星2	笑顔の裏側	恒常	2024/06/10
鈴木羽那	シャニソン	P	星2	無垢な証明	恒常	2024/06/10
斑鳩ルカ	シャニソン	P	星2	虚像の歪み	恒常	2024/06/10
園田智代子	シャニソン	S	SSR	幸せひとくち召し上がれ！	恒常	2024/06/10
風野灯織	シャニソン	S	SSR	耀径	恒常	2024/06/10
三峰結華	シャニソン	S	SSR	レイニーガールの願い事	恒常	2024/06/10
コメティック	シャニソン	エピソード2			プロデュース	2024/06/10
郁田はるき	シャニソン	エピソード2			プロデュース	2024/06/10
鈴木羽那	シャニソン	エピソード2			プロデュース	2024/06/10
斑鳩ルカ	シャニソン	エピソード2			プロデュース	2024/06/10
八宮めぐる	シャニソン	P	星3	届け！太陽のエール	恒常	2024/06/20
市川雛菜	シャニソン	S	SSR	B♡♡KMARK	恒常	2024/06/20
三峰結華	シャニソン	S	SSR	にぎやか木漏れ日ライン	恒常	2024/06/20
浅倉透	シャニソン	S	SSR	looook	恒常	2024/06/20
櫻木真乃	シャニソン	S	SSR	つたえるものがたり	恒常	2024/06/20
芹沢あさひ	シャニソン	アイドルサブストーリー3話			サブストーリー	2024/06/24
桑山千雪	シャニソン	P	星3	輝きは幻想に	30MSコラボ	2024/06/24
大崎甜花	シャニソン	P	星3	星を飛び超えて	30MSコラボ	2024/06/24
大崎甘奈	シャニソン	P	星3	鏡越しの鼓動	30MSコラボ	2024/06/24
桑山千雪	シャニソン	P	星3	恋に逢えたら	限定	2024/06/30
園田智代子	シャニソン	P	星3	お星さまを頬張って	限定	2024/06/30
緋田美琴	シャニソン	P	星2	終わりのない旅路	恒常	2024/06/30
七草にちか	シャニソン	P	星2	世界の果てまで	恒常	2024/06/30
福丸小糸	シャニソン	S	SSR	うだるような午後のこと	限定	2024/06/30
西城樹里	シャニソン	S	SSR	The Heat is On！	恒常	2024/06/30
幽谷霧子	シャニソン	S	SSR	玲・瓏・銀・砂	恒常	2024/06/30
黛冬優子	シャニソン	S	SSR	綺羅の随にすべからず	限定	2024/06/30
シーズ	シャニソン	Keep Running			イベント	2024/06/30
黛冬優子	シャニソン	S	SSR	Parallax NEON	シーズン	2024/07/01
樋口円香	シャニソン	S	SSR	bowl	シーズン	2024/07/01
アンティーカ	シャニソン	ユニットサブストーリー5話			サブストーリー	2024/07/04
福丸小糸	シャニソン	P	星3	ゆらめいて水光	恒常	2024/07/09
風野灯織	シャニソン	P	星3	水平線を見つめて	恒常	2024/07/09
八宮めぐる	シャニソン	P	星2	陽光に包まれて	恒常	2024/07/09
風野灯織	シャニソン	P	星2	月明かりの夢	恒常	2024/07/09
櫻木真乃	シャニソン	P	星2	星々の願いごと	恒常	2024/07/09
樋口円香	シャニソン	S	SSR	夏採れ！ビストロメリア	恒常	2024/07/09
斑鳩ルカ	シャニソン	S	SSR	No fun, no fun	恒常	2024/07/09
イルミネーションスターズ	シャニソン	エピソード3			プロデュース	2024/07/09
八宮めぐる	シャニソン	エピソード3			プロデュース	2024/07/09
風野灯織	シャニソン	エピソード3			プロデュース	2024/07/09
櫻木真乃	シャニソン	エピソード3			プロデュース	2024/07/09
有栖川夏葉	シャニソン	P	星3	パルマを鳴らして	恒常	2024/07/19
杜野凛世	シャニソン	S	SSR	氷点下に炎ゆ	恒常	2024/07/19
市川雛菜	シャニソン	S	SSR	ハッピー♡サマー	恒常	2024/07/19
斑鳩ルカ	シャニソン	S	SSR	クロスフェードの高気圧	恒常	2024/07/20
有栖川夏葉	シャニソン	S	SSR	残陽サマーバイブス	恒常	2024/07/20
黛冬優子	シャニソン	アイドルサブストーリー3話			サブストーリー	2024/07/25
有栖川夏葉	シャニソン	P	星3	無重力ハイパワー	30MSコラボ	2024/07/26
杜野凛世	シャニソン	P	星3	浪漫色に恋焦れ	30MSコラボ	2024/07/26
西城樹里	シャニソン	P	星3	記憶は宙に溶けて	30MSコラボ	2024/07/26
園田智代子	シャニソン	P	星3	蜜味エネルギー	30MSコラボ	2024/07/26
小宮果穂	シャニソン	P	星3	全力！発進！	30MSコラボ	2024/07/26
浅倉透	シャニソン	P	星3	夏空、現れたり	恒常	2024/07/31
幽谷霧子	シャニソン	P	星3	夏の先の眩しさよ	限定	2024/07/31
桑山千雪	シャニソン	P	星2	パステルフラワーについてきて	恒常	2024/07/31
大崎甜花	シャニソン	P	星2	メルティフェアリーを捕まえて	恒常	2024/07/31
大崎甘奈	シャニソン	P	星2	ネオンライトを追いかけて	恒常	2024/07/31
西城樹里	シャニソン	S	SSR	常夏にナイスパス！	限定	2024/07/31
月岡恋鐘	シャニソン	S	SSR	ずぶぬれ海峡・恋あられ	恒常	2024/07/31
アルストロメリア	シャニソン	Change from 『Stable』			イベント	2024/07/31
鈴木羽那	シャニソン	S	SSR	青夜に蕾みぬ	限定	2024/08/01
緋田美琴	シャニソン	S	SSR	GLOW	限定	2024/08/01
大崎甜花	シャニソン	S	SSR	めうつりセレクト！	シーズン	2024/08/01
和泉愛依	シャニソン	S	SSR	肌は大事に！	シーズン	2024/08/01
郁田はるき	シャニソン	P	星2	灼けた砂とつまさき	水着'24	2024/08/01
鈴木羽那	シャニソン	P	星2	知らないままでいたかった	水着'24	2024/08/01
斑鳩ルカ	シャニソン	P	星2	群青が「来い」と言った	水着'24	2024/08/01
緋田美琴	シャニソン	P	星2	lost at sea	水着'24	2024/08/01
七草にちか	シャニソン	P	星2	ときめいたら、夕立	水着'24	2024/08/01
市川雛菜	シャニソン	P	星2	真夏の風も君を欲しがるのに	水着'24	2024/08/01
福丸小糸	シャニソン	P	星2	いつか生まれるパール	水着'24	2024/08/01
樋口円香	シャニソン	P	星2	あなたから言って	水着'24	2024/08/01
浅倉透	シャニソン	P	星2	汽水域で息を	水着'24	2024/08/01
和泉愛依	シャニソン	P	星2	ハローSummer,ハロー	水着'24	2024/08/01
黛冬優子	シャニソン	P	星2	リボンは定めて、たゆまない	水着'24	2024/08/01
芹沢あさひ	シャニソン	P	星2	砂浜を駆け抜け南風	水着'24	2024/08/01
桑山千雪	シャニソン	P	星2	レイジーピンクと目覚めたら	水着'24	2024/08/01
大崎甜花	シャニソン	P	星2	ジェリーピンクはひめやかに	水着'24	2024/08/01
大崎甘奈	シャニソン	P	星2	パッションピンクがはじけたら	水着'24	2024/08/01
有栖川夏葉	シャニソン	P	星2	青雲のトロピカルドット	水着'24	2024/08/01
杜野凛世	シャニソン	P	星2	ひたぶる想いを、橙	水着'24	2024/08/01
西城樹里	シャニソン	P	星2	夏本番、モードオレンジ	水着'24	2024/08/01
園田智代子	シャニソン	P	星2	柔く、水玉をなびかせて	水着'24	2024/08/01
小宮果穂	シャニソン	P	星2	フレッシュオレンジ全力全開！	水着'24	2024/08/01
幽谷霧子	シャニソン	P	星2	咲き誇れ、夏の薔薇	水着'24	2024/08/01
三峰結華	シャニソン	P	星2	刻み込め、ふたりの足跡	水着'24	2024/08/01
白瀬咲耶	シャニソン	P	星2	飛び散らせ、白波の飛沫	水着'24	2024/08/01
田中摩美々	シャニソン	P	星2	駆け出せ、赤と青の狭間	水着'24	2024/08/01
月岡恋鐘	シャニソン	P	星2	照り返せ、灼熱の太陽	水着'24	2024/08/01
八宮めぐる	シャニソン	P	星2	きみに恋するビーチ	水着'24	2024/08/01
風野灯織	シャニソン	P	星2	きみにとらわれた夏空	水着'24	2024/08/01
櫻木真乃	シャニソン	P	星2	きみに会いにゆく太陽	水着'24	2024/08/01
放課後クライマックスガールズ	シャニソン	ユニットサブストーリー5話			サブストーリー	2024/08/05
黛冬優子	シャニソン	P	星3	藍にそよぎ、夏になびく	恒常	2024/08/10
大崎甘奈	シャニソン	P	星3	夏色に染まる恋	限定	2024/08/10
幽谷霧子	シャニソン	P	星2	箱庭に閉じ込めて	恒常	2024/08/10
三峰結華	シャニソン	P	星2	道化は宵に笑う	恒常	2024/08/10
白瀬咲耶	シャニソン	P	星2	月虹切り裂く	恒常	2024/08/10
田中摩美々	シャニソン	P	星2	堕ちて真白に	恒常	2024/08/10
月岡恋鐘	シャニソン	P	星2	罪深き真紅の瞳	恒常	2024/08/10
風野灯織	シャニソン	S	SSR	スターライト・フェローズ	限定	2024/08/10
鈴木羽那	シャニソン	S	SSR	she/through	恒常	2024/08/10
アンティーカ	シャニソン	エピソード3			プロデュース	2024/08/10
幽谷霧子	シャニソン	エピソード3			プロデュース	2024/08/10
三峰結華	シャニソン	エピソード3			プロデュース	2024/08/10
白瀬咲耶	シャニソン	エピソード3			プロデュース	2024/08/10
田中摩美々	シャニソン	エピソード3			プロデュース	2024/08/10
月岡恋鐘	シャニソン	エピソード3			プロデュース	2024/08/10
和泉愛依	シャニソン	P	星3	視線の先へ	30MSコラボ	2024/08/15
黛冬優子	シャニソン	P	星3	夢と現実の狭間	30MSコラボ	2024/08/15
芹沢あさひ	シャニソン	P	星3	真空への扉	30MSコラボ	2024/08/15
郁田はるき	シャニソン	P	星3	みんなの色を混ぜ込んで	恒常	2024/08/21
福丸小糸	シャニソン	S	SSR	ひまわり通りのそらと白	恒常	2024/08/21
七草にちか	シャニソン	S	SSR	睫毛をユらす風を綯う	恒常	2024/08/21
芹沢あさひ	シャニソン	P	星3	チャイムが鳴ったら走りだせ	限定	2024/08/31
白瀬咲耶	シャニソン	P	星3	知りたいのはキミの心	恒常	2024/08/31
郁田はるき	シャニソン	P	星2	黒の創造者	恒常	2024/08/31
鈴木羽那	シャニソン	P	星2	白の理解者	恒常	2024/08/31
斑鳩ルカ	シャニソン	P	星2	無の破壊者	恒常	2024/08/31
大崎甜花	シャニソン	S	SSR	yummy♡yummy	限定	2024/08/31
和泉愛依	シャニソン	S	SSR	とろりゆ、かぽーん	恒常	2024/08/31
コメティック	シャニソン	BLACK_WHITE?			イベント	2024/08/31
櫻木真乃	シャニソン	S	SSR	ひねもすのうたたち	イベント	2024/09/01
アルストロメリア	シャニソン	ユニットサブストーリー5話			サブストーリー	2024/09/04
市川雛菜	シャニソン	P	星3	しあわせの宙旅	30MSコラボ	2024/09/05
福丸小糸	シャニソン	P	星3	星と宙とわたしと	30MSコラボ	2024/09/05
樋口円香	シャニソン	P	星3	唯一無二の感情	30MSコラボ	2024/09/05
浅倉透	シャニソン	P	星3	進め、青黒	30MSコラボ	2024/09/05
斑鳩ルカ	シャニソン	P	星3	眠れ、ユートピア	恒常	2024/09/10
桑山千雪	シャニソン	P	星3	夢の楽園へようこそ！	恒常	2024/09/10
有栖川夏葉	シャニソン	P	星2	太陽系を制覇せよ！	恒常	2024/09/10
杜野凛世	シャニソン	P	星2	星の恋文をなぞりて	恒常	2024/09/10
西城樹里	シャニソン	P	星2	走れ！銀河の彼方まで	恒常	2024/09/10
園田智代子	シャニソン	P	星2	星の輝きに力を込めて	恒常	2024/09/10
小宮果穂	シャニソン	P	星2	正義は星と共にあり！	恒常	2024/09/10
八宮めぐる	シャニソン	S	SSR	グラフィカル・ハンターズ	恒常	2024/09/10
白瀬咲耶	シャニソン	S	SSR	Bloody Red1819	恒常	2024/09/10
放課後クライマックスガールズ	シャニソン	エピソード3			プロデュース	2024/09/10
有栖川夏葉	シャニソン	エピソード3			プロデュース	2024/09/10
杜野凛世	シャニソン	エピソード3			プロデュース	2024/09/10
西城樹里	シャニソン	エピソード3			プロデュース	2024/09/10
園田智代子	シャニソン	エピソード3			プロデュース	2024/09/10
小宮果穂	シャニソン	エピソード3			プロデュース	2024/09/10
緋田美琴	シャニソン	P	星3	貴石廻って	30MSコラボ	2024/09/17
七草にちか	シャニソン	P	星3	虹色を削って	30MSコラボ	2024/09/17
緋田美琴	シャニソン	P	星3	水華、空へ咲く	恒常	2024/09/20
有栖川夏葉	シャニソン	S	SSR	&SWEATY	恒常	2024/09/20
鈴木羽那	シャニソン	S	SSR	In Other Words	恒常	2024/09/20
浅倉透	シャニソン	アイドルサブストーリー3話			サブストーリー	2024/09/24
芹沢あさひ	シャニソン	S	SSR	ブルージュ・グラデーション	恒常	2024/09/30
田中摩美々	シャニソン	S	SSR	AUTUMN 第18楽章	恒常	2024/09/30
西城樹里	シャニソン	P	星3	願いの光を散りばめて	恒常	2024/09/30
櫻木真乃	シャニソン	P	星3	祈りの力は空色に	恒常	2024/09/30
市川雛菜	シャニソン	P	星2	溶けてかえって	恒常	2024/09/30
福丸小糸	シャニソン	P	星2	覚めないゆめを	恒常	2024/09/30
樋口円香	シャニソン	P	星2	想いを秘して	恒常	2024/09/30
浅倉透	シャニソン	P	星2	泡になっても	恒常	2024/09/30
ノクチル	シャニソン	アクアリウムの羅針盤は揺れている			イベント	2024/09/30
小宮果穂	シャニソン	S	SSR	ヒップ・ヒップ・フーレイ	シーズン	2024/10/01
郁田はるき	シャニソン	P	星3	宙で混ざる色いろ	30MSコラボ	2024/10/03
鈴木羽那	シャニソン	P	星3	目があえば一番星	30MSコラボ	2024/10/03
斑鳩ルカ	シャニソン	P	星3	黒星、渦巻く	30MSコラボ	2024/10/03
ストレイライト	シャニソン	ユニットサブストーリー5話			サブストーリー	2024/10/04
幽谷霧子	シャニソン	P	星3	花香のまぼろし	恒常	2024/10/10
三峰結華	シャニソン	P	星3	魔女の悪戯はどんな味？	限定	2024/10/10
郁田はるき	シャニソン	S	SSR	どこか遠い祝祭	限定	2024/10/10
黛冬優子	シャニソン	P	星3	夢の扉を叩いて	恒常	2024/10/21
福丸小糸	シャニソン	S	SSR	うつくしむモメント	恒常	2024/10/21
桑山千雪	シャニソン	S	SSR	惑わせないでエヴァネセント	恒常	2024/10/21
樋口円香	シャニソン	アイドルサブストーリー3話			サブストーリー	2024/10/24
鈴木羽那	シャニソン	P	星3	君の中でヒカリ続けて	限定	2024/11/01
杜野凛世	シャニソン	P	星3	秘めやかな幸福を燈して	限定	2024/11/01
八宮めぐる	シャニソン	P	星2	夜空照らす笑顔の魔法	恒常	2024/11/01
風野灯織	シャニソン	P	星2	流星の導きを辿って	恒常	2024/11/01
櫻木真乃	シャニソン	P	星2	夢を紡ぐ宇宙のメロディ	恒常	2024/11/01
浅倉透	シャニソン	S	SSR	逆らう林檎	限定	2024/11/01
七草はづき	シャニソン	S	SSR	OVER THE (COLORS)	限定	2024/11/01
月岡恋鐘	シャニソン	S	SSR	革命的飯店暗酊家	シーズン	2024/11/01
イルミネーションスターズ	シャニソン	最大光度の条件は			イベント	2024/11/01
越境イベント	シャニソン	小鳥たちの賛歌			イベント	2024/11/01
越境イベント	シャニソン	小鳥たちの賛歌			イベント	2024/11/02
越境イベント	シャニソン	小鳥たちの賛歌			イベント	2024/11/03
越境イベント	シャニソン	小鳥たちの賛歌			イベント	2024/11/04
越境イベント	シャニソン	小鳥たちの賛歌			イベント	2024/11/05
ノクチル	シャニソン	ユニットサブストーリー5話			サブストーリー	2024/11/05
越境イベント	シャニソン	小鳥たちの賛歌			イベント	2024/11/06
越境イベント	シャニソン	小鳥たちの賛歌			イベント	2024/11/07
越境イベント	シャニソン	小鳥たちの賛歌			イベント	2024/11/08
越境イベント	シャニソン	小鳥たちの賛歌			イベント	2024/11/09
越境イベント	シャニソン	小鳥たちの賛歌			イベント	2024/11/10
樋口円香	シャニソン	P	星3	緋に狙い定めて	恒常	2024/11/10
月岡恋鐘	シャニソン	P	星3	刹那に焦がしたら	恒常	2024/11/10
郁田はるき	シャニソン	P	星2	colorful! 虹色な日々に愛を	恒常	2024/11/10
鈴木羽那	シャニソン	P	星2	colorful! 空に映した色	恒常	2024/11/10
斑鳩ルカ	シャニソン	P	星2	colorful! 色を帯びた頃	恒常	2024/11/10
緋田美琴	シャニソン	P	星2	colorful! 一色も逃さないで	恒常	2024/11/10
七草にちか	シャニソン	P	星2	colorful! 多彩になるまで	恒常	2024/11/10
市川雛菜	シャニソン	P	星2	colorful! 楽しいがたくさん	恒常	2024/11/10
福丸小糸	シャニソン	P	星2	colorful! 踊って色づく	恒常	2024/11/10
樋口円香	シャニソン	P	星2	colorful! 同じ色はない	恒常	2024/11/10
浅倉透	シャニソン	P	星2	colorful! 青の先を往く	恒常	2024/11/10
和泉愛依	シャニソン	P	星2	colorful! 光彩、染め上げて	恒常	2024/11/10
黛冬優子	シャニソン	P	星2	colorful! 空と交わした約束	恒常	2024/11/10
芹沢あさひ	シャニソン	P	星2	colorful! 光と夢を紡いだら	恒常	2024/11/10
桑山千雪	シャニソン	P	星2	colorful! 包み込むキルト	恒常	2024/11/10
大崎甜花	シャニソン	P	星2	colorful! 手を繋いだら	恒常	2024/11/10
大崎甘奈	シャニソン	P	星2	colorful! ふわり浮かんだ	恒常	2024/11/10
有栖川夏葉	シャニソン	P	星2	colorful! 飛び抜けて彩虹	恒常	2024/11/10
杜野凛世	シャニソン	P	星2	colorful! 想ひ、膨らみて	恒常	2024/11/10
西城樹里	シャニソン	P	星2	colorful! この空に届けて	恒常	2024/11/10
園田智代子	シャニソン	P	星2	colorful! ほっぺも綻ぶ	恒常	2024/11/10
小宮果穂	シャニソン	P	星2	colorful! 跳ねる色と音と	恒常	2024/11/10
幽谷霧子	シャニソン	P	星2	colorful! 風に乗せた彩	恒常	2024/11/10
三峰結華	シャニソン	P	星2	colorful! 見せましょう	恒常	2024/11/10
白瀬咲耶	シャニソン	P	星2	colorful! 大胆に鮮やかに	恒常	2024/11/10
田中摩美々	シャニソン	P	星2	colorful! いつも通りの空	恒常	2024/11/10
月岡恋鐘	シャニソン	P	星2	colorful! 笑みにまほろば	恒常	2024/11/10
八宮めぐる	シャニソン	P	星2	colorful! 虹を繋いで	恒常	2024/11/10
風野灯織	シャニソン	P	星2	colorful! 何度でも飛べる	恒常	2024/11/10
櫻木真乃	シャニソン	P	星2	colorful! 夢のステージへ	恒常	2024/11/10
三峰結華	シャニソン	S	SSR	あたたかな冬とその理由	恒常	2024/11/10
大崎甘奈	シャニソン	S	SSR	モンプティ・キュール	恒常	2024/11/10
桑山千雪	シャニソン	P	星2	満ちゆく空を見つめて	イベント	2024/11/10
大崎甜花	シャニソン	P	星2	永遠を願って	恒常	2024/11/10
大崎甘奈	シャニソン	P	星2	真白に舞いおりて	恒常	2024/11/10
アルストロメリア	シャニソン	エピソード3			プロデュース	2024/11/10
桑山千雪	シャニソン	エピソード3			プロデュース	2024/11/10
大崎甜花	シャニソン	エピソード3			プロデュース	2024/11/10
大崎甘奈	シャニソン	エピソード3			プロデュース	2024/11/10
風野灯織	シャニソン	P	星3	繋がる物語をいま	恒常	2024/11/21
園田智代子	シャニソン	S	SSR	クリーム☆シチュエーション	恒常	2024/11/21
緋田美琴	シャニソン	S	SSR	FALL	恒常	2024/11/21
幽谷霧子	シャニソン	P	星3	星を視ること帰するが如し	30MSコラボ	2024/11/23
三峰結華	シャニソン	P	星3	この思いはジャミングのせい？	30MSコラボ	2024/11/23
白瀬咲耶	シャニソン	P	星3	加速する幻灯を追って	30MSコラボ	2024/11/23
田中摩美々	シャニソン	P	星3	怠惰インフレーション	30MSコラボ	2024/11/23
月岡恋鐘	シャニソン	P	星3	少女は偶像の夢を見るか	30MSコラボ	2024/11/23
福丸小糸	シャニソン	アイドルサブストーリー3話			サブストーリー	2024/11/25
西城樹里	シャニソン	P	星2	precious, 橙の翼で空高く	誕生日	2024/11/26
七草にちか	シャニソン	P	星3	がぶっとひんやり	恒常	2024/11/30
八宮めぐる	シャニソン	S	SSR	ふくら・まるまる	恒常	2024/11/30
黛冬優子	シャニソン	S	SSR	永久、麗しくも獰猛	恒常	2024/11/30
和泉愛依	シャニソン	P	星3	月映えに、牙	恒常	2024/11/30
有栖川夏葉	シャニソン	P	星2	大胆に打ち上げて	恒常	2024/11/30
杜野凛世	シャニソン	P	星2	秘密の夜の予告状	恒常	2024/11/30
西城樹里	シャニソン	P	星2	狙った獲物は逃さない	恒常	2024/11/30
園田智代子	シャニソン	P	星2	瞳の奥へ忍び込む	恒常	2024/11/30
小宮果穂	シャニソン	P	星2	真夜中ショータイム	恒常	2024/11/30
放課後クライマックスガールズ	シャニソン	♡thief			イベント	2024/11/30
斑鳩ルカ	シャニソン	S	SSR	無愛想なラルゴ	シーズン	2024/12/01
黛冬優子	シャニソン	P	星2	precious, 特別を形にして	誕生日	2024/12/04
シーズ	シャニソン	ユニットサブストーリー5話			サブストーリー	2024/12/05
郁田はるき	シャニソン	P	星3	こころにリボンをかけて	限定	2024/12/10
大崎甜花	シャニソン	P	星3	お届け！甜花急便	限定	2024/12/10
白瀬咲耶	シャニソン	S	SSR	窓辺に星が満ちるまで	限定	2024/12/10
西城樹里	シャニソン	S	SSR	CLIMAX HOLIDAYS	恒常	2024/12/10
有栖川夏葉	シャニソン	P	星3	星の海、無限航行	30MSコラボ	2024/12/16
杜野凛世	シャニソン	P	星3	地球発、恋情∞	30MSコラボ	2024/12/16
西城樹里	シャニソン	P	星3	283、283、聞こえるか？	30MSコラボ	2024/12/16
園田智代子	シャニソン	P	星3	人気のブラックホール味	30MSコラボ	2024/12/16
小宮果穂	シャニソン	P	星3	おてんばクラッカー	30MSコラボ	2024/12/16
市川雛菜	シャニソン	P	星3	ふわり♡飛んでけ	恒常	2024/12/20
桑山千雪	シャニソン	S	SSR	煉瓦道、夜、靴音重ね	恒常	2024/12/20
和泉愛依	シャニソン	S	SSR	うちらカラー♪	恒常	2024/12/20
市川雛菜	シャニソン	アイドルサブストーリー3話			サブストーリー	2024/12/25
大崎甜花	シャニソン	P	星2	precious, 甜花レベルアップ！	誕生日	2024/12/25
大崎甘奈	シャニソン	P	星2	precious, 素敵な日を迎えて	誕生日	2024/12/25
田中摩美々	シャニソン	P	星3	暁光の幸福	限定	2024/12/31
八宮めぐる	シャニソン	P	星3	初春に咲む	限定	2024/12/31
和泉愛依	シャニソン	P	星2	抗え、真実を	恒常	2024/12/31
黛冬優子	シャニソン	P	星2	蝕め、本能を	恒常	2024/12/31
芹沢あさひ	シャニソン	P	星2	踠け、理想を	恒常	2024/12/31
七草にちか	シャニソン	S	SSR	再生のものガタり	恒常	2024/12/31
杜野凛世	シャニソン	S	SSR	ちよのはる	限定	2024/12/31
ストレイライト	シャニソン	群青と日常のジュブナイル, Scar			イベント	2024/12/31
田中摩美々	シャニソン	S	SSR	フラットネス・ビート	シーズン	2025/01/01
芹沢あさひ	シャニソン	P	星2	precious, 最高をここから	誕生日	2025/01/04
コメティック	シャニソン	ユニットサブストーリー5話			サブストーリー	2025/01/06
有栖川夏葉	シャニソン	P	星3	キラメキを映して	恒常	2025/01/10
園田智代子	シャニソン	P	星3	ココロに繋いで	恒常	2025/01/10
市川雛菜	シャニソン	P	星2	ゆっくり気まま風	恒常	2025/01/10
福丸小糸	シャニソン	P	星2	繋いだままで	恒常	2025/01/10
樋口円香	シャニソン	P	星2	風の色を確かめて	恒常	2025/01/10
浅倉透	シャニソン	P	星2	遠く吹かれて	恒常	2025/01/10
幽谷霧子	シャニソン	S	SSR	白銀をくぐって	恒常	2025/01/10
市川雛菜	シャニソン	S	SSR	c:arefree	恒常	2025/01/10
ノクチル	シャニソン	エピソード3			プロデュース	2025/01/10
市川雛菜	シャニソン	エピソード3			プロデュース	2025/01/10
福丸小糸	シャニソン	エピソード3			プロデュース	2025/01/10
樋口円香	シャニソン	エピソード3			プロデュース	2025/01/10
浅倉透	シャニソン	エピソード3			プロデュース	2025/01/10
郁田はるき	シャニソン	P	星3	光なき場所から届く詩	30MSコラボ	2025/01/13
鈴木羽那	シャニソン	P	星3	宇宙のどこかで出会って	30MSコラボ	2025/01/13
斑鳩ルカ	シャニソン	P	星3	常闇まで道連れに	30MSコラボ	2025/01/13
三峰結華	シャニソン	P	星2	precious, 今日だけ特別	誕生日	2025/01/16
白瀬咲耶	シャニソン	P	星3	ラストダンスを共に	恒常	2025/01/20
芹沢あさひ	シャニソン	S	SSR	残照、忍び寄る	恒常	2025/01/20
郁田はるき	シャニソン	S	SSR	輪郭にとじこめた世界	恒常	2025/01/20
七草にちか	シャニソン	アイドルサブストーリー3話			サブストーリー	2025/01/24
福丸小糸	シャニソン	P	星3	迎え討つ強者の雷	恒常	2025/01/31
大崎甜花	シャニソン	S	SSR	暖々	恒常	2025/01/31
鈴木羽那	シャニソン	S	SSR	Fortune in	恒常	2025/01/31
小宮果穂	シャニソン	P	星3	さぁ、伝説をはじめよう	限定	2025/01/31
幽谷霧子	シャニソン	P	星2	癒しの願い纏う	恒常	2025/01/31
三峰結華	シャニソン	P	星2	滲む覚悟を射抜いて	恒常	2025/01/31
白瀬咲耶	シャニソン	P	星2	夜空に剣光射す	恒常	2025/01/31
田中摩美々	シャニソン	P	星2	星の影で唱う	恒常	2025/01/31
月岡恋鐘	シャニソン	P	星2	光を背負う意志	恒常	2025/01/31
アンティーカ	シャニソン	Promise in the Pride			イベント	2025/01/31
斑鳩ルカ	シャニソン	P	星2	precious, 絶え間なく	誕生日	2025/01/31
桑山千雪	シャニソン	S	SSR	あまえて、やすらいで	シーズン	2025/02/01
緋田美琴	シャニソン	P	星3	鋼鉄のイヴ	30MSコラボ	2025/02/05
七草にちか	シャニソン	P	星3	エラーコードN	30MSコラボ	2025/02/05
黛冬優子	シャニソン	P	星3	甘美なる午後三時	限定	2025/02/10
櫻木真乃	シャニソン	P	星3	とろける幸せのひと粒	恒常	2025/02/10
三峰結華	シャニソン	S	SSR	秘密xxx夜話	恒常	2025/02/10
樋口円香	シャニソン	S	SSR	甘噛	限定	2025/02/10
幽谷霧子	シャニソン	P	星3	黒猫が見せた夢	恒常	2025/02/26
園田智代子	シャニソン	S	SSR	猫草小町日常譚	恒常	2025/02/26
小宮果穂	シャニソン	S	SSR	Yes！にゃんこ盛り	恒常	2025/02/26
桑山千雪	シャニソン	P	星3	蛍光にまばゆく	恒常	2025/02/28
西城樹里	シャニソン	P	星3	軽やかな音に乗せて	恒常	2025/02/28
櫻木真乃	シャニソン	S	SSR	３番線に春が	恒常	2025/02/28
月岡恋鐘	シャニソン	S	SSR	萌ゆる彩、咲き揃い	恒常	2025/02/28
ノクチル	シャニソン	征け、アルペジオの階段を			イベント	2025/02/28
市川雛菜	シャニソン	P	星2	夢中にがむしゃらに	恒常	2025/02/28
福丸小糸	シャニソン	P	星2	全部きっと未来へ繋いで	恒常	2025/02/28
樋口円香	シャニソン	P	星2	遠くの青い日へ	恒常	2025/02/28
浅倉透	シャニソン	P	星2	青の真ん中で君と	イベント・交換所	2025/02/28
有栖川夏葉	シャニソン	S	SSR	toHeaven	シーズン	2025/03/01
月岡恋鐘	シャニソン	P	星2	precious, 灯し火に愛を	誕生日	2025/03/01
園田智代子	シャニソン	P	星2	precious, 今日は頬張る	誕生日	2025/03/01
風野灯織	シャニソン	P	星2	precious, 共に歩む特別な日	誕生日	2025/03/04
緋田美琴	シャニソン	アイドルサブストーリー3話			サブストーリー	2025/03/05
緋田美琴	シャニソン	P	星3	オススメフレーバーに溶けて	限定	2025/03/10
浅倉透	シャニソン	P	星3	スースー、倍増	限定	2025/03/10
七草にちか	シャニソン	S	SSR	あまい香りのエコーたち	恒常	2025/03/10
大崎甘奈	シャニソン	S	SSR	麗しきソサエティにようこそ	限定	2025/03/10
和泉愛依	シャニソン	P	星2	思いのまま噛みついて	恒常	2025/03/10
黛冬優子	シャニソン	P	星2	偶像に爪を隠して	恒常	2025/03/10
芹沢あさひ	シャニソン	P	星2	跳ねて捕まえて	恒常	2025/03/10
ストレイライト	シャニソン	エピソード3			プロデュース	2025/03/10
和泉愛依	シャニソン	エピソード3			プロデュース	2025/03/10
黛冬優子	シャニソン	エピソード3			プロデュース	2025/03/10
芹沢あさひ	シャニソン	エピソード3			プロデュース	2025/03/10
市川雛菜	シャニソン	P	星2	precious, しあわせの連鎖	誕生日	2025/03/17
和泉愛依	シャニソン	P	星3	囚われの鴉月	恒常	2025/03/21
田中摩美々	シャニソン	S	SSR	グラデエイト・仮	恒常	2025/03/21
福丸小糸	シャニソン	S	SSR	はれときどきさくら	恒常	2025/03/21
四条貴音	シャニソン	P	星3	夜空の瞬き『那』由多の果てに	765プロコラボ	2025/03/21
菊地真	シャニソン	P	星3	灯がついた『鼓』動の先へ	765プロコラボ	2025/03/21
天海春香	シャニソン	P	星3	明日へ続く『夢』を行く、君と	765プロコラボ	2025/03/21
斑鳩ルカ	シャニソン	アイドルサブストーリー3話			サブストーリー	2025/03/25
小宮果穂	シャニソン	P	星3	あこがれはもう少し先	恒常	2025/03/31
三峰結華	シャニソン	P	星3	吹く風に一歩踏み出して	限定	2025/03/31
桑山千雪	シャニソン	S	SSR	かけら、ふわり、ひらり	恒常	2025/03/31
黛冬優子	シャニソン	S	SSR	Beautiful Fighter	恒常	2025/03/31
シーズ	シャニソン	霧鐘歌			イベント	2025/03/31
緋田美琴	シャニソン	P	星2	fleetingStar	恒常	2025/03/31
七草にちか	シャニソン	P	星2	meltingStar	イベント	2025/03/31
市川雛菜	シャニソン	S	SSR	B@GGAGE	シーズン	2025/04/01
郁田はるき	シャニソン	P	星2	precious, ここにいるよ	誕生日	2025/04/05
鈴木羽那	シャニソン	P	星3	見つかっちゃった？	恒常	2025/04/10
市川雛菜	シャニソン	P	星3	モノクロ新発見	限定	2025/04/10
有栖川夏葉	シャニソン	S	SSR	Peppy Hoppy！	恒常	2025/04/10
斑鳩ルカ	シャニソン	S	SSR	伏目のアンセム	限定	2025/04/10
和泉愛依	シャニソン	P	星3	情情器官	30MSコラボ	2025/04/14
黛冬優子	シャニソン	P	星3	表象器官	30MSコラボ	2025/04/14
芹沢あさひ	シャニソン	P	星3	純粋器官	30MSコラボ	2025/04/14
桑山千雪	シャニソン	P	星2	precious, 舞い上がる愛を	誕生日	2025/04/18
大崎甜花	シャニソン	P	星3	最強装備で……スタート！	恒常	2025/04/21
櫻木真乃	シャニソン	P	星2	precious, きらきらに踊って	誕生日	2025/04/25
樋口円香	シャニソン	P	星3	月夜に落ちた赤光	限定	2025/04/30
白瀬咲耶	シャニソン	P	星3	至福の時間をキミに	限定	2025/04/30
ストレイライト	シャニソン	Island of Stray Code			イベント	2025/04/30
和泉愛依	シャニソン	P	星2	蒼天を駆け抜け	恒常	2025/04/30
黛冬優子	シャニソン	P	星2	碧雷の魂を込めて	イベント	2025/04/30
芹沢あさひ	シャニソン	P	星2	閃光に眩む未来	恒常	2025/04/30
八宮めぐる	シャニソン	S	SSR	ビフォア・サンアップ	シーズン	2025/05/01
浅倉透	シャニソン	P	星2	precious, 最高にグー	誕生日	2025/05/04
郁田はるき	シャニソン	P	星3	最高のカワイイを切り取って	恒常	2025/05/09
風野灯織	シャニソン	P	星3	フェイバリット・スター	限定	2025/05/09
越境イベント	シャニソン	光空回帰線			イベント	2025/05/09
郁田はるき	シャニソン	P	星2	黄昏の道標、空との境界線	イベント	2025/05/09
鈴木羽那	シャニソン	P	星2	黄昏の道標、白に滲む	イベント	2025/05/09
斑鳩ルカ	シャニソン	P	星2	黄昏の道標、色彩に溺れた	イベント	2025/05/09
緋田美琴	シャニソン	P	星2	黄昏の道標、重ねるほどに	イベント	2025/05/09
七草にちか	シャニソン	P	星2	黄昏の道標、音をかたどる	イベント	2025/05/09
市川雛菜	シャニソン	P	星2	黄昏の道標、ぷかぷか泳いで	イベント	2025/05/09
福丸小糸	シャニソン	P	星2	黄昏の道標、羽ばたく日まで	イベント	2025/05/09
樋口円香	シャニソン	P	星2	黄昏の道標、ハジマリの歌	イベント	2025/05/09
浅倉透	シャニソン	P	星2	黄昏の道標、鮮明に追いつけ	イベント	2025/05/09
和泉愛依	シャニソン	P	星2	黄昏の道標、魅惑のキラキラ	イベント	2025/05/09
黛冬優子	シャニソン	P	星2	黄昏の道標、満たしてあげる	イベント	2025/05/09
芹沢あさひ	シャニソン	P	星2	黄昏の道標、見つけたヒカリ	イベント	2025/05/09
桑山千雪	シャニソン	P	星2	黄昏の道標、明日へ笑って	イベント	2025/05/09
大崎甜花	シャニソン	P	星2	黄昏の道標、虹色空模様	イベント	2025/05/09
大崎甘奈	シャニソン	P	星2	黄昏の道標、キミとお日さま	イベント	2025/05/09
有栖川夏葉	シャニソン	P	星2	黄昏の道標、言霊に溶かした	イベント	2025/05/09
杜野凛世	シャニソン	P	星2	黄昏の道標、乱反射に瞬き	イベント	2025/05/09
西城樹里	シャニソン	P	星2	黄昏の道標、輝きは浮遊する	イベント	2025/05/09
園田智代子	シャニソン	P	星2	黄昏の道標、飴色の音を聴いて	イベント	2025/05/09
小宮果穂	シャニソン	P	星2	黄昏の道標、最強カラフル	イベント	2025/05/09
幽谷霧子	シャニソン	P	星2	黄昏の道標、色彩を焦がし	イベント	2025/05/09
三峰結華	シャニソン	P	星2	黄昏の道標、雫は空へ帰る	イベント	2025/05/09
白瀬咲耶	シャニソン	P	星2	黄昏の道標、歌が舞う空	イベント	2025/05/09
田中摩美々	シャニソン	P	星2	黄昏の道標、手を伸ばして	イベント	2025/05/09
月岡恋鐘	シャニソン	P	星2	黄昏の道標、幾度の瞬き	イベント	2025/05/09
八宮めぐる	シャニソン	P	星2	黄昏の道標、空に色映え	イベント	2025/05/09
風野灯織	シャニソン	P	星2	黄昏の道標、触れる音色	イベント	2025/05/09
櫻木真乃	シャニソン	P	星2	黄昏の道標、渡り鳥に色を	イベント	2025/05/09
越境イベント	シャニソン	光空回帰線			イベント	2025/05/10
越境イベント	シャニソン	光空回帰線			イベント	2025/05/11
越境イベント	シャニソン	光空回帰線			イベント	2025/05/12
越境イベント	シャニソン	光空回帰線			イベント	2025/05/13
越境イベント	シャニソン	光空回帰線			イベント	2025/05/14
越境イベント	シャニソン	光空回帰線			イベント	2025/05/15
越境イベント	シャニソン	光空回帰線			イベント	2025/05/16
桑山千雪	シャニソン	P	星3	天の川のほとりで君を待つ	30MSコラボ	2025/05/16
大崎甜花	シャニソン	P	星3	花ざかりコールドスリープ	30MSコラボ	2025/05/16
大崎甘奈	シャニソン	P	星3	無重力、まんまるジュースの夏	30MSコラボ	2025/05/16
越境イベント	シャニソン	光空回帰線			イベント	2025/05/17
越境イベント	シャニソン	光空回帰線			イベント	2025/05/18
杜野凛世	シャニソン	P	星3	回り煌めく夢鏡の華	恒常	2025/05/21
樋口円香	シャニソン	S	SSR	未然	恒常	2025/05/21
緋田美琴	シャニソン	S	SSR	咲くまでのトキ	恒常	2025/05/21
郁田はるき	シャニソン	P	星2	曖昧愛情論	恒常	2025/05/21
鈴木羽那	シャニソン	P	星2	空っぽ情景	恒常	2025/05/21
斑鳩ルカ	シャニソン	P	星2	混沌浮遊	恒常	2025/05/21
コメティック	シャニソン	エピソード3			プロデュース	2025/05/21
郁田はるき	シャニソン	エピソード3			プロデュース	2025/05/21
鈴木羽那	シャニソン	エピソード3			プロデュース	2025/05/21
斑鳩ルカ	シャニソン	エピソード3			プロデュース	2025/05/21
田中摩美々	シャニソン	P	星2	precious, びっくり箱を開けて	誕生日	2025/05/24
七草にちか	シャニソン	P	星3	黒と白との間に	限定	2025/05/31
大崎甘奈	シャニソン	P	星3	あなたに綺麗と言われたい	恒常	2025/05/31
郁田はるき	シャニソン	S	SSR	ほどけないで魔法	恒常	2025/05/31
幽谷霧子	シャニソン	S	SSR	箱の音色に包まれて	限定	2025/05/31
越境イベント	シャニソン	しあわせごっこ			イベント	2025/05/31
杜野凛世	シャニソン	S	SSR	めぐる共鳴の拍	シーズン	2025/06/01
有栖川夏葉	シャニソン	P	星3	水平線に咲くブーケ	限定	2025/06/10
田中摩美々	シャニソン	P	星3	嘘を歩くマーメイド	恒常	2025/06/10
園田智代子	シャニソン	S	SSR	幸せひとくち召し上がれ！	恒常	2025/06/10
風野灯織	シャニソン	S	SSR	耀径	恒常	2025/06/10
八宮めぐる	シャニソン	P	星3	スマイルスリンガー	30MSコラボ	2025/06/15
風野灯織	シャニソン	P	星3	特性のない少女	30MSコラボ	2025/06/15
櫻木真乃	シャニソン	P	星3	ふわりエントロピズム	30MSコラボ	2025/06/15
芹沢あさひ	シャニソン	P	星3	ネジマキの探求心	恒常	2025/06/20
三峰結華	シャニソン	S	SSR	にぎやか木漏れ日ライン	恒常	2025/06/20
市川雛菜	シャニソン	S	SSR	B♡♡KMARK	恒常	2025/06/20
白瀬咲耶	シャニソン	P	星2	precious, 心に刻む幸せ	誕生日	2025/06/27
斑鳩ルカ	シャニソン	P	星3	挿し込まれ、血誓	限定	2025/06/30
八宮めぐる	シャニソン	P	星3	禁忌の太陽に憧れて	恒常	2025/06/30
西城樹里	シャニソン	S	SSR	The Heat is On！	恒常	2025/06/30
福丸小糸	シャニソン	S	SSR	うだるような午後のこと	限定	2025/06/30
イルミネーションスターズ	シャニソン	本日配信！イルミネ恋愛学序説			イベント	2025/06/30
八宮めぐる	シャニソン	P	星2	ハジけてキュン！	恒常	2025/06/30
風野灯織	シャニソン	P	星2	励ましてキュン！	イベント	2025/06/30
櫻木真乃	シャニソン	P	星2	ほほえんでキュン！	恒常	2025/06/30
黛冬優子	シャニソン	S	SSR	Parallax NEON	シーズン	2025/07/01
園田智代子	シャニソン	P	星3	押すと少々、弾力がっ	恒常	2025/07/10
月岡恋鐘	シャニソン	P	星3	しゅわっとクリーミィ	恒常	2025/07/10
大崎甘奈	シャニソン	S	SSR	水彩レインボウ	恒常	2025/07/10
田中摩美々	シャニソン	S	SSR	夏氷イロいろ	限定	2025/07/10
緋田美琴	シャニソン	P	星2	青林檎の禁忌	恒常	2025/07/10
七草にちか	シャニソン	P	星2	赤林檎の誘惑	恒常	2025/07/10
シーズ	シャニソン	エピソード3			プロデュース	2025/07/10
緋田美琴	シャニソン	エピソード3			プロデュース	2025/07/10
七草にちか	シャニソン	エピソード3			プロデュース	2025/07/10
市川雛菜	シャニソン	P	星3	退廃に座ってスイーツを	30MSコラボ	2025/07/16
福丸小糸	シャニソン	P	星3	君といればなんだって	30MSコラボ	2025/07/16
樋口円香	シャニソン	P	星3	ファンブル上等	30MSコラボ	2025/07/16
浅倉透	シャニソン	P	星3	天使、愛を強奪す	30MSコラボ	2025/07/16
福丸小糸	シャニソン	P	星3	とんがり牙をのぞかせて	恒常	2025/07/20
有栖川夏葉	シャニソン	S	SSR	残陽サマーバイブス	恒常	2025/07/20
斑鳩ルカ	シャニソン	S	SSR	クロスフェードの高気圧	恒常	2025/07/20
八宮めぐる	シャニソン	P	星2	precious, きみと巡る日々	誕生日	2025/07/22
四条貴音	シャニソン	P	星3	このいとしき旅路、いつまでも	765プロコラボ	2025/07/26
菊地真	シャニソン	P	星3	繋いだビートで駆けて	765プロコラボ	2025/07/26
星井美希	シャニソン	P	星3	星影の編み目、手繰れば	765プロコラボ	2025/07/26
如月千早	シャニソン	P	星3	ディーヴァ共鳴	765プロコラボ	2025/07/26
天海春香	シャニソン	P	星3	遥かに響きつづく、歌	765プロコラボ	2025/07/26
七草にちか	シャニソン	P	星2	precious, ひかりは君の背に	誕生日	2025/07/26
小宮果穂	シャニソン	P	星2	precious, 最強最高の笑顔	誕生日	2025/07/29
鈴木羽那	シャニソン	P	星3	青の香り、ふわり	限定	2025/08/01
緋田美琴	シャニソン	P	星3	名もなき瞬き	限定	2025/08/01
郁田はるき	シャニソン	プロローグ～2話			エピソードゼロ	2025/08/01
鈴木羽那	シャニソン	プロローグ～2話			エピソードゼロ	2025/08/01
斑鳩ルカ	シャニソン	プロローグ～2話			エピソードゼロ	2025/08/01
緋田美琴	シャニソン	プロローグ～2話			エピソードゼロ	2025/08/01
七草にちか	シャニソン	プロローグ～2話			エピソードゼロ	2025/08/01
市川雛菜	シャニソン	プロローグ～2話			エピソードゼロ	2025/08/01
福丸小糸	シャニソン	プロローグ～2話			エピソードゼロ	2025/08/01
樋口円香	シャニソン	プロローグ～2話			エピソードゼロ	2025/08/01
浅倉透	シャニソン	プロローグ～2話			エピソードゼロ	2025/08/01
和泉愛依	シャニソン	プロローグ～2話			エピソードゼロ	2025/08/01
黛冬優子	シャニソン	プロローグ～2話			エピソードゼロ	2025/08/01
芹沢あさひ	シャニソン	プロローグ～2話			エピソードゼロ	2025/08/01
桑山千雪	シャニソン	プロローグ～2話			エピソードゼロ	2025/08/01
大崎甜花	シャニソン	プロローグ～2話			エピソードゼロ	2025/08/01
大崎甘奈	シャニソン	プロローグ～2話			エピソードゼロ	2025/08/01
有栖川夏葉	シャニソン	プロローグ～2話			エピソードゼロ	2025/08/01
杜野凛世	シャニソン	プロローグ～2話			エピソードゼロ	2025/08/01
西城樹里	シャニソン	プロローグ～2話			エピソードゼロ	2025/08/01
園田智代子	シャニソン	プロローグ～2話			エピソードゼロ	2025/08/01
小宮果穂	シャニソン	プロローグ～2話			エピソードゼロ	2025/08/01
幽谷霧子	シャニソン	プロローグ～2話			エピソードゼロ	2025/08/01
三峰結華	シャニソン	プロローグ～2話			エピソードゼロ	2025/08/01
白瀬咲耶	シャニソン	プロローグ～2話			エピソードゼロ	2025/08/01
田中摩美々	シャニソン	プロローグ～2話			エピソードゼロ	2025/08/01
月岡恋鐘	シャニソン	プロローグ～2話			エピソードゼロ	2025/08/01
八宮めぐる	シャニソン	プロローグ～2話			エピソードゼロ	2025/08/01
風野灯織	シャニソン	プロローグ～2話			エピソードゼロ	2025/08/01
櫻木真乃	シャニソン	プロローグ～2話			エピソードゼロ	2025/08/01
越境イベント	シャニソン	THE HOTERAS WATERS			イベント	2025/08/01
郁田はるき	シャニソン	P	星2	寄り道好きな涼風	水着'25	2025/08/01
鈴木羽那	シャニソン	P	星2	波紋は誰のものでもなくて	水着'25	2025/08/01
斑鳩ルカ	シャニソン	P	星2	あの飛沫、目を閉じれば	水着'25	2025/08/01
緋田美琴	シャニソン	P	星2	リタルダント、夕暮れ	イベント	2025/08/01
七草にちか	シャニソン	P	星2	つかまえて、アッチェレランド	水着'25	2025/08/01
市川雛菜	シャニソン	P	星2	ちゃんと息して？	水着'25	2025/08/01
福丸小糸	シャニソン	P	星2	羽織るまごころ	水着'25	2025/08/01
樋口円香	シャニソン	P	星2	青にきえないで	水着'25	2025/08/01
浅倉透	シャニソン	P	星2	とびでろ心臓	水着'25	2025/08/01
和泉愛依	シャニソン	P	星2	ひらひら人情	水着'25	2025/08/01
黛冬優子	シャニソン	P	星2	寓話の報酬	水着'25	2025/08/01
芹沢あさひ	シャニソン	P	星2	わたしと地球の皮膚	水着'25	2025/08/01
桑山千雪	シャニソン	P	星2	デッキチェア・ダーリン	水着'25	2025/08/01
大崎甜花	シャニソン	P	星2	膝こぞうだけが見てる	水着'25	2025/08/01
大崎甘奈	シャニソン	P	星2	熱情はひめやかに	水着'25	2025/08/01
有栖川夏葉	シャニソン	P	星2	釘づけあそばせ	水着'25	2025/08/01
杜野凛世	シャニソン	P	星2	花房のごとく、	水着'25	2025/08/01
西城樹里	シャニソン	P	星2	フローズン、ホライズン	水着'25	2025/08/01
園田智代子	シャニソン	P	星2	無加糖厳禁！	水着'25	2025/08/01
小宮果穂	シャニソン	P	星2	地球をこちょこちょ！	水着'25	2025/08/01
幽谷霧子	シャニソン	P	星2	銀のしずく、こぼれて	水着'25	2025/08/01
三峰結華	シャニソン	P	星2	心のままに自由形	水着'25	2025/08/01
白瀬咲耶	シャニソン	P	星2	ナイトな遊閑	水着'25	2025/08/01
田中摩美々	シャニソン	P	星2	よゆーのリズムチェンジャー	水着'25	2025/08/01
月岡恋鐘	シャニソン	P	星2	プールサイドの罪なヤツ？	水着'25	2025/08/01
八宮めぐる	シャニソン	P	星2	白砂にのこした足跡	水着'25	2025/08/01
風野灯織	シャニソン	P	星2	水平の雲に散乱す	水着'25	2025/08/01
櫻木真乃	シャニソン	P	星2	この湿度を抱きしめる	イベント	2025/08/01
鈴木羽那	シャニソン	S	SSR	青夜に蕾みぬ	限定	2025/08/01
緋田美琴	シャニソン	S	SSR	GLOW	限定	2025/08/01
大崎甜花	シャニソン	S	SSR	めうつりセレクト！	シーズン	2025/08/01
有栖川夏葉	シャニソン	S	SR	あの日、ひらかれたせかい	ショップ	2025/08/01
杜野凛世	シャニソン	S	SR	色つぼむ皎天に	ショップ	2025/08/01
月岡恋鐘	シャニソン	S	SR	こいで笑顔にしちゃるけん！	ショップ	2025/08/01
和泉愛依	シャニソン	P	星2	precious, そうだよハニー	誕生日	2025/08/02
有栖川夏葉	シャニソン	P	星3	風に遊び、運ばれ	限定	2025/08/11
櫻木真乃	シャニソン	P	星3	水辺の華の耀うは	恒常	2025/08/11
有栖川夏葉	シャニソン	P	星2	スクールヤードの足跡は	恒常	2025/08/11
杜野凛世	シャニソン	P	星2	ひらるらり、ブルーロンド	恒常	2025/08/11
西城樹里	シャニソン	P	星2	さきがけスパークランナー！	イベント	2025/08/11
園田智代子	シャニソン	P	星2	あまあまスクールロマン	恒常	2025/08/11
小宮果穂	シャニソン	P	星2	つまさきパッション！	恒常	2025/08/11
有栖川夏葉	シャニソン	S	SSR	Ra GARDEN	限定	2025/08/11
櫻木真乃	シャニソン	S	SSR	ゆらら・ら・サマー	恒常	2025/08/11
有栖川夏葉	シャニソン	P	星2	precious, 君と叶える	誕生日	2025/08/16
樋口円香	シャニソン	P	星3	輪を彩る、夕凪	恒常	2025/08/20
樋口円香	シャニソン	S	SSR	行雲	恒常	2025/08/20
西城樹里	シャニソン	P	星3	薫りくるきみを映して	限定	2025/08/31
白瀬咲耶	シャニソン	P	星3	光る花の香あまやかに	限定	2025/08/31
アンティーカ	シャニソン	We're the Top!			イベント	2025/08/31
幽谷霧子	シャニソン	P	星2	碇を下ろして、灯点し頃	恒常	2025/08/31
三峰結華	シャニソン	P	星2	月影を渡り歩くもの	恒常	2025/08/31
白瀬咲耶	シャニソン	P	星2	頻闇を切り裂くは	恒常	2025/08/31
田中摩美々	シャニソン	P	星2	指先が示す一番星	恒常	2025/08/31
月岡恋鐘	シャニソン	P	星2	荒波をも砕く覇気	イベント	2025/08/31
西城樹里	シャニソン	S	SSR	レディライクに臙脂色	限定	2025/08/31
白瀬咲耶	シャニソン	S	SSR	キミは華やかにあまく	限定	2025/08/31
芹沢あさひ	シャニソン	S	SSR	Shaking:Tildusk	シーズン	2025/08/31
緋田美琴	シャニソン	P	星2	precious, Grats!	誕生日	2025/09/08
黛冬優子	シャニソン	P	星3	くちびるに隠したラズ,ベリー	恒常	2025/09/10
大崎甜花	シャニソン	P	星3	さしのべれば、マジック	限定	2025/09/10
桑山千雪	シャニソン	P	星2	すみれドット.ささやき	恒常	2025/09/10
大崎甜花	シャニソン	P	星2	知らない午後の物語	イベント	2025/09/10
大崎甘奈	シャニソン	P	星2	ちいさなベルで呼び出して	恒常	2025/09/10
黛冬優子	シャニソン	S	SSR	赤ずきんなんかこわくない	恒常	2025/09/10
大崎甜花	シャニソン	S	SSR	Magic♡Snow-White	限定	2025/09/10
浅倉透	シャニソン	P	星3	冷めた熱にぶち当たれ	恒常	2025/09/20
浅倉透	シャニソン	S	SSR	摂氏、十七歳	恒常	2025/09/20
幽谷霧子	シャニソン	P	星2	precious, 今日という日はきみ	誕生日	2025/09/23
和泉愛依	シャニソン	P	星3	ふたりぼっちカーニバル	限定	2025/09/30
園田智代子	シャニソン	P	星3	虜にしてキャンディ	限定	2025/09/30
郁田はるき	シャニソン	3話			エピソードゼロ	2025/09/30
鈴木羽那	シャニソン	3話			エピソードゼロ	2025/09/30
斑鳩ルカ	シャニソン	3話			エピソードゼロ	2025/09/30
緋田美琴	シャニソン	3話			エピソードゼロ	2025/09/30
七草にちか	シャニソン	3話			エピソードゼロ	2025/09/30
市川雛菜	シャニソン	3話			エピソードゼロ	2025/09/30
福丸小糸	シャニソン	3話			エピソードゼロ	2025/09/30
樋口円香	シャニソン	3話			エピソードゼロ	2025/09/30
浅倉透	シャニソン	3話			エピソードゼロ	2025/09/30
和泉愛依	シャニソン	3話			エピソードゼロ	2025/09/30
黛冬優子	シャニソン	3話			エピソードゼロ	2025/09/30
芹沢あさひ	シャニソン	3話			エピソードゼロ	2025/09/30
桑山千雪	シャニソン	3話			エピソードゼロ	2025/09/30
大崎甜花	シャニソン	3話			エピソードゼロ	2025/09/30
大崎甘奈	シャニソン	3話			エピソードゼロ	2025/09/30
有栖川夏葉	シャニソン	3話			エピソードゼロ	2025/09/30
杜野凛世	シャニソン	3話			エピソードゼロ	2025/09/30
西城樹里	シャニソン	3話			エピソードゼロ	2025/09/30
園田智代子	シャニソン	3話			エピソードゼロ	2025/09/30
小宮果穂	シャニソン	3話			エピソードゼロ	2025/09/30
幽谷霧子	シャニソン	3話			エピソードゼロ	2025/09/30
三峰結華	シャニソン	3話			エピソードゼロ	2025/09/30
白瀬咲耶	シャニソン	3話			エピソードゼロ	2025/09/30
田中摩美々	シャニソン	3話			エピソードゼロ	2025/09/30
月岡恋鐘	シャニソン	3話			エピソードゼロ	2025/09/30
八宮めぐる	シャニソン	3話			エピソードゼロ	2025/09/30
風野灯織	シャニソン	3話			エピソードゼロ	2025/09/30
櫻木真乃	シャニソン	3話			エピソードゼロ	2025/09/30
放課後クライマックスガールズ	シャニソン	レトロスタイル・フォトグラフ			イベント	2025/09/30
有栖川夏葉	シャニソン	P	星2	☆も♡も逃がさない！	恒常	2025/09/30
杜野凛世	シャニソン	P	星2	寄すカラフルな想い	恒常	2025/09/30
西城樹里	シャニソン	P	星2	電脳世界を駆け抜けろ	恒常	2025/09/30
園田智代子	シャニソン	P	星2	つまんで輝きのひとカケラ	イベント	2025/09/30
小宮果穂	シャニソン	P	星2	おそうじ、はじめ！	恒常	2025/09/30
和泉愛依	シャニソン	S	SSR	おきてハロミ→ン	限定	2025/09/30
園田智代子	シャニソン	S	SSR	トリートの甘い誘惑	限定	2025/09/30
七草にちか	シャニソン	S	SSR	客人なき夜会	シーズン	2025/09/30
鈴木羽那	シャニソン	P	星2	precious, あなたといれば	誕生日	2025/10/02
市川雛菜	シャニソン	P	星3	こつこつ奏でる♡	限定	2025/10/10
風野灯織	シャニソン	P	星3	ゆめみし星詠み	恒常	2025/10/10
八宮めぐる	シャニソン	P	星2	解き放つ星軌	恒常	2025/10/10
風野灯織	シャニソン	P	星2	重なる星律	恒常	2025/10/10
櫻木真乃	シャニソン	P	星2	あふれる星晶	イベント	2025/10/10
市川雛菜	シャニソン	S	SSR	白いカケラ、アツメテ	限定	2025/10/10
風野灯織	シャニソン	S	SSR	重力はポケットに	恒常	2025/10/10
水瀬伊織	シャニソン	P	星3	手をつないでずっと	765プロコラボ	2025/10/19
水瀬伊織	シャニソン	P	星3	背中越しのありがとう	765プロコラボ	2025/10/19
高槻やよい	シャニソン	P	星3	しあわせの綿雲にのって	765プロコラボ	2025/10/19
高槻やよい	シャニソン	P	星3	リボンに結ぶ、大きな気持ち	765プロコラボ	2025/10/19
杜野凛世	シャニソン	P	星2	precious, 熱のともる小指	誕生日	2025/10/19
三峰結華	シャニソン	P	星3	驟雨に花かおる	恒常	2025/10/21
三峰結華	シャニソン	S	SSR	届けて声のしずく	恒常	2025/10/21
越境イベント	シャニソン	ロストライン・マップ			イベント	2025/10/22
越境イベント	シャニソン	ロストライン・マップ			イベント	2025/10/23
越境イベント	シャニソン	ロストライン・マップ			イベント	2025/10/24
越境イベント	シャニソン	ロストライン・マップ			イベント	2025/10/25
越境イベント	シャニソン	ロストライン・マップ			イベント	2025/10/26
越境イベント	シャニソン	ロストライン・マップ			イベント	2025/10/27
樋口円香	シャニソン	P	星2	precious, またひとつ	誕生日	2025/10/27
越境イベント	シャニソン	ロストライン・マップ			イベント	2025/10/28
越境イベント	シャニソン	ロストライン・マップ			イベント	2025/10/29
越境イベント	シャニソン	ロストライン・マップ			イベント	2025/10/30
越境イベント	シャニソン	ロストライン・マップ			イベント	2025/10/31
芹沢あさひ	シャニソン	P	星3	天と地をひっくり返すもの	限定	2025/11/01
小宮果穂	シャニソン	P	星3	銀河を超えて会いにいく	限定	2025/11/01
郁田はるき	シャニソン	P	星2	Astre, 色のない色で描く	イベント	2025/11/01
鈴木羽那	シャニソン	P	星2	Astre, まなざしはいつだって	イベント	2025/11/01
斑鳩ルカ	シャニソン	P	星2	Astre, ある碎星──	イベント	2025/11/01
緋田美琴	シャニソン	P	星2	Astre, 霧華は歩む先に	イベント	2025/11/01
七草にちか	シャニソン	P	星2	Astre, 羅針盤は問い続ける	イベント	2025/11/01
市川雛菜	シャニソン	P	星2	Astre, 大好きなものを抱えて	イベント	2025/11/01
福丸小糸	シャニソン	P	星2	Astre, 見上げた宙に響く	イベント	2025/11/01
樋口円香	シャニソン	P	星2	Astre, 光、無限に	イベント	2025/11/01
浅倉透	シャニソン	P	星2	Astre, 果てない、光	イベント	2025/11/01
和泉愛依	シャニソン	P	星2	Astre, 新世紀、あたし	イベント	2025/11/01
黛冬優子	シャニソン	P	星2	Astre, オーバー。	イベント	2025/11/01
芹沢あさひ	シャニソン	P	星2	Astre, 少し先で待ってる	イベント	2025/11/01
桑山千雪	シャニソン	P	星2	Astre, 果てを知りたいの	イベント	2025/11/01
大崎甜花	シャニソン	P	星2	Astre, あなたと越えてゆく	イベント	2025/11/01
大崎甘奈	シャニソン	P	星2	Astre, 繋いだら、どこまでも	イベント	2025/11/01
有栖川夏葉	シャニソン	P	星2	Astre, 新世界へ、航行	イベント	2025/11/01
杜野凛世	シャニソン	P	星2	Astre, 閃光のように満ちる	イベント	2025/11/01
西城樹里	シャニソン	P	星2	Astre, 衝動を超えるために	イベント	2025/11/01
園田智代子	シャニソン	P	星2	Astre, 光彩をたたえ進む	イベント	2025/11/01
小宮果穂	シャニソン	P	星2	Astre, 走りだすスペクトル	イベント	2025/11/01
幽谷霧子	シャニソン	P	星2	Astre, 君よ、どこにいても	イベント	2025/11/01
三峰結華	シャニソン	P	星2	Astre, きらめきハンター現る	イベント	2025/11/01
白瀬咲耶	シャニソン	P	星2	Astre, 白地図をキミと	イベント	2025/11/01
田中摩美々	シャニソン	P	星2	Astre, 作戦名：SABORI	イベント	2025/11/01
月岡恋鐘	シャニソン	P	星2	Astre, 新天地へ鐘を鳴らして	イベント	2025/11/01
八宮めぐる	シャニソン	P	星2	Astre, きみは太陽のおへそ	イベント	2025/11/01
風野灯織	シャニソン	P	星2	Astre, 銀河に花束を	イベント	2025/11/01
櫻木真乃	シャニソン	P	星2	Astre, 音のない音で超えて	イベント	2025/11/01
芹沢あさひ	シャニソン	S	SSR	御使いにはならない	限定	2025/11/01
小宮果穂	シャニソン	S	SSR	星間通信簿	限定	2025/11/01
西城樹里	シャニソン	S	SSR	Lingering Ray	シーズン	2025/11/01
鈴木羽那	シャニソン	P	星3	ピュアピュア♡きゅん	PJ: REFRAC7IONS	2025/11/10
七草にちか	シャニソン	P	星3	ユメミル♡キャンディア	PJ: REFRAC7IONS	2025/11/10
黛冬優子	シャニソン	P	星3	ノーウェア♡ガール	PJ: REFRAC7IONS	2025/11/10
大崎甜花	シャニソン	P	星3	ドリーミン♡ラブベア	PJ: REFRAC7IONS	2025/11/10
園田智代子	シャニソン	P	星3	ノンリー♡スウィーツ	PJ: REFRAC7IONS	2025/11/10
I'm a Cutie Finder	シャニソン	キュー！			イベント	2025/11/10
鈴木羽那	シャニソン	S	SSR	#いいねの理由はヒミツ♡	イベント	2025/11/10
福丸小糸	シャニソン	P	星2	precious, こぼれる喜び	誕生日	2025/11/11
大崎甘奈	シャニソン	P	星3	夜を貫く光条となれ	限定	2025/11/20
郁田はるき	シャニソン	4話			エピソードゼロ	2025/11/20
鈴木羽那	シャニソン	4話			エピソードゼロ	2025/11/20
斑鳩ルカ	シャニソン	4話			エピソードゼロ	2025/11/20
緋田美琴	シャニソン	4話			エピソードゼロ	2025/11/20
七草にちか	シャニソン	4話			エピソードゼロ	2025/11/20
市川雛菜	シャニソン	4話			エピソードゼロ	2025/11/20
福丸小糸	シャニソン	4話			エピソードゼロ	2025/11/20
樋口円香	シャニソン	4話			エピソードゼロ	2025/11/20
浅倉透	シャニソン	4話			エピソードゼロ	2025/11/20
和泉愛依	シャニソン	4話			エピソードゼロ	2025/11/20
黛冬優子	シャニソン	4話			エピソードゼロ	2025/11/20
芹沢あさひ	シャニソン	4話			エピソードゼロ	2025/11/20
桑山千雪	シャニソン	4話			エピソードゼロ	2025/11/20
大崎甜花	シャニソン	4話			エピソードゼロ	2025/11/20
大崎甘奈	シャニソン	4話			エピソードゼロ	2025/11/20
有栖川夏葉	シャニソン	4話			エピソードゼロ	2025/11/20
杜野凛世	シャニソン	4話			エピソードゼロ	2025/11/20
西城樹里	シャニソン	4話			エピソードゼロ	2025/11/20
園田智代子	シャニソン	4話			エピソードゼロ	2025/11/20
小宮果穂	シャニソン	4話			エピソードゼロ	2025/11/20
幽谷霧子	シャニソン	4話			エピソードゼロ	2025/11/20
三峰結華	シャニソン	4話			エピソードゼロ	2025/11/20
白瀬咲耶	シャニソン	4話			エピソードゼロ	2025/11/20
田中摩美々	シャニソン	4話			エピソードゼロ	2025/11/20
月岡恋鐘	シャニソン	4話			エピソードゼロ	2025/11/20
八宮めぐる	シャニソン	4話			エピソードゼロ	2025/11/20
風野灯織	シャニソン	4話			エピソードゼロ	2025/11/20
櫻木真乃	シャニソン	4話			エピソードゼロ	2025/11/20
アルストロメリア	シャニソン	波間に声がきらめいて			イベント	2025/11/20
桑山千雪	シャニソン	P	星2	パーリング・ユー	恒常	2025/11/20
大崎甜花	シャニソン	P	星2	デコラティブ・エトランゼ	恒常	2025/11/20
大崎甘奈	シャニソン	P	星2	レースドアップ・マイディア	イベント	2025/11/20
大崎甘奈	シャニソン	S	SSR	beyond everything	限定	2025/11/20
西城樹里	シャニソン	P	星3	Sweetie! 思いのまま飾りつけ	誕生日	2025/11/26
斑鳩ルカ	シャニソン	P	星3	どこかを漂う輝きへ	限定	2025/11/30
田中摩美々	シャニソン	P	星3	いい子にも悪い子にも	限定	2025/11/30
コメティック	シャニソン	PLATINA ERRØR			イベント	2025/11/30
郁田はるき	シャニソン	P	星2	Prickly Love♥	恒常	2025/11/30
鈴木羽那	シャニソン	P	星2	大好きって　言ってるよ？	イベント	2025/11/30
斑鳩ルカ	シャニソン	P	星2	ある棘の詩	恒常	2025/11/30
斑鳩ルカ	シャニソン	S	SSR	漂流ブイ	限定	2025/11/30
田中摩美々	シャニソン	S	SSR	グリム＆グリーム	限定	2025/11/30
福丸小糸	シャニソン	S	SSR	ポインセチアのおくりもの	シーズン	2025/11/30
黛冬優子	シャニソン	P	星3	Sweetie! 舐めないで♡	誕生日	2025/12/04
浅倉透	シャニソン	P	星3	うつけものたちの画布	PJ: REFRAC7IONS	2025/12/10
幽谷霧子	シャニソン	P	星3	泡・沫・談・話	PJ: REFRAC7IONS	2025/12/10
Fumage	シャニソン	十瞬			イベント	2025/12/10
幽谷霧子	シャニソン	S	SSR	憧・憬・散・華	イベント	2025/12/10
杜野凛世	シャニソン	P	星3	さいわいいづる処	恒常	2025/12/20
杜野凛世	シャニソン	S	SSR	小箱に秘めたる	恒常	2025/12/20
郁田はるき	シャニソン	P	星2	真っ白から始めよう	限定	2025/12/24
鈴木羽那	シャニソン	P	星2	あたためてくれる？	限定	2025/12/24
斑鳩ルカ	シャニソン	P	星2	ほどける夜	限定	2025/12/24
緋田美琴	シャニソン	P	星2	Frosted breath	限定	2025/12/24
七草にちか	シャニソン	P	星2	おのが聖夜	限定	2025/12/24
市川雛菜	シャニソン	P	星2	きまぐれホワイト	限定	2025/12/24
福丸小糸	シャニソン	P	星2	ぬくもりこんこ	限定	2025/12/24
樋口円香	シャニソン	P	星2	霜寒の候、	限定	2025/12/24
浅倉透	シャニソン	P	星2	ゆけ、ホーリーナイ党	限定	2025/12/24
和泉愛依	シャニソン	P	星2	ほら、寒くないっしょ！	限定	2025/12/24
黛冬優子	シャニソン	P	星2	すてきな絵空事	限定	2025/12/24
芹沢あさひ	シャニソン	P	星2	きみが染める景色	限定	2025/12/24
桑山千雪	シャニソン	P	星2	結晶、熱く溶かして	限定	2025/12/24
大崎甜花	シャニソン	P	星2	聴こえる、ベルの音	限定	2025/12/24
大崎甘奈	シャニソン	P	星2	掌だけがあたたかく	限定	2025/12/24
有栖川夏葉	シャニソン	P	星2	ほほに触れる、ひとひら	限定	2025/12/24
杜野凛世	シャニソン	P	星2	凛と咲く華	限定	2025/12/24
西城樹里	シャニソン	P	星2	冬空からの便り	限定	2025/12/24
園田智代子	シャニソン	P	星2	ユキネノヨルの妖精便	限定	2025/12/24
小宮果穂	シャニソン	P	星2	しんしんしん	限定	2025/12/24
幽谷霧子	シャニソン	P	星2	ひとひらの勇気	限定	2025/12/24
三峰結華	シャニソン	P	星2	クリスマスのあったか峰	限定	2025/12/24
白瀬咲耶	シャニソン	P	星2	白銀の王国に嘘はない	限定	2025/12/24
田中摩美々	シャニソン	P	星2	ベルの音、気まぐれな罠	限定	2025/12/24
月岡恋鐘	シャニソン	P	星2	銀の月、からんからん	限定	2025/12/24
八宮めぐる	シャニソン	P	星2	ホットミルキーver.	限定	2025/12/24
風野灯織	シャニソン	P	星2	まどろみ水晶	限定	2025/12/24
櫻木真乃	シャニソン	P	星2	ほほえみキャロル	限定	2025/12/24
大崎甜花	シャニソン	P	星3	Sweetie! ふわふわの……罪！	誕生日	2025/12/25
大崎甘奈	シャニソン	P	星3	Sweetie! あまあまな夢☆	誕生日	2025/12/25
田中摩美々	シャニソン	S	SR	ぷれぱれぷろんぷ	おまけ	2025/12/28
市川雛菜	シャニソン	P	星3	Wake Me Up	PJ: REFRAC7IONS	2025/12/31
小宮果穂	シャニソン	P	星3	疾風まきおこせ！！！！	PJ: REFRAC7IONS	2025/12/31
月岡恋鐘	シャニソン	P	星3	音速、ばってん足踏み	PJ: REFRAC7IONS	2025/12/31
八宮めぐる	シャニソン	P	星3	カラフルワークイット！	PJ: REFRAC7IONS	2025/12/31
Sonic Heart (and Signal)	シャニソン	CROSSOVER×BEEEEEAT!!			イベント	2025/12/31
小宮果穂	シャニソン	S	SSR	Hero’s High!!!!	イベント	2025/12/31
鈴木羽那	シャニソン	S	SSR	Request？	シーズン	2025/12/31
芹沢あさひ	シャニソン	P	星3	Sweetie! まるごとひとりじめ	誕生日	2026/01/04
郁田はるき	シャニソン	P	星3	あかり、あたり、染めて	恒常	2026/01/10
七草にちか	シャニソン	P	星3	香にほふ、君のもとへ	限定	2026/01/10
郁田はるき	シャニソン	5話			エピソードゼロ	2026/01/10
鈴木羽那	シャニソン	5話			エピソードゼロ	2026/01/10
斑鳩ルカ	シャニソン	5話			エピソードゼロ	2026/01/10
緋田美琴	シャニソン	5話			エピソードゼロ	2026/01/10
七草にちか	シャニソン	5話			エピソードゼロ	2026/01/10
市川雛菜	シャニソン	5話			エピソードゼロ	2026/01/10
福丸小糸	シャニソン	5話			エピソードゼロ	2026/01/10
樋口円香	シャニソン	5話			エピソードゼロ	2026/01/10
浅倉透	シャニソン	5話			エピソードゼロ	2026/01/10
和泉愛依	シャニソン	5話			エピソードゼロ	2026/01/10
黛冬優子	シャニソン	5話			エピソードゼロ	2026/01/10
芹沢あさひ	シャニソン	5話			エピソードゼロ	2026/01/10
桑山千雪	シャニソン	5話			エピソードゼロ	2026/01/10
大崎甜花	シャニソン	5話			エピソードゼロ	2026/01/10
大崎甘奈	シャニソン	5話			エピソードゼロ	2026/01/10
有栖川夏葉	シャニソン	5話			エピソードゼロ	2026/01/10
杜野凛世	シャニソン	5話			エピソードゼロ	2026/01/10
西城樹里	シャニソン	5話			エピソードゼロ	2026/01/10
園田智代子	シャニソン	5話			エピソードゼロ	2026/01/10
小宮果穂	シャニソン	5話			エピソードゼロ	2026/01/10
幽谷霧子	シャニソン	5話			エピソードゼロ	2026/01/10
三峰結華	シャニソン	5話			エピソードゼロ	2026/01/10
白瀬咲耶	シャニソン	5話			エピソードゼロ	2026/01/10
田中摩美々	シャニソン	5話			エピソードゼロ	2026/01/10
月岡恋鐘	シャニソン	5話			エピソードゼロ	2026/01/10
八宮めぐる	シャニソン	5話			エピソードゼロ	2026/01/10
風野灯織	シャニソン	5話			エピソードゼロ	2026/01/10
櫻木真乃	シャニソン	5話			エピソードゼロ	2026/01/10
緋田美琴	シャニソン	P	星2	Be color XXX	恒常	2026/01/10
七草にちか	シャニソン	P	星2	その背中を見せろ	イベント	2026/01/10
郁田はるき	シャニソン	S	SSR	あかりあかして	恒常	2026/01/10
七草にちか	シャニソン	S	SSR	花影小径	限定	2026/01/10
三峰結華	シャニソン	P	星3	Sweetie! 甘すぎ注意？	誕生日	2026/01/16
桑山千雪	シャニソン	P	星3	Midnight Reign	恒常	2026/01/21
桑山千雪	シャニソン	S	SSR	グリッター・モナーク	恒常	2026/01/21
如月千早	シャニソン	P	星3	星灯る空へ、歌の約束を	765プロコラボ	2026/01/24
斑鳩ルカ	シャニソン	P	星3	I AM ONE	PJ: REFRAC7IONS	2026/01/31
緋田美琴	シャニソン	P	星3	ALLOY	PJ: REFRAC7IONS	2026/01/31
樋口円香	シャニソン	P	星3	FROST♡EDGE	PJ: REFRAC7IONS	2026/01/31
芹沢あさひ	シャニソン	P	星3	ギフテッド・ペイ	PJ: REFRAC7IONS	2026/01/31
西城樹里	シャニソン	P	星3	切り裂いて進め！	PJ: REFRAC7IONS	2026/01/31
田中摩美々	シャニソン	P	星3	Cry for Fangs	PJ: REFRAC7IONS	2026/01/31
∑ Desire	シャニソン	白吠			イベント	2026/01/31
斑鳩ルカ	シャニソン	P	星3	Sweetie! 辛口	誕生日	2026/01/31
樋口円香	シャニソン	S	SSR	獣性について	イベント	2026/01/31
白瀬咲耶	シャニソン	S	SSR	スウィート・レヴェランス	シーズン	2026/01/31
福丸小糸	シャニソン	P	星3	あなたの大事、届けます	限定	2026/02/10
幽谷霧子	シャニソン	P	星3	甘くとろける契約を	恒常	2026/02/10
市川雛菜	シャニソン	P	星2	サインの波紋	イベント	2026/02/10
福丸小糸	シャニソン	P	星2	れいんれいんドロップ	恒常	2026/02/10
樋口円香	シャニソン	P	星2	雨の中をゆく	恒常	2026/02/10
浅倉透	シャニソン	P	星2	染まれ、ぜんぶ	恒常	2026/02/10
福丸小糸	シャニソン	S	SSR	ぱたぱた・新米配達員	限定	2026/02/10
幽谷霧子	シャニソン	S	SSR	冥・途・耽・耽	恒常	2026/02/10
櫻木真乃	シャニソン	S	SR	雛鳥からの贈り物	ログイン	2026/02/14
八宮めぐる	シャニソン	P	星3	まんまるモーメント	恒常	2026/02/20
郁田はるき	シャニソン	エピローグ			エピソードゼロ	2026/02/20
鈴木羽那	シャニソン	エピローグ			エピソードゼロ	2026/02/20
斑鳩ルカ	シャニソン	エピローグ			エピソードゼロ	2026/02/20
緋田美琴	シャニソン	エピローグ			エピソードゼロ	2026/02/20
七草にちか	シャニソン	エピローグ			エピソードゼロ	2026/02/20
市川雛菜	シャニソン	エピローグ			エピソードゼロ	2026/02/20
福丸小糸	シャニソン	エピローグ			エピソードゼロ	2026/02/20
樋口円香	シャニソン	エピローグ			エピソードゼロ	2026/02/20
浅倉透	シャニソン	エピローグ			エピソードゼロ	2026/02/20
和泉愛依	シャニソン	エピローグ			エピソードゼロ	2026/02/20
黛冬優子	シャニソン	エピローグ			エピソードゼロ	2026/02/20
芹沢あさひ	シャニソン	エピローグ			エピソードゼロ	2026/02/20
桑山千雪	シャニソン	エピローグ			エピソードゼロ	2026/02/20
大崎甜花	シャニソン	エピローグ			エピソードゼロ	2026/02/20
大崎甘奈	シャニソン	エピローグ			エピソードゼロ	2026/02/20
有栖川夏葉	シャニソン	エピローグ			エピソードゼロ	2026/02/20
杜野凛世	シャニソン	エピローグ			エピソードゼロ	2026/02/20
西城樹里	シャニソン	エピローグ			エピソードゼロ	2026/02/20
園田智代子	シャニソン	エピローグ			エピソードゼロ	2026/02/20
小宮果穂	シャニソン	エピローグ			エピソードゼロ	2026/02/20
幽谷霧子	シャニソン	エピローグ			エピソードゼロ	2026/02/20
三峰結華	シャニソン	エピローグ			エピソードゼロ	2026/02/20
白瀬咲耶	シャニソン	エピローグ			エピソードゼロ	2026/02/20
田中摩美々	シャニソン	エピローグ			エピソードゼロ	2026/02/20
月岡恋鐘	シャニソン	エピローグ			エピソードゼロ	2026/02/20
八宮めぐる	シャニソン	エピローグ			エピソードゼロ	2026/02/20
風野灯織	シャニソン	エピローグ			エピソードゼロ	2026/02/20
櫻木真乃	シャニソン	エピローグ			エピソードゼロ	2026/02/20
八宮めぐる	シャニソン	S	SSR	ほこほこ♡パンダンテ	恒常	2026/02/20
浅倉透	シャニソン	S	SR	生きるということ	ショップ	2026/02/20
樋口円香	シャニソン	S	SR	カラ・リ	ショップ	2026/02/20
園田智代子	シャニソン	P	星3	Sweetie! ほいーっぷ！	誕生日	2026/02/24
月岡恋鐘	シャニソン	P	星3	Sweetie! ア・ラ・コガネ♡	誕生日	2026/02/25
郁田はるき	シャニソン	P	星3	不滅のPOP SONG	PJ: REFRAC7IONS	2026/02/28
櫻木真乃	シャニソン	P	星3	私たちのトポス	PJ: REFRAC7IONS	2026/02/28
ザ・ふたりトラベラー	シャニソン	エコオトピア			イベント	2026/02/28
杜野凛世	シャニソン	S	SSR	彩そろい、ころり	シーズン	2026/02/28
櫻木真乃	シャニソン	S	SSR	レトロナンバー283の響き	イベント	2026/02/28
風野灯織	シャニソン	P	星3	Sweetie! 甘さ控えめ	誕生日	2026/03/04
大崎甜花	シャニソン	P	星3	シュガーナイト・テンカ	恒常	2026/03/10
月岡恋鐘	シャニソン	P	星3	スウィート・イリュージョン	限定	2026/03/10
幽谷霧子	シャニソン	P	星2	たたえよ、すべてみなもとから	イベント	2026/03/10
三峰結華	シャニソン	P	星2	水粒の声援に囲まれて	恒常	2026/03/10
白瀬咲耶	シャニソン	P	星2	記されていない海域の涯	恒常	2026/03/10
田中摩美々	シャニソン	P	星2	echoes dancing	恒常	2026/03/10
月岡恋鐘	シャニソン	P	星2	アトランティック・リボン	恒常	2026/03/10
大崎甜花	シャニソン	S	SSR	W*sugary	恒常	2026/03/10
月岡恋鐘	シャニソン	S	SSR	スウィート・マジシャンガール	限定	2026/03/10
緋田美琴	シャニソン	S	SR	翼の叛逆	ログイン	2026/03/14
市川雛菜	シャニソン	P	星3	Sweetie! とろける甘さ)	誕生日	2026/03/17
小宮果穂	シャニソン	P	星3	純白のりんかく	恒常	2026/03/20
小宮果穂	シャニソン	S	SSR	とある澄んだ青空の下にて	恒常	2026/03/20
和泉愛依	シャニソン	P	星3	薄紅の息、やがて霞へ	PJ: REFRAC7IONS	2026/03/31
桑山千雪	シャニソン	P	星3	つゆの世に、咲きてや消ゆる	PJ: REFRAC7IONS	2026/03/31
有栖川夏葉	シャニソン	P	星3	流光に揺らぐ、夢の残り火	PJ: REFRAC7IONS	2026/03/31
白瀬咲耶	シャニソン	P	星3	あかね散り、なほ夢のほとりに	PJ: REFRAC7IONS	2026/03/31
風野灯織	シャニソン	P	星3	かそけし光、緋の花に宿りたり	PJ: REFRAC7IONS	2026/03/31
彼岸流	シャニソン	あみあわい			イベント	2026/03/31
浅倉透	シャニソン	S	SSR	やわらかい肌	シーズン	2026/03/31
和泉愛依	シャニソン	S	SSR	紅焰、境の連舞	イベント	2026/03/31
天井努	シャニソン	S	SR	くゆる煙のごとく万愚節	イベント	2026/04/01
郁田はるき	シャニソン	P	星3	Sweetie! わたしのこと？	誕生日	2026/04/05
芹沢あさひ	シャニソン	P	星3	Fool's Stack!	限定	2026/04/10
田中摩美々	シャニソン	P	星3	ことほぎエッグチェイサー	限定	2026/04/10
和泉愛依	シャニソン	P	星2	信愛のパスコード	イベント	2026/04/10
黛冬優子	シャニソン	P	星2	複製された孤独	恒常	2026/04/10
芹沢あさひ	シャニソン	P	星2	境界の探究者	恒常	2026/04/10
芹沢あさひ	シャニソン	S	SSR	Twirl,Twirl Pop!	限定	2026/04/10
田中摩美々	シャニソン	S	SSR	とりどりハイドアンドシーク	限定	2026/04/10
桑山千雪	シャニソン	P	星3	Sweetie! 甘さひかえず	誕生日	2026/04/18
七草にちか	シャニソン	P	星3	恋色チェリーと夢色リボン	恒常	2026/04/20
七草にちか	シャニソン	S	SSR	春、ほどけて	恒常	2026/04/20
櫻木真乃	シャニソン	P	星3	Sweetie! ふわふわり	誕生日	2026/04/25
福丸小糸	シャニソン	P	星3	書きかけ一人称	PJ: REFRAC7IONS	2026/04/30
大崎甘奈	シャニソン	P	星3	ワカリタイ・ディスタンス	PJ: REFRAC7IONS	2026/04/30
杜野凛世	シャニソン	P	星3	ウチラ語話者少女	PJ: REFRAC7IONS	2026/04/30
三峰結華	シャニソン	P	星3	マチカドと蜃気楼	PJ: REFRAC7IONS	2026/04/30
No 1 feel alone	シャニソン	ほつれがたりの詩			イベント	2026/04/30
越境イベント	シャニソン	Phonimetia ─ 光の歌			イベント	2026/04/30
大崎甘奈	シャニソン	S	SSR	ツナガレル	イベント	2026/04/30
月岡恋鐘	シャニソン	S	SSR	あま色スフマート	シーズン	2026/04/30
越境イベント	シャニソン	Phonimetia ─ 光の歌			イベント	2026/05/01
越境イベント	シャニソン	Phonimetia ─ 光の歌			イベント	2026/05/02
越境イベント	シャニソン	Phonimetia ─ 光の歌			イベント	2026/05/03
越境イベント	シャニソン	Phonimetia ─ 光の歌			イベント	2026/05/04
浅倉透	シャニソン	P	星3	Sweetie! ひと口どうぞ	誕生日	2026/05/04
越境イベント	シャニソン	Phonimetia ─ 光の歌			イベント	2026/05/05
越境イベント	シャニソン	Phonimetia ─ 光の歌			イベント	2026/05/06
越境イベント	シャニソン	Phonimetia ─ 光の歌			イベント	2026/05/07
越境イベント	シャニソン	Phonimetia ─ 光の歌			イベント	2026/05/08
越境イベント	シャニソン	Phonimetia ─ 光の歌			イベント	2026/05/09
黛冬優子	シャニソン	P	星3	FU: UNIVERSE	限定	2026/05/09
八宮めぐる	シャニソン	P	星3	春宵に星を見上げれば	限定	2026/05/09
郁田はるき	シャニソン	P	星2	遊星の旋律、穿てこの胸を	イベント・限定	2026/05/09
鈴木羽那	シャニソン	P	星2	遊星の旋律、ずっと見ててね	イベント・限定	2026/05/09
斑鳩ルカ	シャニソン	P	星2	遊星の旋律、same old	イベント・限定	2026/05/09
緋田美琴	シャニソン	P	星2	遊星の旋律、The NOVA	イベント・限定	2026/05/09
七草にちか	シャニソン	P	星2	遊星の旋律、片隅のひかり	イベント・限定	2026/05/09
市川雛菜	シャニソン	P	星2	遊星の旋律、HANG ♡UT	イベント・限定	2026/05/09
福丸小糸	シャニソン	P	星2	遊星の旋律、鳴ると信じて	イベント・限定	2026/05/09
樋口円香	シャニソン	P	星2	遊星の旋律、降り注げ	イベント・限定	2026/05/09
浅倉透	シャニソン	P	星2	遊星の旋律、宇宙は天井がない	イベント・限定	2026/05/09
和泉愛依	シャニソン	P	星2	遊星の旋律、ゲッチュー	イベント・限定	2026/05/09
黛冬優子	シャニソン	P	星2	遊星の旋律、永遠と一日	イベント・限定	2026/05/09
芹沢あさひ	シャニソン	P	星2	遊星の旋律、きっとつかまえる	イベント・限定	2026/05/09
桑山千雪	シャニソン	P	星2	遊星の旋律、輪舞曲をあなたと	イベント・限定	2026/05/09
大崎甜花	シャニソン	P	星2	遊星の旋律、中心は動かない	イベント・限定	2026/05/09
大崎甘奈	シャニソン	P	星2	遊星の旋律、君と会えた銀河	イベント・限定	2026/05/09
有栖川夏葉	シャニソン	P	星2	遊星の旋律、天を征く一点突破	イベント・限定	2026/05/09
杜野凛世	シャニソン	P	星2	遊星の旋律、きらり、流星乙女	イベント・限定	2026/05/09
西城樹里	シャニソン	P	星2	遊星の旋律、それは突然に	イベント・限定	2026/05/09
園田智代子	シャニソン	P	星2	遊星の旋律、まわるまわりて！	イベント・限定	2026/05/09
小宮果穂	シャニソン	P	星2	遊星の旋律、誰よりも早く速く	イベント・限定	2026/05/09
幽谷霧子	シャニソン	P	星2	遊星の旋律、うまれるまえから	イベント・限定	2026/05/09
三峰結華	シャニソン	P	星2	遊星の旋律、銀河でパレード！	イベント・限定	2026/05/09
白瀬咲耶	シャニソン	P	星2	遊星の旋律、果てで君を待つ	イベント・限定	2026/05/09
田中摩美々	シャニソン	P	星2	遊星の旋律、星光のうたたね	イベント・限定	2026/05/09
月岡恋鐘	シャニソン	P	星2	遊星の旋律、開闢の鐘を鳴らせ	イベント・限定	2026/05/09
八宮めぐる	シャニソン	P	星2	遊星の旋律、ほほえみ流星群	イベント・限定	2026/05/09
風野灯織	シャニソン	P	星2	遊星の旋律、極光の軌跡	イベント・限定	2026/05/09
櫻木真乃	シャニソン	P	星2	遊星の旋律、羽ばたける夢	イベント・限定	2026/05/09
黛冬優子	シャニソン	S	SSR	(世界)皮膜i	限定	2026/05/09
八宮めぐる	シャニソン	S	SSR	Twinkle★少女宮	限定	2026/05/09
櫻木真乃	シャニソン	P	星3	この大地に息吹くこころ	限定	2026/05/20
櫻木真乃	シャニソン	S	SSR	きっと、ずっと	限定	2026/05/20
田中摩美々	シャニソン	P	星3	Sweetie! アマイワナ	誕生日	2026/05/24
浅倉透	シャニソン	P	星3	パールパールパール	限定	2026/05/31
郁田はるき	シャニソン	P	星2	まっさらキャンバス	イベント	2026/05/31
鈴木羽那	シャニソン	P	星2	絶対清廉空間	恒常	2026/05/31
斑鳩ルカ	シャニソン	P	星2	PURGE ALL	恒常	2026/05/31
浅倉透	シャニソン	S	SSR	遠心、	限定	2026/05/31
桑山千雪	シャニソン	S	SSR	ゆらめくいろどり	シーズン	2026/05/31
桑山千雪	シャニソン	P	星3	雨しぶき、ランデヴー	限定	2026/06/10
桑山千雪	シャニソン	S	SSR	レイニィ・レイディ	限定	2026/06/10
杜野凛世	シャニソン	S	SSR	幸待ちシロツメクサ	シャニパ	2026/06/11
白瀬咲耶	シャニソン	P	星3	朱魚ノ睡夢	限定	2026/06/20
白瀬咲耶	シャニソン	S	SSR	水中歌・夢草	恒常	2026/06/20
白瀬咲耶	シャニソン	P	星3	Sweetie! これは甘い夢？	誕生日	2026/06/27
桑山千雪	シャニソン	P	星3	チユリカ・ノクティア	限定	2026/06/30
大崎甜花	シャニソン	P	星3	テネリカ・フロリス	限定	2026/06/30
大崎甘奈	シャニソン	P	星3	アマリカ・ルーナ	限定	2026/06/30
大崎甜花	シャニソン	S	SSR	唱えて♡JamJamJam	イベント	2026/06/30
八宮めぐる	シャニソン	S	SSR	SUN FUN SEA GUARD!	シーズン	2026/06/30
斑鳩ルカ	シャニソン	P	星3	波、衝動、夏────	恒常	2026/07/10
斑鳩ルカ	シャニソン	S	SSR	凪に浮く灯	恒常	2026/07/10
七草にちか	シャニソン	P	星3	続・見惚れやがれ	限定	2026/07/21
七草にちか	シャニソン	S	SSR	キュートじゃないなんて嘘	限定	2026/07/21
八宮めぐる	シャニソン	P	星3	Sweetie! ぽかぽかの味	誕生日	2026/07/22
七草にちか	シャニソン	P	星3	Sweetie! ぜーんぶ私の！	誕生日	2026/07/26
樋口円香	シャニソン	S	SSR	補給	おまけ	2026/07/26
