"公演名","日程","会場","キャスト","参加状況","追加参加決定日","補足","判定元"
"Song for Prism Karma / Naraku 発売記念イベント","第一回","都内某所（当選者のみ案内）","和久井優","参加","","トーク&ミニライブ・披露曲未発表","公式発表"
"Song for Prism Karma / Naraku 発売記念イベント","第二回","都内某所（当選者のみ案内）","和久井優","参加","","トーク&ミニライブ・披露曲未発表","公式発表"
"Song for Prism Karma / Naraku 発売記念イベント","第一回","都内某所（当選者のみ案内）","結名美月","参加","","トーク&ミニライブ・披露曲未発表","公式発表"
"Song for Prism Karma / Naraku 発売記念イベント","第二回","都内某所（当選者のみ案内）","結名美月","参加","","トーク&ミニライブ・披露曲未発表","公式発表"
"Song for Prism SUPER DUPER DREAMER / BEAST MODE 発売記念イベント","第一回","都内某所（当選者のみ案内）","田中有紀","参加","","トーク&ミニライブ・披露曲未発表","公式発表"
"Song for Prism SUPER DUPER DREAMER / BEAST MODE 発売記念イベント","第二回","都内某所（当選者のみ案内）","田中有紀","参加","","トーク&ミニライブ・披露曲未発表","公式発表"
"Song for Prism SUPER DUPER DREAMER / BEAST MODE 発売記念イベント","第一回","都内某所（当選者のみ案内）","土屋李央","参加","","トーク&ミニライブ・披露曲未発表","公式発表"
"Song for Prism SUPER DUPER DREAMER / BEAST MODE 発売記念イベント","第二回","都内某所（当選者のみ案内）","土屋李央","参加","","トーク&ミニライブ・披露曲未発表","公式発表"
"Song for Prism SUPER DUPER DREAMER / BEAST MODE 発売記念イベント","第一回","都内某所（当選者のみ案内）","山根綺","参加","","トーク&ミニライブ・披露曲未発表","公式発表"
"Song for Prism SUPER DUPER DREAMER / BEAST MODE 発売記念イベント","第二回","都内某所（当選者のみ案内）","山根綺","参加","","トーク&ミニライブ・披露曲未発表","公式発表"
"Song for Prism SUPER DUPER DREAMER / BEAST MODE 発売記念イベント","第一回","都内某所（当選者のみ案内）","川口莉奈","参加","","トーク&ミニライブ・披露曲未発表","公式発表"
"Song for Prism SUPER DUPER DREAMER / BEAST MODE 発売記念イベント","第二回","都内某所（当選者のみ案内）","川口莉奈","参加","","トーク&ミニライブ・披露曲未発表","公式発表"
"Song for Prism SUPER DUPER DREAMER / BEAST MODE 発売記念イベント","第一回","都内某所（当選者のみ案内）","永井真里子","参加","","トーク&ミニライブ・披露曲未発表","公式発表"
"Song for Prism SUPER DUPER DREAMER / BEAST MODE 発売記念イベント","第二回","都内某所（当選者のみ案内）","永井真里子","参加","","トーク&ミニライブ・披露曲未発表","公式発表"
"Song for Prism SUPER DUPER DREAMER / BEAST MODE 発売記念イベント","第一回","都内某所（当選者のみ案内）","菅沼千紗","参加","","トーク&ミニライブ・披露曲未発表","公式発表"
"Song for Prism SUPER DUPER DREAMER / BEAST MODE 発売記念イベント","第二回","都内某所（当選者のみ案内）","菅沼千紗","参加","","トーク&ミニライブ・披露曲未発表","公式発表"
"Song for Prism 散花-sanka- / 紅花-benibana- 発売記念イベント","第一回","都内某所（当選者のみ案内）","涼本あきほ","参加","","トーク&ミニライブ・披露曲未発表","公式発表"
"Song for Prism 散花-sanka- / 紅花-benibana- 発売記念イベント","第二回","都内某所（当選者のみ案内）","涼本あきほ","参加","","トーク&ミニライブ・披露曲未発表","公式発表"
"Song for Prism 散花-sanka- / 紅花-benibana- 発売記念イベント","第一回","都内某所（当選者のみ案内）","北原沙弥香","参加","","トーク&ミニライブ・披露曲未発表","公式発表"
"Song for Prism 散花-sanka- / 紅花-benibana- 発売記念イベント","第二回","都内某所（当選者のみ案内）","北原沙弥香","参加","","トーク&ミニライブ・披露曲未発表","公式発表"
"Song for Prism 散花-sanka- / 紅花-benibana- 発売記念イベント","第一回","都内某所（当選者のみ案内）","芝崎典子","参加","","トーク&ミニライブ・披露曲未発表","公式発表"
"Song for Prism 散花-sanka- / 紅花-benibana- 発売記念イベント","第二回","都内某所（当選者のみ案内）","芝崎典子","参加","","トーク&ミニライブ・披露曲未発表","公式発表"
"Song for Prism 散花-sanka- / 紅花-benibana- 発売記念イベント","第一回","都内某所（当選者のみ案内）","近藤玲奈","参加","","トーク&ミニライブ・披露曲未発表","公式発表"
"Song for Prism 散花-sanka- / 紅花-benibana- 発売記念イベント","第二回","都内某所（当選者のみ案内）","近藤玲奈","参加","","トーク&ミニライブ・披露曲未発表","公式発表"
"Song for Prism 散花-sanka- / 紅花-benibana- 発売記念イベント","第一回","都内某所（当選者のみ案内）","八巻アンナ","参加","","トーク&ミニライブ・披露曲未発表","公式発表"
"Song for Prism 散花-sanka- / 紅花-benibana- 発売記念イベント","第二回","都内某所（当選者のみ案内）","八巻アンナ","参加","","トーク&ミニライブ・披露曲未発表","公式発表"
"Song for Prism ボーダーレス・ノンストレス / Oh Yeah!! 発売記念イベント","第一回","都内某所（当選者のみ案内）","峯田茉優","参加","","トーク&ミニライブ・披露曲未発表","公式発表"
"Song for Prism ボーダーレス・ノンストレス / Oh Yeah!! 発売記念イベント","第二回","都内某所（当選者のみ案内）","峯田茉優","参加","","トーク&ミニライブ・披露曲未発表","公式発表"
"Song for Prism ボーダーレス・ノンストレス / Oh Yeah!! 発売記念イベント","第一回","都内某所（当選者のみ案内）","岡咲美保","参加","","トーク&ミニライブ・披露曲未発表","公式発表"
"Song for Prism ボーダーレス・ノンストレス / Oh Yeah!! 発売記念イベント","第二回","都内某所（当選者のみ案内）","岡咲美保","参加","","トーク&ミニライブ・披露曲未発表","公式発表"
"Song for Prism ボーダーレス・ノンストレス / Oh Yeah!! 発売記念イベント","第一回","都内某所（当選者のみ案内）","礒部花凜","参加","","トーク&ミニライブ・披露曲未発表","公式発表"
"Song for Prism ボーダーレス・ノンストレス / Oh Yeah!! 発売記念イベント","第二回","都内某所（当選者のみ案内）","礒部花凜","参加","","トーク&ミニライブ・披露曲未発表","公式発表"
"Song for Prism ボーダーレス・ノンストレス / Oh Yeah!! 発売記念イベント","第一回","都内某所（当選者のみ案内）","河野ひより","参加","","トーク&ミニライブ・披露曲未発表","公式発表"
"Song for Prism ボーダーレス・ノンストレス / Oh Yeah!! 発売記念イベント","第二回","都内某所（当選者のみ案内）","河野ひより","参加","","トーク&ミニライブ・披露曲未発表","公式発表"
"Song for Prism Ring Ring Ringの魔法 / 街角メランコリー 発売記念イベント","第一回","都内某所（当選者のみ案内）","小澤麗那","参加","","トーク&ミニライブ・披露曲未発表","公式発表"
"Song for Prism Ring Ring Ringの魔法 / 街角メランコリー 発売記念イベント","第二回","都内某所（当選者のみ案内）","小澤麗那","参加","","トーク&ミニライブ・披露曲未発表","公式発表"
"Song for Prism Ring Ring Ringの魔法 / 街角メランコリー 発売記念イベント","第一回","都内某所（当選者のみ案内）","関根瞳","参加","","トーク&ミニライブ・披露曲未発表","公式発表"
"Song for Prism Ring Ring Ringの魔法 / 街角メランコリー 発売記念イベント","第二回","都内某所（当選者のみ案内）","関根瞳","参加","","トーク&ミニライブ・披露曲未発表","公式発表"
"Song for Prism Tokyo自由系*ガール / My time 発売記念イベント","第一回","都内某所（当選者のみ案内）","丸岡和佳奈","参加","","トーク&ミニライブ・披露曲未発表","公式発表"
"Song for Prism Tokyo自由系*ガール / My time 発売記念イベント","第二回","都内某所（当選者のみ案内）","丸岡和佳奈","参加","","トーク&ミニライブ・披露曲未発表","公式発表"
"Song for Prism Tokyo自由系*ガール / My time 発売記念イベント","第一回","都内某所（当選者のみ案内）","田嶌紗蘭","参加","","トーク&ミニライブ・披露曲未発表","公式発表"
"Song for Prism Tokyo自由系*ガール / My time 発売記念イベント","第二回","都内某所（当選者のみ案内）","田嶌紗蘭","参加","","トーク&ミニライブ・披露曲未発表","公式発表"
"Song for Prism Tokyo自由系*ガール / My time 発売記念イベント","第一回","都内某所（当選者のみ案内）","希水しお","参加","","トーク&ミニライブ・披露曲未発表","公式発表"
"Song for Prism Tokyo自由系*ガール / My time 発売記念イベント","第二回","都内某所（当選者のみ案内）","希水しお","参加","","トーク&ミニライブ・披露曲未発表","公式発表"
"1stLIVE FLY TO THE SHINY SKY","DAY1","舞浜アンフィシアター","関根瞳","参加","","","画像の色＋元CSV"
"1stLIVE FLY TO THE SHINY SKY","DAY2 (昼)","舞浜アンフィシアター","関根瞳","参加","","","画像の色＋元CSV"
"1stLIVE FLY TO THE SHINY SKY","DAY2 (夜)","舞浜アンフィシアター","関根瞳","参加","","","画像の色＋元CSV"
"SUMMER PARTY 2019","(昼)","パシフィコ横浜","関根瞳","参加","","","画像の色＋元CSV"
"SUMMER PARTY 2019","(夜)","パシフィコ横浜","関根瞳","ユニット出演予定なし","","","画像の色＋元CSV"
"バンダイナムコエンターテインメントフェスティバル","DAY2","東京ドーム","関根瞳","参加","","","画像の色＋元CSV"
"283プロダクションプロデューサー感謝祭～1.5 Anniversary Festival!!～","開催","森のホール２１ (松戸市文化会館)","関根瞳","参加","","","画像の色＋元CSV"
"MUSIC DAWN","DAY1","幕張イベントホール
（オンライン）","関根瞳","参加","","","画像の色＋元CSV"
"MUSIC DAWN","DAY2","幕張イベントホール
（オンライン）","関根瞳","参加","","","画像の色＋元CSV"
"2ndLIVE STEP INTO THE SUNSET SKY","DAY1","幕張メッセ","関根瞳","参加","","","画像の色＋元CSV"
"2ndLIVE STEP INTO THE SUNSET SKY","DAY2","幕張メッセ","関根瞳","参加","","","画像の色＋元CSV"
"3rdLIVE TOUR PIECE ON PLANET 
/ NAGOYA","DAY1","日本ガイシホール","関根瞳","参加","2021/02/16","","画像の色＋元CSV"
"3rdLIVE TOUR PIECE ON PLANET 
/ NAGOYA","DAY2","日本ガイシホール","関根瞳","参加","","","画像の色＋元CSV"
"3rdLIVE TOUR PIECE ON PLANET 
/ TOKYO","DAY1","東京ガーデンシアター","関根瞳","参加","2021/02/16","","画像の色＋元CSV"
"3rdLIVE TOUR PIECE ON PLANET 
/ TOKYO","DAY2","東京ガーデンシアター","関根瞳","参加","","","画像の色＋元CSV"
"3rdLIVE TOUR PIECE ON PLANET 
/ FUKUOKA","DAY1","西日本総合展示場","関根瞳","参加","2021/02/16","","画像の色＋元CSV"
"3rdLIVE TOUR PIECE ON PLANET 
/ FUKUOKA","DAY2","西日本総合展示場","関根瞳","参加","2021/02/16","","画像の色＋元CSV"
"283フェス 2021 Happy Buffet!","DAY1","バンダイナムコ未来研究所
（オンライン）","関根瞳","参加","","","画像の色＋元CSV"
"283フェス 2021 Happy Buffet!","DAY2","バンダイナムコ未来研究所
（オンライン）","関根瞳","ユニット出演予定なし","","","画像の色＋元CSV"
"Xmas Party -Silent night-","DAY1","両国国技館","関根瞳","参加","","","画像の色＋元CSV"
"Xmas Party -Silent night-","DAY2","両国国技館","関根瞳","ユニット出演予定なし","","","画像の色＋元CSV"
"4thLIVE 空は澄み、今を越えて。","DAY1","幕張メッセ国際展示場1~3ホール","関根瞳","参加","","","画像の色＋元CSV"
"4thLIVE 空は澄み、今を越えて。","DAY2","幕張メッセ国際展示場1~3ホール","関根瞳","参加","","","画像の色＋元CSV"
"バンダイナムコエンターテインメントフェスティバル 2nd","DAY2","ZOZOマリンスタジアム","関根瞳","参加","","","画像の色＋元CSV"
"シャニマス初の対バンライブ 
283PRODUCTION UNIT LIVE SETSUNA BEAT","DAY1","東京ガーデンシアター","関根瞳","ユニット出演予定なし","","","画像の色＋元CSV"
"シャニマス初の対バンライブ 
283PRODUCTION UNIT LIVE SETSUNA BEAT","DAY2","東京ガーデンシアター","関根瞳","ユニット出演予定なし","","","画像の色＋元CSV"
"シャニマス初の対バンライブ 
283PRODUCTION UNIT LIVE MUGEN BEAT","DAY1","武蔵野の森総合スポーツプラザ","関根瞳","参加","","","画像の色＋元CSV"
"シャニマス初の対バンライブ 
283PRODUCTION UNIT LIVE MUGEN BEAT","DAY2","武蔵野の森総合スポーツプラザ","関根瞳","参加","","","画像の色＋元CSV"
"M@STERS OF IDOL WORLD!!!!! 2023","DAY1","東京ドーム","関根瞳","ユニット出演予定なし","","","画像の色＋元CSV"
"M@STERS OF IDOL WORLD!!!!! 2023","DAY2","東京ドーム","関根瞳","参加","","","画像の色＋元CSV"
"5thLIVE If I_wings.","DAY1","国立代々木競技場 第一体育館","関根瞳","参加","","","画像の色＋元CSV"
"5thLIVE If I_wings.","DAY2","国立代々木競技場 第一体育館","関根瞳","参加","","","画像の色＋元CSV"
"Solo Performance LIVE 我儘なまま","DAY1","武蔵野の森総合スポーツプラザ","関根瞳","参加","","","画像の色＋元CSV"
"Solo Performance LIVE 我儘なまま","DAY2","武蔵野の森総合スポーツプラザ","関根瞳","参加","2023/05/22","","画像の色＋元CSV"
"5.5th Anniversary LIVE 星が見上げた空","DAY1","幕張イベントホール","関根瞳","ユニット出演予定なし","","","画像の色＋元CSV"
"5.5th Anniversary LIVE 星が見上げた空","DAY2","幕張イベントホール","関根瞳","参加","","","画像の色＋元CSV"
"異次元フェス 
アイドルマスター★♥︎ラブライブ！歌合戦","DAY1","東京ドーム","関根瞳","ユニット出演予定なし","","","画像の色＋元CSV"
"異次元フェス 
アイドルマスター★♥︎ラブライブ！歌合戦","DAY2","東京ドーム","関根瞳","参加","","","画像の色＋元CSV"
"6thLIVE TOUR Come and Unite! 
Brilliant Blooms","DAY1","大阪城ホール","関根瞳","参加","","","画像の色＋元CSV"
"6thLIVE TOUR Come and Unite! 
Brilliant Blooms","DAY2","大阪城ホール","関根瞳","参加","","","画像の色＋元CSV"
"6thLIVE TOUR Come and Unite! 
Fantastic Fireworks","DAY1","Kアリーナ横浜","関根瞳","参加","","","画像の色＋元CSV"
"6thLIVE TOUR Come and Unite! 
Fantastic Fireworks","DAY2","Kアリーナ横浜","関根瞳","参加","","","画像の色＋元CSV"
"LIVE FUN!! -Beyond the Blue sky-","DAY1","横浜アリーナ","関根瞳","参加","","","画像の色＋元CSV"
"LIVE FUN!! -Beyond the Blue sky-","DAY2","横浜アリーナ","関根瞳","参加","","","画像の色＋元CSV"
"6.5th Anniversary LIVE “Chapter 283”","DAY1","武蔵野の森総合スポーツプラザ","関根瞳","参加","","","画像の色＋元CSV"
"6.5th Anniversary LIVE “Chapter 283”","DAY2","武蔵野の森総合スポーツプラザ","関根瞳","参加","","","画像の色＋元CSV"
"2nd season LIVE Over the prism","DAY1","ぴあアリーナMM","関根瞳","参加","","","画像の色＋元CSV"
"2nd season LIVE Over the prism","DAY2","ぴあアリーナMM","関根瞳","参加","","","画像の色＋元CSV"
"7th UNITLIVE TOUR 
円環 -Halo around- first quadrant","DAY1","福岡国際センター","関根瞳","ユニット出演予定なし","","","画像の色＋元CSV"
"7th UNITLIVE TOUR 
円環 -Halo around- first quadrant","DAY2","福岡国際センター","関根瞳","ユニット出演予定なし","","","画像の色＋元CSV"
"7th UNITLIVE TOUR 
円環 -Halo around- second quadrant","DAY1","横浜BUNTAI","関根瞳","ユニット出演予定なし","","","画像の色＋元CSV"
"7th UNITLIVE TOUR 
円環 -Halo around- second quadrant","DAY2","横浜BUNTAI","関根瞳","ユニット出演予定なし","","","画像の色＋元CSV"
"7th UNITLIVE TOUR 
円環 -Halo around- third quadrant","DAY1","Aichi Sky Expo","関根瞳","ユニット出演予定なし","","","画像の色＋元CSV"
"7th UNITLIVE TOUR 
円環 -Halo around- third quadrant","DAY2","Aichi Sky Expo","関根瞳","ユニット出演予定なし","","","画像の色＋元CSV"
"7th UNITLIVE TOUR 
円環 -Halo around- fourth quadrant","DAY1","盛運輸アリーナ","関根瞳","参加","","","画像の色＋元CSV"
"7th UNITLIVE TOUR 
円環 -Halo around- fourth quadrant","DAY2","盛運輸アリーナ","関根瞳","参加","","","画像の色＋元CSV"
"7th LIVE TOUR 
螺旋 -Halo around- “The origin on the axes”","DAY1","Kアリーナ横浜","関根瞳","参加","","","画像の色＋元CSV"
"7th LIVE TOUR 
螺旋 -Halo around- “The origin on the axes”","DAY2","Kアリーナ横浜","関根瞳","参加","","","画像の色＋元CSV"
"M@STERS OF IDOL WORLD 2025","DAY1","京セラドーム大阪","関根瞳","ユニット出演予定なし","","","画像の色＋元CSV"
"M@STERS OF IDOL WORLD 2025","DAY2","京セラドーム大阪","関根瞳","参加","","","画像の色＋元CSV"
"シャニマス大感謝祭！
〜283スポーツフェスティバル〜","DAY1","京王アリーナTOKYO","関根瞳","参加","","","画像の色＋元CSV"
"シャニマス大感謝祭！
〜283スポーツフェスティバル〜","DAY2","京王アリーナTOKYO","関根瞳","参加","","","画像の色＋元CSV"
"∞th LIVE iと夢","DAY1","Kアリーナ横浜","関根瞳","参加","","","画像の色＋元CSV"
"∞th LIVE iと夢","DAY2","Kアリーナ横浜","関根瞳","参加","","","画像の色＋元CSV"
"Solo Live Collection -Master ShowPiece-","DAY1","京王アリーナTOKYO","関根瞳","参加","","","画像の色＋元CSV"
"shiny, the first REFRAC7IONS "" Still blue ""","DAY1","国立代々木競技場 第一体育館","関根瞳","参加","","","画像の色＋元CSV"
"shiny, the first REFRAC7IONS "" Still blue ""","DAY2","国立代々木競技場 第一体育館","関根瞳","参加","","","画像の色＋元CSV"
"Solo Live Collection -Master ShowPiece-","DAY2","京王アリーナTOKYO","関根瞳","参加","","","画像の色＋元CSV"
"1stLIVE FLY TO THE SHINY SKY","DAY1","舞浜アンフィシアター","近藤玲奈","参加","","","画像の色＋元CSV"
"1stLIVE FLY TO THE SHINY SKY","DAY2 (昼)","舞浜アンフィシアター","近藤玲奈","参加","","","画像の色＋元CSV"
"1stLIVE FLY TO THE SHINY SKY","DAY2 (夜)","舞浜アンフィシアター","近藤玲奈","参加","","","画像の色＋元CSV"
"SUMMER PARTY 2019","(昼)","パシフィコ横浜","近藤玲奈","参加","","","画像の色＋元CSV"
"SUMMER PARTY 2019","(夜)","パシフィコ横浜","近藤玲奈","ユニット出演予定なし","","","画像の色＋元CSV"
"バンダイナムコエンターテインメントフェスティバル","DAY2","東京ドーム","近藤玲奈","参加","","","画像の色＋元CSV"
"283プロダクションプロデューサー感謝祭～1.5 Anniversary Festival!!～","開催","森のホール２１ (松戸市文化会館)","近藤玲奈","参加","","","画像の色＋元CSV"
"MUSIC DAWN","DAY1","幕張イベントホール
（オンライン）","近藤玲奈","参加","","","画像の色＋元CSV"
"MUSIC DAWN","DAY2","幕張イベントホール
（オンライン）","近藤玲奈","参加","","","画像の色＋元CSV"
"2ndLIVE STEP INTO THE SUNSET SKY","DAY1","幕張メッセ","近藤玲奈","欠席","","","画像の色＋元CSV"
"2ndLIVE STEP INTO THE SUNSET SKY","DAY2","幕張メッセ","近藤玲奈","欠席","","","画像の色＋元CSV"
"3rdLIVE TOUR PIECE ON PLANET 
/ NAGOYA","DAY1","日本ガイシホール","近藤玲奈","参加","","","画像の色＋元CSV"
"3rdLIVE TOUR PIECE ON PLANET 
/ NAGOYA","DAY2","日本ガイシホール","近藤玲奈","参加","","","画像の色＋元CSV"
"3rdLIVE TOUR PIECE ON PLANET 
/ TOKYO","DAY1","東京ガーデンシアター","近藤玲奈","欠席","","","画像の色＋元CSV"
"3rdLIVE TOUR PIECE ON PLANET 
/ TOKYO","DAY2","東京ガーデンシアター","近藤玲奈","欠席","","","画像の色＋元CSV"
"3rdLIVE TOUR PIECE ON PLANET 
/ FUKUOKA","DAY1","西日本総合展示場","近藤玲奈","欠席","","","画像の色＋元CSV"
"3rdLIVE TOUR PIECE ON PLANET 
/ FUKUOKA","DAY2","西日本総合展示場","近藤玲奈","欠席","","","画像の色＋元CSV"
"283フェス 2021 Happy Buffet!","DAY1","バンダイナムコ未来研究所
（オンライン）","近藤玲奈","欠席","","","画像の色＋元CSV"
"283フェス 2021 Happy Buffet!","DAY2","バンダイナムコ未来研究所
（オンライン）","近藤玲奈","ユニット出演予定なし","","","画像の色＋元CSV"
"Xmas Party -Silent night-","DAY1","両国国技館","近藤玲奈","欠席","","","画像の色＋元CSV"
"Xmas Party -Silent night-","DAY2","両国国技館","近藤玲奈","ユニット出演予定なし","","","画像の色＋元CSV"
"4thLIVE 空は澄み、今を越えて。","DAY1","幕張メッセ国際展示場1~3ホール","近藤玲奈","急遽不参加","","身内の不幸","画像の色＋元CSV"
"4thLIVE 空は澄み、今を越えて。","DAY2","幕張メッセ国際展示場1~3ホール","近藤玲奈","急遽不参加","","身内の不幸","画像の色＋元CSV"
"バンダイナムコエンターテインメントフェスティバル 2nd","DAY2","ZOZOマリンスタジアム","近藤玲奈","参加","","","画像の色＋元CSV"
"シャニマス初の対バンライブ 
283PRODUCTION UNIT LIVE SETSUNA BEAT","DAY1","東京ガーデンシアター","近藤玲奈","ユニット出演予定なし","","","画像の色＋元CSV"
"シャニマス初の対バンライブ 
283PRODUCTION UNIT LIVE SETSUNA BEAT","DAY2","東京ガーデンシアター","近藤玲奈","ユニット出演予定なし","","","画像の色＋元CSV"
"シャニマス初の対バンライブ 
283PRODUCTION UNIT LIVE MUGEN BEAT","DAY1","武蔵野の森総合スポーツプラザ","近藤玲奈","急遽不参加","","体調不良","画像の色＋元CSV"
"シャニマス初の対バンライブ 
283PRODUCTION UNIT LIVE MUGEN BEAT","DAY2","武蔵野の森総合スポーツプラザ","近藤玲奈","急遽不参加","","体調不良","画像の色＋元CSV"
"M@STERS OF IDOL WORLD!!!!! 2023","DAY1","東京ドーム","近藤玲奈","ユニット出演予定なし","","","画像の色＋元CSV"
"M@STERS OF IDOL WORLD!!!!! 2023","DAY2","東京ドーム","近藤玲奈","欠席","","","画像の色＋元CSV"
"5thLIVE If I_wings.","DAY1","国立代々木競技場 第一体育館","近藤玲奈","欠席","","","画像の色＋元CSV"
"5thLIVE If I_wings.","DAY2","国立代々木競技場 第一体育館","近藤玲奈","参加","","","画像の色＋元CSV"
"Solo Performance LIVE 我儘なまま","DAY1","武蔵野の森総合スポーツプラザ","近藤玲奈","参加","","","画像の色＋元CSV"
"Solo Performance LIVE 我儘なまま","DAY2","武蔵野の森総合スポーツプラザ","近藤玲奈","参加","","","画像の色＋元CSV"
"5.5th Anniversary LIVE 星が見上げた空","DAY1","幕張イベントホール","近藤玲奈","ユニット出演予定なし","","","画像の色＋元CSV"
"5.5th Anniversary LIVE 星が見上げた空","DAY2","幕張イベントホール","近藤玲奈","参加","","","画像の色＋元CSV"
"異次元フェス 
アイドルマスター★♥︎ラブライブ！歌合戦","DAY1","東京ドーム","近藤玲奈","ユニット出演予定なし","","","画像の色＋元CSV"
"異次元フェス 
アイドルマスター★♥︎ラブライブ！歌合戦","DAY2","東京ドーム","近藤玲奈","参加","","","画像の色＋元CSV"
"6thLIVE TOUR Come and Unite! 
Brilliant Blooms","DAY1","大阪城ホール","近藤玲奈","急遽不参加","","体調不良","画像の色＋元CSV"
"6thLIVE TOUR Come and Unite! 
Brilliant Blooms","DAY2","大阪城ホール","近藤玲奈","急遽不参加","","体調不良","画像の色＋元CSV"
"6thLIVE TOUR Come and Unite! 
Fantastic Fireworks","DAY1","Kアリーナ横浜","近藤玲奈","急遽不参加","","体調不良","画像の色＋元CSV"
"6thLIVE TOUR Come and Unite! 
Fantastic Fireworks","DAY2","Kアリーナ横浜","近藤玲奈","急遽不参加","","体調不良","画像の色＋元CSV"
"LIVE FUN!! -Beyond the Blue sky-","DAY1","横浜アリーナ","近藤玲奈","一部楽曲参加","2024/06/27","","画像の色＋元CSV"
"LIVE FUN!! -Beyond the Blue sky-","DAY2","横浜アリーナ","近藤玲奈","一部楽曲参加","2024/06/27","","画像の色＋元CSV"
"6.5th Anniversary LIVE “Chapter 283”","DAY1","武蔵野の森総合スポーツプラザ","近藤玲奈","参加","2024/08/16","","画像の色＋元CSV"
"6.5th Anniversary LIVE “Chapter 283”","DAY2","武蔵野の森総合スポーツプラザ","近藤玲奈","参加","2024/08/16","","画像の色＋元CSV"
"2nd season LIVE Over the prism","DAY1","ぴあアリーナMM","近藤玲奈","参加","2024/11/29","","画像の色＋元CSV"
"2nd season LIVE Over the prism","DAY2","ぴあアリーナMM","近藤玲奈","参加","2024/11/29","","画像の色＋元CSV"
"7th UNITLIVE TOUR 
円環 -Halo around- first quadrant","DAY1","福岡国際センター","近藤玲奈","ユニット出演予定なし","","","画像の色＋元CSV"
"7th UNITLIVE TOUR 
円環 -Halo around- first quadrant","DAY2","福岡国際センター","近藤玲奈","ユニット出演予定なし","","","画像の色＋元CSV"
"7th UNITLIVE TOUR 
円環 -Halo around- second quadrant","DAY1","横浜BUNTAI","近藤玲奈","ユニット出演予定なし","","","画像の色＋元CSV"
"7th UNITLIVE TOUR 
円環 -Halo around- second quadrant","DAY2","横浜BUNTAI","近藤玲奈","ユニット出演予定なし","","","画像の色＋元CSV"
"7th UNITLIVE TOUR 
円環 -Halo around- third quadrant","DAY1","Aichi Sky Expo","近藤玲奈","ユニット出演予定なし","","","画像の色＋元CSV"
"7th UNITLIVE TOUR 
円環 -Halo around- third quadrant","DAY2","Aichi Sky Expo","近藤玲奈","ユニット出演予定なし","","","画像の色＋元CSV"
"7th UNITLIVE TOUR 
円環 -Halo around- fourth quadrant","DAY1","盛運輸アリーナ","近藤玲奈","参加","","","画像の色＋元CSV"
"7th UNITLIVE TOUR 
円環 -Halo around- fourth quadrant","DAY2","盛運輸アリーナ","近藤玲奈","参加","","","画像の色＋元CSV"
"7th LIVE TOUR 
螺旋 -Halo around- “The origin on the axes”","DAY1","Kアリーナ横浜","近藤玲奈","参加","","","画像の色＋元CSV"
"7th LIVE TOUR 
螺旋 -Halo around- “The origin on the axes”","DAY2","Kアリーナ横浜","近藤玲奈","参加","","","画像の色＋元CSV"
"M@STERS OF IDOL WORLD 2025","DAY1","京セラドーム大阪","近藤玲奈","ユニット出演予定なし","","","画像の色＋元CSV"
"M@STERS OF IDOL WORLD 2025","DAY2","京セラドーム大阪","近藤玲奈","参加","","","画像の色＋元CSV"
"シャニマス大感謝祭！
〜283スポーツフェスティバル〜","DAY1","京王アリーナTOKYO","近藤玲奈","欠席","","","画像の色＋元CSV"
"シャニマス大感謝祭！
〜283スポーツフェスティバル〜","DAY2","京王アリーナTOKYO","近藤玲奈","参加","","","画像の色＋元CSV"
"∞th LIVE iと夢","DAY1","Kアリーナ横浜","近藤玲奈","参加","","","画像の色＋元CSV"
"∞th LIVE iと夢","DAY2","Kアリーナ横浜","近藤玲奈","参加","","","画像の色＋元CSV"
"shiny, the first REFRAC7IONS "" Still blue ""","DAY1","国立代々木競技場 第一体育館","近藤玲奈","参加","","","画像の色＋元CSV"
"Solo Live Collection -Master ShowPiece-","DAY1","京王アリーナTOKYO","近藤玲奈","参加","","","画像の色＋元CSV"
"shiny, the first REFRAC7IONS "" Still blue ""","DAY2","国立代々木競技場 第一体育館","近藤玲奈","参加","","","画像の色＋元CSV"
"Solo Live Collection -Master ShowPiece-","DAY2","京王アリーナTOKYO","近藤玲奈","参加","","","画像の色＋元CSV"
"1stLIVE FLY TO THE SHINY SKY","DAY1","舞浜アンフィシアター","峯田茉優","参加","","","画像の色＋元CSV"
"1stLIVE FLY TO THE SHINY SKY","DAY2 (昼)","舞浜アンフィシアター","峯田茉優","参加","","","画像の色＋元CSV"
"1stLIVE FLY TO THE SHINY SKY","DAY2 (夜)","舞浜アンフィシアター","峯田茉優","参加","","","画像の色＋元CSV"
"SUMMER PARTY 2019","(昼)","パシフィコ横浜","峯田茉優","参加","","","画像の色＋元CSV"
"SUMMER PARTY 2019","(夜)","パシフィコ横浜","峯田茉優","ユニット出演予定なし","","","画像の色＋元CSV"
"バンダイナムコエンターテインメントフェスティバル","DAY2","東京ドーム","峯田茉優","参加","","","画像の色＋元CSV"
"283プロダクションプロデューサー感謝祭～1.5 Anniversary Festival!!～","開催","森のホール２１ (松戸市文化会館)","峯田茉優","参加","","","画像の色＋元CSV"
"MUSIC DAWN","DAY1","幕張イベントホール
（オンライン）","峯田茉優","参加","","","画像の色＋元CSV"
"MUSIC DAWN","DAY2","幕張イベントホール
（オンライン）","峯田茉優","参加","","","画像の色＋元CSV"
"2ndLIVE STEP INTO THE SUNSET SKY","DAY1","幕張メッセ","峯田茉優","参加","2021/02/08","","画像の色＋元CSV"
"2ndLIVE STEP INTO THE SUNSET SKY","DAY2","幕張メッセ","峯田茉優","参加","","","画像の色＋元CSV"
"3rdLIVE TOUR PIECE ON PLANET 
/ NAGOYA","DAY1","日本ガイシホール","峯田茉優","参加","2021/02/08","","画像の色＋元CSV"
"3rdLIVE TOUR PIECE ON PLANET 
/ NAGOYA","DAY2","日本ガイシホール","峯田茉優","参加","","","画像の色＋元CSV"
"3rdLIVE TOUR PIECE ON PLANET 
/ TOKYO","DAY1","東京ガーデンシアター","峯田茉優","参加","2021/02/08","","画像の色＋元CSV"
"3rdLIVE TOUR PIECE ON PLANET 
/ TOKYO","DAY2","東京ガーデンシアター","峯田茉優","参加","","","画像の色＋元CSV"
"3rdLIVE TOUR PIECE ON PLANET 
/ FUKUOKA","DAY1","西日本総合展示場","峯田茉優","参加","2021/02/08","","画像の色＋元CSV"
"3rdLIVE TOUR PIECE ON PLANET 
/ FUKUOKA","DAY2","西日本総合展示場","峯田茉優","参加","","","画像の色＋元CSV"
"283フェス 2021 Happy Buffet!","DAY1","バンダイナムコ未来研究所
（オンライン）","峯田茉優","参加","","","画像の色＋元CSV"
"283フェス 2021 Happy Buffet!","DAY2","バンダイナムコ未来研究所
（オンライン）","峯田茉優","ユニット出演予定なし","","","画像の色＋元CSV"
"Xmas Party -Silent night-","DAY1","両国国技館","峯田茉優","参加","","","画像の色＋元CSV"
"Xmas Party -Silent night-","DAY2","両国国技館","峯田茉優","ユニット出演予定なし","","","画像の色＋元CSV"
"4thLIVE 空は澄み、今を越えて。","DAY1","幕張メッセ国際展示場1~3ホール","峯田茉優","参加","","","画像の色＋元CSV"
"4thLIVE 空は澄み、今を越えて。","DAY2","幕張メッセ国際展示場1~3ホール","峯田茉優","参加","","","画像の色＋元CSV"
"バンダイナムコエンターテインメントフェスティバル 2nd","DAY2","ZOZOマリンスタジアム","峯田茉優","参加","","","画像の色＋元CSV"
"シャニマス初の対バンライブ 
283PRODUCTION UNIT LIVE SETSUNA BEAT","DAY1","東京ガーデンシアター","峯田茉優","ユニット出演予定なし","","","画像の色＋元CSV"
"シャニマス初の対バンライブ 
283PRODUCTION UNIT LIVE SETSUNA BEAT","DAY2","東京ガーデンシアター","峯田茉優","ユニット出演予定なし","","","画像の色＋元CSV"
"シャニマス初の対バンライブ 
283PRODUCTION UNIT LIVE MUGEN BEAT","DAY1","武蔵野の森総合スポーツプラザ","峯田茉優","参加","","","画像の色＋元CSV"
"シャニマス初の対バンライブ 
283PRODUCTION UNIT LIVE MUGEN BEAT","DAY2","武蔵野の森総合スポーツプラザ","峯田茉優","参加","","","画像の色＋元CSV"
"M@STERS OF IDOL WORLD!!!!! 2023","DAY1","東京ドーム","峯田茉優","ユニット出演予定なし","","","画像の色＋元CSV"
"M@STERS OF IDOL WORLD!!!!! 2023","DAY2","東京ドーム","峯田茉優","参加","","","画像の色＋元CSV"
"5thLIVE If I_wings.","DAY1","国立代々木競技場 第一体育館","峯田茉優","参加","","","画像の色＋元CSV"
"5thLIVE If I_wings.","DAY2","国立代々木競技場 第一体育館","峯田茉優","参加","","","画像の色＋元CSV"
"Solo Performance LIVE 我儘なまま","DAY1","武蔵野の森総合スポーツプラザ","峯田茉優","参加","2023/05/22","","画像の色＋元CSV"
"Solo Performance LIVE 我儘なまま","DAY2","武蔵野の森総合スポーツプラザ","峯田茉優","参加","","","画像の色＋元CSV"
"5.5th Anniversary LIVE 星が見上げた空","DAY1","幕張イベントホール","峯田茉優","ユニット出演予定なし","","","画像の色＋元CSV"
"5.5th Anniversary LIVE 星が見上げた空","DAY2","幕張イベントホール","峯田茉優","参加","","","画像の色＋元CSV"
"異次元フェス 
アイドルマスター★♥︎ラブライブ！歌合戦","DAY1","東京ドーム","峯田茉優","ユニット出演予定なし","","","画像の色＋元CSV"
"異次元フェス 
アイドルマスター★♥︎ラブライブ！歌合戦","DAY2","東京ドーム","峯田茉優","参加","","","画像の色＋元CSV"
"6thLIVE TOUR Come and Unite! 
Brilliant Blooms","DAY1","大阪城ホール","峯田茉優","参加","","","画像の色＋元CSV"
"6thLIVE TOUR Come and Unite! 
Brilliant Blooms","DAY2","大阪城ホール","峯田茉優","参加","","","画像の色＋元CSV"
"6thLIVE TOUR Come and Unite! 
Fantastic Fireworks","DAY1","Kアリーナ横浜","峯田茉優","参加","","","画像の色＋元CSV"
"6thLIVE TOUR Come and Unite! 
Fantastic Fireworks","DAY2","Kアリーナ横浜","峯田茉優","参加","","","画像の色＋元CSV"
"LIVE FUN!! -Beyond the Blue sky-","DAY1","横浜アリーナ","峯田茉優","参加","","","画像の色＋元CSV"
"LIVE FUN!! -Beyond the Blue sky-","DAY2","横浜アリーナ","峯田茉優","参加","","","画像の色＋元CSV"
"6.5th Anniversary LIVE “Chapter 283”","DAY1","武蔵野の森総合スポーツプラザ","峯田茉優","参加","","","画像の色＋元CSV"
"6.5th Anniversary LIVE “Chapter 283”","DAY2","武蔵野の森総合スポーツプラザ","峯田茉優","参加","","","画像の色＋元CSV"
"2nd season LIVE Over the prism","DAY1","ぴあアリーナMM","峯田茉優","参加","","","画像の色＋元CSV"
"2nd season LIVE Over the prism","DAY2","ぴあアリーナMM","峯田茉優","参加","","","画像の色＋元CSV"
"7th UNITLIVE TOUR 
円環 -Halo around- first quadrant","DAY1","福岡国際センター","峯田茉優","ユニット出演予定なし","","","画像の色＋元CSV"
"7th UNITLIVE TOUR 
円環 -Halo around- first quadrant","DAY2","福岡国際センター","峯田茉優","ユニット出演予定なし","","","画像の色＋元CSV"
"7th UNITLIVE TOUR 
円環 -Halo around- second quadrant","DAY1","横浜BUNTAI","峯田茉優","ユニット出演予定なし","","","画像の色＋元CSV"
"7th UNITLIVE TOUR 
円環 -Halo around- second quadrant","DAY2","横浜BUNTAI","峯田茉優","ユニット出演予定なし","","","画像の色＋元CSV"
"7th UNITLIVE TOUR 
円環 -Halo around- third quadrant","DAY1","Aichi Sky Expo","峯田茉優","ユニット出演予定なし","","","画像の色＋元CSV"
"7th UNITLIVE TOUR 
円環 -Halo around- third quadrant","DAY2","Aichi Sky Expo","峯田茉優","ユニット出演予定なし","","","画像の色＋元CSV"
"7th UNITLIVE TOUR 
円環 -Halo around- fourth quadrant","DAY1","盛運輸アリーナ","峯田茉優","参加","","","画像の色＋元CSV"
"7th UNITLIVE TOUR 
円環 -Halo around- fourth quadrant","DAY2","盛運輸アリーナ","峯田茉優","参加","","","画像の色＋元CSV"
"7th LIVE TOUR 
螺旋 -Halo around- “The origin on the axes”","DAY1","Kアリーナ横浜","峯田茉優","参加","","","画像の色＋元CSV"
"7th LIVE TOUR 
螺旋 -Halo around- “The origin on the axes”","DAY2","Kアリーナ横浜","峯田茉優","参加","","","画像の色＋元CSV"
"M@STERS OF IDOL WORLD 2025","DAY1","京セラドーム大阪","峯田茉優","ユニット出演予定なし","","","画像の色＋元CSV"
"M@STERS OF IDOL WORLD 2025","DAY2","京セラドーム大阪","峯田茉優","参加","","","画像の色＋元CSV"
"シャニマス大感謝祭！
〜283スポーツフェスティバル〜","DAY1","京王アリーナTOKYO","峯田茉優","参加","","","画像の色＋元CSV"
"シャニマス大感謝祭！
〜283スポーツフェスティバル〜","DAY2","京王アリーナTOKYO","峯田茉優","参加","","","画像の色＋元CSV"
"∞th LIVE iと夢","DAY1","Kアリーナ横浜","峯田茉優","参加","","","画像の色＋元CSV"
"∞th LIVE iと夢","DAY2","Kアリーナ横浜","峯田茉優","参加","","","画像の色＋元CSV"
"Solo Live Collection -Master ShowPiece-","DAY1","京王アリーナTOKYO","峯田茉優","参加","","","画像の色＋元CSV"
"shiny, the first REFRAC7IONS "" Still blue ""","DAY1","国立代々木競技場 第一体育館","峯田茉優","参加","","","画像の色＋元CSV"
"Solo Live Collection -Master ShowPiece-","DAY2","京王アリーナTOKYO","峯田茉優","参加","","","画像の色＋元CSV"
"shiny, the first REFRAC7IONS "" Still blue ""","DAY2","国立代々木競技場 第一体育館","峯田茉優","参加","","","画像の色＋元CSV"
"1stLIVE FLY TO THE SHINY SKY","DAY1","舞浜アンフィシアター","礒部花凜","参加","","","画像の色＋元CSV"
"1stLIVE FLY TO THE SHINY SKY","DAY2 (昼)","舞浜アンフィシアター","礒部花凜","参加","","","画像の色＋元CSV"
"1stLIVE FLY TO THE SHINY SKY","DAY2 (夜)","舞浜アンフィシアター","礒部花凜","参加","","","画像の色＋元CSV"
"SUMMER PARTY 2019","(昼)","パシフィコ横浜","礒部花凜","参加","","","画像の色＋元CSV"
"SUMMER PARTY 2019","(夜)","パシフィコ横浜","礒部花凜","ユニット出演予定なし","","","画像の色＋元CSV"
"バンダイナムコエンターテインメントフェスティバル","DAY2","東京ドーム","礒部花凜","参加","","","画像の色＋元CSV"
"283プロダクションプロデューサー感謝祭～1.5 Anniversary Festival!!～","開催","森のホール２１ (松戸市文化会館)","礒部花凜","参加","","","画像の色＋元CSV"
"MUSIC DAWN","DAY1","幕張イベントホール
（オンライン）","礒部花凜","参加","","","画像の色＋元CSV"
"MUSIC DAWN","DAY2","幕張イベントホール
（オンライン）","礒部花凜","参加","","","画像の色＋元CSV"
"2ndLIVE STEP INTO THE SUNSET SKY","DAY1","幕張メッセ","礒部花凜","参加","","","画像の色＋元CSV"
"2ndLIVE STEP INTO THE SUNSET SKY","DAY2","幕張メッセ","礒部花凜","参加","","","画像の色＋元CSV"
"3rdLIVE TOUR PIECE ON PLANET 
/ NAGOYA","DAY1","日本ガイシホール","礒部花凜","参加","","","画像の色＋元CSV"
"3rdLIVE TOUR PIECE ON PLANET 
/ NAGOYA","DAY2","日本ガイシホール","礒部花凜","参加","","","画像の色＋元CSV"
"3rdLIVE TOUR PIECE ON PLANET 
/ TOKYO","DAY1","東京ガーデンシアター","礒部花凜","参加","","","画像の色＋元CSV"
"3rdLIVE TOUR PIECE ON PLANET 
/ TOKYO","DAY2","東京ガーデンシアター","礒部花凜","参加","","","画像の色＋元CSV"
"3rdLIVE TOUR PIECE ON PLANET 
/ FUKUOKA","DAY1","西日本総合展示場","礒部花凜","参加","","","画像の色＋元CSV"
"3rdLIVE TOUR PIECE ON PLANET 
/ FUKUOKA","DAY2","西日本総合展示場","礒部花凜","参加","","","画像の色＋元CSV"
"283フェス 2021 Happy Buffet!","DAY1","バンダイナムコ未来研究所
（オンライン）","礒部花凜","欠席","","","画像の色＋元CSV"
"283フェス 2021 Happy Buffet!","DAY2","バンダイナムコ未来研究所
（オンライン）","礒部花凜","ユニット出演予定なし","","","画像の色＋元CSV"
"Xmas Party -Silent night-","DAY1","両国国技館","礒部花凜","ユニット出演予定なし","","","画像の色＋元CSV"
"Xmas Party -Silent night-","DAY2","両国国技館","礒部花凜","参加","","","画像の色＋元CSV"
"4thLIVE 空は澄み、今を越えて。","DAY1","幕張メッセ国際展示場1~3ホール","礒部花凜","参加","","","画像の色＋元CSV"
"4thLIVE 空は澄み、今を越えて。","DAY2","幕張メッセ国際展示場1~3ホール","礒部花凜","参加","","","画像の色＋元CSV"
"バンダイナムコエンターテインメントフェスティバル 2nd","DAY2","ZOZOマリンスタジアム","礒部花凜","参加","","","画像の色＋元CSV"
"シャニマス初の対バンライブ 
283PRODUCTION UNIT LIVE SETSUNA BEAT","DAY1","東京ガーデンシアター","礒部花凜","ユニット出演予定なし","","","画像の色＋元CSV"
"シャニマス初の対バンライブ 
283PRODUCTION UNIT LIVE SETSUNA BEAT","DAY2","東京ガーデンシアター","礒部花凜","ユニット出演予定なし","","","画像の色＋元CSV"
"シャニマス初の対バンライブ 
283PRODUCTION UNIT LIVE MUGEN BEAT","DAY1","武蔵野の森総合スポーツプラザ","礒部花凜","参加","","","画像の色＋元CSV"
"シャニマス初の対バンライブ 
283PRODUCTION UNIT LIVE MUGEN BEAT","DAY2","武蔵野の森総合スポーツプラザ","礒部花凜","参加","","","画像の色＋元CSV"
"M@STERS OF IDOL WORLD!!!!! 2023","DAY1","東京ドーム","礒部花凜","ユニット出演予定なし","","","画像の色＋元CSV"
"M@STERS OF IDOL WORLD!!!!! 2023","DAY2","東京ドーム","礒部花凜","参加","","","画像の色＋元CSV"
"5thLIVE If I_wings.","DAY1","国立代々木競技場 第一体育館","礒部花凜","参加","","","画像の色＋元CSV"
"5thLIVE If I_wings.","DAY2","国立代々木競技場 第一体育館","礒部花凜","参加","","","画像の色＋元CSV"
"Solo Performance LIVE 我儘なまま","DAY1","武蔵野の森総合スポーツプラザ","礒部花凜","参加","","","画像の色＋元CSV"
"Solo Performance LIVE 我儘なまま","DAY2","武蔵野の森総合スポーツプラザ","礒部花凜","参加","","","画像の色＋元CSV"
"5.5th Anniversary LIVE 星が見上げた空","DAY1","幕張イベントホール","礒部花凜","ユニット出演予定なし","","","画像の色＋元CSV"
"5.5th Anniversary LIVE 星が見上げた空","DAY2","幕張イベントホール","礒部花凜","参加","","","画像の色＋元CSV"
"異次元フェス 
アイドルマスター★♥︎ラブライブ！歌合戦","DAY1","東京ドーム","礒部花凜","参加","","","画像の色＋元CSV"
"異次元フェス 
アイドルマスター★♥︎ラブライブ！歌合戦","DAY2","東京ドーム","礒部花凜","ユニット出演予定なし","","","画像の色＋元CSV"
"6thLIVE TOUR Come and Unite! 
Brilliant Blooms","DAY1","大阪城ホール","礒部花凜","参加","","","画像の色＋元CSV"
"6thLIVE TOUR Come and Unite! 
Brilliant Blooms","DAY2","大阪城ホール","礒部花凜","参加","","","画像の色＋元CSV"
"6thLIVE TOUR Come and Unite! 
Fantastic Fireworks","DAY1","Kアリーナ横浜","礒部花凜","欠席","","","画像の色＋元CSV"
"6thLIVE TOUR Come and Unite! 
Fantastic Fireworks","DAY2","Kアリーナ横浜","礒部花凜","欠席","","","画像の色＋元CSV"
"LIVE FUN!! -Beyond the Blue sky-","DAY1","横浜アリーナ","礒部花凜","参加","2024/04/20","","画像の色＋元CSV"
"LIVE FUN!! -Beyond the Blue sky-","DAY2","横浜アリーナ","礒部花凜","参加","","","画像の色＋元CSV"
"6.5th Anniversary LIVE “Chapter 283”","DAY1","武蔵野の森総合スポーツプラザ","礒部花凜","参加","","","画像の色＋元CSV"
"6.5th Anniversary LIVE “Chapter 283”","DAY2","武蔵野の森総合スポーツプラザ","礒部花凜","参加","","","画像の色＋元CSV"
"2nd season LIVE Over the prism","DAY1","ぴあアリーナMM","礒部花凜","欠席","","","画像の色＋元CSV"
"2nd season LIVE Over the prism","DAY2","ぴあアリーナMM","礒部花凜","参加","2024/11/29","","画像の色＋元CSV"
"7th UNITLIVE TOUR 
円環 -Halo around- first quadrant","DAY1","福岡国際センター","礒部花凜","参加","","","画像の色＋元CSV"
"7th UNITLIVE TOUR 
円環 -Halo around- first quadrant","DAY2","福岡国際センター","礒部花凜","参加","","","画像の色＋元CSV"
"7th UNITLIVE TOUR 
円環 -Halo around- second quadrant","DAY1","横浜BUNTAI","礒部花凜","ユニット出演予定なし","","","画像の色＋元CSV"
"7th UNITLIVE TOUR 
円環 -Halo around- second quadrant","DAY2","横浜BUNTAI","礒部花凜","ユニット出演予定なし","","","画像の色＋元CSV"
"7th UNITLIVE TOUR 
円環 -Halo around- third quadrant","DAY1","Aichi Sky Expo","礒部花凜","ユニット出演予定なし","","","画像の色＋元CSV"
"7th UNITLIVE TOUR 
円環 -Halo around- third quadrant","DAY2","Aichi Sky Expo","礒部花凜","ユニット出演予定なし","","","画像の色＋元CSV"
"7th UNITLIVE TOUR 
円環 -Halo around- fourth quadrant","DAY1","盛運輸アリーナ","礒部花凜","ユニット出演予定なし","","","画像の色＋元CSV"
"7th UNITLIVE TOUR 
円環 -Halo around- fourth quadrant","DAY2","盛運輸アリーナ","礒部花凜","ユニット出演予定なし","","","画像の色＋元CSV"
"7th LIVE TOUR 
螺旋 -Halo around- “The origin on the axes”","DAY1","Kアリーナ横浜","礒部花凜","参加","","","画像の色＋元CSV"
"7th LIVE TOUR 
螺旋 -Halo around- “The origin on the axes”","DAY2","Kアリーナ横浜","礒部花凜","参加","","","画像の色＋元CSV"
"M@STERS OF IDOL WORLD 2025","DAY1","京セラドーム大阪","礒部花凜","参加","","","画像の色＋元CSV"
"M@STERS OF IDOL WORLD 2025","DAY2","京セラドーム大阪","礒部花凜","ユニット出演予定なし","","","画像の色＋元CSV"
"シャニマス大感謝祭！
〜283スポーツフェスティバル〜","DAY1","京王アリーナTOKYO","礒部花凜","参加","","","画像の色＋元CSV"
"シャニマス大感謝祭！
〜283スポーツフェスティバル〜","DAY2","京王アリーナTOKYO","礒部花凜","参加","","","画像の色＋元CSV"
"∞th LIVE iと夢","DAY1","Kアリーナ横浜","礒部花凜","参加","","","画像の色＋元CSV"
"∞th LIVE iと夢","DAY2","Kアリーナ横浜","礒部花凜","参加","","","画像の色＋元CSV"
"Solo Live Collection -Master ShowPiece-","DAY1","京王アリーナTOKYO","礒部花凜","参加","","","画像の色＋元CSV"
"shiny, the first REFRAC7IONS "" Still blue ""","DAY1","国立代々木競技場 第一体育館","礒部花凜","欠席","","","画像の色＋元CSV"
"shiny, the first REFRAC7IONS "" Still blue ""","DAY2","国立代々木競技場 第一体育館","礒部花凜","参加","","","画像の色＋元CSV"
"Solo Live Collection -Master ShowPiece-","DAY2","京王アリーナTOKYO","礒部花凜","参加","","","画像の色＋元CSV"
"1stLIVE FLY TO THE SHINY SKY","DAY1","舞浜アンフィシアター","菅沼千紗","参加","","","画像の色＋元CSV"
"1stLIVE FLY TO THE SHINY SKY","DAY2 (昼)","舞浜アンフィシアター","菅沼千紗","参加","","","画像の色＋元CSV"
"1stLIVE FLY TO THE SHINY SKY","DAY2 (夜)","舞浜アンフィシアター","菅沼千紗","参加","","","画像の色＋元CSV"
"SUMMER PARTY 2019","(昼)","パシフィコ横浜","菅沼千紗","参加","","","画像の色＋元CSV"
"SUMMER PARTY 2019","(夜)","パシフィコ横浜","菅沼千紗","ユニット出演予定なし","","","画像の色＋元CSV"
"バンダイナムコエンターテインメントフェスティバル","DAY2","東京ドーム","菅沼千紗","参加","","","画像の色＋元CSV"
"283プロダクションプロデューサー感謝祭～1.5 Anniversary Festival!!～","開催","森のホール２１ (松戸市文化会館)","菅沼千紗","参加","","","画像の色＋元CSV"
"MUSIC DAWN","DAY1","幕張イベントホール
（オンライン）","菅沼千紗","参加","","","画像の色＋元CSV"
"MUSIC DAWN","DAY2","幕張イベントホール
（オンライン）","菅沼千紗","参加","","","画像の色＋元CSV"
"2ndLIVE STEP INTO THE SUNSET SKY","DAY1","幕張メッセ","菅沼千紗","参加","","","画像の色＋元CSV"
"2ndLIVE STEP INTO THE SUNSET SKY","DAY2","幕張メッセ","菅沼千紗","参加","","","画像の色＋元CSV"
"3rdLIVE TOUR PIECE ON PLANET 
/ NAGOYA","DAY1","日本ガイシホール","菅沼千紗","参加","","","画像の色＋元CSV"
"3rdLIVE TOUR PIECE ON PLANET 
/ NAGOYA","DAY2","日本ガイシホール","菅沼千紗","参加","","","画像の色＋元CSV"
"3rdLIVE TOUR PIECE ON PLANET 
/ TOKYO","DAY1","東京ガーデンシアター","菅沼千紗","参加","","","画像の色＋元CSV"
"3rdLIVE TOUR PIECE ON PLANET 
/ TOKYO","DAY2","東京ガーデンシアター","菅沼千紗","参加","","","画像の色＋元CSV"
"3rdLIVE TOUR PIECE ON PLANET 
/ FUKUOKA","DAY1","西日本総合展示場","菅沼千紗","参加","","","画像の色＋元CSV"
"3rdLIVE TOUR PIECE ON PLANET 
/ FUKUOKA","DAY2","西日本総合展示場","菅沼千紗","参加","","","画像の色＋元CSV"
"283フェス 2021 Happy Buffet!","DAY1","バンダイナムコ未来研究所
（オンライン）","菅沼千紗","参加","","","画像の色＋元CSV"
"283フェス 2021 Happy Buffet!","DAY2","バンダイナムコ未来研究所
（オンライン）","菅沼千紗","ユニット出演予定なし","","","画像の色＋元CSV"
"Xmas Party -Silent night-","DAY1","両国国技館","菅沼千紗","ユニット出演予定なし","","","画像の色＋元CSV"
"Xmas Party -Silent night-","DAY2","両国国技館","菅沼千紗","参加","","","画像の色＋元CSV"
"4thLIVE 空は澄み、今を越えて。","DAY1","幕張メッセ国際展示場1~3ホール","菅沼千紗","参加","","","画像の色＋元CSV"
"4thLIVE 空は澄み、今を越えて。","DAY2","幕張メッセ国際展示場1~3ホール","菅沼千紗","参加","","","画像の色＋元CSV"
"バンダイナムコエンターテインメントフェスティバル 2nd","DAY2","ZOZOマリンスタジアム","菅沼千紗","参加","","","画像の色＋元CSV"
"シャニマス初の対バンライブ 
283PRODUCTION UNIT LIVE SETSUNA BEAT","DAY1","東京ガーデンシアター","菅沼千紗","ユニット出演予定なし","","","画像の色＋元CSV"
"シャニマス初の対バンライブ 
283PRODUCTION UNIT LIVE SETSUNA BEAT","DAY2","東京ガーデンシアター","菅沼千紗","ユニット出演予定なし","","","画像の色＋元CSV"
"シャニマス初の対バンライブ 
283PRODUCTION UNIT LIVE MUGEN BEAT","DAY1","武蔵野の森総合スポーツプラザ","菅沼千紗","参加","","","画像の色＋元CSV"
"シャニマス初の対バンライブ 
283PRODUCTION UNIT LIVE MUGEN BEAT","DAY2","武蔵野の森総合スポーツプラザ","菅沼千紗","参加","","","画像の色＋元CSV"
"M@STERS OF IDOL WORLD!!!!! 2023","DAY1","東京ドーム","菅沼千紗","ユニット出演予定なし","","","画像の色＋元CSV"
"M@STERS OF IDOL WORLD!!!!! 2023","DAY2","東京ドーム","菅沼千紗","参加","","","画像の色＋元CSV"
"5thLIVE If I_wings.","DAY1","国立代々木競技場 第一体育館","菅沼千紗","参加","","","画像の色＋元CSV"
"5thLIVE If I_wings.","DAY2","国立代々木競技場 第一体育館","菅沼千紗","参加","","","画像の色＋元CSV"
"Solo Performance LIVE 我儘なまま","DAY1","武蔵野の森総合スポーツプラザ","菅沼千紗","参加","","","画像の色＋元CSV"
"Solo Performance LIVE 我儘なまま","DAY2","武蔵野の森総合スポーツプラザ","菅沼千紗","参加","","","画像の色＋元CSV"
"5.5th Anniversary LIVE 星が見上げた空","DAY1","幕張イベントホール","菅沼千紗","ユニット出演予定なし","","","画像の色＋元CSV"
"5.5th Anniversary LIVE 星が見上げた空","DAY2","幕張イベントホール","菅沼千紗","参加","","","画像の色＋元CSV"
"異次元フェス 
アイドルマスター★♥︎ラブライブ！歌合戦","DAY1","東京ドーム","菅沼千紗","参加","","","画像の色＋元CSV"
"異次元フェス 
アイドルマスター★♥︎ラブライブ！歌合戦","DAY2","東京ドーム","菅沼千紗","ユニット出演予定なし","","","画像の色＋元CSV"
"6thLIVE TOUR Come and Unite! 
Brilliant Blooms","DAY1","大阪城ホール","菅沼千紗","参加","","","画像の色＋元CSV"
"6thLIVE TOUR Come and Unite! 
Brilliant Blooms","DAY2","大阪城ホール","菅沼千紗","参加","","","画像の色＋元CSV"
"6thLIVE TOUR Come and Unite! 
Fantastic Fireworks","DAY1","Kアリーナ横浜","菅沼千紗","参加","","","画像の色＋元CSV"
"6thLIVE TOUR Come and Unite! 
Fantastic Fireworks","DAY2","Kアリーナ横浜","菅沼千紗","参加","","","画像の色＋元CSV"
"LIVE FUN!! -Beyond the Blue sky-","DAY1","横浜アリーナ","菅沼千紗","参加","","","画像の色＋元CSV"
"LIVE FUN!! -Beyond the Blue sky-","DAY2","横浜アリーナ","菅沼千紗","参加","","","画像の色＋元CSV"
"6.5th Anniversary LIVE “Chapter 283”","DAY1","武蔵野の森総合スポーツプラザ","菅沼千紗","参加","","","画像の色＋元CSV"
"6.5th Anniversary LIVE “Chapter 283”","DAY2","武蔵野の森総合スポーツプラザ","菅沼千紗","参加","","","画像の色＋元CSV"
"2nd season LIVE Over the prism","DAY1","ぴあアリーナMM","菅沼千紗","参加","","","画像の色＋元CSV"
"2nd season LIVE Over the prism","DAY2","ぴあアリーナMM","菅沼千紗","参加","","","画像の色＋元CSV"
"7th UNITLIVE TOUR 
円環 -Halo around- first quadrant","DAY1","福岡国際センター","菅沼千紗","参加","","","画像の色＋元CSV"
"7th UNITLIVE TOUR 
円環 -Halo around- first quadrant","DAY2","福岡国際センター","菅沼千紗","参加","","","画像の色＋元CSV"
"7th UNITLIVE TOUR 
円環 -Halo around- second quadrant","DAY1","横浜BUNTAI","菅沼千紗","ユニット出演予定なし","","","画像の色＋元CSV"
"7th UNITLIVE TOUR 
円環 -Halo around- second quadrant","DAY2","横浜BUNTAI","菅沼千紗","ユニット出演予定なし","","","画像の色＋元CSV"
"7th UNITLIVE TOUR 
円環 -Halo around- third quadrant","DAY1","Aichi Sky Expo","菅沼千紗","ユニット出演予定なし","","","画像の色＋元CSV"
"7th UNITLIVE TOUR 
円環 -Halo around- third quadrant","DAY2","Aichi Sky Expo","菅沼千紗","ユニット出演予定なし","","","画像の色＋元CSV"
"7th UNITLIVE TOUR 
円環 -Halo around- fourth quadrant","DAY1","盛運輸アリーナ","菅沼千紗","ユニット出演予定なし","","","画像の色＋元CSV"
"7th UNITLIVE TOUR 
円環 -Halo around- fourth quadrant","DAY2","盛運輸アリーナ","菅沼千紗","ユニット出演予定なし","","","画像の色＋元CSV"
"7th LIVE TOUR 
螺旋 -Halo around- “The origin on the axes”","DAY1","Kアリーナ横浜","菅沼千紗","参加","","","画像の色＋元CSV"
"7th LIVE TOUR 
螺旋 -Halo around- “The origin on the axes”","DAY2","Kアリーナ横浜","菅沼千紗","参加","","","画像の色＋元CSV"
"M@STERS OF IDOL WORLD 2025","DAY1","京セラドーム大阪","菅沼千紗","参加","","","画像の色＋元CSV"
"M@STERS OF IDOL WORLD 2025","DAY2","京セラドーム大阪","菅沼千紗","ユニット出演予定なし","","","画像の色＋元CSV"
"シャニマス大感謝祭！
〜283スポーツフェスティバル〜","DAY1","京王アリーナTOKYO","菅沼千紗","参加","","","画像の色＋元CSV"
"シャニマス大感謝祭！
〜283スポーツフェスティバル〜","DAY2","京王アリーナTOKYO","菅沼千紗","参加","","","画像の色＋元CSV"
"∞th LIVE iと夢","DAY1","Kアリーナ横浜","菅沼千紗","参加","","","画像の色＋元CSV"
"∞th LIVE iと夢","DAY2","Kアリーナ横浜","菅沼千紗","参加","","","画像の色＋元CSV"
"shiny, the first REFRAC7IONS "" Still blue ""","DAY1","国立代々木競技場 第一体育館","菅沼千紗","参加","","","画像の色＋元CSV"
"Solo Live Collection -Master ShowPiece-","DAY1","京王アリーナTOKYO","菅沼千紗","参加","","","画像の色＋元CSV"
"shiny, the first REFRAC7IONS "" Still blue ""","DAY2","国立代々木競技場 第一体育館","菅沼千紗","参加","","","画像の色＋元CSV"
"Solo Live Collection -Master ShowPiece-","DAY2","京王アリーナTOKYO","菅沼千紗","参加","","","画像の色＋元CSV"
"1stLIVE FLY TO THE SHINY SKY","DAY1","舞浜アンフィシアター","八巻アンナ","参加","","","画像の色＋元CSV"
"1stLIVE FLY TO THE SHINY SKY","DAY2 (昼)","舞浜アンフィシアター","八巻アンナ","参加","","","画像の色＋元CSV"
"1stLIVE FLY TO THE SHINY SKY","DAY2 (夜)","舞浜アンフィシアター","八巻アンナ","参加","","","画像の色＋元CSV"
"SUMMER PARTY 2019","(昼)","パシフィコ横浜","八巻アンナ","参加","","","画像の色＋元CSV"
"SUMMER PARTY 2019","(夜)","パシフィコ横浜","八巻アンナ","ユニット出演予定なし","","","画像の色＋元CSV"
"バンダイナムコエンターテインメントフェスティバル","DAY2","東京ドーム","八巻アンナ","参加","","","画像の色＋元CSV"
"283プロダクションプロデューサー感謝祭～1.5 Anniversary Festival!!～","開催","森のホール２１ (松戸市文化会館)","八巻アンナ","参加","","","画像の色＋元CSV"
"MUSIC DAWN","DAY1","幕張イベントホール
（オンライン）","八巻アンナ","参加","","","画像の色＋元CSV"
"MUSIC DAWN","DAY2","幕張イベントホール
（オンライン）","八巻アンナ","参加","","","画像の色＋元CSV"
"2ndLIVE STEP INTO THE SUNSET SKY","DAY1","幕張メッセ","八巻アンナ","参加","","","画像の色＋元CSV"
"2ndLIVE STEP INTO THE SUNSET SKY","DAY2","幕張メッセ","八巻アンナ","参加","","","画像の色＋元CSV"
"3rdLIVE TOUR PIECE ON PLANET 
/ NAGOYA","DAY1","日本ガイシホール","八巻アンナ","参加","","","画像の色＋元CSV"
"3rdLIVE TOUR PIECE ON PLANET 
/ NAGOYA","DAY2","日本ガイシホール","八巻アンナ","参加","","","画像の色＋元CSV"
"3rdLIVE TOUR PIECE ON PLANET 
/ TOKYO","DAY1","東京ガーデンシアター","八巻アンナ","参加","","","画像の色＋元CSV"
"3rdLIVE TOUR PIECE ON PLANET 
/ TOKYO","DAY2","東京ガーデンシアター","八巻アンナ","参加","","","画像の色＋元CSV"
"3rdLIVE TOUR PIECE ON PLANET 
/ FUKUOKA","DAY1","西日本総合展示場","八巻アンナ","参加","","","画像の色＋元CSV"
"3rdLIVE TOUR PIECE ON PLANET 
/ FUKUOKA","DAY2","西日本総合展示場","八巻アンナ","参加","","","画像の色＋元CSV"
"283フェス 2021 Happy Buffet!","DAY1","バンダイナムコ未来研究所
（オンライン）","八巻アンナ","参加","","","画像の色＋元CSV"
"283フェス 2021 Happy Buffet!","DAY2","バンダイナムコ未来研究所
（オンライン）","八巻アンナ","ユニット出演予定なし","","","画像の色＋元CSV"
"Xmas Party -Silent night-","DAY1","両国国技館","八巻アンナ","ユニット出演予定なし","","","画像の色＋元CSV"
"Xmas Party -Silent night-","DAY2","両国国技館","八巻アンナ","参加","","","画像の色＋元CSV"
"4thLIVE 空は澄み、今を越えて。","DAY1","幕張メッセ国際展示場1~3ホール","八巻アンナ","参加","","","画像の色＋元CSV"
"4thLIVE 空は澄み、今を越えて。","DAY2","幕張メッセ国際展示場1~3ホール","八巻アンナ","参加","","","画像の色＋元CSV"
"バンダイナムコエンターテインメントフェスティバル 2nd","DAY2","ZOZOマリンスタジアム","八巻アンナ","参加","","","画像の色＋元CSV"
"シャニマス初の対バンライブ 
283PRODUCTION UNIT LIVE SETSUNA BEAT","DAY1","東京ガーデンシアター","八巻アンナ","ユニット出演予定なし","","","画像の色＋元CSV"
"シャニマス初の対バンライブ 
283PRODUCTION UNIT LIVE SETSUNA BEAT","DAY2","東京ガーデンシアター","八巻アンナ","ユニット出演予定なし","","","画像の色＋元CSV"
"シャニマス初の対バンライブ 
283PRODUCTION UNIT LIVE MUGEN BEAT","DAY1","武蔵野の森総合スポーツプラザ","八巻アンナ","参加","","","画像の色＋元CSV"
"シャニマス初の対バンライブ 
283PRODUCTION UNIT LIVE MUGEN BEAT","DAY2","武蔵野の森総合スポーツプラザ","八巻アンナ","参加","","","画像の色＋元CSV"
"M@STERS OF IDOL WORLD!!!!! 2023","DAY1","東京ドーム","八巻アンナ","ユニット出演予定なし","","","画像の色＋元CSV"
"M@STERS OF IDOL WORLD!!!!! 2023","DAY2","東京ドーム","八巻アンナ","参加","","","画像の色＋元CSV"
"5thLIVE If I_wings.","DAY1","国立代々木競技場 第一体育館","八巻アンナ","参加","","","画像の色＋元CSV"
"5thLIVE If I_wings.","DAY2","国立代々木競技場 第一体育館","八巻アンナ","参加","","","画像の色＋元CSV"
"Solo Performance LIVE 我儘なまま","DAY1","武蔵野の森総合スポーツプラザ","八巻アンナ","参加","","","画像の色＋元CSV"
"Solo Performance LIVE 我儘なまま","DAY2","武蔵野の森総合スポーツプラザ","八巻アンナ","参加","","","画像の色＋元CSV"
"5.5th Anniversary LIVE 星が見上げた空","DAY1","幕張イベントホール","八巻アンナ","ユニット出演予定なし","","","画像の色＋元CSV"
"5.5th Anniversary LIVE 星が見上げた空","DAY2","幕張イベントホール","八巻アンナ","参加","","","画像の色＋元CSV"
"異次元フェス 
アイドルマスター★♥︎ラブライブ！歌合戦","DAY1","東京ドーム","八巻アンナ","参加","","","画像の色＋元CSV"
"異次元フェス 
アイドルマスター★♥︎ラブライブ！歌合戦","DAY2","東京ドーム","八巻アンナ","ユニット出演予定なし","","","画像の色＋元CSV"
"6thLIVE TOUR Come and Unite! 
Brilliant Blooms","DAY1","大阪城ホール","八巻アンナ","参加","","","画像の色＋元CSV"
"6thLIVE TOUR Come and Unite! 
Brilliant Blooms","DAY2","大阪城ホール","八巻アンナ","参加","","","画像の色＋元CSV"
"6thLIVE TOUR Come and Unite! 
Fantastic Fireworks","DAY1","Kアリーナ横浜","八巻アンナ","参加","","","画像の色＋元CSV"
"6thLIVE TOUR Come and Unite! 
Fantastic Fireworks","DAY2","Kアリーナ横浜","八巻アンナ","参加","","","画像の色＋元CSV"
"LIVE FUN!! -Beyond the Blue sky-","DAY1","横浜アリーナ","八巻アンナ","参加","2024/04/20","","画像の色＋元CSV"
"LIVE FUN!! -Beyond the Blue sky-","DAY2","横浜アリーナ","八巻アンナ","参加","","","画像の色＋元CSV"
"6.5th Anniversary LIVE “Chapter 283”","DAY1","武蔵野の森総合スポーツプラザ","八巻アンナ","参加","","","画像の色＋元CSV"
"6.5th Anniversary LIVE “Chapter 283”","DAY2","武蔵野の森総合スポーツプラザ","八巻アンナ","参加","","","画像の色＋元CSV"
"2nd season LIVE Over the prism","DAY1","ぴあアリーナMM","八巻アンナ","参加","","","画像の色＋元CSV"
"2nd season LIVE Over the prism","DAY2","ぴあアリーナMM","八巻アンナ","参加","","","画像の色＋元CSV"
"7th UNITLIVE TOUR 
円環 -Halo around- first quadrant","DAY1","福岡国際センター","八巻アンナ","参加","","","画像の色＋元CSV"
"7th UNITLIVE TOUR 
円環 -Halo around- first quadrant","DAY2","福岡国際センター","八巻アンナ","参加","","","画像の色＋元CSV"
"7th UNITLIVE TOUR 
円環 -Halo around- second quadrant","DAY1","横浜BUNTAI","八巻アンナ","ユニット出演予定なし","","","画像の色＋元CSV"
"7th UNITLIVE TOUR 
円環 -Halo around- second quadrant","DAY2","横浜BUNTAI","八巻アンナ","ユニット出演予定なし","","","画像の色＋元CSV"
"7th UNITLIVE TOUR 
円環 -Halo around- third quadrant","DAY1","Aichi Sky Expo","八巻アンナ","ユニット出演予定なし","","","画像の色＋元CSV"
"7th UNITLIVE TOUR 
円環 -Halo around- third quadrant","DAY2","Aichi Sky Expo","八巻アンナ","ユニット出演予定なし","","","画像の色＋元CSV"
"7th UNITLIVE TOUR 
円環 -Halo around- fourth quadrant","DAY1","盛運輸アリーナ","八巻アンナ","ユニット出演予定なし","","","画像の色＋元CSV"
"7th UNITLIVE TOUR 
円環 -Halo around- fourth quadrant","DAY2","盛運輸アリーナ","八巻アンナ","ユニット出演予定なし","","","画像の色＋元CSV"
"7th LIVE TOUR 
螺旋 -Halo around- “The origin on the axes”","DAY1","Kアリーナ横浜","八巻アンナ","参加","","","画像の色＋元CSV"
"7th LIVE TOUR 
螺旋 -Halo around- “The origin on the axes”","DAY2","Kアリーナ横浜","八巻アンナ","参加","","","画像の色＋元CSV"
"M@STERS OF IDOL WORLD 2025","DAY1","京セラドーム大阪","八巻アンナ","参加","","","画像の色＋元CSV"
"M@STERS OF IDOL WORLD 2025","DAY2","京セラドーム大阪","八巻アンナ","ユニット出演予定なし","","","画像の色＋元CSV"
"シャニマス大感謝祭！
〜283スポーツフェスティバル〜","DAY1","京王アリーナTOKYO","八巻アンナ","参加","","","画像の色＋元CSV"
"シャニマス大感謝祭！
〜283スポーツフェスティバル〜","DAY2","京王アリーナTOKYO","八巻アンナ","参加","","","画像の色＋元CSV"
"∞th LIVE iと夢","DAY1","Kアリーナ横浜","八巻アンナ","参加","","","画像の色＋元CSV"
"∞th LIVE iと夢","DAY2","Kアリーナ横浜","八巻アンナ","参加","","","画像の色＋元CSV"
"shiny, the first REFRAC7IONS "" Still blue ""","DAY1","国立代々木競技場 第一体育館","八巻アンナ","参加","","","画像の色＋元CSV"
"Solo Live Collection -Master ShowPiece-","DAY1","京王アリーナTOKYO","八巻アンナ","参加","","","画像の色＋元CSV"
"Solo Live Collection -Master ShowPiece-","DAY2","京王アリーナTOKYO","八巻アンナ","参加","","","画像の色＋元CSV"
"shiny, the first REFRAC7IONS "" Still blue ""","DAY2","国立代々木競技場 第一体育館","八巻アンナ","参加","","","画像の色＋元CSV"
"1stLIVE FLY TO THE SHINY SKY","DAY1","舞浜アンフィシアター","成海瑠奈","参加","","","画像の色＋元CSV"
"1stLIVE FLY TO THE SHINY SKY","DAY2 (昼)","舞浜アンフィシアター","成海瑠奈","参加","","","画像の色＋元CSV"
"1stLIVE FLY TO THE SHINY SKY","DAY2 (夜)","舞浜アンフィシアター","成海瑠奈","参加","","","画像の色＋元CSV"
"SUMMER PARTY 2019","(昼)","パシフィコ横浜","成海瑠奈","参加","","","画像の色＋元CSV"
"SUMMER PARTY 2019","(夜)","パシフィコ横浜","成海瑠奈","ユニット出演予定なし","","","画像の色＋元CSV"
"バンダイナムコエンターテインメントフェスティバル","DAY2","東京ドーム","成海瑠奈","参加","","","画像の色＋元CSV"
"283プロダクションプロデューサー感謝祭～1.5 Anniversary Festival!!～","開催","森のホール２１ (松戸市文化会館)","成海瑠奈","参加","","","画像の色＋元CSV"
"MUSIC DAWN","DAY1","幕張イベントホール
（オンライン）","成海瑠奈","参加","","","画像の色＋元CSV"
"MUSIC DAWN","DAY2","幕張イベントホール
（オンライン）","成海瑠奈","参加","","","画像の色＋元CSV"
"2ndLIVE STEP INTO THE SUNSET SKY","DAY1","幕張メッセ","成海瑠奈","参加","","","画像の色＋元CSV"
"2ndLIVE STEP INTO THE SUNSET SKY","DAY2","幕張メッセ","成海瑠奈","参加","","","画像の色＋元CSV"
"3rdLIVE TOUR PIECE ON PLANET 
/ NAGOYA","DAY1","日本ガイシホール","成海瑠奈","参加","","","画像の色＋元CSV"
"3rdLIVE TOUR PIECE ON PLANET 
/ NAGOYA","DAY2","日本ガイシホール","成海瑠奈","参加","","","画像の色＋元CSV"
"3rdLIVE TOUR PIECE ON PLANET 
/ TOKYO","DAY1","東京ガーデンシアター","成海瑠奈","参加","","","画像の色＋元CSV"
"3rdLIVE TOUR PIECE ON PLANET 
/ TOKYO","DAY2","東京ガーデンシアター","成海瑠奈","参加","","","画像の色＋元CSV"
"3rdLIVE TOUR PIECE ON PLANET 
/ FUKUOKA","DAY1","西日本総合展示場","成海瑠奈","参加","","","画像の色＋元CSV"
"3rdLIVE TOUR PIECE ON PLANET 
/ FUKUOKA","DAY2","西日本総合展示場","成海瑠奈","参加","","","画像の色＋元CSV"
"283フェス 2021 Happy Buffet!","DAY1","バンダイナムコ未来研究所
（オンライン）","成海瑠奈","急遽不参加","","体調不良","画像の色＋元CSV"
"283フェス 2021 Happy Buffet!","DAY2","バンダイナムコ未来研究所
（オンライン）","成海瑠奈","ユニット出演予定なし","","","画像の色＋元CSV"
"Xmas Party -Silent night-","DAY1","両国国技館","成海瑠奈","ユニット出演予定なし","","","画像の色＋元CSV"
"Xmas Party -Silent night-","DAY2","両国国技館","成海瑠奈","急遽不参加","","体調不良","画像の色＋元CSV"
"4thLIVE 空は澄み、今を越えて。","DAY1","幕張メッセ国際展示場1~3ホール","成海瑠奈","対象外","","","画像の色＋元CSV"
"4thLIVE 空は澄み、今を越えて。","DAY2","幕張メッセ国際展示場1~3ホール","成海瑠奈","対象外","","","画像の色＋元CSV"
"バンダイナムコエンターテインメントフェスティバル 2nd","DAY2","ZOZOマリンスタジアム","成海瑠奈","対象外","","","画像の色＋元CSV"
"シャニマス初の対バンライブ 
283PRODUCTION UNIT LIVE SETSUNA BEAT","DAY1","東京ガーデンシアター","成海瑠奈","対象外","","","画像の色＋元CSV"
"シャニマス初の対バンライブ 
283PRODUCTION UNIT LIVE SETSUNA BEAT","DAY2","東京ガーデンシアター","成海瑠奈","対象外","","","画像の色＋元CSV"
"シャニマス初の対バンライブ 
283PRODUCTION UNIT LIVE MUGEN BEAT","DAY1","武蔵野の森総合スポーツプラザ","成海瑠奈","対象外","","","画像の色＋元CSV"
"シャニマス初の対バンライブ 
283PRODUCTION UNIT LIVE MUGEN BEAT","DAY2","武蔵野の森総合スポーツプラザ","成海瑠奈","対象外","","","画像の色＋元CSV"
"M@STERS OF IDOL WORLD!!!!! 2023","DAY1","東京ドーム","成海瑠奈","対象外","","","画像の色＋元CSV"
"M@STERS OF IDOL WORLD!!!!! 2023","DAY2","東京ドーム","成海瑠奈","対象外","","","画像の色＋元CSV"
"5thLIVE If I_wings.","DAY1","国立代々木競技場 第一体育館","成海瑠奈","対象外","","","画像の色＋元CSV"
"5thLIVE If I_wings.","DAY2","国立代々木競技場 第一体育館","成海瑠奈","対象外","","","画像の色＋元CSV"
"Solo Performance LIVE 我儘なまま","DAY1","武蔵野の森総合スポーツプラザ","成海瑠奈","対象外","","","画像の色＋元CSV"
"Solo Performance LIVE 我儘なまま","DAY2","武蔵野の森総合スポーツプラザ","成海瑠奈","対象外","","","画像の色＋元CSV"
"5.5th Anniversary LIVE 星が見上げた空","DAY1","幕張イベントホール","成海瑠奈","対象外","","","画像の色＋元CSV"
"5.5th Anniversary LIVE 星が見上げた空","DAY2","幕張イベントホール","成海瑠奈","対象外","","","画像の色＋元CSV"
"異次元フェス 
アイドルマスター★♥︎ラブライブ！歌合戦","DAY1","東京ドーム","成海瑠奈","対象外","","","画像の色＋元CSV"
"異次元フェス 
アイドルマスター★♥︎ラブライブ！歌合戦","DAY2","東京ドーム","成海瑠奈","対象外","","","画像の色＋元CSV"
"6thLIVE TOUR Come and Unite! 
Brilliant Blooms","DAY1","大阪城ホール","成海瑠奈","対象外","","","画像の色＋元CSV"
"6thLIVE TOUR Come and Unite! 
Brilliant Blooms","DAY2","大阪城ホール","成海瑠奈","対象外","","","画像の色＋元CSV"
"6thLIVE TOUR Come and Unite! 
Fantastic Fireworks","DAY1","Kアリーナ横浜","成海瑠奈","対象外","","","画像の色＋元CSV"
"6thLIVE TOUR Come and Unite! 
Fantastic Fireworks","DAY2","Kアリーナ横浜","成海瑠奈","対象外","","","画像の色＋元CSV"
"LIVE FUN!! -Beyond the Blue sky-","DAY1","横浜アリーナ","成海瑠奈","対象外","","","画像の色＋元CSV"
"LIVE FUN!! -Beyond the Blue sky-","DAY2","横浜アリーナ","成海瑠奈","対象外","","","画像の色＋元CSV"
"6.5th Anniversary LIVE “Chapter 283”","DAY1","武蔵野の森総合スポーツプラザ","成海瑠奈","対象外","","","画像の色＋元CSV"
"6.5th Anniversary LIVE “Chapter 283”","DAY2","武蔵野の森総合スポーツプラザ","成海瑠奈","対象外","","","画像の色＋元CSV"
"2nd season LIVE Over the prism","DAY1","ぴあアリーナMM","成海瑠奈","対象外","","","画像の色＋元CSV"
"2nd season LIVE Over the prism","DAY2","ぴあアリーナMM","成海瑠奈","対象外","","","画像の色＋元CSV"
"7th UNITLIVE TOUR 
円環 -Halo around- first quadrant","DAY1","福岡国際センター","成海瑠奈","対象外","","","画像の色＋元CSV"
"7th UNITLIVE TOUR 
円環 -Halo around- first quadrant","DAY2","福岡国際センター","成海瑠奈","対象外","","","画像の色＋元CSV"
"7th UNITLIVE TOUR 
円環 -Halo around- second quadrant","DAY1","横浜BUNTAI","成海瑠奈","対象外","","","画像の色＋元CSV"
"7th UNITLIVE TOUR 
円環 -Halo around- second quadrant","DAY2","横浜BUNTAI","成海瑠奈","対象外","","","画像の色＋元CSV"
"7th UNITLIVE TOUR 
円環 -Halo around- third quadrant","DAY1","Aichi Sky Expo","成海瑠奈","対象外","","","画像の色＋元CSV"
"7th UNITLIVE TOUR 
円環 -Halo around- third quadrant","DAY2","Aichi Sky Expo","成海瑠奈","対象外","","","画像の色＋元CSV"
"7th UNITLIVE TOUR 
円環 -Halo around- fourth quadrant","DAY1","盛運輸アリーナ","成海瑠奈","対象外","","","画像の色＋元CSV"
"7th UNITLIVE TOUR 
円環 -Halo around- fourth quadrant","DAY2","盛運輸アリーナ","成海瑠奈","対象外","","","画像の色＋元CSV"
"7th LIVE TOUR 
螺旋 -Halo around- “The origin on the axes”","DAY1","Kアリーナ横浜","成海瑠奈","対象外","","","画像の色＋元CSV"
"7th LIVE TOUR 
螺旋 -Halo around- “The origin on the axes”","DAY2","Kアリーナ横浜","成海瑠奈","対象外","","","画像の色＋元CSV"
"M@STERS OF IDOL WORLD 2025","DAY1","京セラドーム大阪","成海瑠奈","対象外","","","画像の色＋元CSV"
"M@STERS OF IDOL WORLD 2025","DAY2","京セラドーム大阪","成海瑠奈","対象外","","","画像の色＋元CSV"
"シャニマス大感謝祭！
〜283スポーツフェスティバル〜","DAY1","京王アリーナTOKYO","成海瑠奈","対象外","","","画像の色＋元CSV"
"シャニマス大感謝祭！
〜283スポーツフェスティバル〜","DAY2","京王アリーナTOKYO","成海瑠奈","対象外","","","画像の色＋元CSV"
"∞th LIVE iと夢","DAY1","Kアリーナ横浜","成海瑠奈","対象外","","","画像の色＋元CSV"
"∞th LIVE iと夢","DAY2","Kアリーナ横浜","成海瑠奈","対象外","","","画像の色＋元CSV"
"Solo Live Collection -Master ShowPiece-","DAY1","京王アリーナTOKYO","成海瑠奈","対象外","","","画像の色＋元CSV"
"shiny, the first REFRAC7IONS "" Still blue ""","DAY1","国立代々木競技場 第一体育館","成海瑠奈","対象外","","","画像の色＋元CSV"
"Solo Live Collection -Master ShowPiece-","DAY2","京王アリーナTOKYO","成海瑠奈","対象外","","","画像の色＋元CSV"
"shiny, the first REFRAC7IONS "" Still blue ""","DAY2","国立代々木競技場 第一体育館","成海瑠奈","対象外","","","画像の色＋元CSV"
"1stLIVE FLY TO THE SHINY SKY","DAY1","舞浜アンフィシアター","希水しお","対象外","","","画像の色＋元CSV"
"1stLIVE FLY TO THE SHINY SKY","DAY2 (昼)","舞浜アンフィシアター","希水しお","対象外","","","画像の色＋元CSV"
"1stLIVE FLY TO THE SHINY SKY","DAY2 (夜)","舞浜アンフィシアター","希水しお","対象外","","","画像の色＋元CSV"
"SUMMER PARTY 2019","(昼)","パシフィコ横浜","希水しお","対象外","","","画像の色＋元CSV"
"SUMMER PARTY 2019","(夜)","パシフィコ横浜","希水しお","対象外","","","画像の色＋元CSV"
"バンダイナムコエンターテインメントフェスティバル","DAY2","東京ドーム","希水しお","対象外","","","画像の色＋元CSV"
"283プロダクションプロデューサー感謝祭～1.5 Anniversary Festival!!～","開催","森のホール２１ (松戸市文化会館)","希水しお","対象外","","","画像の色＋元CSV"
"MUSIC DAWN","DAY1","幕張イベントホール
（オンライン）","希水しお","対象外","","","画像の色＋元CSV"
"MUSIC DAWN","DAY2","幕張イベントホール
（オンライン）","希水しお","対象外","","","画像の色＋元CSV"
"2ndLIVE STEP INTO THE SUNSET SKY","DAY1","幕張メッセ","希水しお","対象外","","","画像の色＋元CSV"
"2ndLIVE STEP INTO THE SUNSET SKY","DAY2","幕張メッセ","希水しお","対象外","","","画像の色＋元CSV"
"3rdLIVE TOUR PIECE ON PLANET 
/ NAGOYA","DAY1","日本ガイシホール","希水しお","対象外","","","画像の色＋元CSV"
"3rdLIVE TOUR PIECE ON PLANET 
/ NAGOYA","DAY2","日本ガイシホール","希水しお","対象外","","","画像の色＋元CSV"
"3rdLIVE TOUR PIECE ON PLANET 
/ TOKYO","DAY1","東京ガーデンシアター","希水しお","対象外","","","画像の色＋元CSV"
"3rdLIVE TOUR PIECE ON PLANET 
/ TOKYO","DAY2","東京ガーデンシアター","希水しお","対象外","","","画像の色＋元CSV"
"3rdLIVE TOUR PIECE ON PLANET 
/ FUKUOKA","DAY1","西日本総合展示場","希水しお","対象外","","","画像の色＋元CSV"
"3rdLIVE TOUR PIECE ON PLANET 
/ FUKUOKA","DAY2","西日本総合展示場","希水しお","対象外","","","画像の色＋元CSV"
"283フェス 2021 Happy Buffet!","DAY1","バンダイナムコ未来研究所
（オンライン）","希水しお","対象外","","","画像の色＋元CSV"
"283フェス 2021 Happy Buffet!","DAY2","バンダイナムコ未来研究所
（オンライン）","希水しお","対象外","","","画像の色＋元CSV"
"Xmas Party -Silent night-","DAY1","両国国技館","希水しお","対象外","","","画像の色＋元CSV"
"Xmas Party -Silent night-","DAY2","両国国技館","希水しお","対象外","","","画像の色＋元CSV"
"4thLIVE 空は澄み、今を越えて。","DAY1","幕張メッセ国際展示場1~3ホール","希水しお","参加","","","画像の色＋元CSV"
"4thLIVE 空は澄み、今を越えて。","DAY2","幕張メッセ国際展示場1~3ホール","希水しお","参加","","","画像の色＋元CSV"
"バンダイナムコエンターテインメントフェスティバル 2nd","DAY2","ZOZOマリンスタジアム","希水しお","参加","","","画像の色＋元CSV"
"シャニマス初の対バンライブ 
283PRODUCTION UNIT LIVE SETSUNA BEAT","DAY1","東京ガーデンシアター","希水しお","ユニット出演予定なし","","","画像の色＋元CSV"
"シャニマス初の対バンライブ 
283PRODUCTION UNIT LIVE SETSUNA BEAT","DAY2","東京ガーデンシアター","希水しお","ユニット出演予定なし","","","画像の色＋元CSV"
"シャニマス初の対バンライブ 
283PRODUCTION UNIT LIVE MUGEN BEAT","DAY1","武蔵野の森総合スポーツプラザ","希水しお","参加","","","画像の色＋元CSV"
"シャニマス初の対バンライブ 
283PRODUCTION UNIT LIVE MUGEN BEAT","DAY2","武蔵野の森総合スポーツプラザ","希水しお","参加","","","画像の色＋元CSV"
"M@STERS OF IDOL WORLD!!!!! 2023","DAY1","東京ドーム","希水しお","ユニット出演予定なし","","","画像の色＋元CSV"
"M@STERS OF IDOL WORLD!!!!! 2023","DAY2","東京ドーム","希水しお","参加","","","画像の色＋元CSV"
"5thLIVE If I_wings.","DAY1","国立代々木競技場 第一体育館","希水しお","参加","","","画像の色＋元CSV"
"5thLIVE If I_wings.","DAY2","国立代々木競技場 第一体育館","希水しお","参加","","","画像の色＋元CSV"
"Solo Performance LIVE 我儘なまま","DAY1","武蔵野の森総合スポーツプラザ","希水しお","参加","","","画像の色＋元CSV"
"Solo Performance LIVE 我儘なまま","DAY2","武蔵野の森総合スポーツプラザ","希水しお","参加","","","画像の色＋元CSV"
"5.5th Anniversary LIVE 星が見上げた空","DAY1","幕張イベントホール","希水しお","ユニット出演予定なし","","","画像の色＋元CSV"
"5.5th Anniversary LIVE 星が見上げた空","DAY2","幕張イベントホール","希水しお","参加","","","画像の色＋元CSV"
"異次元フェス 
アイドルマスター★♥︎ラブライブ！歌合戦","DAY1","東京ドーム","希水しお","参加","","","画像の色＋元CSV"
"異次元フェス 
アイドルマスター★♥︎ラブライブ！歌合戦","DAY2","東京ドーム","希水しお","ユニット出演予定なし","","","画像の色＋元CSV"
"6thLIVE TOUR Come and Unite! 
Brilliant Blooms","DAY1","大阪城ホール","希水しお","参加","","","画像の色＋元CSV"
"6thLIVE TOUR Come and Unite! 
Brilliant Blooms","DAY2","大阪城ホール","希水しお","参加","","","画像の色＋元CSV"
"6thLIVE TOUR Come and Unite! 
Fantastic Fireworks","DAY1","Kアリーナ横浜","希水しお","参加","","","画像の色＋元CSV"
"6thLIVE TOUR Come and Unite! 
Fantastic Fireworks","DAY2","Kアリーナ横浜","希水しお","参加","","","画像の色＋元CSV"
"LIVE FUN!! -Beyond the Blue sky-","DAY1","横浜アリーナ","希水しお","参加","","","画像の色＋元CSV"
"LIVE FUN!! -Beyond the Blue sky-","DAY2","横浜アリーナ","希水しお","参加","","","画像の色＋元CSV"
"6.5th Anniversary LIVE “Chapter 283”","DAY1","武蔵野の森総合スポーツプラザ","希水しお","参加","","","画像の色＋元CSV"
"6.5th Anniversary LIVE “Chapter 283”","DAY2","武蔵野の森総合スポーツプラザ","希水しお","参加","","","画像の色＋元CSV"
"2nd season LIVE Over the prism","DAY1","ぴあアリーナMM","希水しお","参加","","","画像の色＋元CSV"
"2nd season LIVE Over the prism","DAY2","ぴあアリーナMM","希水しお","参加","","","画像の色＋元CSV"
"7th UNITLIVE TOUR 
円環 -Halo around- first quadrant","DAY1","福岡国際センター","希水しお","参加","","","画像の色＋元CSV"
"7th UNITLIVE TOUR 
円環 -Halo around- first quadrant","DAY2","福岡国際センター","希水しお","参加","","","画像の色＋元CSV"
"7th UNITLIVE TOUR 
円環 -Halo around- second quadrant","DAY1","横浜BUNTAI","希水しお","ユニット出演予定なし","","","画像の色＋元CSV"
"7th UNITLIVE TOUR 
円環 -Halo around- second quadrant","DAY2","横浜BUNTAI","希水しお","ユニット出演予定なし","","","画像の色＋元CSV"
"7th UNITLIVE TOUR 
円環 -Halo around- third quadrant","DAY1","Aichi Sky Expo","希水しお","ユニット出演予定なし","","","画像の色＋元CSV"
"7th UNITLIVE TOUR 
円環 -Halo around- third quadrant","DAY2","Aichi Sky Expo","希水しお","ユニット出演予定なし","","","画像の色＋元CSV"
"7th UNITLIVE TOUR 
円環 -Halo around- fourth quadrant","DAY1","盛運輸アリーナ","希水しお","ユニット出演予定なし","","","画像の色＋元CSV"
"7th UNITLIVE TOUR 
円環 -Halo around- fourth quadrant","DAY2","盛運輸アリーナ","希水しお","ユニット出演予定なし","","","画像の色＋元CSV"
"7th LIVE TOUR 
螺旋 -Halo around- “The origin on the axes”","DAY1","Kアリーナ横浜","希水しお","参加","","","画像の色＋元CSV"
"7th LIVE TOUR 
螺旋 -Halo around- “The origin on the axes”","DAY2","Kアリーナ横浜","希水しお","参加","","","画像の色＋元CSV"
"M@STERS OF IDOL WORLD 2025","DAY1","京セラドーム大阪","希水しお","参加","","","画像の色＋元CSV"
"M@STERS OF IDOL WORLD 2025","DAY2","京セラドーム大阪","希水しお","ユニット出演予定なし","","","画像の色＋元CSV"
"シャニマス大感謝祭！
〜283スポーツフェスティバル〜","DAY1","京王アリーナTOKYO","希水しお","参加","","","画像の色＋元CSV"
"シャニマス大感謝祭！
〜283スポーツフェスティバル〜","DAY2","京王アリーナTOKYO","希水しお","参加","","","画像の色＋元CSV"
"∞th LIVE iと夢","DAY1","Kアリーナ横浜","希水しお","参加","","","画像の色＋元CSV"
"∞th LIVE iと夢","DAY2","Kアリーナ横浜","希水しお","参加","","","画像の色＋元CSV"
"shiny, the first REFRAC7IONS "" Still blue ""","DAY1","国立代々木競技場 第一体育館","希水しお","参加","","","画像の色＋元CSV"
"Solo Live Collection -Master ShowPiece-","DAY1","京王アリーナTOKYO","希水しお","参加","","","画像の色＋元CSV"
"Solo Live Collection -Master ShowPiece-","DAY2","京王アリーナTOKYO","希水しお","参加","","","画像の色＋元CSV"
"shiny, the first REFRAC7IONS "" Still blue ""","DAY2","国立代々木競技場 第一体育館","希水しお","参加","","","画像の色＋元CSV"
"1stLIVE FLY TO THE SHINY SKY","DAY1","舞浜アンフィシアター","結名美月","参加","","","画像の色＋元CSV"
"1stLIVE FLY TO THE SHINY SKY","DAY2 (昼)","舞浜アンフィシアター","結名美月","参加","","","画像の色＋元CSV"
"1stLIVE FLY TO THE SHINY SKY","DAY2 (夜)","舞浜アンフィシアター","結名美月","参加","","","画像の色＋元CSV"
"SUMMER PARTY 2019","(昼)","パシフィコ横浜","結名美月","参加","","","画像の色＋元CSV"
"SUMMER PARTY 2019","(夜)","パシフィコ横浜","結名美月","ユニット出演予定なし","","","画像の色＋元CSV"
"バンダイナムコエンターテインメントフェスティバル","DAY2","東京ドーム","結名美月","参加","","","画像の色＋元CSV"
"283プロダクションプロデューサー感謝祭～1.5 Anniversary Festival!!～","開催","森のホール２１ (松戸市文化会館)","結名美月","参加","","","画像の色＋元CSV"
"MUSIC DAWN","DAY1","幕張イベントホール
（オンライン）","結名美月","参加","","","画像の色＋元CSV"
"MUSIC DAWN","DAY2","幕張イベントホール
（オンライン）","結名美月","参加","","","画像の色＋元CSV"
"2ndLIVE STEP INTO THE SUNSET SKY","DAY1","幕張メッセ","結名美月","参加","","","画像の色＋元CSV"
"2ndLIVE STEP INTO THE SUNSET SKY","DAY2","幕張メッセ","結名美月","参加","","","画像の色＋元CSV"
"3rdLIVE TOUR PIECE ON PLANET 
/ NAGOYA","DAY1","日本ガイシホール","結名美月","参加","","","画像の色＋元CSV"
"3rdLIVE TOUR PIECE ON PLANET 
/ NAGOYA","DAY2","日本ガイシホール","結名美月","参加","","","画像の色＋元CSV"
"3rdLIVE TOUR PIECE ON PLANET 
/ TOKYO","DAY1","東京ガーデンシアター","結名美月","参加","","","画像の色＋元CSV"
"3rdLIVE TOUR PIECE ON PLANET 
/ TOKYO","DAY2","東京ガーデンシアター","結名美月","参加","","","画像の色＋元CSV"
"3rdLIVE TOUR PIECE ON PLANET 
/ FUKUOKA","DAY1","西日本総合展示場","結名美月","参加","","","画像の色＋元CSV"
"3rdLIVE TOUR PIECE ON PLANET 
/ FUKUOKA","DAY2","西日本総合展示場","結名美月","参加","","","画像の色＋元CSV"
"283フェス 2021 Happy Buffet!","DAY1","バンダイナムコ未来研究所
（オンライン）","結名美月","参加","","","画像の色＋元CSV"
"283フェス 2021 Happy Buffet!","DAY2","バンダイナムコ未来研究所
（オンライン）","結名美月","ユニット出演予定なし","","","画像の色＋元CSV"
"Xmas Party -Silent night-","DAY1","両国国技館","結名美月","ユニット出演予定なし","","","画像の色＋元CSV"
"Xmas Party -Silent night-","DAY2","両国国技館","結名美月","参加","","","画像の色＋元CSV"
"4thLIVE 空は澄み、今を越えて。","DAY1","幕張メッセ国際展示場1~3ホール","結名美月","参加","","","画像の色＋元CSV"
"4thLIVE 空は澄み、今を越えて。","DAY2","幕張メッセ国際展示場1~3ホール","結名美月","参加","","","画像の色＋元CSV"
"バンダイナムコエンターテインメントフェスティバル 2nd","DAY2","ZOZOマリンスタジアム","結名美月","参加","","","画像の色＋元CSV"
"シャニマス初の対バンライブ 
283PRODUCTION UNIT LIVE SETSUNA BEAT","DAY1","東京ガーデンシアター","結名美月","ユニット出演予定なし","","","画像の色＋元CSV"
"シャニマス初の対バンライブ 
283PRODUCTION UNIT LIVE SETSUNA BEAT","DAY2","東京ガーデンシアター","結名美月","ユニット出演予定なし","","","画像の色＋元CSV"
"シャニマス初の対バンライブ 
283PRODUCTION UNIT LIVE MUGEN BEAT","DAY1","武蔵野の森総合スポーツプラザ","結名美月","参加","","","画像の色＋元CSV"
"シャニマス初の対バンライブ 
283PRODUCTION UNIT LIVE MUGEN BEAT","DAY2","武蔵野の森総合スポーツプラザ","結名美月","参加","","","画像の色＋元CSV"
"M@STERS OF IDOL WORLD!!!!! 2023","DAY1","東京ドーム","結名美月","ユニット出演予定なし","","","画像の色＋元CSV"
"M@STERS OF IDOL WORLD!!!!! 2023","DAY2","東京ドーム","結名美月","参加","","","画像の色＋元CSV"
"5thLIVE If I_wings.","DAY1","国立代々木競技場 第一体育館","結名美月","参加","","","画像の色＋元CSV"
"5thLIVE If I_wings.","DAY2","国立代々木競技場 第一体育館","結名美月","参加","","","画像の色＋元CSV"
"Solo Performance LIVE 我儘なまま","DAY1","武蔵野の森総合スポーツプラザ","結名美月","参加","2023/05/22","","画像の色＋元CSV"
"Solo Performance LIVE 我儘なまま","DAY2","武蔵野の森総合スポーツプラザ","結名美月","参加","","","画像の色＋元CSV"
"5.5th Anniversary LIVE 星が見上げた空","DAY1","幕張イベントホール","結名美月","ユニット出演予定なし","","","画像の色＋元CSV"
"5.5th Anniversary LIVE 星が見上げた空","DAY2","幕張イベントホール","結名美月","参加","","","画像の色＋元CSV"
"異次元フェス 
アイドルマスター★♥︎ラブライブ！歌合戦","DAY1","東京ドーム","結名美月","参加","","","画像の色＋元CSV"
"異次元フェス 
アイドルマスター★♥︎ラブライブ！歌合戦","DAY2","東京ドーム","結名美月","ユニット出演予定なし","","","画像の色＋元CSV"
"6thLIVE TOUR Come and Unite! 
Brilliant Blooms","DAY1","大阪城ホール","結名美月","参加","","","画像の色＋元CSV"
"6thLIVE TOUR Come and Unite! 
Brilliant Blooms","DAY2","大阪城ホール","結名美月","参加","","","画像の色＋元CSV"
"6thLIVE TOUR Come and Unite! 
Fantastic Fireworks","DAY1","Kアリーナ横浜","結名美月","参加","","","画像の色＋元CSV"
"6thLIVE TOUR Come and Unite! 
Fantastic Fireworks","DAY2","Kアリーナ横浜","結名美月","参加","","","画像の色＋元CSV"
"LIVE FUN!! -Beyond the Blue sky-","DAY1","横浜アリーナ","結名美月","参加","","","画像の色＋元CSV"
"LIVE FUN!! -Beyond the Blue sky-","DAY2","横浜アリーナ","結名美月","参加","","","画像の色＋元CSV"
"6.5th Anniversary LIVE “Chapter 283”","DAY1","武蔵野の森総合スポーツプラザ","結名美月","参加","","","画像の色＋元CSV"
"6.5th Anniversary LIVE “Chapter 283”","DAY2","武蔵野の森総合スポーツプラザ","結名美月","参加","","","画像の色＋元CSV"
"2nd season LIVE Over the prism","DAY1","ぴあアリーナMM","結名美月","参加","","","画像の色＋元CSV"
"2nd season LIVE Over the prism","DAY2","ぴあアリーナMM","結名美月","参加","","","画像の色＋元CSV"
"7th UNITLIVE TOUR 
円環 -Halo around- first quadrant","DAY1","福岡国際センター","結名美月","参加","","","画像の色＋元CSV"
"7th UNITLIVE TOUR 
円環 -Halo around- first quadrant","DAY2","福岡国際センター","結名美月","参加","","","画像の色＋元CSV"
"7th UNITLIVE TOUR 
円環 -Halo around- second quadrant","DAY1","横浜BUNTAI","結名美月","ユニット出演予定なし","","","画像の色＋元CSV"
"7th UNITLIVE TOUR 
円環 -Halo around- second quadrant","DAY2","横浜BUNTAI","結名美月","ユニット出演予定なし","","","画像の色＋元CSV"
"7th UNITLIVE TOUR 
円環 -Halo around- third quadrant","DAY1","Aichi Sky Expo","結名美月","ユニット出演予定なし","","","画像の色＋元CSV"
"7th UNITLIVE TOUR 
円環 -Halo around- third quadrant","DAY2","Aichi Sky Expo","結名美月","ユニット出演予定なし","","","画像の色＋元CSV"
"7th UNITLIVE TOUR 
円環 -Halo around- fourth quadrant","DAY1","盛運輸アリーナ","結名美月","ユニット出演予定なし","","","画像の色＋元CSV"
"7th UNITLIVE TOUR 
円環 -Halo around- fourth quadrant","DAY2","盛運輸アリーナ","結名美月","ユニット出演予定なし","","","画像の色＋元CSV"
"7th LIVE TOUR 
螺旋 -Halo around- “The origin on the axes”","DAY1","Kアリーナ横浜","結名美月","参加","","","画像の色＋元CSV"
"7th LIVE TOUR 
螺旋 -Halo around- “The origin on the axes”","DAY2","Kアリーナ横浜","結名美月","参加","","","画像の色＋元CSV"
"M@STERS OF IDOL WORLD 2025","DAY1","京セラドーム大阪","結名美月","参加","","","画像の色＋元CSV"
"M@STERS OF IDOL WORLD 2025","DAY2","京セラドーム大阪","結名美月","ユニット出演予定なし","","","画像の色＋元CSV"
"シャニマス大感謝祭！
〜283スポーツフェスティバル〜","DAY1","京王アリーナTOKYO","結名美月","参加","","","画像の色＋元CSV"
"シャニマス大感謝祭！
〜283スポーツフェスティバル〜","DAY2","京王アリーナTOKYO","結名美月","参加","","","画像の色＋元CSV"
"∞th LIVE iと夢","DAY1","Kアリーナ横浜","結名美月","参加","","","画像の色＋元CSV"
"∞th LIVE iと夢","DAY2","Kアリーナ横浜","結名美月","参加","","","画像の色＋元CSV"
"shiny, the first REFRAC7IONS "" Still blue ""","DAY1","国立代々木競技場 第一体育館","結名美月","参加","","","画像の色＋元CSV"
"Solo Live Collection -Master ShowPiece-","DAY1","京王アリーナTOKYO","結名美月","参加","","","画像の色＋元CSV"
"Solo Live Collection -Master ShowPiece-","DAY2","京王アリーナTOKYO","結名美月","参加","","","画像の色＋元CSV"
"shiny, the first REFRAC7IONS "" Still blue ""","DAY2","国立代々木競技場 第一体育館","結名美月","参加","","","画像の色＋元CSV"
"1stLIVE FLY TO THE SHINY SKY","DAY1","舞浜アンフィシアター","河野ひより","参加","","","画像の色＋元CSV"
"1stLIVE FLY TO THE SHINY SKY","DAY2 (昼)","舞浜アンフィシアター","河野ひより","参加","","","画像の色＋元CSV"
"1stLIVE FLY TO THE SHINY SKY","DAY2 (夜)","舞浜アンフィシアター","河野ひより","参加","","","画像の色＋元CSV"
"SUMMER PARTY 2019","(昼)","パシフィコ横浜","河野ひより","ユニット出演予定なし","","","画像の色＋元CSV"
"SUMMER PARTY 2019","(夜)","パシフィコ横浜","河野ひより","参加","","","画像の色＋元CSV"
"バンダイナムコエンターテインメントフェスティバル","DAY2","東京ドーム","河野ひより","参加","","","画像の色＋元CSV"
"283プロダクションプロデューサー感謝祭～1.5 Anniversary Festival!!～","開催","森のホール２１ (松戸市文化会館)","河野ひより","参加","","","画像の色＋元CSV"
"MUSIC DAWN","DAY1","幕張イベントホール
（オンライン）","河野ひより","一部楽曲参加","2020/10/27","","画像の色＋元CSV"
"MUSIC DAWN","DAY2","幕張イベントホール
（オンライン）","河野ひより","参加","","","画像の色＋元CSV"
"2ndLIVE STEP INTO THE SUNSET SKY","DAY1","幕張メッセ","河野ひより","参加","2021/03/12","","画像の色＋元CSV"
"2ndLIVE STEP INTO THE SUNSET SKY","DAY2","幕張メッセ","河野ひより","参加","","","画像の色＋元CSV"
"3rdLIVE TOUR PIECE ON PLANET 
/ NAGOYA","DAY1","日本ガイシホール","河野ひより","参加","2021/02/16","","画像の色＋元CSV"
"3rdLIVE TOUR PIECE ON PLANET 
/ NAGOYA","DAY2","日本ガイシホール","河野ひより","参加","","","画像の色＋元CSV"
"3rdLIVE TOUR PIECE ON PLANET 
/ TOKYO","DAY1","東京ガーデンシアター","河野ひより","参加","2021/02/16","","画像の色＋元CSV"
"3rdLIVE TOUR PIECE ON PLANET 
/ TOKYO","DAY2","東京ガーデンシアター","河野ひより","参加","","","画像の色＋元CSV"
"3rdLIVE TOUR PIECE ON PLANET 
/ FUKUOKA","DAY1","西日本総合展示場","河野ひより","参加","2021/02/16","","画像の色＋元CSV"
"3rdLIVE TOUR PIECE ON PLANET 
/ FUKUOKA","DAY2","西日本総合展示場","河野ひより","参加","","","画像の色＋元CSV"
"283フェス 2021 Happy Buffet!","DAY1","バンダイナムコ未来研究所
（オンライン）","河野ひより","ユニット出演予定なし","","","画像の色＋元CSV"
"283フェス 2021 Happy Buffet!","DAY2","バンダイナムコ未来研究所
（オンライン）","河野ひより","参加","","","画像の色＋元CSV"
"Xmas Party -Silent night-","DAY1","両国国技館","河野ひより","ユニット出演予定なし","","","画像の色＋元CSV"
"Xmas Party -Silent night-","DAY2","両国国技館","河野ひより","参加","","","画像の色＋元CSV"
"4thLIVE 空は澄み、今を越えて。","DAY1","幕張メッセ国際展示場1~3ホール","河野ひより","参加","","","画像の色＋元CSV"
"4thLIVE 空は澄み、今を越えて。","DAY2","幕張メッセ国際展示場1~3ホール","河野ひより","参加","","","画像の色＋元CSV"
"バンダイナムコエンターテインメントフェスティバル 2nd","DAY2","ZOZOマリンスタジアム","河野ひより","参加","","","画像の色＋元CSV"
"シャニマス初の対バンライブ 
283PRODUCTION UNIT LIVE SETSUNA BEAT","DAY1","東京ガーデンシアター","河野ひより","参加","","","画像の色＋元CSV"
"シャニマス初の対バンライブ 
283PRODUCTION UNIT LIVE SETSUNA BEAT","DAY2","東京ガーデンシアター","河野ひより","参加","","","画像の色＋元CSV"
"シャニマス初の対バンライブ 
283PRODUCTION UNIT LIVE MUGEN BEAT","DAY1","武蔵野の森総合スポーツプラザ","河野ひより","ユニット出演予定なし","","","画像の色＋元CSV"
"シャニマス初の対バンライブ 
283PRODUCTION UNIT LIVE MUGEN BEAT","DAY2","武蔵野の森総合スポーツプラザ","河野ひより","ユニット出演予定なし","","","画像の色＋元CSV"
"M@STERS OF IDOL WORLD!!!!! 2023","DAY1","東京ドーム","河野ひより","参加","","","画像の色＋元CSV"
"M@STERS OF IDOL WORLD!!!!! 2023","DAY2","東京ドーム","河野ひより","ユニット出演予定なし","","","画像の色＋元CSV"
"5thLIVE If I_wings.","DAY1","国立代々木競技場 第一体育館","河野ひより","参加","","","画像の色＋元CSV"
"5thLIVE If I_wings.","DAY2","国立代々木競技場 第一体育館","河野ひより","参加","","","画像の色＋元CSV"
"Solo Performance LIVE 我儘なまま","DAY1","武蔵野の森総合スポーツプラザ","河野ひより","参加","","","画像の色＋元CSV"
"Solo Performance LIVE 我儘なまま","DAY2","武蔵野の森総合スポーツプラザ","河野ひより","参加","","","画像の色＋元CSV"
"5.5th Anniversary LIVE 星が見上げた空","DAY1","幕張イベントホール","河野ひより","ユニット出演予定なし","","","画像の色＋元CSV"
"5.5th Anniversary LIVE 星が見上げた空","DAY2","幕張イベントホール","河野ひより","参加","","","画像の色＋元CSV"
"異次元フェス 
アイドルマスター★♥︎ラブライブ！歌合戦","DAY1","東京ドーム","河野ひより","ユニット出演予定なし","","","画像の色＋元CSV"
"異次元フェス 
アイドルマスター★♥︎ラブライブ！歌合戦","DAY2","東京ドーム","河野ひより","参加","","","画像の色＋元CSV"
"6thLIVE TOUR Come and Unite! 
Brilliant Blooms","DAY1","大阪城ホール","河野ひより","参加","","","画像の色＋元CSV"
"6thLIVE TOUR Come and Unite! 
Brilliant Blooms","DAY2","大阪城ホール","河野ひより","参加","","","画像の色＋元CSV"
"6thLIVE TOUR Come and Unite! 
Fantastic Fireworks","DAY1","Kアリーナ横浜","河野ひより","参加","","","画像の色＋元CSV"
"6thLIVE TOUR Come and Unite! 
Fantastic Fireworks","DAY2","Kアリーナ横浜","河野ひより","参加","","","画像の色＋元CSV"
"LIVE FUN!! -Beyond the Blue sky-","DAY1","横浜アリーナ","河野ひより","参加","","","画像の色＋元CSV"
"LIVE FUN!! -Beyond the Blue sky-","DAY2","横浜アリーナ","河野ひより","参加","","","画像の色＋元CSV"
"6.5th Anniversary LIVE “Chapter 283”","DAY1","武蔵野の森総合スポーツプラザ","河野ひより","参加","","","画像の色＋元CSV"
"6.5th Anniversary LIVE “Chapter 283”","DAY2","武蔵野の森総合スポーツプラザ","河野ひより","参加","","","画像の色＋元CSV"
"2nd season LIVE Over the prism","DAY1","ぴあアリーナMM","河野ひより","参加","","","画像の色＋元CSV"
"2nd season LIVE Over the prism","DAY2","ぴあアリーナMM","河野ひより","参加","","","画像の色＋元CSV"
"7th UNITLIVE TOUR 
円環 -Halo around- first quadrant","DAY1","福岡国際センター","河野ひより","ユニット出演予定なし","","","画像の色＋元CSV"
"7th UNITLIVE TOUR 
円環 -Halo around- first quadrant","DAY2","福岡国際センター","河野ひより","ユニット出演予定なし","","","画像の色＋元CSV"
"7th UNITLIVE TOUR 
円環 -Halo around- second quadrant","DAY1","横浜BUNTAI","河野ひより","参加","","","画像の色＋元CSV"
"7th UNITLIVE TOUR 
円環 -Halo around- second quadrant","DAY2","横浜BUNTAI","河野ひより","参加","","","画像の色＋元CSV"
"7th UNITLIVE TOUR 
円環 -Halo around- third quadrant","DAY1","Aichi Sky Expo","河野ひより","ユニット出演予定なし","","","画像の色＋元CSV"
"7th UNITLIVE TOUR 
円環 -Halo around- third quadrant","DAY2","Aichi Sky Expo","河野ひより","ユニット出演予定なし","","","画像の色＋元CSV"
"7th UNITLIVE TOUR 
円環 -Halo around- fourth quadrant","DAY1","盛運輸アリーナ","河野ひより","ユニット出演予定なし","","","画像の色＋元CSV"
"7th UNITLIVE TOUR 
円環 -Halo around- fourth quadrant","DAY2","盛運輸アリーナ","河野ひより","ユニット出演予定なし","","","画像の色＋元CSV"
"7th LIVE TOUR 
螺旋 -Halo around- “The origin on the axes”","DAY1","Kアリーナ横浜","河野ひより","参加","","","画像の色＋元CSV"
"7th LIVE TOUR 
螺旋 -Halo around- “The origin on the axes”","DAY2","Kアリーナ横浜","河野ひより","参加","","","画像の色＋元CSV"
"M@STERS OF IDOL WORLD 2025","DAY1","京セラドーム大阪","河野ひより","ユニット出演予定なし","","","画像の色＋元CSV"
"M@STERS OF IDOL WORLD 2025","DAY2","京セラドーム大阪","河野ひより","参加","","","画像の色＋元CSV"
"シャニマス大感謝祭！
〜283スポーツフェスティバル〜","DAY1","京王アリーナTOKYO","河野ひより","欠席","","","画像の色＋元CSV"
"シャニマス大感謝祭！
〜283スポーツフェスティバル〜","DAY2","京王アリーナTOKYO","河野ひより","参加","","","画像の色＋元CSV"
"∞th LIVE iと夢","DAY1","Kアリーナ横浜","河野ひより","参加","","","画像の色＋元CSV"
"∞th LIVE iと夢","DAY2","Kアリーナ横浜","河野ひより","参加","","","画像の色＋元CSV"
"shiny, the first REFRAC7IONS "" Still blue ""","DAY1","国立代々木競技場 第一体育館","河野ひより","参加","","","画像の色＋元CSV"
"Solo Live Collection -Master ShowPiece-","DAY1","京王アリーナTOKYO","河野ひより","参加","","","画像の色＋元CSV"
"Solo Live Collection -Master ShowPiece-","DAY2","京王アリーナTOKYO","河野ひより","参加","","","画像の色＋元CSV"
"shiny, the first REFRAC7IONS "" Still blue ""","DAY2","国立代々木競技場 第一体育館","河野ひより","参加","","","画像の色＋元CSV"
"1stLIVE FLY TO THE SHINY SKY","DAY1","舞浜アンフィシアター","白石晴香","参加","","","画像の色＋元CSV"
"1stLIVE FLY TO THE SHINY SKY","DAY2 (昼)","舞浜アンフィシアター","白石晴香","参加","","","画像の色＋元CSV"
"1stLIVE FLY TO THE SHINY SKY","DAY2 (夜)","舞浜アンフィシアター","白石晴香","参加","","","画像の色＋元CSV"
"SUMMER PARTY 2019","(昼)","パシフィコ横浜","白石晴香","ユニット出演予定なし","","","画像の色＋元CSV"
"SUMMER PARTY 2019","(夜)","パシフィコ横浜","白石晴香","参加","","","画像の色＋元CSV"
"バンダイナムコエンターテインメントフェスティバル","DAY2","東京ドーム","白石晴香","参加","","","画像の色＋元CSV"
"283プロダクションプロデューサー感謝祭～1.5 Anniversary Festival!!～","開催","森のホール２１ (松戸市文化会館)","白石晴香","参加","","","画像の色＋元CSV"
"MUSIC DAWN","DAY1","幕張イベントホール
（オンライン）","白石晴香","参加","","","画像の色＋元CSV"
"MUSIC DAWN","DAY2","幕張イベントホール
（オンライン）","白石晴香","参加","","","画像の色＋元CSV"
"2ndLIVE STEP INTO THE SUNSET SKY","DAY1","幕張メッセ","白石晴香","欠席","","","画像の色＋元CSV"
"2ndLIVE STEP INTO THE SUNSET SKY","DAY2","幕張メッセ","白石晴香","欠席","","","画像の色＋元CSV"
"3rdLIVE TOUR PIECE ON PLANET 
/ NAGOYA","DAY1","日本ガイシホール","白石晴香","欠席","","","画像の色＋元CSV"
"3rdLIVE TOUR PIECE ON PLANET 
/ NAGOYA","DAY2","日本ガイシホール","白石晴香","欠席","","","画像の色＋元CSV"
"3rdLIVE TOUR PIECE ON PLANET 
/ TOKYO","DAY1","東京ガーデンシアター","白石晴香","欠席","","","画像の色＋元CSV"
"3rdLIVE TOUR PIECE ON PLANET 
/ TOKYO","DAY2","東京ガーデンシアター","白石晴香","欠席","","","画像の色＋元CSV"
"3rdLIVE TOUR PIECE ON PLANET 
/ FUKUOKA","DAY1","西日本総合展示場","白石晴香","欠席","","","画像の色＋元CSV"
"3rdLIVE TOUR PIECE ON PLANET 
/ FUKUOKA","DAY2","西日本総合展示場","白石晴香","参加","","","画像の色＋元CSV"
"283フェス 2021 Happy Buffet!","DAY1","バンダイナムコ未来研究所
（オンライン）","白石晴香","ユニット出演予定なし","","","画像の色＋元CSV"
"283フェス 2021 Happy Buffet!","DAY2","バンダイナムコ未来研究所
（オンライン）","白石晴香","参加","","","画像の色＋元CSV"
"Xmas Party -Silent night-","DAY1","両国国技館","白石晴香","ユニット出演予定なし","","","画像の色＋元CSV"
"Xmas Party -Silent night-","DAY2","両国国技館","白石晴香","参加","2021/11/29","","画像の色＋元CSV"
"4thLIVE 空は澄み、今を越えて。","DAY1","幕張メッセ国際展示場1~3ホール","白石晴香","欠席","","","画像の色＋元CSV"
"4thLIVE 空は澄み、今を越えて。","DAY2","幕張メッセ国際展示場1~3ホール","白石晴香","参加","","","画像の色＋元CSV"
"バンダイナムコエンターテインメントフェスティバル 2nd","DAY2","ZOZOマリンスタジアム","白石晴香","参加","","","画像の色＋元CSV"
"シャニマス初の対バンライブ 
283PRODUCTION UNIT LIVE SETSUNA BEAT","DAY1","東京ガーデンシアター","白石晴香","参加","2022/06/17","","画像の色＋元CSV"
"シャニマス初の対バンライブ 
283PRODUCTION UNIT LIVE SETSUNA BEAT","DAY2","東京ガーデンシアター","白石晴香","欠席","","","画像の色＋元CSV"
"シャニマス初の対バンライブ 
283PRODUCTION UNIT LIVE MUGEN BEAT","DAY1","武蔵野の森総合スポーツプラザ","白石晴香","ユニット出演予定なし","","","画像の色＋元CSV"
"シャニマス初の対バンライブ 
283PRODUCTION UNIT LIVE MUGEN BEAT","DAY2","武蔵野の森総合スポーツプラザ","白石晴香","ユニット出演予定なし","","","画像の色＋元CSV"
"M@STERS OF IDOL WORLD!!!!! 2023","DAY1","東京ドーム","白石晴香","一部楽曲参加","","","画像の色＋元CSV"
"M@STERS OF IDOL WORLD!!!!! 2023","DAY2","東京ドーム","白石晴香","ユニット出演予定なし","","","画像の色＋元CSV"
"5thLIVE If I_wings.","DAY1","国立代々木競技場 第一体育館","白石晴香","参加","","","画像の色＋元CSV"
"5thLIVE If I_wings.","DAY2","国立代々木競技場 第一体育館","白石晴香","参加","","","画像の色＋元CSV"
"Solo Performance LIVE 我儘なまま","DAY1","武蔵野の森総合スポーツプラザ","白石晴香","欠席","","","画像の色＋元CSV"
"Solo Performance LIVE 我儘なまま","DAY2","武蔵野の森総合スポーツプラザ","白石晴香","参加","","","画像の色＋元CSV"
"5.5th Anniversary LIVE 星が見上げた空","DAY1","幕張イベントホール","白石晴香","ユニット出演予定なし","","","画像の色＋元CSV"
"5.5th Anniversary LIVE 星が見上げた空","DAY2","幕張イベントホール","白石晴香","参加","2023/08/17","","画像の色＋元CSV"
"異次元フェス 
アイドルマスター★♥︎ラブライブ！歌合戦","DAY1","東京ドーム","白石晴香","ユニット出演予定なし","","","画像の色＋元CSV"
"異次元フェス 
アイドルマスター★♥︎ラブライブ！歌合戦","DAY2","東京ドーム","白石晴香","参加","","","画像の色＋元CSV"
"6thLIVE TOUR Come and Unite! 
Brilliant Blooms","DAY1","大阪城ホール","白石晴香","欠席","","","画像の色＋元CSV"
"6thLIVE TOUR Come and Unite! 
Brilliant Blooms","DAY2","大阪城ホール","白石晴香","参加","2023/11/27","","画像の色＋元CSV"
"6thLIVE TOUR Come and Unite! 
Fantastic Fireworks","DAY1","Kアリーナ横浜","白石晴香","欠席","","","画像の色＋元CSV"
"6thLIVE TOUR Come and Unite! 
Fantastic Fireworks","DAY2","Kアリーナ横浜","白石晴香","参加","2023/11/27","","画像の色＋元CSV"
"LIVE FUN!! -Beyond the Blue sky-","DAY1","横浜アリーナ","白石晴香","欠席","","","画像の色＋元CSV"
"LIVE FUN!! -Beyond the Blue sky-","DAY2","横浜アリーナ","白石晴香","参加","","","画像の色＋元CSV"
"6.5th Anniversary LIVE “Chapter 283”","DAY1","武蔵野の森総合スポーツプラザ","白石晴香","欠席","","","画像の色＋元CSV"
"6.5th Anniversary LIVE “Chapter 283”","DAY2","武蔵野の森総合スポーツプラザ","白石晴香","欠席","","","画像の色＋元CSV"
"2nd season LIVE Over the prism","DAY1","ぴあアリーナMM","白石晴香","欠席","","","画像の色＋元CSV"
"2nd season LIVE Over the prism","DAY2","ぴあアリーナMM","白石晴香","参加","2024/11/29","","画像の色＋元CSV"
"7th UNITLIVE TOUR 
円環 -Halo around- first quadrant","DAY1","福岡国際センター","白石晴香","ユニット出演予定なし","","","画像の色＋元CSV"
"7th UNITLIVE TOUR 
円環 -Halo around- first quadrant","DAY2","福岡国際センター","白石晴香","ユニット出演予定なし","","","画像の色＋元CSV"
"7th UNITLIVE TOUR 
円環 -Halo around- second quadrant","DAY1","横浜BUNTAI","白石晴香","欠席","","","画像の色＋元CSV"
"7th UNITLIVE TOUR 
円環 -Halo around- second quadrant","DAY2","横浜BUNTAI","白石晴香","参加","","","画像の色＋元CSV"
"7th UNITLIVE TOUR 
円環 -Halo around- third quadrant","DAY1","Aichi Sky Expo","白石晴香","ユニット出演予定なし","","","画像の色＋元CSV"
"7th UNITLIVE TOUR 
円環 -Halo around- third quadrant","DAY2","Aichi Sky Expo","白石晴香","ユニット出演予定なし","","","画像の色＋元CSV"
"7th UNITLIVE TOUR 
円環 -Halo around- fourth quadrant","DAY1","盛運輸アリーナ","白石晴香","ユニット出演予定なし","","","画像の色＋元CSV"
"7th UNITLIVE TOUR 
円環 -Halo around- fourth quadrant","DAY2","盛運輸アリーナ","白石晴香","ユニット出演予定なし","","","画像の色＋元CSV"
"7th LIVE TOUR 
螺旋 -Halo around- “The origin on the axes”","DAY1","Kアリーナ横浜","白石晴香","欠席","","","画像の色＋元CSV"
"7th LIVE TOUR 
螺旋 -Halo around- “The origin on the axes”","DAY2","Kアリーナ横浜","白石晴香","参加","","","画像の色＋元CSV"
"M@STERS OF IDOL WORLD 2025","DAY1","京セラドーム大阪","白石晴香","ユニット出演予定なし","","","画像の色＋元CSV"
"M@STERS OF IDOL WORLD 2025","DAY2","京セラドーム大阪","白石晴香","欠席","","","画像の色＋元CSV"
"シャニマス大感謝祭！
〜283スポーツフェスティバル〜","DAY1","京王アリーナTOKYO","白石晴香","欠席","","","画像の色＋元CSV"
"シャニマス大感謝祭！
〜283スポーツフェスティバル〜","DAY2","京王アリーナTOKYO","白石晴香","欠席","","","画像の色＋元CSV"
"∞th LIVE iと夢","DAY1","Kアリーナ横浜","白石晴香","欠席","","","画像の色＋元CSV"
"∞th LIVE iと夢","DAY2","Kアリーナ横浜","白石晴香","参加","2025/12/25","","画像の色＋元CSV"
"Solo Live Collection -Master ShowPiece-","DAY1","京王アリーナTOKYO","白石晴香","参加","2026/07/02","","画像の色＋元CSV"
"shiny, the first REFRAC7IONS "" Still blue ""","DAY1","国立代々木競技場 第一体育館","白石晴香","欠席","","","画像の色＋元CSV"
"Solo Live Collection -Master ShowPiece-","DAY2","京王アリーナTOKYO","白石晴香","参加","2026/06/26","","画像の色＋元CSV"
"shiny, the first REFRAC7IONS "" Still blue ""","DAY2","国立代々木競技場 第一体育館","白石晴香","欠席","","","画像の色＋元CSV"
"1stLIVE FLY TO THE SHINY SKY","DAY1","舞浜アンフィシアター","永井真里子","参加","","","画像の色＋元CSV"
"1stLIVE FLY TO THE SHINY SKY","DAY2 (昼)","舞浜アンフィシアター","永井真里子","参加","","","画像の色＋元CSV"
"1stLIVE FLY TO THE SHINY SKY","DAY2 (夜)","舞浜アンフィシアター","永井真里子","参加","","","画像の色＋元CSV"
"SUMMER PARTY 2019","(昼)","パシフィコ横浜","永井真里子","ユニット出演予定なし","","","画像の色＋元CSV"
"SUMMER PARTY 2019","(夜)","パシフィコ横浜","永井真里子","参加","","","画像の色＋元CSV"
"バンダイナムコエンターテインメントフェスティバル","DAY2","東京ドーム","永井真里子","参加","","","画像の色＋元CSV"
"283プロダクションプロデューサー感謝祭～1.5 Anniversary Festival!!～","開催","森のホール２１ (松戸市文化会館)","永井真里子","参加","","","画像の色＋元CSV"
"MUSIC DAWN","DAY1","幕張イベントホール
（オンライン）","永井真里子","参加","","","画像の色＋元CSV"
"MUSIC DAWN","DAY2","幕張イベントホール
（オンライン）","永井真里子","参加","","","画像の色＋元CSV"
"2ndLIVE STEP INTO THE SUNSET SKY","DAY1","幕張メッセ","永井真里子","参加","","","画像の色＋元CSV"
"2ndLIVE STEP INTO THE SUNSET SKY","DAY2","幕張メッセ","永井真里子","参加","","","画像の色＋元CSV"
"3rdLIVE TOUR PIECE ON PLANET 
/ NAGOYA","DAY1","日本ガイシホール","永井真里子","参加","","","画像の色＋元CSV"
"3rdLIVE TOUR PIECE ON PLANET 
/ NAGOYA","DAY2","日本ガイシホール","永井真里子","参加","","","画像の色＋元CSV"
"3rdLIVE TOUR PIECE ON PLANET 
/ TOKYO","DAY1","東京ガーデンシアター","永井真里子","参加","","","画像の色＋元CSV"
"3rdLIVE TOUR PIECE ON PLANET 
/ TOKYO","DAY2","東京ガーデンシアター","永井真里子","参加","","","画像の色＋元CSV"
"3rdLIVE TOUR PIECE ON PLANET 
/ FUKUOKA","DAY1","西日本総合展示場","永井真里子","参加","","","画像の色＋元CSV"
"3rdLIVE TOUR PIECE ON PLANET 
/ FUKUOKA","DAY2","西日本総合展示場","永井真里子","参加","2021/02/08","","画像の色＋元CSV"
"283フェス 2021 Happy Buffet!","DAY1","バンダイナムコ未来研究所
（オンライン）","永井真里子","ユニット出演予定なし","","","画像の色＋元CSV"
"283フェス 2021 Happy Buffet!","DAY2","バンダイナムコ未来研究所
（オンライン）","永井真里子","参加","","","画像の色＋元CSV"
"Xmas Party -Silent night-","DAY1","両国国技館","永井真里子","ユニット出演予定なし","","","画像の色＋元CSV"
"Xmas Party -Silent night-","DAY2","両国国技館","永井真里子","一部楽曲参加","","","画像の色＋元CSV"
"4thLIVE 空は澄み、今を越えて。","DAY1","幕張メッセ国際展示場1~3ホール","永井真里子","一部楽曲参加","","","画像の色＋元CSV"
"4thLIVE 空は澄み、今を越えて。","DAY2","幕張メッセ国際展示場1~3ホール","永井真里子","一部楽曲参加","","","画像の色＋元CSV"
"バンダイナムコエンターテインメントフェスティバル 2nd","DAY2","ZOZOマリンスタジアム","永井真里子","参加","","","画像の色＋元CSV"
"シャニマス初の対バンライブ 
283PRODUCTION UNIT LIVE SETSUNA BEAT","DAY1","東京ガーデンシアター","永井真里子","参加","","","画像の色＋元CSV"
"シャニマス初の対バンライブ 
283PRODUCTION UNIT LIVE SETSUNA BEAT","DAY2","東京ガーデンシアター","永井真里子","参加","","","画像の色＋元CSV"
"シャニマス初の対バンライブ 
283PRODUCTION UNIT LIVE MUGEN BEAT","DAY1","武蔵野の森総合スポーツプラザ","永井真里子","ユニット出演予定なし","","","画像の色＋元CSV"
"シャニマス初の対バンライブ 
283PRODUCTION UNIT LIVE MUGEN BEAT","DAY2","武蔵野の森総合スポーツプラザ","永井真里子","ユニット出演予定なし","","","画像の色＋元CSV"
"M@STERS OF IDOL WORLD!!!!! 2023","DAY1","東京ドーム","永井真里子","参加","","","画像の色＋元CSV"
"M@STERS OF IDOL WORLD!!!!! 2023","DAY2","東京ドーム","永井真里子","ユニット出演予定なし","","","画像の色＋元CSV"
"5thLIVE If I_wings.","DAY1","国立代々木競技場 第一体育館","永井真里子","参加","","","画像の色＋元CSV"
"5thLIVE If I_wings.","DAY2","国立代々木競技場 第一体育館","永井真里子","参加","","","画像の色＋元CSV"
"Solo Performance LIVE 我儘なまま","DAY1","武蔵野の森総合スポーツプラザ","永井真里子","参加","","","画像の色＋元CSV"
"Solo Performance LIVE 我儘なまま","DAY2","武蔵野の森総合スポーツプラザ","永井真里子","参加","","","画像の色＋元CSV"
"5.5th Anniversary LIVE 星が見上げた空","DAY1","幕張イベントホール","永井真里子","ユニット出演予定なし","","","画像の色＋元CSV"
"5.5th Anniversary LIVE 星が見上げた空","DAY2","幕張イベントホール","永井真里子","参加","","","画像の色＋元CSV"
"異次元フェス 
アイドルマスター★♥︎ラブライブ！歌合戦","DAY1","東京ドーム","永井真里子","ユニット出演予定なし","","","画像の色＋元CSV"
"異次元フェス 
アイドルマスター★♥︎ラブライブ！歌合戦","DAY2","東京ドーム","永井真里子","参加","","","画像の色＋元CSV"
"6thLIVE TOUR Come and Unite! 
Brilliant Blooms","DAY1","大阪城ホール","永井真里子","参加","","","画像の色＋元CSV"
"6thLIVE TOUR Come and Unite! 
Brilliant Blooms","DAY2","大阪城ホール","永井真里子","参加","","","画像の色＋元CSV"
"6thLIVE TOUR Come and Unite! 
Fantastic Fireworks","DAY1","Kアリーナ横浜","永井真里子","参加","","","画像の色＋元CSV"
"6thLIVE TOUR Come and Unite! 
Fantastic Fireworks","DAY2","Kアリーナ横浜","永井真里子","参加","","","画像の色＋元CSV"
"LIVE FUN!! -Beyond the Blue sky-","DAY1","横浜アリーナ","永井真里子","参加","","","画像の色＋元CSV"
"LIVE FUN!! -Beyond the Blue sky-","DAY2","横浜アリーナ","永井真里子","参加","","","画像の色＋元CSV"
"6.5th Anniversary LIVE “Chapter 283”","DAY1","武蔵野の森総合スポーツプラザ","永井真里子","参加","","","画像の色＋元CSV"
"6.5th Anniversary LIVE “Chapter 283”","DAY2","武蔵野の森総合スポーツプラザ","永井真里子","参加","","","画像の色＋元CSV"
"2nd season LIVE Over the prism","DAY1","ぴあアリーナMM","永井真里子","参加","","","画像の色＋元CSV"
"2nd season LIVE Over the prism","DAY2","ぴあアリーナMM","永井真里子","参加","","","画像の色＋元CSV"
"7th UNITLIVE TOUR 
円環 -Halo around- first quadrant","DAY1","福岡国際センター","永井真里子","ユニット出演予定なし","","","画像の色＋元CSV"
"7th UNITLIVE TOUR 
円環 -Halo around- first quadrant","DAY2","福岡国際センター","永井真里子","ユニット出演予定なし","","","画像の色＋元CSV"
"7th UNITLIVE TOUR 
円環 -Halo around- second quadrant","DAY1","横浜BUNTAI","永井真里子","参加","","","画像の色＋元CSV"
"7th UNITLIVE TOUR 
円環 -Halo around- second quadrant","DAY2","横浜BUNTAI","永井真里子","参加","","","画像の色＋元CSV"
"7th UNITLIVE TOUR 
円環 -Halo around- third quadrant","DAY1","Aichi Sky Expo","永井真里子","ユニット出演予定なし","","","画像の色＋元CSV"
"7th UNITLIVE TOUR 
円環 -Halo around- third quadrant","DAY2","Aichi Sky Expo","永井真里子","ユニット出演予定なし","","","画像の色＋元CSV"
"7th UNITLIVE TOUR 
円環 -Halo around- fourth quadrant","DAY1","盛運輸アリーナ","永井真里子","ユニット出演予定なし","","","画像の色＋元CSV"
"7th UNITLIVE TOUR 
円環 -Halo around- fourth quadrant","DAY2","盛運輸アリーナ","永井真里子","ユニット出演予定なし","","","画像の色＋元CSV"
"7th LIVE TOUR 
螺旋 -Halo around- “The origin on the axes”","DAY1","Kアリーナ横浜","永井真里子","参加","","","画像の色＋元CSV"
"7th LIVE TOUR 
螺旋 -Halo around- “The origin on the axes”","DAY2","Kアリーナ横浜","永井真里子","参加","","","画像の色＋元CSV"
"M@STERS OF IDOL WORLD 2025","DAY1","京セラドーム大阪","永井真里子","ユニット出演予定なし","","","画像の色＋元CSV"
"M@STERS OF IDOL WORLD 2025","DAY2","京セラドーム大阪","永井真里子","参加","","","画像の色＋元CSV"
"シャニマス大感謝祭！
〜283スポーツフェスティバル〜","DAY1","京王アリーナTOKYO","永井真里子","参加","","","画像の色＋元CSV"
"シャニマス大感謝祭！
〜283スポーツフェスティバル〜","DAY2","京王アリーナTOKYO","永井真里子","参加","","","画像の色＋元CSV"
"∞th LIVE iと夢","DAY1","Kアリーナ横浜","永井真里子","参加","","","画像の色＋元CSV"
"∞th LIVE iと夢","DAY2","Kアリーナ横浜","永井真里子","参加","","","画像の色＋元CSV"
"shiny, the first REFRAC7IONS "" Still blue ""","DAY1","国立代々木競技場 第一体育館","永井真里子","参加","","","画像の色＋元CSV"
"Solo Live Collection -Master ShowPiece-","DAY1","京王アリーナTOKYO","永井真里子","参加","","","画像の色＋元CSV"
"shiny, the first REFRAC7IONS "" Still blue ""","DAY2","国立代々木競技場 第一体育館","永井真里子","参加","","","画像の色＋元CSV"
"Solo Live Collection -Master ShowPiece-","DAY2","京王アリーナTOKYO","永井真里子","参加","","","画像の色＋元CSV"
"1stLIVE FLY TO THE SHINY SKY","DAY1","舞浜アンフィシアター","丸岡和佳奈","参加","","","画像の色＋元CSV"
"1stLIVE FLY TO THE SHINY SKY","DAY2 (昼)","舞浜アンフィシアター","丸岡和佳奈","参加","","","画像の色＋元CSV"
"1stLIVE FLY TO THE SHINY SKY","DAY2 (夜)","舞浜アンフィシアター","丸岡和佳奈","参加","","","画像の色＋元CSV"
"SUMMER PARTY 2019","(昼)","パシフィコ横浜","丸岡和佳奈","ユニット出演予定なし","","","画像の色＋元CSV"
"SUMMER PARTY 2019","(夜)","パシフィコ横浜","丸岡和佳奈","参加","","","画像の色＋元CSV"
"バンダイナムコエンターテインメントフェスティバル","DAY2","東京ドーム","丸岡和佳奈","参加","","","画像の色＋元CSV"
"283プロダクションプロデューサー感謝祭～1.5 Anniversary Festival!!～","開催","森のホール２１ (松戸市文化会館)","丸岡和佳奈","参加","","","画像の色＋元CSV"
"MUSIC DAWN","DAY1","幕張イベントホール
（オンライン）","丸岡和佳奈","参加","","","画像の色＋元CSV"
"MUSIC DAWN","DAY2","幕張イベントホール
（オンライン）","丸岡和佳奈","参加","","","画像の色＋元CSV"
"2ndLIVE STEP INTO THE SUNSET SKY","DAY1","幕張メッセ","丸岡和佳奈","参加","","","画像の色＋元CSV"
"2ndLIVE STEP INTO THE SUNSET SKY","DAY2","幕張メッセ","丸岡和佳奈","参加","","","画像の色＋元CSV"
"3rdLIVE TOUR PIECE ON PLANET 
/ NAGOYA","DAY1","日本ガイシホール","丸岡和佳奈","参加","","","画像の色＋元CSV"
"3rdLIVE TOUR PIECE ON PLANET 
/ NAGOYA","DAY2","日本ガイシホール","丸岡和佳奈","参加","","","画像の色＋元CSV"
"3rdLIVE TOUR PIECE ON PLANET 
/ TOKYO","DAY1","東京ガーデンシアター","丸岡和佳奈","参加","","","画像の色＋元CSV"
"3rdLIVE TOUR PIECE ON PLANET 
/ TOKYO","DAY2","東京ガーデンシアター","丸岡和佳奈","参加","","","画像の色＋元CSV"
"3rdLIVE TOUR PIECE ON PLANET 
/ FUKUOKA","DAY1","西日本総合展示場","丸岡和佳奈","参加","","","画像の色＋元CSV"
"3rdLIVE TOUR PIECE ON PLANET 
/ FUKUOKA","DAY2","西日本総合展示場","丸岡和佳奈","参加","","","画像の色＋元CSV"
"283フェス 2021 Happy Buffet!","DAY1","バンダイナムコ未来研究所
（オンライン）","丸岡和佳奈","ユニット出演予定なし","","","画像の色＋元CSV"
"283フェス 2021 Happy Buffet!","DAY2","バンダイナムコ未来研究所
（オンライン）","丸岡和佳奈","欠席","","","画像の色＋元CSV"
"Xmas Party -Silent night-","DAY1","両国国技館","丸岡和佳奈","ユニット出演予定なし","","","画像の色＋元CSV"
"Xmas Party -Silent night-","DAY2","両国国技館","丸岡和佳奈","参加","","","画像の色＋元CSV"
"4thLIVE 空は澄み、今を越えて。","DAY1","幕張メッセ国際展示場1~3ホール","丸岡和佳奈","参加","","","画像の色＋元CSV"
"4thLIVE 空は澄み、今を越えて。","DAY2","幕張メッセ国際展示場1~3ホール","丸岡和佳奈","参加","","","画像の色＋元CSV"
"バンダイナムコエンターテインメントフェスティバル 2nd","DAY2","ZOZOマリンスタジアム","丸岡和佳奈","参加","","","画像の色＋元CSV"
"シャニマス初の対バンライブ 
283PRODUCTION UNIT LIVE SETSUNA BEAT","DAY1","東京ガーデンシアター","丸岡和佳奈","参加","","","画像の色＋元CSV"
"シャニマス初の対バンライブ 
283PRODUCTION UNIT LIVE SETSUNA BEAT","DAY2","東京ガーデンシアター","丸岡和佳奈","参加","","","画像の色＋元CSV"
"シャニマス初の対バンライブ 
283PRODUCTION UNIT LIVE MUGEN BEAT","DAY1","武蔵野の森総合スポーツプラザ","丸岡和佳奈","ユニット出演予定なし","","","画像の色＋元CSV"
"シャニマス初の対バンライブ 
283PRODUCTION UNIT LIVE MUGEN BEAT","DAY2","武蔵野の森総合スポーツプラザ","丸岡和佳奈","ユニット出演予定なし","","","画像の色＋元CSV"
"M@STERS OF IDOL WORLD!!!!! 2023","DAY1","東京ドーム","丸岡和佳奈","参加","","","画像の色＋元CSV"
"M@STERS OF IDOL WORLD!!!!! 2023","DAY2","東京ドーム","丸岡和佳奈","ユニット出演予定なし","","","画像の色＋元CSV"
"5thLIVE If I_wings.","DAY1","国立代々木競技場 第一体育館","丸岡和佳奈","参加","","","画像の色＋元CSV"
"5thLIVE If I_wings.","DAY2","国立代々木競技場 第一体育館","丸岡和佳奈","参加","","","画像の色＋元CSV"
"Solo Performance LIVE 我儘なまま","DAY1","武蔵野の森総合スポーツプラザ","丸岡和佳奈","参加","","","画像の色＋元CSV"
"Solo Performance LIVE 我儘なまま","DAY2","武蔵野の森総合スポーツプラザ","丸岡和佳奈","参加","","","画像の色＋元CSV"
"5.5th Anniversary LIVE 星が見上げた空","DAY1","幕張イベントホール","丸岡和佳奈","ユニット出演予定なし","","","画像の色＋元CSV"
"5.5th Anniversary LIVE 星が見上げた空","DAY2","幕張イベントホール","丸岡和佳奈","参加","","","画像の色＋元CSV"
"異次元フェス 
アイドルマスター★♥︎ラブライブ！歌合戦","DAY1","東京ドーム","丸岡和佳奈","ユニット出演予定なし","","","画像の色＋元CSV"
"異次元フェス 
アイドルマスター★♥︎ラブライブ！歌合戦","DAY2","東京ドーム","丸岡和佳奈","参加","","","画像の色＋元CSV"
"6thLIVE TOUR Come and Unite! 
Brilliant Blooms","DAY1","大阪城ホール","丸岡和佳奈","参加","","","画像の色＋元CSV"
"6thLIVE TOUR Come and Unite! 
Brilliant Blooms","DAY2","大阪城ホール","丸岡和佳奈","参加","","","画像の色＋元CSV"
"6thLIVE TOUR Come and Unite! 
Fantastic Fireworks","DAY1","Kアリーナ横浜","丸岡和佳奈","参加","","","画像の色＋元CSV"
"6thLIVE TOUR Come and Unite! 
Fantastic Fireworks","DAY2","Kアリーナ横浜","丸岡和佳奈","参加","","","画像の色＋元CSV"
"LIVE FUN!! -Beyond the Blue sky-","DAY1","横浜アリーナ","丸岡和佳奈","参加","","","画像の色＋元CSV"
"LIVE FUN!! -Beyond the Blue sky-","DAY2","横浜アリーナ","丸岡和佳奈","参加","","","画像の色＋元CSV"
"6.5th Anniversary LIVE “Chapter 283”","DAY1","武蔵野の森総合スポーツプラザ","丸岡和佳奈","参加","","","画像の色＋元CSV"
"6.5th Anniversary LIVE “Chapter 283”","DAY2","武蔵野の森総合スポーツプラザ","丸岡和佳奈","参加","","","画像の色＋元CSV"
"2nd season LIVE Over the prism","DAY1","ぴあアリーナMM","丸岡和佳奈","参加","","","画像の色＋元CSV"
"2nd season LIVE Over the prism","DAY2","ぴあアリーナMM","丸岡和佳奈","参加","","","画像の色＋元CSV"
"7th UNITLIVE TOUR 
円環 -Halo around- first quadrant","DAY1","福岡国際センター","丸岡和佳奈","ユニット出演予定なし","","","画像の色＋元CSV"
"7th UNITLIVE TOUR 
円環 -Halo around- first quadrant","DAY2","福岡国際センター","丸岡和佳奈","ユニット出演予定なし","","","画像の色＋元CSV"
"7th UNITLIVE TOUR 
円環 -Halo around- second quadrant","DAY1","横浜BUNTAI","丸岡和佳奈","参加","","","画像の色＋元CSV"
"7th UNITLIVE TOUR 
円環 -Halo around- second quadrant","DAY2","横浜BUNTAI","丸岡和佳奈","参加","","","画像の色＋元CSV"
"7th UNITLIVE TOUR 
円環 -Halo around- third quadrant","DAY1","Aichi Sky Expo","丸岡和佳奈","ユニット出演予定なし","","","画像の色＋元CSV"
"7th UNITLIVE TOUR 
円環 -Halo around- third quadrant","DAY2","Aichi Sky Expo","丸岡和佳奈","ユニット出演予定なし","","","画像の色＋元CSV"
"7th UNITLIVE TOUR 
円環 -Halo around- fourth quadrant","DAY1","盛運輸アリーナ","丸岡和佳奈","ユニット出演予定なし","","","画像の色＋元CSV"
"7th UNITLIVE TOUR 
円環 -Halo around- fourth quadrant","DAY2","盛運輸アリーナ","丸岡和佳奈","ユニット出演予定なし","","","画像の色＋元CSV"
"7th LIVE TOUR 
螺旋 -Halo around- “The origin on the axes”","DAY1","Kアリーナ横浜","丸岡和佳奈","参加","","","画像の色＋元CSV"
"7th LIVE TOUR 
螺旋 -Halo around- “The origin on the axes”","DAY2","Kアリーナ横浜","丸岡和佳奈","参加","","","画像の色＋元CSV"
"M@STERS OF IDOL WORLD 2025","DAY1","京セラドーム大阪","丸岡和佳奈","ユニット出演予定なし","","","画像の色＋元CSV"
"M@STERS OF IDOL WORLD 2025","DAY2","京セラドーム大阪","丸岡和佳奈","参加","","","画像の色＋元CSV"
"シャニマス大感謝祭！
〜283スポーツフェスティバル〜","DAY1","京王アリーナTOKYO","丸岡和佳奈","参加","","","画像の色＋元CSV"
"シャニマス大感謝祭！
〜283スポーツフェスティバル〜","DAY2","京王アリーナTOKYO","丸岡和佳奈","参加","","","画像の色＋元CSV"
"∞th LIVE iと夢","DAY1","Kアリーナ横浜","丸岡和佳奈","参加","2025/12/25","","画像の色＋元CSV"
"∞th LIVE iと夢","DAY2","Kアリーナ横浜","丸岡和佳奈","参加","","","画像の色＋元CSV"
"Solo Live Collection -Master ShowPiece-","DAY1","京王アリーナTOKYO","丸岡和佳奈","参加","","","画像の色＋元CSV"
"shiny, the first REFRAC7IONS "" Still blue ""","DAY1","国立代々木競技場 第一体育館","丸岡和佳奈","参加","","","画像の色＋元CSV"
"shiny, the first REFRAC7IONS "" Still blue ""","DAY2","国立代々木競技場 第一体育館","丸岡和佳奈","参加","","","画像の色＋元CSV"
"Solo Live Collection -Master ShowPiece-","DAY2","京王アリーナTOKYO","丸岡和佳奈","参加","","","画像の色＋元CSV"
"1stLIVE FLY TO THE SHINY SKY","DAY1","舞浜アンフィシアター","涼本あきほ","参加","","","画像の色＋元CSV"
"1stLIVE FLY TO THE SHINY SKY","DAY2 (昼)","舞浜アンフィシアター","涼本あきほ","参加","","","画像の色＋元CSV"
"1stLIVE FLY TO THE SHINY SKY","DAY2 (夜)","舞浜アンフィシアター","涼本あきほ","参加","","","画像の色＋元CSV"
"SUMMER PARTY 2019","(昼)","パシフィコ横浜","涼本あきほ","ユニット出演予定なし","","","画像の色＋元CSV"
"SUMMER PARTY 2019","(夜)","パシフィコ横浜","涼本あきほ","参加","","","画像の色＋元CSV"
"バンダイナムコエンターテインメントフェスティバル","DAY2","東京ドーム","涼本あきほ","参加","","","画像の色＋元CSV"
"283プロダクションプロデューサー感謝祭～1.5 Anniversary Festival!!～","開催","森のホール２１ (松戸市文化会館)","涼本あきほ","参加","","","画像の色＋元CSV"
"MUSIC DAWN","DAY1","幕張イベントホール
（オンライン）","涼本あきほ","参加","","","画像の色＋元CSV"
"MUSIC DAWN","DAY2","幕張イベントホール
（オンライン）","涼本あきほ","参加","","","画像の色＋元CSV"
"2ndLIVE STEP INTO THE SUNSET SKY","DAY1","幕張メッセ","涼本あきほ","参加","2021/02/08","","画像の色＋元CSV"
"2ndLIVE STEP INTO THE SUNSET SKY","DAY2","幕張メッセ","涼本あきほ","参加","","","画像の色＋元CSV"
"3rdLIVE TOUR PIECE ON PLANET 
/ NAGOYA","DAY1","日本ガイシホール","涼本あきほ","参加","2021/02/08","","画像の色＋元CSV"
"3rdLIVE TOUR PIECE ON PLANET 
/ NAGOYA","DAY2","日本ガイシホール","涼本あきほ","参加","","","画像の色＋元CSV"
"3rdLIVE TOUR PIECE ON PLANET 
/ TOKYO","DAY1","東京ガーデンシアター","涼本あきほ","参加","2021/02/08","","画像の色＋元CSV"
"3rdLIVE TOUR PIECE ON PLANET 
/ TOKYO","DAY2","東京ガーデンシアター","涼本あきほ","参加","","","画像の色＋元CSV"
"3rdLIVE TOUR PIECE ON PLANET 
/ FUKUOKA","DAY1","西日本総合展示場","涼本あきほ","参加","2021/02/08","","画像の色＋元CSV"
"3rdLIVE TOUR PIECE ON PLANET 
/ FUKUOKA","DAY2","西日本総合展示場","涼本あきほ","参加","","","画像の色＋元CSV"
"283フェス 2021 Happy Buffet!","DAY1","バンダイナムコ未来研究所
（オンライン）","涼本あきほ","ユニット出演予定なし","","","画像の色＋元CSV"
"283フェス 2021 Happy Buffet!","DAY2","バンダイナムコ未来研究所
（オンライン）","涼本あきほ","参加","","","画像の色＋元CSV"
"Xmas Party -Silent night-","DAY1","両国国技館","涼本あきほ","ユニット出演予定なし","","","画像の色＋元CSV"
"Xmas Party -Silent night-","DAY2","両国国技館","涼本あきほ","参加","","","画像の色＋元CSV"
"4thLIVE 空は澄み、今を越えて。","DAY1","幕張メッセ国際展示場1~3ホール","涼本あきほ","参加","","","画像の色＋元CSV"
"4thLIVE 空は澄み、今を越えて。","DAY2","幕張メッセ国際展示場1~3ホール","涼本あきほ","参加","","","画像の色＋元CSV"
"バンダイナムコエンターテインメントフェスティバル 2nd","DAY2","ZOZOマリンスタジアム","涼本あきほ","参加","","","画像の色＋元CSV"
"シャニマス初の対バンライブ 
283PRODUCTION UNIT LIVE SETSUNA BEAT","DAY1","東京ガーデンシアター","涼本あきほ","参加","","","画像の色＋元CSV"
"シャニマス初の対バンライブ 
283PRODUCTION UNIT LIVE SETSUNA BEAT","DAY2","東京ガーデンシアター","涼本あきほ","参加","","","画像の色＋元CSV"
"シャニマス初の対バンライブ 
283PRODUCTION UNIT LIVE MUGEN BEAT","DAY1","武蔵野の森総合スポーツプラザ","涼本あきほ","ユニット出演予定なし","","","画像の色＋元CSV"
"シャニマス初の対バンライブ 
283PRODUCTION UNIT LIVE MUGEN BEAT","DAY2","武蔵野の森総合スポーツプラザ","涼本あきほ","ユニット出演予定なし","","","画像の色＋元CSV"
"M@STERS OF IDOL WORLD!!!!! 2023","DAY1","東京ドーム","涼本あきほ","参加","","","画像の色＋元CSV"
"M@STERS OF IDOL WORLD!!!!! 2023","DAY2","東京ドーム","涼本あきほ","ユニット出演予定なし","","","画像の色＋元CSV"
"5thLIVE If I_wings.","DAY1","国立代々木競技場 第一体育館","涼本あきほ","参加","","","画像の色＋元CSV"
"5thLIVE If I_wings.","DAY2","国立代々木競技場 第一体育館","涼本あきほ","参加","","","画像の色＋元CSV"
"Solo Performance LIVE 我儘なまま","DAY1","武蔵野の森総合スポーツプラザ","涼本あきほ","参加","2023/05/22","","画像の色＋元CSV"
"Solo Performance LIVE 我儘なまま","DAY2","武蔵野の森総合スポーツプラザ","涼本あきほ","参加","","","画像の色＋元CSV"
"5.5th Anniversary LIVE 星が見上げた空","DAY1","幕張イベントホール","涼本あきほ","ユニット出演予定なし","","","画像の色＋元CSV"
"5.5th Anniversary LIVE 星が見上げた空","DAY2","幕張イベントホール","涼本あきほ","参加","","","画像の色＋元CSV"
"異次元フェス 
アイドルマスター★♥︎ラブライブ！歌合戦","DAY1","東京ドーム","涼本あきほ","ユニット出演予定なし","","","画像の色＋元CSV"
"異次元フェス 
アイドルマスター★♥︎ラブライブ！歌合戦","DAY2","東京ドーム","涼本あきほ","参加","","","画像の色＋元CSV"
"6thLIVE TOUR Come and Unite! 
Brilliant Blooms","DAY1","大阪城ホール","涼本あきほ","参加","","","画像の色＋元CSV"
"6thLIVE TOUR Come and Unite! 
Brilliant Blooms","DAY2","大阪城ホール","涼本あきほ","参加","","","画像の色＋元CSV"
"6thLIVE TOUR Come and Unite! 
Fantastic Fireworks","DAY1","Kアリーナ横浜","涼本あきほ","参加","","","画像の色＋元CSV"
"6thLIVE TOUR Come and Unite! 
Fantastic Fireworks","DAY2","Kアリーナ横浜","涼本あきほ","参加","","","画像の色＋元CSV"
"LIVE FUN!! -Beyond the Blue sky-","DAY1","横浜アリーナ","涼本あきほ","参加","","","画像の色＋元CSV"
"LIVE FUN!! -Beyond the Blue sky-","DAY2","横浜アリーナ","涼本あきほ","参加","","","画像の色＋元CSV"
"6.5th Anniversary LIVE “Chapter 283”","DAY1","武蔵野の森総合スポーツプラザ","涼本あきほ","参加","","","画像の色＋元CSV"
"6.5th Anniversary LIVE “Chapter 283”","DAY2","武蔵野の森総合スポーツプラザ","涼本あきほ","参加","","","画像の色＋元CSV"
"2nd season LIVE Over the prism","DAY1","ぴあアリーナMM","涼本あきほ","参加","","","画像の色＋元CSV"
"2nd season LIVE Over the prism","DAY2","ぴあアリーナMM","涼本あきほ","参加","","","画像の色＋元CSV"
"7th UNITLIVE TOUR 
円環 -Halo around- first quadrant","DAY1","福岡国際センター","涼本あきほ","ユニット出演予定なし","","","画像の色＋元CSV"
"7th UNITLIVE TOUR 
円環 -Halo around- first quadrant","DAY2","福岡国際センター","涼本あきほ","ユニット出演予定なし","","","画像の色＋元CSV"
"7th UNITLIVE TOUR 
円環 -Halo around- second quadrant","DAY1","横浜BUNTAI","涼本あきほ","参加","","","画像の色＋元CSV"
"7th UNITLIVE TOUR 
円環 -Halo around- second quadrant","DAY2","横浜BUNTAI","涼本あきほ","参加","","","画像の色＋元CSV"
"7th UNITLIVE TOUR 
円環 -Halo around- third quadrant","DAY1","Aichi Sky Expo","涼本あきほ","ユニット出演予定なし","","","画像の色＋元CSV"
"7th UNITLIVE TOUR 
円環 -Halo around- third quadrant","DAY2","Aichi Sky Expo","涼本あきほ","ユニット出演予定なし","","","画像の色＋元CSV"
"7th UNITLIVE TOUR 
円環 -Halo around- fourth quadrant","DAY1","盛運輸アリーナ","涼本あきほ","ユニット出演予定なし","","","画像の色＋元CSV"
"7th UNITLIVE TOUR 
円環 -Halo around- fourth quadrant","DAY2","盛運輸アリーナ","涼本あきほ","ユニット出演予定なし","","","画像の色＋元CSV"
"7th LIVE TOUR 
螺旋 -Halo around- “The origin on the axes”","DAY1","Kアリーナ横浜","涼本あきほ","参加","","","画像の色＋元CSV"
"7th LIVE TOUR 
螺旋 -Halo around- “The origin on the axes”","DAY2","Kアリーナ横浜","涼本あきほ","参加","","","画像の色＋元CSV"
"M@STERS OF IDOL WORLD 2025","DAY1","京セラドーム大阪","涼本あきほ","ユニット出演予定なし","","","画像の色＋元CSV"
"M@STERS OF IDOL WORLD 2025","DAY2","京セラドーム大阪","涼本あきほ","参加","","","画像の色＋元CSV"
"シャニマス大感謝祭！
〜283スポーツフェスティバル〜","DAY1","京王アリーナTOKYO","涼本あきほ","参加","","","画像の色＋元CSV"
"シャニマス大感謝祭！
〜283スポーツフェスティバル〜","DAY2","京王アリーナTOKYO","涼本あきほ","参加","","","画像の色＋元CSV"
"∞th LIVE iと夢","DAY1","Kアリーナ横浜","涼本あきほ","参加","","","画像の色＋元CSV"
"∞th LIVE iと夢","DAY2","Kアリーナ横浜","涼本あきほ","参加","","","画像の色＋元CSV"
"Solo Live Collection -Master ShowPiece-","DAY1","京王アリーナTOKYO","涼本あきほ","参加","","","画像の色＋元CSV"
"shiny, the first REFRAC7IONS "" Still blue ""","DAY1","国立代々木競技場 第一体育館","涼本あきほ","参加","","","画像の色＋元CSV"
"shiny, the first REFRAC7IONS "" Still blue ""","DAY2","国立代々木競技場 第一体育館","涼本あきほ","参加","","","画像の色＋元CSV"
"Solo Live Collection -Master ShowPiece-","DAY2","京王アリーナTOKYO","涼本あきほ","参加","","","画像の色＋元CSV"
"1stLIVE FLY TO THE SHINY SKY","DAY1","舞浜アンフィシアター","黒木ほの香","参加","","","画像の色＋元CSV"
"1stLIVE FLY TO THE SHINY SKY","DAY2 (昼)","舞浜アンフィシアター","黒木ほの香","参加","","","画像の色＋元CSV"
"1stLIVE FLY TO THE SHINY SKY","DAY2 (夜)","舞浜アンフィシアター","黒木ほの香","参加","","","画像の色＋元CSV"
"SUMMER PARTY 2019","(昼)","パシフィコ横浜","黒木ほの香","ユニット出演予定なし","","","画像の色＋元CSV"
"SUMMER PARTY 2019","(夜)","パシフィコ横浜","黒木ほの香","参加","","","画像の色＋元CSV"
"バンダイナムコエンターテインメントフェスティバル","DAY2","東京ドーム","黒木ほの香","参加","","","画像の色＋元CSV"
"283プロダクションプロデューサー感謝祭～1.5 Anniversary Festival!!～","開催","森のホール２１ (松戸市文化会館)","黒木ほの香","参加","","","画像の色＋元CSV"
"MUSIC DAWN","DAY1","幕張イベントホール
（オンライン）","黒木ほの香","参加","","","画像の色＋元CSV"
"MUSIC DAWN","DAY2","幕張イベントホール
（オンライン）","黒木ほの香","参加","","","画像の色＋元CSV"
"2ndLIVE STEP INTO THE SUNSET SKY","DAY1","幕張メッセ","黒木ほの香","参加","","","画像の色＋元CSV"
"2ndLIVE STEP INTO THE SUNSET SKY","DAY2","幕張メッセ","黒木ほの香","参加","","","画像の色＋元CSV"
"3rdLIVE TOUR PIECE ON PLANET 
/ NAGOYA","DAY1","日本ガイシホール","黒木ほの香","参加","","","画像の色＋元CSV"
"3rdLIVE TOUR PIECE ON PLANET 
/ NAGOYA","DAY2","日本ガイシホール","黒木ほの香","参加","","","画像の色＋元CSV"
"3rdLIVE TOUR PIECE ON PLANET 
/ TOKYO","DAY1","東京ガーデンシアター","黒木ほの香","参加","","","画像の色＋元CSV"
"3rdLIVE TOUR PIECE ON PLANET 
/ TOKYO","DAY2","東京ガーデンシアター","黒木ほの香","参加","","","画像の色＋元CSV"
"3rdLIVE TOUR PIECE ON PLANET 
/ FUKUOKA","DAY1","西日本総合展示場","黒木ほの香","参加","","","画像の色＋元CSV"
"3rdLIVE TOUR PIECE ON PLANET 
/ FUKUOKA","DAY2","西日本総合展示場","黒木ほの香","参加","","","画像の色＋元CSV"
"283フェス 2021 Happy Buffet!","DAY1","バンダイナムコ未来研究所
（オンライン）","黒木ほの香","参加","","","画像の色＋元CSV"
"283フェス 2021 Happy Buffet!","DAY2","バンダイナムコ未来研究所
（オンライン）","黒木ほの香","ユニット出演予定なし","","","画像の色＋元CSV"
"Xmas Party -Silent night-","DAY1","両国国技館","黒木ほの香","参加","","","画像の色＋元CSV"
"Xmas Party -Silent night-","DAY2","両国国技館","黒木ほの香","ユニット出演予定なし","","","画像の色＋元CSV"
"4thLIVE 空は澄み、今を越えて。","DAY1","幕張メッセ国際展示場1~3ホール","黒木ほの香","参加","","","画像の色＋元CSV"
"4thLIVE 空は澄み、今を越えて。","DAY2","幕張メッセ国際展示場1~3ホール","黒木ほの香","参加","","","画像の色＋元CSV"
"バンダイナムコエンターテインメントフェスティバル 2nd","DAY2","ZOZOマリンスタジアム","黒木ほの香","参加","","","画像の色＋元CSV"
"シャニマス初の対バンライブ 
283PRODUCTION UNIT LIVE SETSUNA BEAT","DAY1","東京ガーデンシアター","黒木ほの香","急遽不参加","","体調不良","画像の色＋元CSV"
"シャニマス初の対バンライブ 
283PRODUCTION UNIT LIVE SETSUNA BEAT","DAY2","東京ガーデンシアター","黒木ほの香","急遽不参加","","体調不良","画像の色＋元CSV"
"シャニマス初の対バンライブ 
283PRODUCTION UNIT LIVE MUGEN BEAT","DAY1","武蔵野の森総合スポーツプラザ","黒木ほの香","ユニット出演予定なし","","","画像の色＋元CSV"
"シャニマス初の対バンライブ 
283PRODUCTION UNIT LIVE MUGEN BEAT","DAY2","武蔵野の森総合スポーツプラザ","黒木ほの香","ユニット出演予定なし","","","画像の色＋元CSV"
"M@STERS OF IDOL WORLD!!!!! 2023","DAY1","東京ドーム","黒木ほの香","ユニット出演予定なし","","","画像の色＋元CSV"
"M@STERS OF IDOL WORLD!!!!! 2023","DAY2","東京ドーム","黒木ほの香","参加","","","画像の色＋元CSV"
"5thLIVE If I_wings.","DAY1","国立代々木競技場 第一体育館","黒木ほの香","参加","","","画像の色＋元CSV"
"5thLIVE If I_wings.","DAY2","国立代々木競技場 第一体育館","黒木ほの香","参加","","","画像の色＋元CSV"
"Solo Performance LIVE 我儘なまま","DAY1","武蔵野の森総合スポーツプラザ","黒木ほの香","参加","","","画像の色＋元CSV"
"Solo Performance LIVE 我儘なまま","DAY2","武蔵野の森総合スポーツプラザ","黒木ほの香","参加","","","画像の色＋元CSV"
"5.5th Anniversary LIVE 星が見上げた空","DAY1","幕張イベントホール","黒木ほの香","ユニット出演予定なし","","","画像の色＋元CSV"
"5.5th Anniversary LIVE 星が見上げた空","DAY2","幕張イベントホール","黒木ほの香","参加","","","画像の色＋元CSV"
"異次元フェス 
アイドルマスター★♥︎ラブライブ！歌合戦","DAY1","東京ドーム","黒木ほの香","参加","","","画像の色＋元CSV"
"異次元フェス 
アイドルマスター★♥︎ラブライブ！歌合戦","DAY2","東京ドーム","黒木ほの香","ユニット出演予定なし","","","画像の色＋元CSV"
"6thLIVE TOUR Come and Unite! 
Brilliant Blooms","DAY1","大阪城ホール","黒木ほの香","参加","","","画像の色＋元CSV"
"6thLIVE TOUR Come and Unite! 
Brilliant Blooms","DAY2","大阪城ホール","黒木ほの香","参加","","","画像の色＋元CSV"
"6thLIVE TOUR Come and Unite! 
Fantastic Fireworks","DAY1","Kアリーナ横浜","黒木ほの香","参加","","","画像の色＋元CSV"
"6thLIVE TOUR Come and Unite! 
Fantastic Fireworks","DAY2","Kアリーナ横浜","黒木ほの香","参加","","","画像の色＋元CSV"
"LIVE FUN!! -Beyond the Blue sky-","DAY1","横浜アリーナ","黒木ほの香","参加","","","画像の色＋元CSV"
"LIVE FUN!! -Beyond the Blue sky-","DAY2","横浜アリーナ","黒木ほの香","参加","","","画像の色＋元CSV"
"6.5th Anniversary LIVE “Chapter 283”","DAY1","武蔵野の森総合スポーツプラザ","黒木ほの香","参加","","","画像の色＋元CSV"
"6.5th Anniversary LIVE “Chapter 283”","DAY2","武蔵野の森総合スポーツプラザ","黒木ほの香","参加","","","画像の色＋元CSV"
"2nd season LIVE Over the prism","DAY1","ぴあアリーナMM","黒木ほの香","参加","","","画像の色＋元CSV"
"2nd season LIVE Over the prism","DAY2","ぴあアリーナMM","黒木ほの香","参加","","","画像の色＋元CSV"
"7th UNITLIVE TOUR 
円環 -Halo around- first quadrant","DAY1","福岡国際センター","黒木ほの香","ユニット出演予定なし","","","画像の色＋元CSV"
"7th UNITLIVE TOUR 
円環 -Halo around- first quadrant","DAY2","福岡国際センター","黒木ほの香","ユニット出演予定なし","","","画像の色＋元CSV"
"7th UNITLIVE TOUR 
円環 -Halo around- second quadrant","DAY1","横浜BUNTAI","黒木ほの香","ユニット出演予定なし","","","画像の色＋元CSV"
"7th UNITLIVE TOUR 
円環 -Halo around- second quadrant","DAY2","横浜BUNTAI","黒木ほの香","ユニット出演予定なし","","","画像の色＋元CSV"
"7th UNITLIVE TOUR 
円環 -Halo around- third quadrant","DAY1","Aichi Sky Expo","黒木ほの香","参加","","","画像の色＋元CSV"
"7th UNITLIVE TOUR 
円環 -Halo around- third quadrant","DAY2","Aichi Sky Expo","黒木ほの香","参加","","","画像の色＋元CSV"
"7th UNITLIVE TOUR 
円環 -Halo around- fourth quadrant","DAY1","盛運輸アリーナ","黒木ほの香","ユニット出演予定なし","","","画像の色＋元CSV"
"7th UNITLIVE TOUR 
円環 -Halo around- fourth quadrant","DAY2","盛運輸アリーナ","黒木ほの香","ユニット出演予定なし","","","画像の色＋元CSV"
"7th LIVE TOUR 
螺旋 -Halo around- “The origin on the axes”","DAY1","Kアリーナ横浜","黒木ほの香","参加","","","画像の色＋元CSV"
"7th LIVE TOUR 
螺旋 -Halo around- “The origin on the axes”","DAY2","Kアリーナ横浜","黒木ほの香","参加","","","画像の色＋元CSV"
"M@STERS OF IDOL WORLD 2025","DAY1","京セラドーム大阪","黒木ほの香","参加","","","画像の色＋元CSV"
"M@STERS OF IDOL WORLD 2025","DAY2","京セラドーム大阪","黒木ほの香","ユニット出演予定なし","","","画像の色＋元CSV"
"シャニマス大感謝祭！
〜283スポーツフェスティバル〜","DAY1","京王アリーナTOKYO","黒木ほの香","参加","","","画像の色＋元CSV"
"シャニマス大感謝祭！
〜283スポーツフェスティバル〜","DAY2","京王アリーナTOKYO","黒木ほの香","参加","","","画像の色＋元CSV"
"∞th LIVE iと夢","DAY1","Kアリーナ横浜","黒木ほの香","参加","","","画像の色＋元CSV"
"∞th LIVE iと夢","DAY2","Kアリーナ横浜","黒木ほの香","参加","","","画像の色＋元CSV"
"Solo Live Collection -Master ShowPiece-","DAY1","京王アリーナTOKYO","黒木ほの香","参加","2026/06/26","","画像の色＋元CSV"
"shiny, the first REFRAC7IONS "" Still blue ""","DAY1","国立代々木競技場 第一体育館","黒木ほの香","欠席","","","画像の色＋元CSV"
"Solo Live Collection -Master ShowPiece-","DAY2","京王アリーナTOKYO","黒木ほの香","参加","2026/06/26","","画像の色＋元CSV"
"shiny, the first REFRAC7IONS "" Still blue ""","DAY2","国立代々木競技場 第一体育館","黒木ほの香","欠席","","","画像の色＋元CSV"
"1stLIVE FLY TO THE SHINY SKY","DAY1","舞浜アンフィシアター","前川涼子","参加","","","画像の色＋元CSV"
"1stLIVE FLY TO THE SHINY SKY","DAY2 (昼)","舞浜アンフィシアター","前川涼子","参加","","","画像の色＋元CSV"
"1stLIVE FLY TO THE SHINY SKY","DAY2 (夜)","舞浜アンフィシアター","前川涼子","参加","","","画像の色＋元CSV"
"SUMMER PARTY 2019","(昼)","パシフィコ横浜","前川涼子","ユニット出演予定なし","","","画像の色＋元CSV"
"SUMMER PARTY 2019","(夜)","パシフィコ横浜","前川涼子","参加","","","画像の色＋元CSV"
"バンダイナムコエンターテインメントフェスティバル","DAY2","東京ドーム","前川涼子","参加","","","画像の色＋元CSV"
"283プロダクションプロデューサー感謝祭～1.5 Anniversary Festival!!～","開催","森のホール２１ (松戸市文化会館)","前川涼子","参加","","","画像の色＋元CSV"
"MUSIC DAWN","DAY1","幕張イベントホール
（オンライン）","前川涼子","参加","","","画像の色＋元CSV"
"MUSIC DAWN","DAY2","幕張イベントホール
（オンライン）","前川涼子","参加","","","画像の色＋元CSV"
"2ndLIVE STEP INTO THE SUNSET SKY","DAY1","幕張メッセ","前川涼子","参加","2021/02/08","","画像の色＋元CSV"
"2ndLIVE STEP INTO THE SUNSET SKY","DAY2","幕張メッセ","前川涼子","参加","","","画像の色＋元CSV"
"3rdLIVE TOUR PIECE ON PLANET 
/ NAGOYA","DAY1","日本ガイシホール","前川涼子","参加","2021/02/08","","画像の色＋元CSV"
"3rdLIVE TOUR PIECE ON PLANET 
/ NAGOYA","DAY2","日本ガイシホール","前川涼子","参加","","","画像の色＋元CSV"
"3rdLIVE TOUR PIECE ON PLANET 
/ TOKYO","DAY1","東京ガーデンシアター","前川涼子","参加","2021/02/08","","画像の色＋元CSV"
"3rdLIVE TOUR PIECE ON PLANET 
/ TOKYO","DAY2","東京ガーデンシアター","前川涼子","参加","2021/02/08","","画像の色＋元CSV"
"3rdLIVE TOUR PIECE ON PLANET 
/ FUKUOKA","DAY1","西日本総合展示場","前川涼子","参加","2021/02/08","","画像の色＋元CSV"
"3rdLIVE TOUR PIECE ON PLANET 
/ FUKUOKA","DAY2","西日本総合展示場","前川涼子","参加","2021/02/08","","画像の色＋元CSV"
"283フェス 2021 Happy Buffet!","DAY1","バンダイナムコ未来研究所
（オンライン）","前川涼子","参加","","","画像の色＋元CSV"
"283フェス 2021 Happy Buffet!","DAY2","バンダイナムコ未来研究所
（オンライン）","前川涼子","ユニット出演予定なし","","","画像の色＋元CSV"
"Xmas Party -Silent night-","DAY1","両国国技館","前川涼子","参加","","","画像の色＋元CSV"
"Xmas Party -Silent night-","DAY2","両国国技館","前川涼子","ユニット出演予定なし","","","画像の色＋元CSV"
"4thLIVE 空は澄み、今を越えて。","DAY1","幕張メッセ国際展示場1~3ホール","前川涼子","参加","","","画像の色＋元CSV"
"4thLIVE 空は澄み、今を越えて。","DAY2","幕張メッセ国際展示場1~3ホール","前川涼子","参加","","","画像の色＋元CSV"
"バンダイナムコエンターテインメントフェスティバル 2nd","DAY2","ZOZOマリンスタジアム","前川涼子","参加","","","画像の色＋元CSV"
"シャニマス初の対バンライブ 
283PRODUCTION UNIT LIVE SETSUNA BEAT","DAY1","東京ガーデンシアター","前川涼子","参加","","","画像の色＋元CSV"
"シャニマス初の対バンライブ 
283PRODUCTION UNIT LIVE SETSUNA BEAT","DAY2","東京ガーデンシアター","前川涼子","参加","","","画像の色＋元CSV"
"シャニマス初の対バンライブ 
283PRODUCTION UNIT LIVE MUGEN BEAT","DAY1","武蔵野の森総合スポーツプラザ","前川涼子","ユニット出演予定なし","","","画像の色＋元CSV"
"シャニマス初の対バンライブ 
283PRODUCTION UNIT LIVE MUGEN BEAT","DAY2","武蔵野の森総合スポーツプラザ","前川涼子","ユニット出演予定なし","","","画像の色＋元CSV"
"M@STERS OF IDOL WORLD!!!!! 2023","DAY1","東京ドーム","前川涼子","ユニット出演予定なし","","","画像の色＋元CSV"
"M@STERS OF IDOL WORLD!!!!! 2023","DAY2","東京ドーム","前川涼子","参加","","","画像の色＋元CSV"
"5thLIVE If I_wings.","DAY1","国立代々木競技場 第一体育館","前川涼子","参加","","","画像の色＋元CSV"
"5thLIVE If I_wings.","DAY2","国立代々木競技場 第一体育館","前川涼子","参加","","","画像の色＋元CSV"
"Solo Performance LIVE 我儘なまま","DAY1","武蔵野の森総合スポーツプラザ","前川涼子","参加","","","画像の色＋元CSV"
"Solo Performance LIVE 我儘なまま","DAY2","武蔵野の森総合スポーツプラザ","前川涼子","参加","","","画像の色＋元CSV"
"5.5th Anniversary LIVE 星が見上げた空","DAY1","幕張イベントホール","前川涼子","ユニット出演予定なし","","","画像の色＋元CSV"
"5.5th Anniversary LIVE 星が見上げた空","DAY2","幕張イベントホール","前川涼子","参加","","","画像の色＋元CSV"
"異次元フェス 
アイドルマスター★♥︎ラブライブ！歌合戦","DAY1","東京ドーム","前川涼子","参加","","","画像の色＋元CSV"
"異次元フェス 
アイドルマスター★♥︎ラブライブ！歌合戦","DAY2","東京ドーム","前川涼子","ユニット出演予定なし","","","画像の色＋元CSV"
"6thLIVE TOUR Come and Unite! 
Brilliant Blooms","DAY1","大阪城ホール","前川涼子","参加","","","画像の色＋元CSV"
"6thLIVE TOUR Come and Unite! 
Brilliant Blooms","DAY2","大阪城ホール","前川涼子","参加","","","画像の色＋元CSV"
"6thLIVE TOUR Come and Unite! 
Fantastic Fireworks","DAY1","Kアリーナ横浜","前川涼子","参加","","","画像の色＋元CSV"
"6thLIVE TOUR Come and Unite! 
Fantastic Fireworks","DAY2","Kアリーナ横浜","前川涼子","参加","","","画像の色＋元CSV"
"LIVE FUN!! -Beyond the Blue sky-","DAY1","横浜アリーナ","前川涼子","参加","","","画像の色＋元CSV"
"LIVE FUN!! -Beyond the Blue sky-","DAY2","横浜アリーナ","前川涼子","参加","","","画像の色＋元CSV"
"6.5th Anniversary LIVE “Chapter 283”","DAY1","武蔵野の森総合スポーツプラザ","前川涼子","参加","","","画像の色＋元CSV"
"6.5th Anniversary LIVE “Chapter 283”","DAY2","武蔵野の森総合スポーツプラザ","前川涼子","参加","","","画像の色＋元CSV"
"2nd season LIVE Over the prism","DAY1","ぴあアリーナMM","前川涼子","参加","","","画像の色＋元CSV"
"2nd season LIVE Over the prism","DAY2","ぴあアリーナMM","前川涼子","参加","","","画像の色＋元CSV"
"7th UNITLIVE TOUR 
円環 -Halo around- first quadrant","DAY1","福岡国際センター","前川涼子","ユニット出演予定なし","","","画像の色＋元CSV"
"7th UNITLIVE TOUR 
円環 -Halo around- first quadrant","DAY2","福岡国際センター","前川涼子","ユニット出演予定なし","","","画像の色＋元CSV"
"7th UNITLIVE TOUR 
円環 -Halo around- second quadrant","DAY1","横浜BUNTAI","前川涼子","ユニット出演予定なし","","","画像の色＋元CSV"
"7th UNITLIVE TOUR 
円環 -Halo around- second quadrant","DAY2","横浜BUNTAI","前川涼子","ユニット出演予定なし","","","画像の色＋元CSV"
"7th UNITLIVE TOUR 
円環 -Halo around- third quadrant","DAY1","Aichi Sky Expo","前川涼子","参加","","","画像の色＋元CSV"
"7th UNITLIVE TOUR 
円環 -Halo around- third quadrant","DAY2","Aichi Sky Expo","前川涼子","参加","","","画像の色＋元CSV"
"7th UNITLIVE TOUR 
円環 -Halo around- fourth quadrant","DAY1","盛運輸アリーナ","前川涼子","ユニット出演予定なし","","","画像の色＋元CSV"
"7th UNITLIVE TOUR 
円環 -Halo around- fourth quadrant","DAY2","盛運輸アリーナ","前川涼子","ユニット出演予定なし","","","画像の色＋元CSV"
"7th LIVE TOUR 
螺旋 -Halo around- “The origin on the axes”","DAY1","Kアリーナ横浜","前川涼子","参加","","","画像の色＋元CSV"
"7th LIVE TOUR 
螺旋 -Halo around- “The origin on the axes”","DAY2","Kアリーナ横浜","前川涼子","参加","","","画像の色＋元CSV"
"M@STERS OF IDOL WORLD 2025","DAY1","京セラドーム大阪","前川涼子","参加","","","画像の色＋元CSV"
"M@STERS OF IDOL WORLD 2025","DAY2","京セラドーム大阪","前川涼子","ユニット出演予定なし","","","画像の色＋元CSV"
"シャニマス大感謝祭！
〜283スポーツフェスティバル〜","DAY1","京王アリーナTOKYO","前川涼子","参加","","","画像の色＋元CSV"
"シャニマス大感謝祭！
〜283スポーツフェスティバル〜","DAY2","京王アリーナTOKYO","前川涼子","参加","","","画像の色＋元CSV"
"∞th LIVE iと夢","DAY1","Kアリーナ横浜","前川涼子","参加","","","画像の色＋元CSV"
"∞th LIVE iと夢","DAY2","Kアリーナ横浜","前川涼子","参加","","","画像の色＋元CSV"
"shiny, the first REFRAC7IONS "" Still blue ""","DAY1","国立代々木競技場 第一体育館","前川涼子","欠席","","","画像の色＋元CSV"
"Solo Live Collection -Master ShowPiece-","DAY1","京王アリーナTOKYO","前川涼子","参加","","","画像の色＋元CSV"
"shiny, the first REFRAC7IONS "" Still blue ""","DAY2","国立代々木競技場 第一体育館","前川涼子","欠席","","","画像の色＋元CSV"
"Solo Live Collection -Master ShowPiece-","DAY2","京王アリーナTOKYO","前川涼子","参加","","","画像の色＋元CSV"
"1stLIVE FLY TO THE SHINY SKY","DAY1","舞浜アンフィシアター","芝崎典子","参加","","","画像の色＋元CSV"
"1stLIVE FLY TO THE SHINY SKY","DAY2 (昼)","舞浜アンフィシアター","芝崎典子","参加","","","画像の色＋元CSV"
"1stLIVE FLY TO THE SHINY SKY","DAY2 (夜)","舞浜アンフィシアター","芝崎典子","参加","","","画像の色＋元CSV"
"SUMMER PARTY 2019","(昼)","パシフィコ横浜","芝崎典子","ユニット出演予定なし","","","画像の色＋元CSV"
"SUMMER PARTY 2019","(夜)","パシフィコ横浜","芝崎典子","参加","","","画像の色＋元CSV"
"バンダイナムコエンターテインメントフェスティバル","DAY2","東京ドーム","芝崎典子","参加","","","画像の色＋元CSV"
"283プロダクションプロデューサー感謝祭～1.5 Anniversary Festival!!～","開催","森のホール２１ (松戸市文化会館)","芝崎典子","参加","","","画像の色＋元CSV"
"MUSIC DAWN","DAY1","幕張イベントホール
（オンライン）","芝崎典子","参加","","","画像の色＋元CSV"
"MUSIC DAWN","DAY2","幕張イベントホール
（オンライン）","芝崎典子","参加","","","画像の色＋元CSV"
"2ndLIVE STEP INTO THE SUNSET SKY","DAY1","幕張メッセ","芝崎典子","参加","","","画像の色＋元CSV"
"2ndLIVE STEP INTO THE SUNSET SKY","DAY2","幕張メッセ","芝崎典子","参加","","","画像の色＋元CSV"
"3rdLIVE TOUR PIECE ON PLANET 
/ NAGOYA","DAY1","日本ガイシホール","芝崎典子","参加","","","画像の色＋元CSV"
"3rdLIVE TOUR PIECE ON PLANET 
/ NAGOYA","DAY2","日本ガイシホール","芝崎典子","参加","","","画像の色＋元CSV"
"3rdLIVE TOUR PIECE ON PLANET 
/ TOKYO","DAY1","東京ガーデンシアター","芝崎典子","参加","","","画像の色＋元CSV"
"3rdLIVE TOUR PIECE ON PLANET 
/ TOKYO","DAY2","東京ガーデンシアター","芝崎典子","欠席","","","画像の色＋元CSV"
"3rdLIVE TOUR PIECE ON PLANET 
/ FUKUOKA","DAY1","西日本総合展示場","芝崎典子","参加","","","画像の色＋元CSV"
"3rdLIVE TOUR PIECE ON PLANET 
/ FUKUOKA","DAY2","西日本総合展示場","芝崎典子","参加","","","画像の色＋元CSV"
"283フェス 2021 Happy Buffet!","DAY1","バンダイナムコ未来研究所
（オンライン）","芝崎典子","参加","","","画像の色＋元CSV"
"283フェス 2021 Happy Buffet!","DAY2","バンダイナムコ未来研究所
（オンライン）","芝崎典子","ユニット出演予定なし","","","画像の色＋元CSV"
"Xmas Party -Silent night-","DAY1","両国国技館","芝崎典子","参加","","","画像の色＋元CSV"
"Xmas Party -Silent night-","DAY2","両国国技館","芝崎典子","ユニット出演予定なし","","","画像の色＋元CSV"
"4thLIVE 空は澄み、今を越えて。","DAY1","幕張メッセ国際展示場1~3ホール","芝崎典子","参加","","","画像の色＋元CSV"
"4thLIVE 空は澄み、今を越えて。","DAY2","幕張メッセ国際展示場1~3ホール","芝崎典子","参加","","","画像の色＋元CSV"
"バンダイナムコエンターテインメントフェスティバル 2nd","DAY2","ZOZOマリンスタジアム","芝崎典子","参加","","","画像の色＋元CSV"
"シャニマス初の対バンライブ 
283PRODUCTION UNIT LIVE SETSUNA BEAT","DAY1","東京ガーデンシアター","芝崎典子","参加","","","画像の色＋元CSV"
"シャニマス初の対バンライブ 
283PRODUCTION UNIT LIVE SETSUNA BEAT","DAY2","東京ガーデンシアター","芝崎典子","参加","","","画像の色＋元CSV"
"シャニマス初の対バンライブ 
283PRODUCTION UNIT LIVE MUGEN BEAT","DAY1","武蔵野の森総合スポーツプラザ","芝崎典子","ユニット出演予定なし","","","画像の色＋元CSV"
"シャニマス初の対バンライブ 
283PRODUCTION UNIT LIVE MUGEN BEAT","DAY2","武蔵野の森総合スポーツプラザ","芝崎典子","ユニット出演予定なし","","","画像の色＋元CSV"
"M@STERS OF IDOL WORLD!!!!! 2023","DAY1","東京ドーム","芝崎典子","ユニット出演予定なし","","","画像の色＋元CSV"
"M@STERS OF IDOL WORLD!!!!! 2023","DAY2","東京ドーム","芝崎典子","参加","","","画像の色＋元CSV"
"5thLIVE If I_wings.","DAY1","国立代々木競技場 第一体育館","芝崎典子","参加","","","画像の色＋元CSV"
"5thLIVE If I_wings.","DAY2","国立代々木競技場 第一体育館","芝崎典子","参加","","","画像の色＋元CSV"
"Solo Performance LIVE 我儘なまま","DAY1","武蔵野の森総合スポーツプラザ","芝崎典子","参加","","","画像の色＋元CSV"
"Solo Performance LIVE 我儘なまま","DAY2","武蔵野の森総合スポーツプラザ","芝崎典子","参加","","","画像の色＋元CSV"
"5.5th Anniversary LIVE 星が見上げた空","DAY1","幕張イベントホール","芝崎典子","ユニット出演予定なし","","","画像の色＋元CSV"
"5.5th Anniversary LIVE 星が見上げた空","DAY2","幕張イベントホール","芝崎典子","参加","","","画像の色＋元CSV"
"異次元フェス 
アイドルマスター★♥︎ラブライブ！歌合戦","DAY1","東京ドーム","芝崎典子","参加","","","画像の色＋元CSV"
"異次元フェス 
アイドルマスター★♥︎ラブライブ！歌合戦","DAY2","東京ドーム","芝崎典子","ユニット出演予定なし","","","画像の色＋元CSV"
"6thLIVE TOUR Come and Unite! 
Brilliant Blooms","DAY1","大阪城ホール","芝崎典子","参加","","","画像の色＋元CSV"
"6thLIVE TOUR Come and Unite! 
Brilliant Blooms","DAY2","大阪城ホール","芝崎典子","参加","","","画像の色＋元CSV"
"6thLIVE TOUR Come and Unite! 
Fantastic Fireworks","DAY1","Kアリーナ横浜","芝崎典子","参加","","","画像の色＋元CSV"
"6thLIVE TOUR Come and Unite! 
Fantastic Fireworks","DAY2","Kアリーナ横浜","芝崎典子","参加","","","画像の色＋元CSV"
"LIVE FUN!! -Beyond the Blue sky-","DAY1","横浜アリーナ","芝崎典子","参加","","","画像の色＋元CSV"
"LIVE FUN!! -Beyond the Blue sky-","DAY2","横浜アリーナ","芝崎典子","参加","","","画像の色＋元CSV"
"6.5th Anniversary LIVE “Chapter 283”","DAY1","武蔵野の森総合スポーツプラザ","芝崎典子","参加","","","画像の色＋元CSV"
"6.5th Anniversary LIVE “Chapter 283”","DAY2","武蔵野の森総合スポーツプラザ","芝崎典子","参加","","","画像の色＋元CSV"
"2nd season LIVE Over the prism","DAY1","ぴあアリーナMM","芝崎典子","参加","","","画像の色＋元CSV"
"2nd season LIVE Over the prism","DAY2","ぴあアリーナMM","芝崎典子","参加","","","画像の色＋元CSV"
"7th UNITLIVE TOUR 
円環 -Halo around- first quadrant","DAY1","福岡国際センター","芝崎典子","ユニット出演予定なし","","","画像の色＋元CSV"
"7th UNITLIVE TOUR 
円環 -Halo around- first quadrant","DAY2","福岡国際センター","芝崎典子","ユニット出演予定なし","","","画像の色＋元CSV"
"7th UNITLIVE TOUR 
円環 -Halo around- second quadrant","DAY1","横浜BUNTAI","芝崎典子","ユニット出演予定なし","","","画像の色＋元CSV"
"7th UNITLIVE TOUR 
円環 -Halo around- second quadrant","DAY2","横浜BUNTAI","芝崎典子","ユニット出演予定なし","","","画像の色＋元CSV"
"7th UNITLIVE TOUR 
円環 -Halo around- third quadrant","DAY1","Aichi Sky Expo","芝崎典子","参加","","","画像の色＋元CSV"
"7th UNITLIVE TOUR 
円環 -Halo around- third quadrant","DAY2","Aichi Sky Expo","芝崎典子","参加","","","画像の色＋元CSV"
"7th UNITLIVE TOUR 
円環 -Halo around- fourth quadrant","DAY1","盛運輸アリーナ","芝崎典子","ユニット出演予定なし","","","画像の色＋元CSV"
"7th UNITLIVE TOUR 
円環 -Halo around- fourth quadrant","DAY2","盛運輸アリーナ","芝崎典子","ユニット出演予定なし","","","画像の色＋元CSV"
"7th LIVE TOUR 
螺旋 -Halo around- “The origin on the axes”","DAY1","Kアリーナ横浜","芝崎典子","参加","","","画像の色＋元CSV"
"7th LIVE TOUR 
螺旋 -Halo around- “The origin on the axes”","DAY2","Kアリーナ横浜","芝崎典子","参加","","","画像の色＋元CSV"
"M@STERS OF IDOL WORLD 2025","DAY1","京セラドーム大阪","芝崎典子","参加","","","画像の色＋元CSV"
"M@STERS OF IDOL WORLD 2025","DAY2","京セラドーム大阪","芝崎典子","ユニット出演予定なし","","","画像の色＋元CSV"
"シャニマス大感謝祭！
〜283スポーツフェスティバル〜","DAY1","京王アリーナTOKYO","芝崎典子","参加","","","画像の色＋元CSV"
"シャニマス大感謝祭！
〜283スポーツフェスティバル〜","DAY2","京王アリーナTOKYO","芝崎典子","参加","","","画像の色＋元CSV"
"∞th LIVE iと夢","DAY1","Kアリーナ横浜","芝崎典子","参加","","","画像の色＋元CSV"
"∞th LIVE iと夢","DAY2","Kアリーナ横浜","芝崎典子","参加","","","画像の色＋元CSV"
"Solo Live Collection -Master ShowPiece-","DAY1","京王アリーナTOKYO","芝崎典子","参加","","","画像の色＋元CSV"
"shiny, the first REFRAC7IONS "" Still blue ""","DAY1","国立代々木競技場 第一体育館","芝崎典子","参加","","","画像の色＋元CSV"
"Solo Live Collection -Master ShowPiece-","DAY2","京王アリーナTOKYO","芝崎典子","参加","","","画像の色＋元CSV"
"shiny, the first REFRAC7IONS "" Still blue ""","DAY2","国立代々木競技場 第一体育館","芝崎典子","参加","","","画像の色＋元CSV"
"1stLIVE FLY TO THE SHINY SKY","DAY1","舞浜アンフィシアター","田中有紀","対象外","","","画像の色＋元CSV"
"1stLIVE FLY TO THE SHINY SKY","DAY2 (昼)","舞浜アンフィシアター","田中有紀","対象外","","","画像の色＋元CSV"
"1stLIVE FLY TO THE SHINY SKY","DAY2 (夜)","舞浜アンフィシアター","田中有紀","対象外","","","画像の色＋元CSV"
"SUMMER PARTY 2019","(昼)","パシフィコ横浜","田中有紀","参加","","","画像の色＋元CSV"
"SUMMER PARTY 2019","(夜)","パシフィコ横浜","田中有紀","参加","","","画像の色＋元CSV"
"バンダイナムコエンターテインメントフェスティバル","DAY2","東京ドーム","田中有紀","参加","","","画像の色＋元CSV"
"283プロダクションプロデューサー感謝祭～1.5 Anniversary Festival!!～","開催","森のホール２１ (松戸市文化会館)","田中有紀","参加","","","画像の色＋元CSV"
"MUSIC DAWN","DAY1","幕張イベントホール
（オンライン）","田中有紀","参加","","","画像の色＋元CSV"
"MUSIC DAWN","DAY2","幕張イベントホール
（オンライン）","田中有紀","参加","","","画像の色＋元CSV"
"2ndLIVE STEP INTO THE SUNSET SKY","DAY1","幕張メッセ","田中有紀","参加","","","画像の色＋元CSV"
"2ndLIVE STEP INTO THE SUNSET SKY","DAY2","幕張メッセ","田中有紀","参加","","","画像の色＋元CSV"
"3rdLIVE TOUR PIECE ON PLANET 
/ NAGOYA","DAY1","日本ガイシホール","田中有紀","参加","","","画像の色＋元CSV"
"3rdLIVE TOUR PIECE ON PLANET 
/ NAGOYA","DAY2","日本ガイシホール","田中有紀","参加","","","画像の色＋元CSV"
"3rdLIVE TOUR PIECE ON PLANET 
/ TOKYO","DAY1","東京ガーデンシアター","田中有紀","参加","","","画像の色＋元CSV"
"3rdLIVE TOUR PIECE ON PLANET 
/ TOKYO","DAY2","東京ガーデンシアター","田中有紀","参加","","","画像の色＋元CSV"
"3rdLIVE TOUR PIECE ON PLANET 
/ FUKUOKA","DAY1","西日本総合展示場","田中有紀","参加","","","画像の色＋元CSV"
"3rdLIVE TOUR PIECE ON PLANET 
/ FUKUOKA","DAY2","西日本総合展示場","田中有紀","参加","","","画像の色＋元CSV"
"283フェス 2021 Happy Buffet!","DAY1","バンダイナムコ未来研究所
（オンライン）","田中有紀","ユニット出演予定なし","","","画像の色＋元CSV"
"283フェス 2021 Happy Buffet!","DAY2","バンダイナムコ未来研究所
（オンライン）","田中有紀","参加","","","画像の色＋元CSV"
"Xmas Party -Silent night-","DAY1","両国国技館","田中有紀","参加","","","画像の色＋元CSV"
"Xmas Party -Silent night-","DAY2","両国国技館","田中有紀","ユニット出演予定なし","","","画像の色＋元CSV"
"4thLIVE 空は澄み、今を越えて。","DAY1","幕張メッセ国際展示場1~3ホール","田中有紀","参加","","","画像の色＋元CSV"
"4thLIVE 空は澄み、今を越えて。","DAY2","幕張メッセ国際展示場1~3ホール","田中有紀","参加","","","画像の色＋元CSV"
"バンダイナムコエンターテインメントフェスティバル 2nd","DAY2","ZOZOマリンスタジアム","田中有紀","参加","","","画像の色＋元CSV"
"シャニマス初の対バンライブ 
283PRODUCTION UNIT LIVE SETSUNA BEAT","DAY1","東京ガーデンシアター","田中有紀","ユニット出演予定なし","","","画像の色＋元CSV"
"シャニマス初の対バンライブ 
283PRODUCTION UNIT LIVE SETSUNA BEAT","DAY2","東京ガーデンシアター","田中有紀","ユニット出演予定なし","","","画像の色＋元CSV"
"シャニマス初の対バンライブ 
283PRODUCTION UNIT LIVE MUGEN BEAT","DAY1","武蔵野の森総合スポーツプラザ","田中有紀","参加","","","画像の色＋元CSV"
"シャニマス初の対バンライブ 
283PRODUCTION UNIT LIVE MUGEN BEAT","DAY2","武蔵野の森総合スポーツプラザ","田中有紀","参加","","","画像の色＋元CSV"
"M@STERS OF IDOL WORLD!!!!! 2023","DAY1","東京ドーム","田中有紀","参加","","","画像の色＋元CSV"
"M@STERS OF IDOL WORLD!!!!! 2023","DAY2","東京ドーム","田中有紀","ユニット出演予定なし","","","画像の色＋元CSV"
"5thLIVE If I_wings.","DAY1","国立代々木競技場 第一体育館","田中有紀","参加","","","画像の色＋元CSV"
"5thLIVE If I_wings.","DAY2","国立代々木競技場 第一体育館","田中有紀","参加","","","画像の色＋元CSV"
"Solo Performance LIVE 我儘なまま","DAY1","武蔵野の森総合スポーツプラザ","田中有紀","急遽不参加","","体調不良","画像の色＋元CSV"
"Solo Performance LIVE 我儘なまま","DAY2","武蔵野の森総合スポーツプラザ","田中有紀","参加","","","画像の色＋元CSV"
"5.5th Anniversary LIVE 星が見上げた空","DAY1","幕張イベントホール","田中有紀","参加","","","画像の色＋元CSV"
"5.5th Anniversary LIVE 星が見上げた空","DAY2","幕張イベントホール","田中有紀","ユニット出演予定なし","","","画像の色＋元CSV"
"異次元フェス 
アイドルマスター★♥︎ラブライブ！歌合戦","DAY1","東京ドーム","田中有紀","ユニット出演予定なし","","","画像の色＋元CSV"
"異次元フェス 
アイドルマスター★♥︎ラブライブ！歌合戦","DAY2","東京ドーム","田中有紀","参加","","","画像の色＋元CSV"
"6thLIVE TOUR Come and Unite! 
Brilliant Blooms","DAY1","大阪城ホール","田中有紀","欠席","","","画像の色＋元CSV"
"6thLIVE TOUR Come and Unite! 
Brilliant Blooms","DAY2","大阪城ホール","田中有紀","参加","","","画像の色＋元CSV"
"6thLIVE TOUR Come and Unite! 
Fantastic Fireworks","DAY1","Kアリーナ横浜","田中有紀","参加","2024/01/05","","画像の色＋元CSV"
"6thLIVE TOUR Come and Unite! 
Fantastic Fireworks","DAY2","Kアリーナ横浜","田中有紀","参加","","","画像の色＋元CSV"
"LIVE FUN!! -Beyond the Blue sky-","DAY1","横浜アリーナ","田中有紀","参加","","","画像の色＋元CSV"
"LIVE FUN!! -Beyond the Blue sky-","DAY2","横浜アリーナ","田中有紀","参加","","","画像の色＋元CSV"
"6.5th Anniversary LIVE “Chapter 283”","DAY1","武蔵野の森総合スポーツプラザ","田中有紀","参加","","","画像の色＋元CSV"
"6.5th Anniversary LIVE “Chapter 283”","DAY2","武蔵野の森総合スポーツプラザ","田中有紀","参加","","","画像の色＋元CSV"
"2nd season LIVE Over the prism","DAY1","ぴあアリーナMM","田中有紀","参加","","","画像の色＋元CSV"
"2nd season LIVE Over the prism","DAY2","ぴあアリーナMM","田中有紀","参加","","","画像の色＋元CSV"
"7th UNITLIVE TOUR 
円環 -Halo around- first quadrant","DAY1","福岡国際センター","田中有紀","ユニット出演予定なし","","","画像の色＋元CSV"
"7th UNITLIVE TOUR 
円環 -Halo around- first quadrant","DAY2","福岡国際センター","田中有紀","ユニット出演予定なし","","","画像の色＋元CSV"
"7th UNITLIVE TOUR 
円環 -Halo around- second quadrant","DAY1","横浜BUNTAI","田中有紀","参加","","","画像の色＋元CSV"
"7th UNITLIVE TOUR 
円環 -Halo around- second quadrant","DAY2","横浜BUNTAI","田中有紀","参加","","","画像の色＋元CSV"
"7th UNITLIVE TOUR 
円環 -Halo around- third quadrant","DAY1","Aichi Sky Expo","田中有紀","ユニット出演予定なし","","","画像の色＋元CSV"
"7th UNITLIVE TOUR 
円環 -Halo around- third quadrant","DAY2","Aichi Sky Expo","田中有紀","ユニット出演予定なし","","","画像の色＋元CSV"
"7th UNITLIVE TOUR 
円環 -Halo around- fourth quadrant","DAY1","盛運輸アリーナ","田中有紀","ユニット出演予定なし","","","画像の色＋元CSV"
"7th UNITLIVE TOUR 
円環 -Halo around- fourth quadrant","DAY2","盛運輸アリーナ","田中有紀","ユニット出演予定なし","","","画像の色＋元CSV"
"7th LIVE TOUR 
螺旋 -Halo around- “The origin on the axes”","DAY1","Kアリーナ横浜","田中有紀","参加","","","画像の色＋元CSV"
"7th LIVE TOUR 
螺旋 -Halo around- “The origin on the axes”","DAY2","Kアリーナ横浜","田中有紀","参加","","","画像の色＋元CSV"
"M@STERS OF IDOL WORLD 2025","DAY1","京セラドーム大阪","田中有紀","ユニット出演予定なし","","","画像の色＋元CSV"
"M@STERS OF IDOL WORLD 2025","DAY2","京セラドーム大阪","田中有紀","参加","","","画像の色＋元CSV"
"シャニマス大感謝祭！
〜283スポーツフェスティバル〜","DAY1","京王アリーナTOKYO","田中有紀","参加","","","画像の色＋元CSV"
"シャニマス大感謝祭！
〜283スポーツフェスティバル〜","DAY2","京王アリーナTOKYO","田中有紀","参加","","","画像の色＋元CSV"
"∞th LIVE iと夢","DAY1","Kアリーナ横浜","田中有紀","参加","","","画像の色＋元CSV"
"∞th LIVE iと夢","DAY2","Kアリーナ横浜","田中有紀","参加","","","画像の色＋元CSV"
"shiny, the first REFRAC7IONS "" Still blue ""","DAY1","国立代々木競技場 第一体育館","田中有紀","参加","","","画像の色＋元CSV"
"Solo Live Collection -Master ShowPiece-","DAY1","京王アリーナTOKYO","田中有紀","参加","","","画像の色＋元CSV"
"shiny, the first REFRAC7IONS "" Still blue ""","DAY2","国立代々木競技場 第一体育館","田中有紀","参加","","","画像の色＋元CSV"
"Solo Live Collection -Master ShowPiece-","DAY2","京王アリーナTOKYO","田中有紀","参加","","","画像の色＋元CSV"
"1stLIVE FLY TO THE SHINY SKY","DAY1","舞浜アンフィシアター","幸村恵理","対象外","","","画像の色＋元CSV"
"1stLIVE FLY TO THE SHINY SKY","DAY2 (昼)","舞浜アンフィシアター","幸村恵理","対象外","","","画像の色＋元CSV"
"1stLIVE FLY TO THE SHINY SKY","DAY2 (夜)","舞浜アンフィシアター","幸村恵理","対象外","","","画像の色＋元CSV"
"SUMMER PARTY 2019","(昼)","パシフィコ横浜","幸村恵理","参加","","","画像の色＋元CSV"
"SUMMER PARTY 2019","(夜)","パシフィコ横浜","幸村恵理","参加","","","画像の色＋元CSV"
"バンダイナムコエンターテインメントフェスティバル","DAY2","東京ドーム","幸村恵理","参加","","","画像の色＋元CSV"
"283プロダクションプロデューサー感謝祭～1.5 Anniversary Festival!!～","開催","森のホール２１ (松戸市文化会館)","幸村恵理","参加","","","画像の色＋元CSV"
"MUSIC DAWN","DAY1","幕張イベントホール
（オンライン）","幸村恵理","参加","","","画像の色＋元CSV"
"MUSIC DAWN","DAY2","幕張イベントホール
（オンライン）","幸村恵理","参加","","","画像の色＋元CSV"
"2ndLIVE STEP INTO THE SUNSET SKY","DAY1","幕張メッセ","幸村恵理","参加","2021/02/08","","画像の色＋元CSV"
"2ndLIVE STEP INTO THE SUNSET SKY","DAY2","幕張メッセ","幸村恵理","参加","","","画像の色＋元CSV"
"3rdLIVE TOUR PIECE ON PLANET 
/ NAGOYA","DAY1","日本ガイシホール","幸村恵理","参加","2021/02/08","","画像の色＋元CSV"
"3rdLIVE TOUR PIECE ON PLANET 
/ NAGOYA","DAY2","日本ガイシホール","幸村恵理","参加","","","画像の色＋元CSV"
"3rdLIVE TOUR PIECE ON PLANET 
/ TOKYO","DAY1","東京ガーデンシアター","幸村恵理","参加","2021/02/08","","画像の色＋元CSV"
"3rdLIVE TOUR PIECE ON PLANET 
/ TOKYO","DAY2","東京ガーデンシアター","幸村恵理","参加","","","画像の色＋元CSV"
"3rdLIVE TOUR PIECE ON PLANET 
/ FUKUOKA","DAY1","西日本総合展示場","幸村恵理","参加","2021/02/08","","画像の色＋元CSV"
"3rdLIVE TOUR PIECE ON PLANET 
/ FUKUOKA","DAY2","西日本総合展示場","幸村恵理","参加","","","画像の色＋元CSV"
"283フェス 2021 Happy Buffet!","DAY1","バンダイナムコ未来研究所
（オンライン）","幸村恵理","ユニット出演予定なし","","","画像の色＋元CSV"
"283フェス 2021 Happy Buffet!","DAY2","バンダイナムコ未来研究所
（オンライン）","幸村恵理","参加","","","画像の色＋元CSV"
"Xmas Party -Silent night-","DAY1","両国国技館","幸村恵理","参加","","","画像の色＋元CSV"
"Xmas Party -Silent night-","DAY2","両国国技館","幸村恵理","ユニット出演予定なし","","","画像の色＋元CSV"
"4thLIVE 空は澄み、今を越えて。","DAY1","幕張メッセ国際展示場1~3ホール","幸村恵理","参加","","","画像の色＋元CSV"
"4thLIVE 空は澄み、今を越えて。","DAY2","幕張メッセ国際展示場1~3ホール","幸村恵理","参加","","","画像の色＋元CSV"
"バンダイナムコエンターテインメントフェスティバル 2nd","DAY2","ZOZOマリンスタジアム","幸村恵理","参加","","","画像の色＋元CSV"
"シャニマス初の対バンライブ 
283PRODUCTION UNIT LIVE SETSUNA BEAT","DAY1","東京ガーデンシアター","幸村恵理","ユニット出演予定なし","","","画像の色＋元CSV"
"シャニマス初の対バンライブ 
283PRODUCTION UNIT LIVE SETSUNA BEAT","DAY2","東京ガーデンシアター","幸村恵理","ユニット出演予定なし","","","画像の色＋元CSV"
"シャニマス初の対バンライブ 
283PRODUCTION UNIT LIVE MUGEN BEAT","DAY1","武蔵野の森総合スポーツプラザ","幸村恵理","参加","","","画像の色＋元CSV"
"シャニマス初の対バンライブ 
283PRODUCTION UNIT LIVE MUGEN BEAT","DAY2","武蔵野の森総合スポーツプラザ","幸村恵理","参加","","","画像の色＋元CSV"
"M@STERS OF IDOL WORLD!!!!! 2023","DAY1","東京ドーム","幸村恵理","参加","","","画像の色＋元CSV"
"M@STERS OF IDOL WORLD!!!!! 2023","DAY2","東京ドーム","幸村恵理","ユニット出演予定なし","","","画像の色＋元CSV"
"5thLIVE If I_wings.","DAY1","国立代々木競技場 第一体育館","幸村恵理","参加","","","画像の色＋元CSV"
"5thLIVE If I_wings.","DAY2","国立代々木競技場 第一体育館","幸村恵理","参加","","","画像の色＋元CSV"
"Solo Performance LIVE 我儘なまま","DAY1","武蔵野の森総合スポーツプラザ","幸村恵理","参加","2023/05/22","","画像の色＋元CSV"
"Solo Performance LIVE 我儘なまま","DAY2","武蔵野の森総合スポーツプラザ","幸村恵理","参加","","","画像の色＋元CSV"
"5.5th Anniversary LIVE 星が見上げた空","DAY1","幕張イベントホール","幸村恵理","参加","","","画像の色＋元CSV"
"5.5th Anniversary LIVE 星が見上げた空","DAY2","幕張イベントホール","幸村恵理","ユニット出演予定なし","","","画像の色＋元CSV"
"異次元フェス 
アイドルマスター★♥︎ラブライブ！歌合戦","DAY1","東京ドーム","幸村恵理","ユニット出演予定なし","","","画像の色＋元CSV"
"異次元フェス 
アイドルマスター★♥︎ラブライブ！歌合戦","DAY2","東京ドーム","幸村恵理","参加","","","画像の色＋元CSV"
"6thLIVE TOUR Come and Unite! 
Brilliant Blooms","DAY1","大阪城ホール","幸村恵理","参加","2024/01/05","","画像の色＋元CSV"
"6thLIVE TOUR Come and Unite! 
Brilliant Blooms","DAY2","大阪城ホール","幸村恵理","参加","","","画像の色＋元CSV"
"6thLIVE TOUR Come and Unite! 
Fantastic Fireworks","DAY1","Kアリーナ横浜","幸村恵理","参加","2024/01/05","","画像の色＋元CSV"
"6thLIVE TOUR Come and Unite! 
Fantastic Fireworks","DAY2","Kアリーナ横浜","幸村恵理","参加","","","画像の色＋元CSV"
"LIVE FUN!! -Beyond the Blue sky-","DAY1","横浜アリーナ","幸村恵理","参加","","","画像の色＋元CSV"
"LIVE FUN!! -Beyond the Blue sky-","DAY2","横浜アリーナ","幸村恵理","参加","","","画像の色＋元CSV"
"6.5th Anniversary LIVE “Chapter 283”","DAY1","武蔵野の森総合スポーツプラザ","幸村恵理","参加","","","画像の色＋元CSV"
"6.5th Anniversary LIVE “Chapter 283”","DAY2","武蔵野の森総合スポーツプラザ","幸村恵理","参加","","","画像の色＋元CSV"
"2nd season LIVE Over the prism","DAY1","ぴあアリーナMM","幸村恵理","参加","","","画像の色＋元CSV"
"2nd season LIVE Over the prism","DAY2","ぴあアリーナMM","幸村恵理","参加","","","画像の色＋元CSV"
"7th UNITLIVE TOUR 
円環 -Halo around- first quadrant","DAY1","福岡国際センター","幸村恵理","ユニット出演予定なし","","","画像の色＋元CSV"
"7th UNITLIVE TOUR 
円環 -Halo around- first quadrant","DAY2","福岡国際センター","幸村恵理","ユニット出演予定なし","","","画像の色＋元CSV"
"7th UNITLIVE TOUR 
円環 -Halo around- second quadrant","DAY1","横浜BUNTAI","幸村恵理","参加","","","画像の色＋元CSV"
"7th UNITLIVE TOUR 
円環 -Halo around- second quadrant","DAY2","横浜BUNTAI","幸村恵理","参加","","","画像の色＋元CSV"
"7th UNITLIVE TOUR 
円環 -Halo around- third quadrant","DAY1","Aichi Sky Expo","幸村恵理","ユニット出演予定なし","","","画像の色＋元CSV"
"7th UNITLIVE TOUR 
円環 -Halo around- third quadrant","DAY2","Aichi Sky Expo","幸村恵理","ユニット出演予定なし","","","画像の色＋元CSV"
"7th UNITLIVE TOUR 
円環 -Halo around- fourth quadrant","DAY1","盛運輸アリーナ","幸村恵理","ユニット出演予定なし","","","画像の色＋元CSV"
"7th UNITLIVE TOUR 
円環 -Halo around- fourth quadrant","DAY2","盛運輸アリーナ","幸村恵理","ユニット出演予定なし","","","画像の色＋元CSV"
"7th LIVE TOUR 
螺旋 -Halo around- “The origin on the axes”","DAY1","Kアリーナ横浜","幸村恵理","参加","","","画像の色＋元CSV"
"7th LIVE TOUR 
螺旋 -Halo around- “The origin on the axes”","DAY2","Kアリーナ横浜","幸村恵理","参加","","","画像の色＋元CSV"
"M@STERS OF IDOL WORLD 2025","DAY1","京セラドーム大阪","幸村恵理","ユニット出演予定なし","","","画像の色＋元CSV"
"M@STERS OF IDOL WORLD 2025","DAY2","京セラドーム大阪","幸村恵理","参加","","","画像の色＋元CSV"
"シャニマス大感謝祭！
〜283スポーツフェスティバル〜","DAY1","京王アリーナTOKYO","幸村恵理","参加","2025/12/19","","画像の色＋元CSV"
"シャニマス大感謝祭！
〜283スポーツフェスティバル〜","DAY2","京王アリーナTOKYO","幸村恵理","参加","","","画像の色＋元CSV"
"∞th LIVE iと夢","DAY1","Kアリーナ横浜","幸村恵理","参加","2026/02/27","","画像の色＋元CSV"
"∞th LIVE iと夢","DAY2","Kアリーナ横浜","幸村恵理","参加","","","画像の色＋元CSV"
"shiny, the first REFRAC7IONS "" Still blue ""","DAY1","国立代々木競技場 第一体育館","幸村恵理","欠席","","","画像の色＋元CSV"
"Solo Live Collection -Master ShowPiece-","DAY1","京王アリーナTOKYO","幸村恵理","参加","","","画像の色＋元CSV"
"shiny, the first REFRAC7IONS "" Still blue ""","DAY2","国立代々木競技場 第一体育館","幸村恵理","参加","","","画像の色＋元CSV"
"Solo Live Collection -Master ShowPiece-","DAY2","京王アリーナTOKYO","幸村恵理","参加","","","画像の色＋元CSV"
"1stLIVE FLY TO THE SHINY SKY","DAY1","舞浜アンフィシアター","北原沙弥香","対象外","","","画像の色＋元CSV"
"1stLIVE FLY TO THE SHINY SKY","DAY2 (昼)","舞浜アンフィシアター","北原沙弥香","対象外","","","画像の色＋元CSV"
"1stLIVE FLY TO THE SHINY SKY","DAY2 (夜)","舞浜アンフィシアター","北原沙弥香","対象外","","","画像の色＋元CSV"
"SUMMER PARTY 2019","(昼)","パシフィコ横浜","北原沙弥香","参加","","","画像の色＋元CSV"
"SUMMER PARTY 2019","(夜)","パシフィコ横浜","北原沙弥香","参加","","","画像の色＋元CSV"
"バンダイナムコエンターテインメントフェスティバル","DAY2","東京ドーム","北原沙弥香","参加","","","画像の色＋元CSV"
"283プロダクションプロデューサー感謝祭～1.5 Anniversary Festival!!～","開催","森のホール２１ (松戸市文化会館)","北原沙弥香","参加","","","画像の色＋元CSV"
"MUSIC DAWN","DAY1","幕張イベントホール
（オンライン）","北原沙弥香","参加","","","画像の色＋元CSV"
"MUSIC DAWN","DAY2","幕張イベントホール
（オンライン）","北原沙弥香","参加","","","画像の色＋元CSV"
"2ndLIVE STEP INTO THE SUNSET SKY","DAY1","幕張メッセ","北原沙弥香","参加","2021/02/08","","画像の色＋元CSV"
"2ndLIVE STEP INTO THE SUNSET SKY","DAY2","幕張メッセ","北原沙弥香","参加","","","画像の色＋元CSV"
"3rdLIVE TOUR PIECE ON PLANET 
/ NAGOYA","DAY1","日本ガイシホール","北原沙弥香","参加","","","画像の色＋元CSV"
"3rdLIVE TOUR PIECE ON PLANET 
/ NAGOYA","DAY2","日本ガイシホール","北原沙弥香","参加","","","画像の色＋元CSV"
"3rdLIVE TOUR PIECE ON PLANET 
/ TOKYO","DAY1","東京ガーデンシアター","北原沙弥香","参加","","","画像の色＋元CSV"
"3rdLIVE TOUR PIECE ON PLANET 
/ TOKYO","DAY2","東京ガーデンシアター","北原沙弥香","参加","","","画像の色＋元CSV"
"3rdLIVE TOUR PIECE ON PLANET 
/ FUKUOKA","DAY1","西日本総合展示場","北原沙弥香","参加","","","画像の色＋元CSV"
"3rdLIVE TOUR PIECE ON PLANET 
/ FUKUOKA","DAY2","西日本総合展示場","北原沙弥香","参加","","","画像の色＋元CSV"
"283フェス 2021 Happy Buffet!","DAY1","バンダイナムコ未来研究所
（オンライン）","北原沙弥香","ユニット出演予定なし","","","画像の色＋元CSV"
"283フェス 2021 Happy Buffet!","DAY2","バンダイナムコ未来研究所
（オンライン）","北原沙弥香","参加","","","画像の色＋元CSV"
"Xmas Party -Silent night-","DAY1","両国国技館","北原沙弥香","参加","","","画像の色＋元CSV"
"Xmas Party -Silent night-","DAY2","両国国技館","北原沙弥香","ユニット出演予定なし","","","画像の色＋元CSV"
"4thLIVE 空は澄み、今を越えて。","DAY1","幕張メッセ国際展示場1~3ホール","北原沙弥香","参加","","","画像の色＋元CSV"
"4thLIVE 空は澄み、今を越えて。","DAY2","幕張メッセ国際展示場1~3ホール","北原沙弥香","参加","","","画像の色＋元CSV"
"バンダイナムコエンターテインメントフェスティバル 2nd","DAY2","ZOZOマリンスタジアム","北原沙弥香","参加","","","画像の色＋元CSV"
"シャニマス初の対バンライブ 
283PRODUCTION UNIT LIVE SETSUNA BEAT","DAY1","東京ガーデンシアター","北原沙弥香","ユニット出演予定なし","","","画像の色＋元CSV"
"シャニマス初の対バンライブ 
283PRODUCTION UNIT LIVE SETSUNA BEAT","DAY2","東京ガーデンシアター","北原沙弥香","ユニット出演予定なし","","","画像の色＋元CSV"
"シャニマス初の対バンライブ 
283PRODUCTION UNIT LIVE MUGEN BEAT","DAY1","武蔵野の森総合スポーツプラザ","北原沙弥香","参加","","","画像の色＋元CSV"
"シャニマス初の対バンライブ 
283PRODUCTION UNIT LIVE MUGEN BEAT","DAY2","武蔵野の森総合スポーツプラザ","北原沙弥香","参加","","","画像の色＋元CSV"
"M@STERS OF IDOL WORLD!!!!! 2023","DAY1","東京ドーム","北原沙弥香","参加","","","画像の色＋元CSV"
"M@STERS OF IDOL WORLD!!!!! 2023","DAY2","東京ドーム","北原沙弥香","ユニット出演予定なし","","","画像の色＋元CSV"
"5thLIVE If I_wings.","DAY1","国立代々木競技場 第一体育館","北原沙弥香","参加","","","画像の色＋元CSV"
"5thLIVE If I_wings.","DAY2","国立代々木競技場 第一体育館","北原沙弥香","参加","","","画像の色＋元CSV"
"Solo Performance LIVE 我儘なまま","DAY1","武蔵野の森総合スポーツプラザ","北原沙弥香","参加","","","画像の色＋元CSV"
"Solo Performance LIVE 我儘なまま","DAY2","武蔵野の森総合スポーツプラザ","北原沙弥香","参加","","","画像の色＋元CSV"
"5.5th Anniversary LIVE 星が見上げた空","DAY1","幕張イベントホール","北原沙弥香","参加","","","画像の色＋元CSV"
"5.5th Anniversary LIVE 星が見上げた空","DAY2","幕張イベントホール","北原沙弥香","ユニット出演予定なし","","","画像の色＋元CSV"
"異次元フェス 
アイドルマスター★♥︎ラブライブ！歌合戦","DAY1","東京ドーム","北原沙弥香","ユニット出演予定なし","","","画像の色＋元CSV"
"異次元フェス 
アイドルマスター★♥︎ラブライブ！歌合戦","DAY2","東京ドーム","北原沙弥香","参加","","","画像の色＋元CSV"
"6thLIVE TOUR Come and Unite! 
Brilliant Blooms","DAY1","大阪城ホール","北原沙弥香","参加","","","画像の色＋元CSV"
"6thLIVE TOUR Come and Unite! 
Brilliant Blooms","DAY2","大阪城ホール","北原沙弥香","参加","","","画像の色＋元CSV"
"6thLIVE TOUR Come and Unite! 
Fantastic Fireworks","DAY1","Kアリーナ横浜","北原沙弥香","参加","","","画像の色＋元CSV"
"6thLIVE TOUR Come and Unite! 
Fantastic Fireworks","DAY2","Kアリーナ横浜","北原沙弥香","参加","","","画像の色＋元CSV"
"LIVE FUN!! -Beyond the Blue sky-","DAY1","横浜アリーナ","北原沙弥香","参加","","","画像の色＋元CSV"
"LIVE FUN!! -Beyond the Blue sky-","DAY2","横浜アリーナ","北原沙弥香","参加","","","画像の色＋元CSV"
"6.5th Anniversary LIVE “Chapter 283”","DAY1","武蔵野の森総合スポーツプラザ","北原沙弥香","参加","","","画像の色＋元CSV"
"6.5th Anniversary LIVE “Chapter 283”","DAY2","武蔵野の森総合スポーツプラザ","北原沙弥香","参加","","","画像の色＋元CSV"
"2nd season LIVE Over the prism","DAY1","ぴあアリーナMM","北原沙弥香","参加","","","画像の色＋元CSV"
"2nd season LIVE Over the prism","DAY2","ぴあアリーナMM","北原沙弥香","参加","","","画像の色＋元CSV"
"7th UNITLIVE TOUR 
円環 -Halo around- first quadrant","DAY1","福岡国際センター","北原沙弥香","ユニット出演予定なし","","","画像の色＋元CSV"
"7th UNITLIVE TOUR 
円環 -Halo around- first quadrant","DAY2","福岡国際センター","北原沙弥香","ユニット出演予定なし","","","画像の色＋元CSV"
"7th UNITLIVE TOUR 
円環 -Halo around- second quadrant","DAY1","横浜BUNTAI","北原沙弥香","参加","","","画像の色＋元CSV"
"7th UNITLIVE TOUR 
円環 -Halo around- second quadrant","DAY2","横浜BUNTAI","北原沙弥香","参加","","","画像の色＋元CSV"
"7th UNITLIVE TOUR 
円環 -Halo around- third quadrant","DAY1","Aichi Sky Expo","北原沙弥香","ユニット出演予定なし","","","画像の色＋元CSV"
"7th UNITLIVE TOUR 
円環 -Halo around- third quadrant","DAY2","Aichi Sky Expo","北原沙弥香","ユニット出演予定なし","","","画像の色＋元CSV"
"7th UNITLIVE TOUR 
円環 -Halo around- fourth quadrant","DAY1","盛運輸アリーナ","北原沙弥香","ユニット出演予定なし","","","画像の色＋元CSV"
"7th UNITLIVE TOUR 
円環 -Halo around- fourth quadrant","DAY2","盛運輸アリーナ","北原沙弥香","ユニット出演予定なし","","","画像の色＋元CSV"
"7th LIVE TOUR 
螺旋 -Halo around- “The origin on the axes”","DAY1","Kアリーナ横浜","北原沙弥香","参加","","","画像の色＋元CSV"
"7th LIVE TOUR 
螺旋 -Halo around- “The origin on the axes”","DAY2","Kアリーナ横浜","北原沙弥香","参加","","","画像の色＋元CSV"
"M@STERS OF IDOL WORLD 2025","DAY1","京セラドーム大阪","北原沙弥香","ユニット出演予定なし","","","画像の色＋元CSV"
"M@STERS OF IDOL WORLD 2025","DAY2","京セラドーム大阪","北原沙弥香","参加","","","画像の色＋元CSV"
"シャニマス大感謝祭！
〜283スポーツフェスティバル〜","DAY1","京王アリーナTOKYO","北原沙弥香","参加","","","画像の色＋元CSV"
"シャニマス大感謝祭！
〜283スポーツフェスティバル〜","DAY2","京王アリーナTOKYO","北原沙弥香","参加","","","画像の色＋元CSV"
"∞th LIVE iと夢","DAY1","Kアリーナ横浜","北原沙弥香","参加","","","画像の色＋元CSV"
"∞th LIVE iと夢","DAY2","Kアリーナ横浜","北原沙弥香","参加","","","画像の色＋元CSV"
"Solo Live Collection -Master ShowPiece-","DAY1","京王アリーナTOKYO","北原沙弥香","参加","","","画像の色＋元CSV"
"shiny, the first REFRAC7IONS "" Still blue ""","DAY1","国立代々木競技場 第一体育館","北原沙弥香","参加","","","画像の色＋元CSV"
"shiny, the first REFRAC7IONS "" Still blue ""","DAY2","国立代々木競技場 第一体育館","北原沙弥香","参加","","","画像の色＋元CSV"
"Solo Live Collection -Master ShowPiece-","DAY2","京王アリーナTOKYO","北原沙弥香","参加","","","画像の色＋元CSV"
"1stLIVE FLY TO THE SHINY SKY","DAY1","舞浜アンフィシアター","和久井優","対象外","","","画像の色＋元CSV"
"1stLIVE FLY TO THE SHINY SKY","DAY2 (昼)","舞浜アンフィシアター","和久井優","対象外","","","画像の色＋元CSV"
"1stLIVE FLY TO THE SHINY SKY","DAY2 (夜)","舞浜アンフィシアター","和久井優","対象外","","","画像の色＋元CSV"
"SUMMER PARTY 2019","(昼)","パシフィコ横浜","和久井優","対象外","","","画像の色＋元CSV"
"SUMMER PARTY 2019","(夜)","パシフィコ横浜","和久井優","対象外","","","画像の色＋元CSV"
"バンダイナムコエンターテインメントフェスティバル","DAY2","東京ドーム","和久井優","対象外","","","画像の色＋元CSV"
"283プロダクションプロデューサー感謝祭～1.5 Anniversary Festival!!～","開催","森のホール２１ (松戸市文化会館)","和久井優","対象外","","","画像の色＋元CSV"
"MUSIC DAWN","DAY1","幕張イベントホール
（オンライン）","和久井優","参加","","","画像の色＋元CSV"
"MUSIC DAWN","DAY2","幕張イベントホール
（オンライン）","和久井優","参加","","","画像の色＋元CSV"
"2ndLIVE STEP INTO THE SUNSET SKY","DAY1","幕張メッセ","和久井優","参加","","","画像の色＋元CSV"
"2ndLIVE STEP INTO THE SUNSET SKY","DAY2","幕張メッセ","和久井優","参加","","","画像の色＋元CSV"
"3rdLIVE TOUR PIECE ON PLANET 
/ NAGOYA","DAY1","日本ガイシホール","和久井優","参加","2021/02/08","","画像の色＋元CSV"
"3rdLIVE TOUR PIECE ON PLANET 
/ NAGOYA","DAY2","日本ガイシホール","和久井優","参加","2021/02/08","","画像の色＋元CSV"
"3rdLIVE TOUR PIECE ON PLANET 
/ TOKYO","DAY1","東京ガーデンシアター","和久井優","参加","","","画像の色＋元CSV"
"3rdLIVE TOUR PIECE ON PLANET 
/ TOKYO","DAY2","東京ガーデンシアター","和久井優","参加","","","画像の色＋元CSV"
"3rdLIVE TOUR PIECE ON PLANET 
/ FUKUOKA","DAY1","西日本総合展示場","和久井優","参加","","","画像の色＋元CSV"
"3rdLIVE TOUR PIECE ON PLANET 
/ FUKUOKA","DAY2","西日本総合展示場","和久井優","参加","","","画像の色＋元CSV"
"283フェス 2021 Happy Buffet!","DAY1","バンダイナムコ未来研究所
（オンライン）","和久井優","ユニット出演予定なし","","","画像の色＋元CSV"
"283フェス 2021 Happy Buffet!","DAY2","バンダイナムコ未来研究所
（オンライン）","和久井優","参加","","","画像の色＋元CSV"
"Xmas Party -Silent night-","DAY1","両国国技館","和久井優","参加","","","画像の色＋元CSV"
"Xmas Party -Silent night-","DAY2","両国国技館","和久井優","ユニット出演予定なし","","","画像の色＋元CSV"
"4thLIVE 空は澄み、今を越えて。","DAY1","幕張メッセ国際展示場1~3ホール","和久井優","参加","","","画像の色＋元CSV"
"4thLIVE 空は澄み、今を越えて。","DAY2","幕張メッセ国際展示場1~3ホール","和久井優","参加","","","画像の色＋元CSV"
"バンダイナムコエンターテインメントフェスティバル 2nd","DAY2","ZOZOマリンスタジアム","和久井優","参加","","","画像の色＋元CSV"
"シャニマス初の対バンライブ 
283PRODUCTION UNIT LIVE SETSUNA BEAT","DAY1","東京ガーデンシアター","和久井優","参加","","","画像の色＋元CSV"
"シャニマス初の対バンライブ 
283PRODUCTION UNIT LIVE SETSUNA BEAT","DAY2","東京ガーデンシアター","和久井優","参加","","","画像の色＋元CSV"
"シャニマス初の対バンライブ 
283PRODUCTION UNIT LIVE MUGEN BEAT","DAY1","武蔵野の森総合スポーツプラザ","和久井優","ユニット出演予定なし","","","画像の色＋元CSV"
"シャニマス初の対バンライブ 
283PRODUCTION UNIT LIVE MUGEN BEAT","DAY2","武蔵野の森総合スポーツプラザ","和久井優","ユニット出演予定なし","","","画像の色＋元CSV"
"M@STERS OF IDOL WORLD!!!!! 2023","DAY1","東京ドーム","和久井優","参加","","","画像の色＋元CSV"
"M@STERS OF IDOL WORLD!!!!! 2023","DAY2","東京ドーム","和久井優","ユニット出演予定なし","","","画像の色＋元CSV"
"5thLIVE If I_wings.","DAY1","国立代々木競技場 第一体育館","和久井優","参加","","","画像の色＋元CSV"
"5thLIVE If I_wings.","DAY2","国立代々木競技場 第一体育館","和久井優","参加","","","画像の色＋元CSV"
"Solo Performance LIVE 我儘なまま","DAY1","武蔵野の森総合スポーツプラザ","和久井優","参加","2023/05/22","","画像の色＋元CSV"
"Solo Performance LIVE 我儘なまま","DAY2","武蔵野の森総合スポーツプラザ","和久井優","参加","","","画像の色＋元CSV"
"5.5th Anniversary LIVE 星が見上げた空","DAY1","幕張イベントホール","和久井優","参加","","","画像の色＋元CSV"
"5.5th Anniversary LIVE 星が見上げた空","DAY2","幕張イベントホール","和久井優","ユニット出演予定なし","","","画像の色＋元CSV"
"異次元フェス 
アイドルマスター★♥︎ラブライブ！歌合戦","DAY1","東京ドーム","和久井優","参加","","","画像の色＋元CSV"
"異次元フェス 
アイドルマスター★♥︎ラブライブ！歌合戦","DAY2","東京ドーム","和久井優","ユニット出演予定なし","","","画像の色＋元CSV"
"6thLIVE TOUR Come and Unite! 
Brilliant Blooms","DAY1","大阪城ホール","和久井優","参加","","","画像の色＋元CSV"
"6thLIVE TOUR Come and Unite! 
Brilliant Blooms","DAY2","大阪城ホール","和久井優","参加","","","画像の色＋元CSV"
"6thLIVE TOUR Come and Unite! 
Fantastic Fireworks","DAY1","Kアリーナ横浜","和久井優","参加","","","画像の色＋元CSV"
"6thLIVE TOUR Come and Unite! 
Fantastic Fireworks","DAY2","Kアリーナ横浜","和久井優","参加","","","画像の色＋元CSV"
"LIVE FUN!! -Beyond the Blue sky-","DAY1","横浜アリーナ","和久井優","参加","","","画像の色＋元CSV"
"LIVE FUN!! -Beyond the Blue sky-","DAY2","横浜アリーナ","和久井優","参加","","","画像の色＋元CSV"
"6.5th Anniversary LIVE “Chapter 283”","DAY1","武蔵野の森総合スポーツプラザ","和久井優","参加","","","画像の色＋元CSV"
"6.5th Anniversary LIVE “Chapter 283”","DAY2","武蔵野の森総合スポーツプラザ","和久井優","参加","","","画像の色＋元CSV"
"2nd season LIVE Over the prism","DAY1","ぴあアリーナMM","和久井優","参加","","","画像の色＋元CSV"
"2nd season LIVE Over the prism","DAY2","ぴあアリーナMM","和久井優","参加","","","画像の色＋元CSV"
"7th UNITLIVE TOUR 
円環 -Halo around- first quadrant","DAY1","福岡国際センター","和久井優","ユニット出演予定なし","","","画像の色＋元CSV"
"7th UNITLIVE TOUR 
円環 -Halo around- first quadrant","DAY2","福岡国際センター","和久井優","ユニット出演予定なし","","","画像の色＋元CSV"
"7th UNITLIVE TOUR 
円環 -Halo around- second quadrant","DAY1","横浜BUNTAI","和久井優","ユニット出演予定なし","","","画像の色＋元CSV"
"7th UNITLIVE TOUR 
円環 -Halo around- second quadrant","DAY2","横浜BUNTAI","和久井優","ユニット出演予定なし","","","画像の色＋元CSV"
"7th UNITLIVE TOUR 
円環 -Halo around- third quadrant","DAY1","Aichi Sky Expo","和久井優","ユニット出演予定なし","","","画像の色＋元CSV"
"7th UNITLIVE TOUR 
円環 -Halo around- third quadrant","DAY2","Aichi Sky Expo","和久井優","ユニット出演予定なし","","","画像の色＋元CSV"
"7th UNITLIVE TOUR 
円環 -Halo around- fourth quadrant","DAY1","盛運輸アリーナ","和久井優","参加","","","画像の色＋元CSV"
"7th UNITLIVE TOUR 
円環 -Halo around- fourth quadrant","DAY2","盛運輸アリーナ","和久井優","参加","","","画像の色＋元CSV"
"7th LIVE TOUR 
螺旋 -Halo around- “The origin on the axes”","DAY1","Kアリーナ横浜","和久井優","参加","","","画像の色＋元CSV"
"7th LIVE TOUR 
螺旋 -Halo around- “The origin on the axes”","DAY2","Kアリーナ横浜","和久井優","参加","","","画像の色＋元CSV"
"M@STERS OF IDOL WORLD 2025","DAY1","京セラドーム大阪","和久井優","ユニット出演予定なし","","","画像の色＋元CSV"
"M@STERS OF IDOL WORLD 2025","DAY2","京セラドーム大阪","和久井優","参加","","","画像の色＋元CSV"
"シャニマス大感謝祭！
〜283スポーツフェスティバル〜","DAY1","京王アリーナTOKYO","和久井優","参加","2025/11/11","","画像の色＋元CSV"
"シャニマス大感謝祭！
〜283スポーツフェスティバル〜","DAY2","京王アリーナTOKYO","和久井優","参加","","","画像の色＋元CSV"
"∞th LIVE iと夢","DAY1","Kアリーナ横浜","和久井優","参加","","","画像の色＋元CSV"
"∞th LIVE iと夢","DAY2","Kアリーナ横浜","和久井優","参加","","","画像の色＋元CSV"
"shiny, the first REFRAC7IONS "" Still blue ""","DAY1","国立代々木競技場 第一体育館","和久井優","参加","2026/07/17","","画像の色＋元CSV"
"Solo Live Collection -Master ShowPiece-","DAY1","京王アリーナTOKYO","和久井優","参加","2026/06/26","","画像の色＋元CSV"
"shiny, the first REFRAC7IONS "" Still blue ""","DAY2","国立代々木競技場 第一体育館","和久井優","参加","","","画像の色＋元CSV"
"Solo Live Collection -Master ShowPiece-","DAY2","京王アリーナTOKYO","和久井優","参加","","","画像の色＋元CSV"
"1stLIVE FLY TO THE SHINY SKY","DAY1","舞浜アンフィシアター","土屋李央","対象外","","","画像の色＋元CSV"
"1stLIVE FLY TO THE SHINY SKY","DAY2 (昼)","舞浜アンフィシアター","土屋李央","対象外","","","画像の色＋元CSV"
"1stLIVE FLY TO THE SHINY SKY","DAY2 (夜)","舞浜アンフィシアター","土屋李央","対象外","","","画像の色＋元CSV"
"SUMMER PARTY 2019","(昼)","パシフィコ横浜","土屋李央","対象外","","","画像の色＋元CSV"
"SUMMER PARTY 2019","(夜)","パシフィコ横浜","土屋李央","対象外","","","画像の色＋元CSV"
"バンダイナムコエンターテインメントフェスティバル","DAY2","東京ドーム","土屋李央","対象外","","","画像の色＋元CSV"
"283プロダクションプロデューサー感謝祭～1.5 Anniversary Festival!!～","開催","森のホール２１ (松戸市文化会館)","土屋李央","対象外","","","画像の色＋元CSV"
"MUSIC DAWN","DAY1","幕張イベントホール
（オンライン）","土屋李央","参加","","","画像の色＋元CSV"
"MUSIC DAWN","DAY2","幕張イベントホール
（オンライン）","土屋李央","欠席","","","画像の色＋元CSV"
"2ndLIVE STEP INTO THE SUNSET SKY","DAY1","幕張メッセ","土屋李央","参加","","","画像の色＋元CSV"
"2ndLIVE STEP INTO THE SUNSET SKY","DAY2","幕張メッセ","土屋李央","参加","","","画像の色＋元CSV"
"3rdLIVE TOUR PIECE ON PLANET 
/ NAGOYA","DAY1","日本ガイシホール","土屋李央","参加","","","画像の色＋元CSV"
"3rdLIVE TOUR PIECE ON PLANET 
/ NAGOYA","DAY2","日本ガイシホール","土屋李央","参加","","","画像の色＋元CSV"
"3rdLIVE TOUR PIECE ON PLANET 
/ TOKYO","DAY1","東京ガーデンシアター","土屋李央","参加","","","画像の色＋元CSV"
"3rdLIVE TOUR PIECE ON PLANET 
/ TOKYO","DAY2","東京ガーデンシアター","土屋李央","参加","","","画像の色＋元CSV"
"3rdLIVE TOUR PIECE ON PLANET 
/ FUKUOKA","DAY1","西日本総合展示場","土屋李央","参加","","","画像の色＋元CSV"
"3rdLIVE TOUR PIECE ON PLANET 
/ FUKUOKA","DAY2","西日本総合展示場","土屋李央","参加","","","画像の色＋元CSV"
"283フェス 2021 Happy Buffet!","DAY1","バンダイナムコ未来研究所
（オンライン）","土屋李央","ユニット出演予定なし","","","画像の色＋元CSV"
"283フェス 2021 Happy Buffet!","DAY2","バンダイナムコ未来研究所
（オンライン）","土屋李央","参加","","","画像の色＋元CSV"
"Xmas Party -Silent night-","DAY1","両国国技館","土屋李央","参加","","","画像の色＋元CSV"
"Xmas Party -Silent night-","DAY2","両国国技館","土屋李央","ユニット出演予定なし","","","画像の色＋元CSV"
"4thLIVE 空は澄み、今を越えて。","DAY1","幕張メッセ国際展示場1~3ホール","土屋李央","参加","","","画像の色＋元CSV"
"4thLIVE 空は澄み、今を越えて。","DAY2","幕張メッセ国際展示場1~3ホール","土屋李央","参加","","","画像の色＋元CSV"
"バンダイナムコエンターテインメントフェスティバル 2nd","DAY2","ZOZOマリンスタジアム","土屋李央","参加","","","画像の色＋元CSV"
"シャニマス初の対バンライブ 
283PRODUCTION UNIT LIVE SETSUNA BEAT","DAY1","東京ガーデンシアター","土屋李央","参加","","","画像の色＋元CSV"
"シャニマス初の対バンライブ 
283PRODUCTION UNIT LIVE SETSUNA BEAT","DAY2","東京ガーデンシアター","土屋李央","参加","","","画像の色＋元CSV"
"シャニマス初の対バンライブ 
283PRODUCTION UNIT LIVE MUGEN BEAT","DAY1","武蔵野の森総合スポーツプラザ","土屋李央","ユニット出演予定なし","","","画像の色＋元CSV"
"シャニマス初の対バンライブ 
283PRODUCTION UNIT LIVE MUGEN BEAT","DAY2","武蔵野の森総合スポーツプラザ","土屋李央","ユニット出演予定なし","","","画像の色＋元CSV"
"M@STERS OF IDOL WORLD!!!!! 2023","DAY1","東京ドーム","土屋李央","参加","","","画像の色＋元CSV"
"M@STERS OF IDOL WORLD!!!!! 2023","DAY2","東京ドーム","土屋李央","ユニット出演予定なし","","","画像の色＋元CSV"
"5thLIVE If I_wings.","DAY1","国立代々木競技場 第一体育館","土屋李央","参加","","","画像の色＋元CSV"
"5thLIVE If I_wings.","DAY2","国立代々木競技場 第一体育館","土屋李央","参加","","","画像の色＋元CSV"
"Solo Performance LIVE 我儘なまま","DAY1","武蔵野の森総合スポーツプラザ","土屋李央","参加","","","画像の色＋元CSV"
"Solo Performance LIVE 我儘なまま","DAY2","武蔵野の森総合スポーツプラザ","土屋李央","参加","","","画像の色＋元CSV"
"5.5th Anniversary LIVE 星が見上げた空","DAY1","幕張イベントホール","土屋李央","参加","","","画像の色＋元CSV"
"5.5th Anniversary LIVE 星が見上げた空","DAY2","幕張イベントホール","土屋李央","ユニット出演予定なし","","","画像の色＋元CSV"
"異次元フェス 
アイドルマスター★♥︎ラブライブ！歌合戦","DAY1","東京ドーム","土屋李央","参加","","","画像の色＋元CSV"
"異次元フェス 
アイドルマスター★♥︎ラブライブ！歌合戦","DAY2","東京ドーム","土屋李央","ユニット出演予定なし","","","画像の色＋元CSV"
"6thLIVE TOUR Come and Unite! 
Brilliant Blooms","DAY1","大阪城ホール","土屋李央","参加","","","画像の色＋元CSV"
"6thLIVE TOUR Come and Unite! 
Brilliant Blooms","DAY2","大阪城ホール","土屋李央","参加","","","画像の色＋元CSV"
"6thLIVE TOUR Come and Unite! 
Fantastic Fireworks","DAY1","Kアリーナ横浜","土屋李央","参加","","","画像の色＋元CSV"
"6thLIVE TOUR Come and Unite! 
Fantastic Fireworks","DAY2","Kアリーナ横浜","土屋李央","参加","","","画像の色＋元CSV"
"LIVE FUN!! -Beyond the Blue sky-","DAY1","横浜アリーナ","土屋李央","参加","","","画像の色＋元CSV"
"LIVE FUN!! -Beyond the Blue sky-","DAY2","横浜アリーナ","土屋李央","参加","","","画像の色＋元CSV"
"6.5th Anniversary LIVE “Chapter 283”","DAY1","武蔵野の森総合スポーツプラザ","土屋李央","参加","","","画像の色＋元CSV"
"6.5th Anniversary LIVE “Chapter 283”","DAY2","武蔵野の森総合スポーツプラザ","土屋李央","参加","","","画像の色＋元CSV"
"2nd season LIVE Over the prism","DAY1","ぴあアリーナMM","土屋李央","参加","","","画像の色＋元CSV"
"2nd season LIVE Over the prism","DAY2","ぴあアリーナMM","土屋李央","参加","","","画像の色＋元CSV"
"7th UNITLIVE TOUR 
円環 -Halo around- first quadrant","DAY1","福岡国際センター","土屋李央","ユニット出演予定なし","","","画像の色＋元CSV"
"7th UNITLIVE TOUR 
円環 -Halo around- first quadrant","DAY2","福岡国際センター","土屋李央","ユニット出演予定なし","","","画像の色＋元CSV"
"7th UNITLIVE TOUR 
円環 -Halo around- second quadrant","DAY1","横浜BUNTAI","土屋李央","ユニット出演予定なし","","","画像の色＋元CSV"
"7th UNITLIVE TOUR 
円環 -Halo around- second quadrant","DAY2","横浜BUNTAI","土屋李央","ユニット出演予定なし","","","画像の色＋元CSV"
"7th UNITLIVE TOUR 
円環 -Halo around- third quadrant","DAY1","Aichi Sky Expo","土屋李央","ユニット出演予定なし","","","画像の色＋元CSV"
"7th UNITLIVE TOUR 
円環 -Halo around- third quadrant","DAY2","Aichi Sky Expo","土屋李央","ユニット出演予定なし","","","画像の色＋元CSV"
"7th UNITLIVE TOUR 
円環 -Halo around- fourth quadrant","DAY1","盛運輸アリーナ","土屋李央","参加","","","画像の色＋元CSV"
"7th UNITLIVE TOUR 
円環 -Halo around- fourth quadrant","DAY2","盛運輸アリーナ","土屋李央","参加","","","画像の色＋元CSV"
"7th LIVE TOUR 
螺旋 -Halo around- “The origin on the axes”","DAY1","Kアリーナ横浜","土屋李央","参加","","","画像の色＋元CSV"
"7th LIVE TOUR 
螺旋 -Halo around- “The origin on the axes”","DAY2","Kアリーナ横浜","土屋李央","参加","","","画像の色＋元CSV"
"M@STERS OF IDOL WORLD 2025","DAY1","京セラドーム大阪","土屋李央","ユニット出演予定なし","","","画像の色＋元CSV"
"M@STERS OF IDOL WORLD 2025","DAY2","京セラドーム大阪","土屋李央","参加","","","画像の色＋元CSV"
"シャニマス大感謝祭！
〜283スポーツフェスティバル〜","DAY1","京王アリーナTOKYO","土屋李央","欠席","","","画像の色＋元CSV"
"シャニマス大感謝祭！
〜283スポーツフェスティバル〜","DAY2","京王アリーナTOKYO","土屋李央","参加","","","画像の色＋元CSV"
"∞th LIVE iと夢","DAY1","Kアリーナ横浜","土屋李央","参加","","","画像の色＋元CSV"
"∞th LIVE iと夢","DAY2","Kアリーナ横浜","土屋李央","参加","","","画像の色＋元CSV"
"shiny, the first REFRAC7IONS "" Still blue ""","DAY1","国立代々木競技場 第一体育館","土屋李央","参加","","","画像の色＋元CSV"
"Solo Live Collection -Master ShowPiece-","DAY1","京王アリーナTOKYO","土屋李央","参加","","","画像の色＋元CSV"
"Solo Live Collection -Master ShowPiece-","DAY2","京王アリーナTOKYO","土屋李央","参加","","","画像の色＋元CSV"
"shiny, the first REFRAC7IONS "" Still blue ""","DAY2","国立代々木競技場 第一体育館","土屋李央","参加","","","画像の色＋元CSV"
"1stLIVE FLY TO THE SHINY SKY","DAY1","舞浜アンフィシアター","田嶌紗蘭","対象外","","","画像の色＋元CSV"
"1stLIVE FLY TO THE SHINY SKY","DAY2 (昼)","舞浜アンフィシアター","田嶌紗蘭","対象外","","","画像の色＋元CSV"
"1stLIVE FLY TO THE SHINY SKY","DAY2 (夜)","舞浜アンフィシアター","田嶌紗蘭","対象外","","","画像の色＋元CSV"
"SUMMER PARTY 2019","(昼)","パシフィコ横浜","田嶌紗蘭","対象外","","","画像の色＋元CSV"
"SUMMER PARTY 2019","(夜)","パシフィコ横浜","田嶌紗蘭","対象外","","","画像の色＋元CSV"
"バンダイナムコエンターテインメントフェスティバル","DAY2","東京ドーム","田嶌紗蘭","対象外","","","画像の色＋元CSV"
"283プロダクションプロデューサー感謝祭～1.5 Anniversary Festival!!～","開催","森のホール２１ (松戸市文化会館)","田嶌紗蘭","対象外","","","画像の色＋元CSV"
"MUSIC DAWN","DAY1","幕張イベントホール
（オンライン）","田嶌紗蘭","参加","","","画像の色＋元CSV"
"MUSIC DAWN","DAY2","幕張イベントホール
（オンライン）","田嶌紗蘭","参加","","","画像の色＋元CSV"
"2ndLIVE STEP INTO THE SUNSET SKY","DAY1","幕張メッセ","田嶌紗蘭","参加","","","画像の色＋元CSV"
"2ndLIVE STEP INTO THE SUNSET SKY","DAY2","幕張メッセ","田嶌紗蘭","参加","","","画像の色＋元CSV"
"3rdLIVE TOUR PIECE ON PLANET 
/ NAGOYA","DAY1","日本ガイシホール","田嶌紗蘭","参加","","","画像の色＋元CSV"
"3rdLIVE TOUR PIECE ON PLANET 
/ NAGOYA","DAY2","日本ガイシホール","田嶌紗蘭","参加","","","画像の色＋元CSV"
"3rdLIVE TOUR PIECE ON PLANET 
/ TOKYO","DAY1","東京ガーデンシアター","田嶌紗蘭","参加","","","画像の色＋元CSV"
"3rdLIVE TOUR PIECE ON PLANET 
/ TOKYO","DAY2","東京ガーデンシアター","田嶌紗蘭","参加","","","画像の色＋元CSV"
"3rdLIVE TOUR PIECE ON PLANET 
/ FUKUOKA","DAY1","西日本総合展示場","田嶌紗蘭","参加","","","画像の色＋元CSV"
"3rdLIVE TOUR PIECE ON PLANET 
/ FUKUOKA","DAY2","西日本総合展示場","田嶌紗蘭","参加","","","画像の色＋元CSV"
"283フェス 2021 Happy Buffet!","DAY1","バンダイナムコ未来研究所
（オンライン）","田嶌紗蘭","ユニット出演予定なし","","","画像の色＋元CSV"
"283フェス 2021 Happy Buffet!","DAY2","バンダイナムコ未来研究所
（オンライン）","田嶌紗蘭","参加","","","画像の色＋元CSV"
"Xmas Party -Silent night-","DAY1","両国国技館","田嶌紗蘭","参加","","","画像の色＋元CSV"
"Xmas Party -Silent night-","DAY2","両国国技館","田嶌紗蘭","ユニット出演予定なし","","","画像の色＋元CSV"
"4thLIVE 空は澄み、今を越えて。","DAY1","幕張メッセ国際展示場1~3ホール","田嶌紗蘭","参加","","","画像の色＋元CSV"
"4thLIVE 空は澄み、今を越えて。","DAY2","幕張メッセ国際展示場1~3ホール","田嶌紗蘭","参加","","","画像の色＋元CSV"
"バンダイナムコエンターテインメントフェスティバル 2nd","DAY2","ZOZOマリンスタジアム","田嶌紗蘭","参加","","","画像の色＋元CSV"
"シャニマス初の対バンライブ 
283PRODUCTION UNIT LIVE SETSUNA BEAT","DAY1","東京ガーデンシアター","田嶌紗蘭","参加","","","画像の色＋元CSV"
"シャニマス初の対バンライブ 
283PRODUCTION UNIT LIVE SETSUNA BEAT","DAY2","東京ガーデンシアター","田嶌紗蘭","参加","","","画像の色＋元CSV"
"シャニマス初の対バンライブ 
283PRODUCTION UNIT LIVE MUGEN BEAT","DAY1","武蔵野の森総合スポーツプラザ","田嶌紗蘭","ユニット出演予定なし","","","画像の色＋元CSV"
"シャニマス初の対バンライブ 
283PRODUCTION UNIT LIVE MUGEN BEAT","DAY2","武蔵野の森総合スポーツプラザ","田嶌紗蘭","ユニット出演予定なし","","","画像の色＋元CSV"
"M@STERS OF IDOL WORLD!!!!! 2023","DAY1","東京ドーム","田嶌紗蘭","参加","","","画像の色＋元CSV"
"M@STERS OF IDOL WORLD!!!!! 2023","DAY2","東京ドーム","田嶌紗蘭","ユニット出演予定なし","","","画像の色＋元CSV"
"5thLIVE If I_wings.","DAY1","国立代々木競技場 第一体育館","田嶌紗蘭","参加","","","画像の色＋元CSV"
"5thLIVE If I_wings.","DAY2","国立代々木競技場 第一体育館","田嶌紗蘭","参加","","","画像の色＋元CSV"
"Solo Performance LIVE 我儘なまま","DAY1","武蔵野の森総合スポーツプラザ","田嶌紗蘭","参加","","","画像の色＋元CSV"
"Solo Performance LIVE 我儘なまま","DAY2","武蔵野の森総合スポーツプラザ","田嶌紗蘭","参加","","","画像の色＋元CSV"
"5.5th Anniversary LIVE 星が見上げた空","DAY1","幕張イベントホール","田嶌紗蘭","参加","","","画像の色＋元CSV"
"5.5th Anniversary LIVE 星が見上げた空","DAY2","幕張イベントホール","田嶌紗蘭","ユニット出演予定なし","","","画像の色＋元CSV"
"異次元フェス 
アイドルマスター★♥︎ラブライブ！歌合戦","DAY1","東京ドーム","田嶌紗蘭","参加","","","画像の色＋元CSV"
"異次元フェス 
アイドルマスター★♥︎ラブライブ！歌合戦","DAY2","東京ドーム","田嶌紗蘭","ユニット出演予定なし","","","画像の色＋元CSV"
"6thLIVE TOUR Come and Unite! 
Brilliant Blooms","DAY1","大阪城ホール","田嶌紗蘭","参加","","","画像の色＋元CSV"
"6thLIVE TOUR Come and Unite! 
Brilliant Blooms","DAY2","大阪城ホール","田嶌紗蘭","参加","","","画像の色＋元CSV"
"6thLIVE TOUR Come and Unite! 
Fantastic Fireworks","DAY1","Kアリーナ横浜","田嶌紗蘭","参加","","","画像の色＋元CSV"
"6thLIVE TOUR Come and Unite! 
Fantastic Fireworks","DAY2","Kアリーナ横浜","田嶌紗蘭","参加","","","画像の色＋元CSV"
"LIVE FUN!! -Beyond the Blue sky-","DAY1","横浜アリーナ","田嶌紗蘭","参加","2024/04/20","","画像の色＋元CSV"
"LIVE FUN!! -Beyond the Blue sky-","DAY2","横浜アリーナ","田嶌紗蘭","参加","","","画像の色＋元CSV"
"6.5th Anniversary LIVE “Chapter 283”","DAY1","武蔵野の森総合スポーツプラザ","田嶌紗蘭","参加","","","画像の色＋元CSV"
"6.5th Anniversary LIVE “Chapter 283”","DAY2","武蔵野の森総合スポーツプラザ","田嶌紗蘭","参加","","","画像の色＋元CSV"
"2nd season LIVE Over the prism","DAY1","ぴあアリーナMM","田嶌紗蘭","参加","","","画像の色＋元CSV"
"2nd season LIVE Over the prism","DAY2","ぴあアリーナMM","田嶌紗蘭","参加","","","画像の色＋元CSV"
"7th UNITLIVE TOUR 
円環 -Halo around- first quadrant","DAY1","福岡国際センター","田嶌紗蘭","ユニット出演予定なし","","","画像の色＋元CSV"
"7th UNITLIVE TOUR 
円環 -Halo around- first quadrant","DAY2","福岡国際センター","田嶌紗蘭","ユニット出演予定なし","","","画像の色＋元CSV"
"7th UNITLIVE TOUR 
円環 -Halo around- second quadrant","DAY1","横浜BUNTAI","田嶌紗蘭","ユニット出演予定なし","","","画像の色＋元CSV"
"7th UNITLIVE TOUR 
円環 -Halo around- second quadrant","DAY2","横浜BUNTAI","田嶌紗蘭","ユニット出演予定なし","","","画像の色＋元CSV"
"7th UNITLIVE TOUR 
円環 -Halo around- third quadrant","DAY1","Aichi Sky Expo","田嶌紗蘭","ユニット出演予定なし","","","画像の色＋元CSV"
"7th UNITLIVE TOUR 
円環 -Halo around- third quadrant","DAY2","Aichi Sky Expo","田嶌紗蘭","ユニット出演予定なし","","","画像の色＋元CSV"
"7th UNITLIVE TOUR 
円環 -Halo around- fourth quadrant","DAY1","盛運輸アリーナ","田嶌紗蘭","参加","","","画像の色＋元CSV"
"7th UNITLIVE TOUR 
円環 -Halo around- fourth quadrant","DAY2","盛運輸アリーナ","田嶌紗蘭","参加","","","画像の色＋元CSV"
"7th LIVE TOUR 
螺旋 -Halo around- “The origin on the axes”","DAY1","Kアリーナ横浜","田嶌紗蘭","参加","","","画像の色＋元CSV"
"7th LIVE TOUR 
螺旋 -Halo around- “The origin on the axes”","DAY2","Kアリーナ横浜","田嶌紗蘭","参加","","","画像の色＋元CSV"
"M@STERS OF IDOL WORLD 2025","DAY1","京セラドーム大阪","田嶌紗蘭","ユニット出演予定なし","","","画像の色＋元CSV"
"M@STERS OF IDOL WORLD 2025","DAY2","京セラドーム大阪","田嶌紗蘭","参加","","","画像の色＋元CSV"
"シャニマス大感謝祭！
〜283スポーツフェスティバル〜","DAY1","京王アリーナTOKYO","田嶌紗蘭","参加","","","画像の色＋元CSV"
"シャニマス大感謝祭！
〜283スポーツフェスティバル〜","DAY2","京王アリーナTOKYO","田嶌紗蘭","参加","","","画像の色＋元CSV"
"∞th LIVE iと夢","DAY1","Kアリーナ横浜","田嶌紗蘭","参加","","","画像の色＋元CSV"
"∞th LIVE iと夢","DAY2","Kアリーナ横浜","田嶌紗蘭","参加","","","画像の色＋元CSV"
"shiny, the first REFRAC7IONS "" Still blue ""","DAY1","国立代々木競技場 第一体育館","田嶌紗蘭","参加","","","画像の色＋元CSV"
"Solo Live Collection -Master ShowPiece-","DAY1","京王アリーナTOKYO","田嶌紗蘭","参加","","","画像の色＋元CSV"
"Solo Live Collection -Master ShowPiece-","DAY2","京王アリーナTOKYO","田嶌紗蘭","参加","","","画像の色＋元CSV"
"shiny, the first REFRAC7IONS "" Still blue ""","DAY2","国立代々木競技場 第一体育館","田嶌紗蘭","参加","","","画像の色＋元CSV"
"1stLIVE FLY TO THE SHINY SKY","DAY1","舞浜アンフィシアター","岡咲美保","対象外","","","画像の色＋元CSV"
"1stLIVE FLY TO THE SHINY SKY","DAY2 (昼)","舞浜アンフィシアター","岡咲美保","対象外","","","画像の色＋元CSV"
"1stLIVE FLY TO THE SHINY SKY","DAY2 (夜)","舞浜アンフィシアター","岡咲美保","対象外","","","画像の色＋元CSV"
"SUMMER PARTY 2019","(昼)","パシフィコ横浜","岡咲美保","対象外","","","画像の色＋元CSV"
"SUMMER PARTY 2019","(夜)","パシフィコ横浜","岡咲美保","対象外","","","画像の色＋元CSV"
"バンダイナムコエンターテインメントフェスティバル","DAY2","東京ドーム","岡咲美保","対象外","","","画像の色＋元CSV"
"283プロダクションプロデューサー感謝祭～1.5 Anniversary Festival!!～","開催","森のホール２１ (松戸市文化会館)","岡咲美保","対象外","","","画像の色＋元CSV"
"MUSIC DAWN","DAY1","幕張イベントホール
（オンライン）","岡咲美保","参加","","","画像の色＋元CSV"
"MUSIC DAWN","DAY2","幕張イベントホール
（オンライン）","岡咲美保","参加","","","画像の色＋元CSV"
"2ndLIVE STEP INTO THE SUNSET SKY","DAY1","幕張メッセ","岡咲美保","参加","2021/02/16","","画像の色＋元CSV"
"2ndLIVE STEP INTO THE SUNSET SKY","DAY2","幕張メッセ","岡咲美保","参加","","","画像の色＋元CSV"
"3rdLIVE TOUR PIECE ON PLANET 
/ NAGOYA","DAY1","日本ガイシホール","岡咲美保","参加","2021/02/25","","画像の色＋元CSV"
"3rdLIVE TOUR PIECE ON PLANET 
/ NAGOYA","DAY2","日本ガイシホール","岡咲美保","参加","2021/02/25","","画像の色＋元CSV"
"3rdLIVE TOUR PIECE ON PLANET 
/ TOKYO","DAY1","東京ガーデンシアター","岡咲美保","参加","2021/02/25","","画像の色＋元CSV"
"3rdLIVE TOUR PIECE ON PLANET 
/ TOKYO","DAY2","東京ガーデンシアター","岡咲美保","参加","","","画像の色＋元CSV"
"3rdLIVE TOUR PIECE ON PLANET 
/ FUKUOKA","DAY1","西日本総合展示場","岡咲美保","参加","2021/02/25","","画像の色＋元CSV"
"3rdLIVE TOUR PIECE ON PLANET 
/ FUKUOKA","DAY2","西日本総合展示場","岡咲美保","参加","","","画像の色＋元CSV"
"283フェス 2021 Happy Buffet!","DAY1","バンダイナムコ未来研究所
（オンライン）","岡咲美保","ユニット出演予定なし","","","画像の色＋元CSV"
"283フェス 2021 Happy Buffet!","DAY2","バンダイナムコ未来研究所
（オンライン）","岡咲美保","参加","","","画像の色＋元CSV"
"Xmas Party -Silent night-","DAY1","両国国技館","岡咲美保","参加","","","画像の色＋元CSV"
"Xmas Party -Silent night-","DAY2","両国国技館","岡咲美保","ユニット出演予定なし","","","画像の色＋元CSV"
"4thLIVE 空は澄み、今を越えて。","DAY1","幕張メッセ国際展示場1~3ホール","岡咲美保","参加","2021/11/05","","画像の色＋元CSV"
"4thLIVE 空は澄み、今を越えて。","DAY2","幕張メッセ国際展示場1~3ホール","岡咲美保","参加","","","画像の色＋元CSV"
"バンダイナムコエンターテインメントフェスティバル 2nd","DAY2","ZOZOマリンスタジアム","岡咲美保","参加","","","画像の色＋元CSV"
"シャニマス初の対バンライブ 
283PRODUCTION UNIT LIVE SETSUNA BEAT","DAY1","東京ガーデンシアター","岡咲美保","参加","","","画像の色＋元CSV"
"シャニマス初の対バンライブ 
283PRODUCTION UNIT LIVE SETSUNA BEAT","DAY2","東京ガーデンシアター","岡咲美保","参加","","","画像の色＋元CSV"
"シャニマス初の対バンライブ 
283PRODUCTION UNIT LIVE MUGEN BEAT","DAY1","武蔵野の森総合スポーツプラザ","岡咲美保","ユニット出演予定なし","","","画像の色＋元CSV"
"シャニマス初の対バンライブ 
283PRODUCTION UNIT LIVE MUGEN BEAT","DAY2","武蔵野の森総合スポーツプラザ","岡咲美保","ユニット出演予定なし","","","画像の色＋元CSV"
"M@STERS OF IDOL WORLD!!!!! 2023","DAY1","東京ドーム","岡咲美保","参加","","","画像の色＋元CSV"
"M@STERS OF IDOL WORLD!!!!! 2023","DAY2","東京ドーム","岡咲美保","ユニット出演予定なし","","","画像の色＋元CSV"
"5thLIVE If I_wings.","DAY1","国立代々木競技場 第一体育館","岡咲美保","参加","","","画像の色＋元CSV"
"5thLIVE If I_wings.","DAY2","国立代々木競技場 第一体育館","岡咲美保","参加","","","画像の色＋元CSV"
"Solo Performance LIVE 我儘なまま","DAY1","武蔵野の森総合スポーツプラザ","岡咲美保","参加","","","画像の色＋元CSV"
"Solo Performance LIVE 我儘なまま","DAY2","武蔵野の森総合スポーツプラザ","岡咲美保","参加","2023/05/22","","画像の色＋元CSV"
"5.5th Anniversary LIVE 星が見上げた空","DAY1","幕張イベントホール","岡咲美保","参加","","","画像の色＋元CSV"
"5.5th Anniversary LIVE 星が見上げた空","DAY2","幕張イベントホール","岡咲美保","ユニット出演予定なし","","","画像の色＋元CSV"
"異次元フェス 
アイドルマスター★♥︎ラブライブ！歌合戦","DAY1","東京ドーム","岡咲美保","参加","","","画像の色＋元CSV"
"異次元フェス 
アイドルマスター★♥︎ラブライブ！歌合戦","DAY2","東京ドーム","岡咲美保","ユニット出演予定なし","","","画像の色＋元CSV"
"6thLIVE TOUR Come and Unite! 
Brilliant Blooms","DAY1","大阪城ホール","岡咲美保","参加","","","画像の色＋元CSV"
"6thLIVE TOUR Come and Unite! 
Brilliant Blooms","DAY2","大阪城ホール","岡咲美保","参加","","","画像の色＋元CSV"
"6thLIVE TOUR Come and Unite! 
Fantastic Fireworks","DAY1","Kアリーナ横浜","岡咲美保","参加","","","画像の色＋元CSV"
"6thLIVE TOUR Come and Unite! 
Fantastic Fireworks","DAY2","Kアリーナ横浜","岡咲美保","参加","","","画像の色＋元CSV"
"LIVE FUN!! -Beyond the Blue sky-","DAY1","横浜アリーナ","岡咲美保","参加","","","画像の色＋元CSV"
"LIVE FUN!! -Beyond the Blue sky-","DAY2","横浜アリーナ","岡咲美保","参加","","","画像の色＋元CSV"
"6.5th Anniversary LIVE “Chapter 283”","DAY1","武蔵野の森総合スポーツプラザ","岡咲美保","参加","","","画像の色＋元CSV"
"6.5th Anniversary LIVE “Chapter 283”","DAY2","武蔵野の森総合スポーツプラザ","岡咲美保","参加","","","画像の色＋元CSV"
"2nd season LIVE Over the prism","DAY1","ぴあアリーナMM","岡咲美保","欠席","","","画像の色＋元CSV"
"2nd season LIVE Over the prism","DAY2","ぴあアリーナMM","岡咲美保","欠席","","","画像の色＋元CSV"
"7th UNITLIVE TOUR 
円環 -Halo around- first quadrant","DAY1","福岡国際センター","岡咲美保","ユニット出演予定なし","","","画像の色＋元CSV"
"7th UNITLIVE TOUR 
円環 -Halo around- first quadrant","DAY2","福岡国際センター","岡咲美保","ユニット出演予定なし","","","画像の色＋元CSV"
"7th UNITLIVE TOUR 
円環 -Halo around- second quadrant","DAY1","横浜BUNTAI","岡咲美保","ユニット出演予定なし","","","画像の色＋元CSV"
"7th UNITLIVE TOUR 
円環 -Halo around- second quadrant","DAY2","横浜BUNTAI","岡咲美保","ユニット出演予定なし","","","画像の色＋元CSV"
"7th UNITLIVE TOUR 
円環 -Halo around- third quadrant","DAY1","Aichi Sky Expo","岡咲美保","ユニット出演予定なし","","","画像の色＋元CSV"
"7th UNITLIVE TOUR 
円環 -Halo around- third quadrant","DAY2","Aichi Sky Expo","岡咲美保","ユニット出演予定なし","","","画像の色＋元CSV"
"7th UNITLIVE TOUR 
円環 -Halo around- fourth quadrant","DAY1","盛運輸アリーナ","岡咲美保","参加","","","画像の色＋元CSV"
"7th UNITLIVE TOUR 
円環 -Halo around- fourth quadrant","DAY2","盛運輸アリーナ","岡咲美保","参加","","","画像の色＋元CSV"
"7th LIVE TOUR 
螺旋 -Halo around- “The origin on the axes”","DAY1","Kアリーナ横浜","岡咲美保","参加","","","画像の色＋元CSV"
"7th LIVE TOUR 
螺旋 -Halo around- “The origin on the axes”","DAY2","Kアリーナ横浜","岡咲美保","参加","","","画像の色＋元CSV"
"M@STERS OF IDOL WORLD 2025","DAY1","京セラドーム大阪","岡咲美保","ユニット出演予定なし","","","画像の色＋元CSV"
"M@STERS OF IDOL WORLD 2025","DAY2","京セラドーム大阪","岡咲美保","参加","","","画像の色＋元CSV"
"シャニマス大感謝祭！
〜283スポーツフェスティバル〜","DAY1","京王アリーナTOKYO","岡咲美保","参加","","","画像の色＋元CSV"
"シャニマス大感謝祭！
〜283スポーツフェスティバル〜","DAY2","京王アリーナTOKYO","岡咲美保","参加","","","画像の色＋元CSV"
"∞th LIVE iと夢","DAY1","Kアリーナ横浜","岡咲美保","参加","","","画像の色＋元CSV"
"∞th LIVE iと夢","DAY2","Kアリーナ横浜","岡咲美保","参加","","","画像の色＋元CSV"
"shiny, the first REFRAC7IONS "" Still blue ""","DAY1","国立代々木競技場 第一体育館","岡咲美保","参加","","","画像の色＋元CSV"
"Solo Live Collection -Master ShowPiece-","DAY1","京王アリーナTOKYO","岡咲美保","参加","","","画像の色＋元CSV"
"shiny, the first REFRAC7IONS "" Still blue ""","DAY2","国立代々木競技場 第一体育館","岡咲美保","参加","","","画像の色＋元CSV"
"Solo Live Collection -Master ShowPiece-","DAY2","京王アリーナTOKYO","岡咲美保","参加","","","画像の色＋元CSV"
"1stLIVE FLY TO THE SHINY SKY","DAY1","舞浜アンフィシアター","紫月杏朱彩","対象外","","","画像の色＋元CSV"
"1stLIVE FLY TO THE SHINY SKY","DAY2 (昼)","舞浜アンフィシアター","紫月杏朱彩","対象外","","","画像の色＋元CSV"
"1stLIVE FLY TO THE SHINY SKY","DAY2 (夜)","舞浜アンフィシアター","紫月杏朱彩","対象外","","","画像の色＋元CSV"
"SUMMER PARTY 2019","(昼)","パシフィコ横浜","紫月杏朱彩","対象外","","","画像の色＋元CSV"
"SUMMER PARTY 2019","(夜)","パシフィコ横浜","紫月杏朱彩","対象外","","","画像の色＋元CSV"
"バンダイナムコエンターテインメントフェスティバル","DAY2","東京ドーム","紫月杏朱彩","対象外","","","画像の色＋元CSV"
"283プロダクションプロデューサー感謝祭～1.5 Anniversary Festival!!～","開催","森のホール２１ (松戸市文化会館)","紫月杏朱彩","対象外","","","画像の色＋元CSV"
"MUSIC DAWN","DAY1","幕張イベントホール
（オンライン）","紫月杏朱彩","対象外","","","画像の色＋元CSV"
"MUSIC DAWN","DAY2","幕張イベントホール
（オンライン）","紫月杏朱彩","対象外","","","画像の色＋元CSV"
"2ndLIVE STEP INTO THE SUNSET SKY","DAY1","幕張メッセ","紫月杏朱彩","対象外","","","画像の色＋元CSV"
"2ndLIVE STEP INTO THE SUNSET SKY","DAY2","幕張メッセ","紫月杏朱彩","対象外","","","画像の色＋元CSV"
"3rdLIVE TOUR PIECE ON PLANET 
/ NAGOYA","DAY1","日本ガイシホール","紫月杏朱彩","対象外","","","画像の色＋元CSV"
"3rdLIVE TOUR PIECE ON PLANET 
/ NAGOYA","DAY2","日本ガイシホール","紫月杏朱彩","対象外","","","画像の色＋元CSV"
"3rdLIVE TOUR PIECE ON PLANET 
/ TOKYO","DAY1","東京ガーデンシアター","紫月杏朱彩","サプライズ披露","","","画像の色＋元CSV"
"3rdLIVE TOUR PIECE ON PLANET 
/ TOKYO","DAY2","東京ガーデンシアター","紫月杏朱彩","サプライズ披露","","","画像の色＋元CSV"
"3rdLIVE TOUR PIECE ON PLANET 
/ FUKUOKA","DAY1","西日本総合展示場","紫月杏朱彩","参加","2021/03/21","","画像の色＋元CSV"
"3rdLIVE TOUR PIECE ON PLANET 
/ FUKUOKA","DAY2","西日本総合展示場","紫月杏朱彩","参加","2021/03/21","","画像の色＋元CSV"
"283フェス 2021 Happy Buffet!","DAY1","バンダイナムコ未来研究所
（オンライン）","紫月杏朱彩","参加","","","画像の色＋元CSV"
"283フェス 2021 Happy Buffet!","DAY2","バンダイナムコ未来研究所
（オンライン）","紫月杏朱彩","参加","","","画像の色＋元CSV"
"Xmas Party -Silent night-","DAY1","両国国技館","紫月杏朱彩","ユニット出演予定なし","","","画像の色＋元CSV"
"Xmas Party -Silent night-","DAY2","両国国技館","紫月杏朱彩","参加","","","画像の色＋元CSV"
"4thLIVE 空は澄み、今を越えて。","DAY1","幕張メッセ国際展示場1~3ホール","紫月杏朱彩","参加","","","画像の色＋元CSV"
"4thLIVE 空は澄み、今を越えて。","DAY2","幕張メッセ国際展示場1~3ホール","紫月杏朱彩","参加","","","画像の色＋元CSV"
"バンダイナムコエンターテインメントフェスティバル 2nd","DAY2","ZOZOマリンスタジアム","紫月杏朱彩","参加","","","画像の色＋元CSV"
"シャニマス初の対バンライブ 
283PRODUCTION UNIT LIVE SETSUNA BEAT","DAY1","東京ガーデンシアター","紫月杏朱彩","ユニット出演予定なし","","","画像の色＋元CSV"
"シャニマス初の対バンライブ 
283PRODUCTION UNIT LIVE SETSUNA BEAT","DAY2","東京ガーデンシアター","紫月杏朱彩","ユニット出演予定なし","","","画像の色＋元CSV"
"シャニマス初の対バンライブ 
283PRODUCTION UNIT LIVE MUGEN BEAT","DAY1","武蔵野の森総合スポーツプラザ","紫月杏朱彩","参加","","","画像の色＋元CSV"
"シャニマス初の対バンライブ 
283PRODUCTION UNIT LIVE MUGEN BEAT","DAY2","武蔵野の森総合スポーツプラザ","紫月杏朱彩","参加","","","画像の色＋元CSV"
"M@STERS OF IDOL WORLD!!!!! 2023","DAY1","東京ドーム","紫月杏朱彩","ユニット出演予定なし","","","画像の色＋元CSV"
"M@STERS OF IDOL WORLD!!!!! 2023","DAY2","東京ドーム","紫月杏朱彩","参加","","","画像の色＋元CSV"
"5thLIVE If I_wings.","DAY1","国立代々木競技場 第一体育館","紫月杏朱彩","参加","","","画像の色＋元CSV"
"5thLIVE If I_wings.","DAY2","国立代々木競技場 第一体育館","紫月杏朱彩","参加","","","画像の色＋元CSV"
"Solo Performance LIVE 我儘なまま","DAY1","武蔵野の森総合スポーツプラザ","紫月杏朱彩","参加","","","画像の色＋元CSV"
"Solo Performance LIVE 我儘なまま","DAY2","武蔵野の森総合スポーツプラザ","紫月杏朱彩","参加","","","画像の色＋元CSV"
"5.5th Anniversary LIVE 星が見上げた空","DAY1","幕張イベントホール","紫月杏朱彩","参加","","","画像の色＋元CSV"
"5.5th Anniversary LIVE 星が見上げた空","DAY2","幕張イベントホール","紫月杏朱彩","ユニット出演予定なし","","","画像の色＋元CSV"
"異次元フェス 
アイドルマスター★♥︎ラブライブ！歌合戦","DAY1","東京ドーム","紫月杏朱彩","参加","","","画像の色＋元CSV"
"異次元フェス 
アイドルマスター★♥︎ラブライブ！歌合戦","DAY2","東京ドーム","紫月杏朱彩","ユニット出演予定なし","","","画像の色＋元CSV"
"6thLIVE TOUR Come and Unite! 
Brilliant Blooms","DAY1","大阪城ホール","紫月杏朱彩","参加","","","画像の色＋元CSV"
"6thLIVE TOUR Come and Unite! 
Brilliant Blooms","DAY2","大阪城ホール","紫月杏朱彩","参加","","","画像の色＋元CSV"
"6thLIVE TOUR Come and Unite! 
Fantastic Fireworks","DAY1","Kアリーナ横浜","紫月杏朱彩","参加","","","画像の色＋元CSV"
"6thLIVE TOUR Come and Unite! 
Fantastic Fireworks","DAY2","Kアリーナ横浜","紫月杏朱彩","参加","","","画像の色＋元CSV"
"LIVE FUN!! -Beyond the Blue sky-","DAY1","横浜アリーナ","紫月杏朱彩","参加","","","画像の色＋元CSV"
"LIVE FUN!! -Beyond the Blue sky-","DAY2","横浜アリーナ","紫月杏朱彩","参加","","","画像の色＋元CSV"
"6.5th Anniversary LIVE “Chapter 283”","DAY1","武蔵野の森総合スポーツプラザ","紫月杏朱彩","参加","","","画像の色＋元CSV"
"6.5th Anniversary LIVE “Chapter 283”","DAY2","武蔵野の森総合スポーツプラザ","紫月杏朱彩","参加","","","画像の色＋元CSV"
"2nd season LIVE Over the prism","DAY1","ぴあアリーナMM","紫月杏朱彩","ユニット出演予定なし","","","画像の色＋元CSV"
"2nd season LIVE Over the prism","DAY2","ぴあアリーナMM","紫月杏朱彩","ユニット出演予定なし","","","画像の色＋元CSV"
"7th UNITLIVE TOUR 
円環 -Halo around- first quadrant","DAY1","福岡国際センター","紫月杏朱彩","参加","","","画像の色＋元CSV"
"7th UNITLIVE TOUR 
円環 -Halo around- first quadrant","DAY2","福岡国際センター","紫月杏朱彩","参加","","","画像の色＋元CSV"
"7th UNITLIVE TOUR 
円環 -Halo around- second quadrant","DAY1","横浜BUNTAI","紫月杏朱彩","ユニット出演予定なし","","","画像の色＋元CSV"
"7th UNITLIVE TOUR 
円環 -Halo around- second quadrant","DAY2","横浜BUNTAI","紫月杏朱彩","ユニット出演予定なし","","","画像の色＋元CSV"
"7th UNITLIVE TOUR 
円環 -Halo around- third quadrant","DAY1","Aichi Sky Expo","紫月杏朱彩","ユニット出演予定なし","","","画像の色＋元CSV"
"7th UNITLIVE TOUR 
円環 -Halo around- third quadrant","DAY2","Aichi Sky Expo","紫月杏朱彩","ユニット出演予定なし","","","画像の色＋元CSV"
"7th UNITLIVE TOUR 
円環 -Halo around- fourth quadrant","DAY1","盛運輸アリーナ","紫月杏朱彩","ユニット出演予定なし","","","画像の色＋元CSV"
"7th UNITLIVE TOUR 
円環 -Halo around- fourth quadrant","DAY2","盛運輸アリーナ","紫月杏朱彩","ユニット出演予定なし","","","画像の色＋元CSV"
"7th LIVE TOUR 
螺旋 -Halo around- “The origin on the axes”","DAY1","Kアリーナ横浜","紫月杏朱彩","参加","","","画像の色＋元CSV"
"7th LIVE TOUR 
螺旋 -Halo around- “The origin on the axes”","DAY2","Kアリーナ横浜","紫月杏朱彩","参加","","","画像の色＋元CSV"
"M@STERS OF IDOL WORLD 2025","DAY1","京セラドーム大阪","紫月杏朱彩","参加","","","画像の色＋元CSV"
"M@STERS OF IDOL WORLD 2025","DAY2","京セラドーム大阪","紫月杏朱彩","ユニット出演予定なし","","","画像の色＋元CSV"
"シャニマス大感謝祭！
〜283スポーツフェスティバル〜","DAY1","京王アリーナTOKYO","紫月杏朱彩","参加","","","画像の色＋元CSV"
"シャニマス大感謝祭！
〜283スポーツフェスティバル〜","DAY2","京王アリーナTOKYO","紫月杏朱彩","参加","","","画像の色＋元CSV"
"∞th LIVE iと夢","DAY1","Kアリーナ横浜","紫月杏朱彩","参加","","","画像の色＋元CSV"
"∞th LIVE iと夢","DAY2","Kアリーナ横浜","紫月杏朱彩","参加","","","画像の色＋元CSV"
"Solo Live Collection -Master ShowPiece-","DAY1","京王アリーナTOKYO","紫月杏朱彩","参加","","","画像の色＋元CSV"
"shiny, the first REFRAC7IONS "" Still blue ""","DAY1","国立代々木競技場 第一体育館","紫月杏朱彩","参加","","","画像の色＋元CSV"
"shiny, the first REFRAC7IONS "" Still blue ""","DAY2","国立代々木競技場 第一体育館","紫月杏朱彩","参加","","","画像の色＋元CSV"
"Solo Live Collection -Master ShowPiece-","DAY2","京王アリーナTOKYO","紫月杏朱彩","参加","","","画像の色＋元CSV"
"1stLIVE FLY TO THE SHINY SKY","DAY1","舞浜アンフィシアター","山根綺","対象外","","","画像の色＋元CSV"
"1stLIVE FLY TO THE SHINY SKY","DAY2 (昼)","舞浜アンフィシアター","山根綺","対象外","","","画像の色＋元CSV"
"1stLIVE FLY TO THE SHINY SKY","DAY2 (夜)","舞浜アンフィシアター","山根綺","対象外","","","画像の色＋元CSV"
"SUMMER PARTY 2019","(昼)","パシフィコ横浜","山根綺","対象外","","","画像の色＋元CSV"
"SUMMER PARTY 2019","(夜)","パシフィコ横浜","山根綺","対象外","","","画像の色＋元CSV"
"バンダイナムコエンターテインメントフェスティバル","DAY2","東京ドーム","山根綺","対象外","","","画像の色＋元CSV"
"283プロダクションプロデューサー感謝祭～1.5 Anniversary Festival!!～","開催","森のホール２１ (松戸市文化会館)","山根綺","対象外","","","画像の色＋元CSV"
"MUSIC DAWN","DAY1","幕張イベントホール
（オンライン）","山根綺","対象外","","","画像の色＋元CSV"
"MUSIC DAWN","DAY2","幕張イベントホール
（オンライン）","山根綺","対象外","","","画像の色＋元CSV"
"2ndLIVE STEP INTO THE SUNSET SKY","DAY1","幕張メッセ","山根綺","対象外","","","画像の色＋元CSV"
"2ndLIVE STEP INTO THE SUNSET SKY","DAY2","幕張メッセ","山根綺","対象外","","","画像の色＋元CSV"
"3rdLIVE TOUR PIECE ON PLANET 
/ NAGOYA","DAY1","日本ガイシホール","山根綺","対象外","","","画像の色＋元CSV"
"3rdLIVE TOUR PIECE ON PLANET 
/ NAGOYA","DAY2","日本ガイシホール","山根綺","対象外","","","画像の色＋元CSV"
"3rdLIVE TOUR PIECE ON PLANET 
/ TOKYO","DAY1","東京ガーデンシアター","山根綺","サプライズ披露","","","画像の色＋元CSV"
"3rdLIVE TOUR PIECE ON PLANET 
/ TOKYO","DAY2","東京ガーデンシアター","山根綺","サプライズ披露","","","画像の色＋元CSV"
"3rdLIVE TOUR PIECE ON PLANET 
/ FUKUOKA","DAY1","西日本総合展示場","山根綺","参加","2021/03/21","","画像の色＋元CSV"
"3rdLIVE TOUR PIECE ON PLANET 
/ FUKUOKA","DAY2","西日本総合展示場","山根綺","参加","2021/03/21","","画像の色＋元CSV"
"283フェス 2021 Happy Buffet!","DAY1","バンダイナムコ未来研究所
（オンライン）","山根綺","参加","","","画像の色＋元CSV"
"283フェス 2021 Happy Buffet!","DAY2","バンダイナムコ未来研究所
（オンライン）","山根綺","参加","","","画像の色＋元CSV"
"Xmas Party -Silent night-","DAY1","両国国技館","山根綺","ユニット出演予定なし","","","画像の色＋元CSV"
"Xmas Party -Silent night-","DAY2","両国国技館","山根綺","参加","","","画像の色＋元CSV"
"4thLIVE 空は澄み、今を越えて。","DAY1","幕張メッセ国際展示場1~3ホール","山根綺","参加","","","画像の色＋元CSV"
"4thLIVE 空は澄み、今を越えて。","DAY2","幕張メッセ国際展示場1~3ホール","山根綺","参加","","","画像の色＋元CSV"
"バンダイナムコエンターテインメントフェスティバル 2nd","DAY2","ZOZOマリンスタジアム","山根綺","参加","","","画像の色＋元CSV"
"シャニマス初の対バンライブ 
283PRODUCTION UNIT LIVE SETSUNA BEAT","DAY1","東京ガーデンシアター","山根綺","ユニット出演予定なし","","","画像の色＋元CSV"
"シャニマス初の対バンライブ 
283PRODUCTION UNIT LIVE SETSUNA BEAT","DAY2","東京ガーデンシアター","山根綺","ユニット出演予定なし","","","画像の色＋元CSV"
"シャニマス初の対バンライブ 
283PRODUCTION UNIT LIVE MUGEN BEAT","DAY1","武蔵野の森総合スポーツプラザ","山根綺","参加","","","画像の色＋元CSV"
"シャニマス初の対バンライブ 
283PRODUCTION UNIT LIVE MUGEN BEAT","DAY2","武蔵野の森総合スポーツプラザ","山根綺","参加","","","画像の色＋元CSV"
"M@STERS OF IDOL WORLD!!!!! 2023","DAY1","東京ドーム","山根綺","ユニット出演予定なし","","","画像の色＋元CSV"
"M@STERS OF IDOL WORLD!!!!! 2023","DAY2","東京ドーム","山根綺","参加","","","画像の色＋元CSV"
"5thLIVE If I_wings.","DAY1","国立代々木競技場 第一体育館","山根綺","参加","","","画像の色＋元CSV"
"5thLIVE If I_wings.","DAY2","国立代々木競技場 第一体育館","山根綺","参加","","","画像の色＋元CSV"
"Solo Performance LIVE 我儘なまま","DAY1","武蔵野の森総合スポーツプラザ","山根綺","参加","","","画像の色＋元CSV"
"Solo Performance LIVE 我儘なまま","DAY2","武蔵野の森総合スポーツプラザ","山根綺","参加","","","画像の色＋元CSV"
"5.5th Anniversary LIVE 星が見上げた空","DAY1","幕張イベントホール","山根綺","参加","","","画像の色＋元CSV"
"5.5th Anniversary LIVE 星が見上げた空","DAY2","幕張イベントホール","山根綺","ユニット出演予定なし","","","画像の色＋元CSV"
"異次元フェス 
アイドルマスター★♥︎ラブライブ！歌合戦","DAY1","東京ドーム","山根綺","参加","","","画像の色＋元CSV"
"異次元フェス 
アイドルマスター★♥︎ラブライブ！歌合戦","DAY2","東京ドーム","山根綺","ユニット出演予定なし","","","画像の色＋元CSV"
"6thLIVE TOUR Come and Unite! 
Brilliant Blooms","DAY1","大阪城ホール","山根綺","参加","","","画像の色＋元CSV"
"6thLIVE TOUR Come and Unite! 
Brilliant Blooms","DAY2","大阪城ホール","山根綺","参加","","","画像の色＋元CSV"
"6thLIVE TOUR Come and Unite! 
Fantastic Fireworks","DAY1","Kアリーナ横浜","山根綺","参加","","","画像の色＋元CSV"
"6thLIVE TOUR Come and Unite! 
Fantastic Fireworks","DAY2","Kアリーナ横浜","山根綺","参加","","","画像の色＋元CSV"
"LIVE FUN!! -Beyond the Blue sky-","DAY1","横浜アリーナ","山根綺","参加","","","画像の色＋元CSV"
"LIVE FUN!! -Beyond the Blue sky-","DAY2","横浜アリーナ","山根綺","参加","","","画像の色＋元CSV"
"6.5th Anniversary LIVE “Chapter 283”","DAY1","武蔵野の森総合スポーツプラザ","山根綺","参加","","","画像の色＋元CSV"
"6.5th Anniversary LIVE “Chapter 283”","DAY2","武蔵野の森総合スポーツプラザ","山根綺","参加","","","画像の色＋元CSV"
"2nd season LIVE Over the prism","DAY1","ぴあアリーナMM","山根綺","ユニット出演予定なし","","","画像の色＋元CSV"
"2nd season LIVE Over the prism","DAY2","ぴあアリーナMM","山根綺","ユニット出演予定なし","","","画像の色＋元CSV"
"7th UNITLIVE TOUR 
円環 -Halo around- first quadrant","DAY1","福岡国際センター","山根綺","参加","","","画像の色＋元CSV"
"7th UNITLIVE TOUR 
円環 -Halo around- first quadrant","DAY2","福岡国際センター","山根綺","参加","","","画像の色＋元CSV"
"7th UNITLIVE TOUR 
円環 -Halo around- second quadrant","DAY1","横浜BUNTAI","山根綺","ユニット出演予定なし","","","画像の色＋元CSV"
"7th UNITLIVE TOUR 
円環 -Halo around- second quadrant","DAY2","横浜BUNTAI","山根綺","ユニット出演予定なし","","","画像の色＋元CSV"
"7th UNITLIVE TOUR 
円環 -Halo around- third quadrant","DAY1","Aichi Sky Expo","山根綺","ユニット出演予定なし","","","画像の色＋元CSV"
"7th UNITLIVE TOUR 
円環 -Halo around- third quadrant","DAY2","Aichi Sky Expo","山根綺","ユニット出演予定なし","","","画像の色＋元CSV"
"7th UNITLIVE TOUR 
円環 -Halo around- fourth quadrant","DAY1","盛運輸アリーナ","山根綺","ユニット出演予定なし","","","画像の色＋元CSV"
"7th UNITLIVE TOUR 
円環 -Halo around- fourth quadrant","DAY2","盛運輸アリーナ","山根綺","ユニット出演予定なし","","","画像の色＋元CSV"
"7th LIVE TOUR 
螺旋 -Halo around- “The origin on the axes”","DAY1","Kアリーナ横浜","山根綺","参加","","","画像の色＋元CSV"
"7th LIVE TOUR 
螺旋 -Halo around- “The origin on the axes”","DAY2","Kアリーナ横浜","山根綺","参加","","","画像の色＋元CSV"
"M@STERS OF IDOL WORLD 2025","DAY1","京セラドーム大阪","山根綺","参加","","","画像の色＋元CSV"
"M@STERS OF IDOL WORLD 2025","DAY2","京セラドーム大阪","山根綺","ユニット出演予定なし","","","画像の色＋元CSV"
"シャニマス大感謝祭！
〜283スポーツフェスティバル〜","DAY1","京王アリーナTOKYO","山根綺","参加","","","画像の色＋元CSV"
"シャニマス大感謝祭！
〜283スポーツフェスティバル〜","DAY2","京王アリーナTOKYO","山根綺","参加","","","画像の色＋元CSV"
"∞th LIVE iと夢","DAY1","Kアリーナ横浜","山根綺","参加","","","画像の色＋元CSV"
"∞th LIVE iと夢","DAY2","Kアリーナ横浜","山根綺","参加","","","画像の色＋元CSV"
"shiny, the first REFRAC7IONS "" Still blue ""","DAY1","国立代々木競技場 第一体育館","山根綺","参加","","","画像の色＋元CSV"
"Solo Live Collection -Master ShowPiece-","DAY1","京王アリーナTOKYO","山根綺","参加","","","画像の色＋元CSV"
"shiny, the first REFRAC7IONS "" Still blue ""","DAY2","国立代々木競技場 第一体育館","山根綺","参加","","","画像の色＋元CSV"
"Solo Live Collection -Master ShowPiece-","DAY2","京王アリーナTOKYO","山根綺","参加","","","画像の色＋元CSV"
"1stLIVE FLY TO THE SHINY SKY","DAY1","舞浜アンフィシアター","川口莉奈","対象外","","","画像の色＋元CSV"
"1stLIVE FLY TO THE SHINY SKY","DAY2 (昼)","舞浜アンフィシアター","川口莉奈","対象外","","","画像の色＋元CSV"
"1stLIVE FLY TO THE SHINY SKY","DAY2 (夜)","舞浜アンフィシアター","川口莉奈","対象外","","","画像の色＋元CSV"
"SUMMER PARTY 2019","(昼)","パシフィコ横浜","川口莉奈","対象外","","","画像の色＋元CSV"
"SUMMER PARTY 2019","(夜)","パシフィコ横浜","川口莉奈","対象外","","","画像の色＋元CSV"
"バンダイナムコエンターテインメントフェスティバル","DAY2","東京ドーム","川口莉奈","対象外","","","画像の色＋元CSV"
"283プロダクションプロデューサー感謝祭～1.5 Anniversary Festival!!～","開催","森のホール２１ (松戸市文化会館)","川口莉奈","対象外","","","画像の色＋元CSV"
"MUSIC DAWN","DAY1","幕張イベントホール
（オンライン）","川口莉奈","対象外","","","画像の色＋元CSV"
"MUSIC DAWN","DAY2","幕張イベントホール
（オンライン）","川口莉奈","対象外","","","画像の色＋元CSV"
"2ndLIVE STEP INTO THE SUNSET SKY","DAY1","幕張メッセ","川口莉奈","対象外","","","画像の色＋元CSV"
"2ndLIVE STEP INTO THE SUNSET SKY","DAY2","幕張メッセ","川口莉奈","対象外","","","画像の色＋元CSV"
"3rdLIVE TOUR PIECE ON PLANET 
/ NAGOYA","DAY1","日本ガイシホール","川口莉奈","対象外","","","画像の色＋元CSV"
"3rdLIVE TOUR PIECE ON PLANET 
/ NAGOYA","DAY2","日本ガイシホール","川口莉奈","対象外","","","画像の色＋元CSV"
"3rdLIVE TOUR PIECE ON PLANET 
/ TOKYO","DAY1","東京ガーデンシアター","川口莉奈","対象外","","","画像の色＋元CSV"
"3rdLIVE TOUR PIECE ON PLANET 
/ TOKYO","DAY2","東京ガーデンシアター","川口莉奈","対象外","","","画像の色＋元CSV"
"3rdLIVE TOUR PIECE ON PLANET 
/ FUKUOKA","DAY1","西日本総合展示場","川口莉奈","対象外","","","画像の色＋元CSV"
"3rdLIVE TOUR PIECE ON PLANET 
/ FUKUOKA","DAY2","西日本総合展示場","川口莉奈","対象外","","","画像の色＋元CSV"
"283フェス 2021 Happy Buffet!","DAY1","バンダイナムコ未来研究所
（オンライン）","川口莉奈","対象外","","","画像の色＋元CSV"
"283フェス 2021 Happy Buffet!","DAY2","バンダイナムコ未来研究所
（オンライン）","川口莉奈","対象外","","","画像の色＋元CSV"
"Xmas Party -Silent night-","DAY1","両国国技館","川口莉奈","対象外","","","画像の色＋元CSV"
"Xmas Party -Silent night-","DAY2","両国国技館","川口莉奈","サプライズ披露","","","画像の色＋元CSV"
"4thLIVE 空は澄み、今を越えて。","DAY1","幕張メッセ国際展示場1~3ホール","川口莉奈","ユニット出演予定なし","","","画像の色＋元CSV"
"4thLIVE 空は澄み、今を越えて。","DAY2","幕張メッセ国際展示場1~3ホール","川口莉奈","ユニット出演予定なし","","","画像の色＋元CSV"
"バンダイナムコエンターテインメントフェスティバル 2nd","DAY2","ZOZOマリンスタジアム","川口莉奈","ユニット出演予定なし","","","画像の色＋元CSV"
"シャニマス初の対バンライブ 
283PRODUCTION UNIT LIVE SETSUNA BEAT","DAY1","東京ガーデンシアター","川口莉奈","ユニット出演予定なし","","","画像の色＋元CSV"
"シャニマス初の対バンライブ 
283PRODUCTION UNIT LIVE SETSUNA BEAT","DAY2","東京ガーデンシアター","川口莉奈","ユニット出演予定なし","","","画像の色＋元CSV"
"シャニマス初の対バンライブ 
283PRODUCTION UNIT LIVE MUGEN BEAT","DAY1","武蔵野の森総合スポーツプラザ","川口莉奈","ユニット出演予定なし","","","画像の色＋元CSV"
"シャニマス初の対バンライブ 
283PRODUCTION UNIT LIVE MUGEN BEAT","DAY2","武蔵野の森総合スポーツプラザ","川口莉奈","ユニット出演予定なし","","","画像の色＋元CSV"
"M@STERS OF IDOL WORLD!!!!! 2023","DAY1","東京ドーム","川口莉奈","ユニット出演予定なし","","","画像の色＋元CSV"
"M@STERS OF IDOL WORLD!!!!! 2023","DAY2","東京ドーム","川口莉奈","ユニット出演予定なし","","","画像の色＋元CSV"
"5thLIVE If I_wings.","DAY1","国立代々木競技場 第一体育館","川口莉奈","ユニット出演予定なし","","","画像の色＋元CSV"
"5thLIVE If I_wings.","DAY2","国立代々木競技場 第一体育館","川口莉奈","サプライズ披露","","","画像の色＋元CSV"
"Solo Performance LIVE 我儘なまま","DAY1","武蔵野の森総合スポーツプラザ","川口莉奈","参加","","","画像の色＋元CSV"
"Solo Performance LIVE 我儘なまま","DAY2","武蔵野の森総合スポーツプラザ","川口莉奈","参加","","","画像の色＋元CSV"
"5.5th Anniversary LIVE 星が見上げた空","DAY1","幕張イベントホール","川口莉奈","参加","","","画像の色＋元CSV"
"5.5th Anniversary LIVE 星が見上げた空","DAY2","幕張イベントホール","川口莉奈","参加","","","画像の色＋元CSV"
"異次元フェス 
アイドルマスター★♥︎ラブライブ！歌合戦","DAY1","東京ドーム","川口莉奈","ユニット出演予定なし","","","画像の色＋元CSV"
"異次元フェス 
アイドルマスター★♥︎ラブライブ！歌合戦","DAY2","東京ドーム","川口莉奈","参加","","","画像の色＋元CSV"
"6thLIVE TOUR Come and Unite! 
Brilliant Blooms","DAY1","大阪城ホール","川口莉奈","参加","","","画像の色＋元CSV"
"6thLIVE TOUR Come and Unite! 
Brilliant Blooms","DAY2","大阪城ホール","川口莉奈","参加","","","画像の色＋元CSV"
"6thLIVE TOUR Come and Unite! 
Fantastic Fireworks","DAY1","Kアリーナ横浜","川口莉奈","参加","","","画像の色＋元CSV"
"6thLIVE TOUR Come and Unite! 
Fantastic Fireworks","DAY2","Kアリーナ横浜","川口莉奈","参加","","","画像の色＋元CSV"
"LIVE FUN!! -Beyond the Blue sky-","DAY1","横浜アリーナ","川口莉奈","参加","","","画像の色＋元CSV"
"LIVE FUN!! -Beyond the Blue sky-","DAY2","横浜アリーナ","川口莉奈","参加","","","画像の色＋元CSV"
"6.5th Anniversary LIVE “Chapter 283”","DAY1","武蔵野の森総合スポーツプラザ","川口莉奈","参加","","","画像の色＋元CSV"
"6.5th Anniversary LIVE “Chapter 283”","DAY2","武蔵野の森総合スポーツプラザ","川口莉奈","参加","","","画像の色＋元CSV"
"2nd season LIVE Over the prism","DAY1","ぴあアリーナMM","川口莉奈","ユニット出演予定なし","","","画像の色＋元CSV"
"2nd season LIVE Over the prism","DAY2","ぴあアリーナMM","川口莉奈","ユニット出演予定なし","","","画像の色＋元CSV"
"7th UNITLIVE TOUR 
円環 -Halo around- first quadrant","DAY1","福岡国際センター","川口莉奈","ユニット出演予定なし","","","画像の色＋元CSV"
"7th UNITLIVE TOUR 
円環 -Halo around- first quadrant","DAY2","福岡国際センター","川口莉奈","ユニット出演予定なし","","","画像の色＋元CSV"
"7th UNITLIVE TOUR 
円環 -Halo around- second quadrant","DAY1","横浜BUNTAI","川口莉奈","ユニット出演予定なし","","","画像の色＋元CSV"
"7th UNITLIVE TOUR 
円環 -Halo around- second quadrant","DAY2","横浜BUNTAI","川口莉奈","ユニット出演予定なし","","","画像の色＋元CSV"
"7th UNITLIVE TOUR 
円環 -Halo around- third quadrant","DAY1","Aichi Sky Expo","川口莉奈","参加","","","画像の色＋元CSV"
"7th UNITLIVE TOUR 
円環 -Halo around- third quadrant","DAY2","Aichi Sky Expo","川口莉奈","参加","","","画像の色＋元CSV"
"7th UNITLIVE TOUR 
円環 -Halo around- fourth quadrant","DAY1","盛運輸アリーナ","川口莉奈","ユニット出演予定なし","","","画像の色＋元CSV"
"7th UNITLIVE TOUR 
円環 -Halo around- fourth quadrant","DAY2","盛運輸アリーナ","川口莉奈","ユニット出演予定なし","","","画像の色＋元CSV"
"7th LIVE TOUR 
螺旋 -Halo around- “The origin on the axes”","DAY1","Kアリーナ横浜","川口莉奈","参加","","","画像の色＋元CSV"
"7th LIVE TOUR 
螺旋 -Halo around- “The origin on the axes”","DAY2","Kアリーナ横浜","川口莉奈","参加","","","画像の色＋元CSV"
"M@STERS OF IDOL WORLD 2025","DAY1","京セラドーム大阪","川口莉奈","参加","","","画像の色＋元CSV"
"M@STERS OF IDOL WORLD 2025","DAY2","京セラドーム大阪","川口莉奈","ユニット出演予定なし","","","画像の色＋元CSV"
"シャニマス大感謝祭！
〜283スポーツフェスティバル〜","DAY1","京王アリーナTOKYO","川口莉奈","欠席","","","画像の色＋元CSV"
"シャニマス大感謝祭！
〜283スポーツフェスティバル〜","DAY2","京王アリーナTOKYO","川口莉奈","急遽不参加","","インフル","画像の色＋元CSV"
"∞th LIVE iと夢","DAY1","Kアリーナ横浜","川口莉奈","参加","","","画像の色＋元CSV"
"∞th LIVE iと夢","DAY2","Kアリーナ横浜","川口莉奈","参加","","","画像の色＋元CSV"
"Solo Live Collection -Master ShowPiece-","DAY1","京王アリーナTOKYO","川口莉奈","参加","","","画像の色＋元CSV"
"shiny, the first REFRAC7IONS "" Still blue ""","DAY1","国立代々木競技場 第一体育館","川口莉奈","参加","","","画像の色＋元CSV"
"Solo Live Collection -Master ShowPiece-","DAY2","京王アリーナTOKYO","川口莉奈","参加","","","画像の色＋元CSV"
"shiny, the first REFRAC7IONS "" Still blue ""","DAY2","国立代々木競技場 第一体育館","川口莉奈","参加","","","画像の色＋元CSV"
"1stLIVE FLY TO THE SHINY SKY","DAY1","舞浜アンフィシアター","三川華月","対象外","","","画像の色＋元CSV"
"1stLIVE FLY TO THE SHINY SKY","DAY2 (昼)","舞浜アンフィシアター","三川華月","対象外","","","画像の色＋元CSV"
"1stLIVE FLY TO THE SHINY SKY","DAY2 (夜)","舞浜アンフィシアター","三川華月","対象外","","","画像の色＋元CSV"
"SUMMER PARTY 2019","(昼)","パシフィコ横浜","三川華月","対象外","","","画像の色＋元CSV"
"SUMMER PARTY 2019","(夜)","パシフィコ横浜","三川華月","対象外","","","画像の色＋元CSV"
"バンダイナムコエンターテインメントフェスティバル","DAY2","東京ドーム","三川華月","対象外","","","画像の色＋元CSV"
"283プロダクションプロデューサー感謝祭～1.5 Anniversary Festival!!～","開催","森のホール２１ (松戸市文化会館)","三川華月","対象外","","","画像の色＋元CSV"
"MUSIC DAWN","DAY1","幕張イベントホール
（オンライン）","三川華月","対象外","","","画像の色＋元CSV"
"MUSIC DAWN","DAY2","幕張イベントホール
（オンライン）","三川華月","対象外","","","画像の色＋元CSV"
"2ndLIVE STEP INTO THE SUNSET SKY","DAY1","幕張メッセ","三川華月","対象外","","","画像の色＋元CSV"
"2ndLIVE STEP INTO THE SUNSET SKY","DAY2","幕張メッセ","三川華月","対象外","","","画像の色＋元CSV"
"3rdLIVE TOUR PIECE ON PLANET 
/ NAGOYA","DAY1","日本ガイシホール","三川華月","対象外","","","画像の色＋元CSV"
"3rdLIVE TOUR PIECE ON PLANET 
/ NAGOYA","DAY2","日本ガイシホール","三川華月","対象外","","","画像の色＋元CSV"
"3rdLIVE TOUR PIECE ON PLANET 
/ TOKYO","DAY1","東京ガーデンシアター","三川華月","対象外","","","画像の色＋元CSV"
"3rdLIVE TOUR PIECE ON PLANET 
/ TOKYO","DAY2","東京ガーデンシアター","三川華月","対象外","","","画像の色＋元CSV"
"3rdLIVE TOUR PIECE ON PLANET 
/ FUKUOKA","DAY1","西日本総合展示場","三川華月","対象外","","","画像の色＋元CSV"
"3rdLIVE TOUR PIECE ON PLANET 
/ FUKUOKA","DAY2","西日本総合展示場","三川華月","対象外","","","画像の色＋元CSV"
"283フェス 2021 Happy Buffet!","DAY1","バンダイナムコ未来研究所
（オンライン）","三川華月","対象外","","","画像の色＋元CSV"
"283フェス 2021 Happy Buffet!","DAY2","バンダイナムコ未来研究所
（オンライン）","三川華月","対象外","","","画像の色＋元CSV"
"Xmas Party -Silent night-","DAY1","両国国技館","三川華月","対象外","","","画像の色＋元CSV"
"Xmas Party -Silent night-","DAY2","両国国技館","三川華月","対象外","","","画像の色＋元CSV"
"4thLIVE 空は澄み、今を越えて。","DAY1","幕張メッセ国際展示場1~3ホール","三川華月","対象外","","","画像の色＋元CSV"
"4thLIVE 空は澄み、今を越えて。","DAY2","幕張メッセ国際展示場1~3ホール","三川華月","対象外","","","画像の色＋元CSV"
"バンダイナムコエンターテインメントフェスティバル 2nd","DAY2","ZOZOマリンスタジアム","三川華月","対象外","","","画像の色＋元CSV"
"シャニマス初の対バンライブ 
283PRODUCTION UNIT LIVE SETSUNA BEAT","DAY1","東京ガーデンシアター","三川華月","対象外","","","画像の色＋元CSV"
"シャニマス初の対バンライブ 
283PRODUCTION UNIT LIVE SETSUNA BEAT","DAY2","東京ガーデンシアター","三川華月","対象外","","","画像の色＋元CSV"
"シャニマス初の対バンライブ 
283PRODUCTION UNIT LIVE MUGEN BEAT","DAY1","武蔵野の森総合スポーツプラザ","三川華月","対象外","","","画像の色＋元CSV"
"シャニマス初の対バンライブ 
283PRODUCTION UNIT LIVE MUGEN BEAT","DAY2","武蔵野の森総合スポーツプラザ","三川華月","対象外","","","画像の色＋元CSV"
"M@STERS OF IDOL WORLD!!!!! 2023","DAY1","東京ドーム","三川華月","対象外","","","画像の色＋元CSV"
"M@STERS OF IDOL WORLD!!!!! 2023","DAY2","東京ドーム","三川華月","対象外","","","画像の色＋元CSV"
"5thLIVE If I_wings.","DAY1","国立代々木競技場 第一体育館","三川華月","対象外","","","画像の色＋元CSV"
"5thLIVE If I_wings.","DAY2","国立代々木競技場 第一体育館","三川華月","対象外","","","画像の色＋元CSV"
"Solo Performance LIVE 我儘なまま","DAY1","武蔵野の森総合スポーツプラザ","三川華月","対象外","","","画像の色＋元CSV"
"Solo Performance LIVE 我儘なまま","DAY2","武蔵野の森総合スポーツプラザ","三川華月","対象外","","","画像の色＋元CSV"
"5.5th Anniversary LIVE 星が見上げた空","DAY1","幕張イベントホール","三川華月","参加","","","画像の色＋元CSV"
"5.5th Anniversary LIVE 星が見上げた空","DAY2","幕張イベントホール","三川華月","参加","","","画像の色＋元CSV"
"異次元フェス 
アイドルマスター★♥︎ラブライブ！歌合戦","DAY1","東京ドーム","三川華月","ユニット出演予定なし","","","画像の色＋元CSV"
"異次元フェス 
アイドルマスター★♥︎ラブライブ！歌合戦","DAY2","東京ドーム","三川華月","参加","","","画像の色＋元CSV"
"6thLIVE TOUR Come and Unite! 
Brilliant Blooms","DAY1","大阪城ホール","三川華月","参加","","","画像の色＋元CSV"
"6thLIVE TOUR Come and Unite! 
Brilliant Blooms","DAY2","大阪城ホール","三川華月","参加","","","画像の色＋元CSV"
"6thLIVE TOUR Come and Unite! 
Fantastic Fireworks","DAY1","Kアリーナ横浜","三川華月","参加","","","画像の色＋元CSV"
"6thLIVE TOUR Come and Unite! 
Fantastic Fireworks","DAY2","Kアリーナ横浜","三川華月","参加","","","画像の色＋元CSV"
"LIVE FUN!! -Beyond the Blue sky-","DAY1","横浜アリーナ","三川華月","参加","","","画像の色＋元CSV"
"LIVE FUN!! -Beyond the Blue sky-","DAY2","横浜アリーナ","三川華月","参加","","","画像の色＋元CSV"
"6.5th Anniversary LIVE “Chapter 283”","DAY1","武蔵野の森総合スポーツプラザ","三川華月","参加","","","画像の色＋元CSV"
"6.5th Anniversary LIVE “Chapter 283”","DAY2","武蔵野の森総合スポーツプラザ","三川華月","参加","","","画像の色＋元CSV"
"2nd season LIVE Over the prism","DAY1","ぴあアリーナMM","三川華月","ユニット出演予定なし","","","画像の色＋元CSV"
"2nd season LIVE Over the prism","DAY2","ぴあアリーナMM","三川華月","ユニット出演予定なし","","","画像の色＋元CSV"
"7th UNITLIVE TOUR 
円環 -Halo around- first quadrant","DAY1","福岡国際センター","三川華月","ユニット出演予定なし","","","画像の色＋元CSV"
"7th UNITLIVE TOUR 
円環 -Halo around- first quadrant","DAY2","福岡国際センター","三川華月","ユニット出演予定なし","","","画像の色＋元CSV"
"7th UNITLIVE TOUR 
円環 -Halo around- second quadrant","DAY1","横浜BUNTAI","三川華月","ユニット出演予定なし","","","画像の色＋元CSV"
"7th UNITLIVE TOUR 
円環 -Halo around- second quadrant","DAY2","横浜BUNTAI","三川華月","ユニット出演予定なし","","","画像の色＋元CSV"
"7th UNITLIVE TOUR 
円環 -Halo around- third quadrant","DAY1","Aichi Sky Expo","三川華月","参加","2025/04/21","","画像の色＋元CSV"
"7th UNITLIVE TOUR 
円環 -Halo around- third quadrant","DAY2","Aichi Sky Expo","三川華月","参加","2025/04/21","","画像の色＋元CSV"
"7th UNITLIVE TOUR 
円環 -Halo around- fourth quadrant","DAY1","盛運輸アリーナ","三川華月","ユニット出演予定なし","","","画像の色＋元CSV"
"7th UNITLIVE TOUR 
円環 -Halo around- fourth quadrant","DAY2","盛運輸アリーナ","三川華月","ユニット出演予定なし","","","画像の色＋元CSV"
"7th LIVE TOUR 
螺旋 -Halo around- “The origin on the axes”","DAY1","Kアリーナ横浜","三川華月","参加","","","画像の色＋元CSV"
"7th LIVE TOUR 
螺旋 -Halo around- “The origin on the axes”","DAY2","Kアリーナ横浜","三川華月","参加","","","画像の色＋元CSV"
"M@STERS OF IDOL WORLD 2025","DAY1","京セラドーム大阪","三川華月","参加","","","画像の色＋元CSV"
"M@STERS OF IDOL WORLD 2025","DAY2","京セラドーム大阪","三川華月","ユニット出演予定なし","","","画像の色＋元CSV"
"シャニマス大感謝祭！
〜283スポーツフェスティバル〜","DAY1","京王アリーナTOKYO","三川華月","参加","2025/12/19","","画像の色＋元CSV"
"シャニマス大感謝祭！
〜283スポーツフェスティバル〜","DAY2","京王アリーナTOKYO","三川華月","参加","","","画像の色＋元CSV"
"∞th LIVE iと夢","DAY1","Kアリーナ横浜","三川華月","参加","","","画像の色＋元CSV"
"∞th LIVE iと夢","DAY2","Kアリーナ横浜","三川華月","参加","","","画像の色＋元CSV"
"shiny, the first REFRAC7IONS "" Still blue ""","DAY1","国立代々木競技場 第一体育館","三川華月","参加","","","画像の色＋元CSV"
"Solo Live Collection -Master ShowPiece-","DAY1","京王アリーナTOKYO","三川華月","参加","","","画像の色＋元CSV"
"Solo Live Collection -Master ShowPiece-","DAY2","京王アリーナTOKYO","三川華月","参加","","","画像の色＋元CSV"
"shiny, the first REFRAC7IONS "" Still blue ""","DAY2","国立代々木競技場 第一体育館","三川華月","参加","","","画像の色＋元CSV"
"1stLIVE FLY TO THE SHINY SKY","DAY1","舞浜アンフィシアター","小澤麗那","対象外","","","画像の色＋元CSV"
"1stLIVE FLY TO THE SHINY SKY","DAY2 (昼)","舞浜アンフィシアター","小澤麗那","対象外","","","画像の色＋元CSV"
"1stLIVE FLY TO THE SHINY SKY","DAY2 (夜)","舞浜アンフィシアター","小澤麗那","対象外","","","画像の色＋元CSV"
"SUMMER PARTY 2019","(昼)","パシフィコ横浜","小澤麗那","対象外","","","画像の色＋元CSV"
"SUMMER PARTY 2019","(夜)","パシフィコ横浜","小澤麗那","対象外","","","画像の色＋元CSV"
"バンダイナムコエンターテインメントフェスティバル","DAY2","東京ドーム","小澤麗那","対象外","","","画像の色＋元CSV"
"283プロダクションプロデューサー感謝祭～1.5 Anniversary Festival!!～","開催","森のホール２１ (松戸市文化会館)","小澤麗那","対象外","","","画像の色＋元CSV"
"MUSIC DAWN","DAY1","幕張イベントホール
（オンライン）","小澤麗那","対象外","","","画像の色＋元CSV"
"MUSIC DAWN","DAY2","幕張イベントホール
（オンライン）","小澤麗那","対象外","","","画像の色＋元CSV"
"2ndLIVE STEP INTO THE SUNSET SKY","DAY1","幕張メッセ","小澤麗那","対象外","","","画像の色＋元CSV"
"2ndLIVE STEP INTO THE SUNSET SKY","DAY2","幕張メッセ","小澤麗那","対象外","","","画像の色＋元CSV"
"3rdLIVE TOUR PIECE ON PLANET 
/ NAGOYA","DAY1","日本ガイシホール","小澤麗那","対象外","","","画像の色＋元CSV"
"3rdLIVE TOUR PIECE ON PLANET 
/ NAGOYA","DAY2","日本ガイシホール","小澤麗那","対象外","","","画像の色＋元CSV"
"3rdLIVE TOUR PIECE ON PLANET 
/ TOKYO","DAY1","東京ガーデンシアター","小澤麗那","対象外","","","画像の色＋元CSV"
"3rdLIVE TOUR PIECE ON PLANET 
/ TOKYO","DAY2","東京ガーデンシアター","小澤麗那","対象外","","","画像の色＋元CSV"
"3rdLIVE TOUR PIECE ON PLANET 
/ FUKUOKA","DAY1","西日本総合展示場","小澤麗那","対象外","","","画像の色＋元CSV"
"3rdLIVE TOUR PIECE ON PLANET 
/ FUKUOKA","DAY2","西日本総合展示場","小澤麗那","対象外","","","画像の色＋元CSV"
"283フェス 2021 Happy Buffet!","DAY1","バンダイナムコ未来研究所
（オンライン）","小澤麗那","対象外","","","画像の色＋元CSV"
"283フェス 2021 Happy Buffet!","DAY2","バンダイナムコ未来研究所
（オンライン）","小澤麗那","対象外","","","画像の色＋元CSV"
"Xmas Party -Silent night-","DAY1","両国国技館","小澤麗那","対象外","","","画像の色＋元CSV"
"Xmas Party -Silent night-","DAY2","両国国技館","小澤麗那","対象外","","","画像の色＋元CSV"
"4thLIVE 空は澄み、今を越えて。","DAY1","幕張メッセ国際展示場1~3ホール","小澤麗那","対象外","","","画像の色＋元CSV"
"4thLIVE 空は澄み、今を越えて。","DAY2","幕張メッセ国際展示場1~3ホール","小澤麗那","対象外","","","画像の色＋元CSV"
"バンダイナムコエンターテインメントフェスティバル 2nd","DAY2","ZOZOマリンスタジアム","小澤麗那","対象外","","","画像の色＋元CSV"
"シャニマス初の対バンライブ 
283PRODUCTION UNIT LIVE SETSUNA BEAT","DAY1","東京ガーデンシアター","小澤麗那","対象外","","","画像の色＋元CSV"
"シャニマス初の対バンライブ 
283PRODUCTION UNIT LIVE SETSUNA BEAT","DAY2","東京ガーデンシアター","小澤麗那","対象外","","","画像の色＋元CSV"
"シャニマス初の対バンライブ 
283PRODUCTION UNIT LIVE MUGEN BEAT","DAY1","武蔵野の森総合スポーツプラザ","小澤麗那","対象外","","","画像の色＋元CSV"
"シャニマス初の対バンライブ 
283PRODUCTION UNIT LIVE MUGEN BEAT","DAY2","武蔵野の森総合スポーツプラザ","小澤麗那","対象外","","","画像の色＋元CSV"
"M@STERS OF IDOL WORLD!!!!! 2023","DAY1","東京ドーム","小澤麗那","対象外","","","画像の色＋元CSV"
"M@STERS OF IDOL WORLD!!!!! 2023","DAY2","東京ドーム","小澤麗那","対象外","","","画像の色＋元CSV"
"5thLIVE If I_wings.","DAY1","国立代々木競技場 第一体育館","小澤麗那","対象外","","","画像の色＋元CSV"
"5thLIVE If I_wings.","DAY2","国立代々木競技場 第一体育館","小澤麗那","対象外","","","画像の色＋元CSV"
"Solo Performance LIVE 我儘なまま","DAY1","武蔵野の森総合スポーツプラザ","小澤麗那","対象外","","","画像の色＋元CSV"
"Solo Performance LIVE 我儘なまま","DAY2","武蔵野の森総合スポーツプラザ","小澤麗那","対象外","","","画像の色＋元CSV"
"5.5th Anniversary LIVE 星が見上げた空","DAY1","幕張イベントホール","小澤麗那","参加","","","画像の色＋元CSV"
"5.5th Anniversary LIVE 星が見上げた空","DAY2","幕張イベントホール","小澤麗那","参加","","","画像の色＋元CSV"
"異次元フェス 
アイドルマスター★♥︎ラブライブ！歌合戦","DAY1","東京ドーム","小澤麗那","ユニット出演予定なし","","","画像の色＋元CSV"
"異次元フェス 
アイドルマスター★♥︎ラブライブ！歌合戦","DAY2","東京ドーム","小澤麗那","参加","","","画像の色＋元CSV"
"6thLIVE TOUR Come and Unite! 
Brilliant Blooms","DAY1","大阪城ホール","小澤麗那","参加","","","画像の色＋元CSV"
"6thLIVE TOUR Come and Unite! 
Brilliant Blooms","DAY2","大阪城ホール","小澤麗那","参加","","","画像の色＋元CSV"
"6thLIVE TOUR Come and Unite! 
Fantastic Fireworks","DAY1","Kアリーナ横浜","小澤麗那","参加","","","画像の色＋元CSV"
"6thLIVE TOUR Come and Unite! 
Fantastic Fireworks","DAY2","Kアリーナ横浜","小澤麗那","参加","","","画像の色＋元CSV"
"LIVE FUN!! -Beyond the Blue sky-","DAY1","横浜アリーナ","小澤麗那","参加","","","画像の色＋元CSV"
"LIVE FUN!! -Beyond the Blue sky-","DAY2","横浜アリーナ","小澤麗那","参加","","","画像の色＋元CSV"
"6.5th Anniversary LIVE “Chapter 283”","DAY1","武蔵野の森総合スポーツプラザ","小澤麗那","参加","","","画像の色＋元CSV"
"6.5th Anniversary LIVE “Chapter 283”","DAY2","武蔵野の森総合スポーツプラザ","小澤麗那","参加","","","画像の色＋元CSV"
"2nd season LIVE Over the prism","DAY1","ぴあアリーナMM","小澤麗那","ユニット出演予定なし","","","画像の色＋元CSV"
"2nd season LIVE Over the prism","DAY2","ぴあアリーナMM","小澤麗那","ユニット出演予定なし","","","画像の色＋元CSV"
"7th UNITLIVE TOUR 
円環 -Halo around- first quadrant","DAY1","福岡国際センター","小澤麗那","ユニット出演予定なし","","","画像の色＋元CSV"
"7th UNITLIVE TOUR 
円環 -Halo around- first quadrant","DAY2","福岡国際センター","小澤麗那","ユニット出演予定なし","","","画像の色＋元CSV"
"7th UNITLIVE TOUR 
円環 -Halo around- second quadrant","DAY1","横浜BUNTAI","小澤麗那","ユニット出演予定なし","","","画像の色＋元CSV"
"7th UNITLIVE TOUR 
円環 -Halo around- second quadrant","DAY2","横浜BUNTAI","小澤麗那","ユニット出演予定なし","","","画像の色＋元CSV"
"7th UNITLIVE TOUR 
円環 -Halo around- third quadrant","DAY1","Aichi Sky Expo","小澤麗那","参加","","","画像の色＋元CSV"
"7th UNITLIVE TOUR 
円環 -Halo around- third quadrant","DAY2","Aichi Sky Expo","小澤麗那","参加","","","画像の色＋元CSV"
"7th UNITLIVE TOUR 
円環 -Halo around- fourth quadrant","DAY1","盛運輸アリーナ","小澤麗那","ユニット出演予定なし","","","画像の色＋元CSV"
"7th UNITLIVE TOUR 
円環 -Halo around- fourth quadrant","DAY2","盛運輸アリーナ","小澤麗那","ユニット出演予定なし","","","画像の色＋元CSV"
"7th LIVE TOUR 
螺旋 -Halo around- “The origin on the axes”","DAY1","Kアリーナ横浜","小澤麗那","参加","","","画像の色＋元CSV"
"7th LIVE TOUR 
螺旋 -Halo around- “The origin on the axes”","DAY2","Kアリーナ横浜","小澤麗那","参加","","","画像の色＋元CSV"
"M@STERS OF IDOL WORLD 2025","DAY1","京セラドーム大阪","小澤麗那","参加","","","画像の色＋元CSV"
"M@STERS OF IDOL WORLD 2025","DAY2","京セラドーム大阪","小澤麗那","ユニット出演予定なし","","","画像の色＋元CSV"
"シャニマス大感謝祭！
〜283スポーツフェスティバル〜","DAY1","京王アリーナTOKYO","小澤麗那","参加","","","画像の色＋元CSV"
"シャニマス大感謝祭！
〜283スポーツフェスティバル〜","DAY2","京王アリーナTOKYO","小澤麗那","参加","","","画像の色＋元CSV"
"∞th LIVE iと夢","DAY1","Kアリーナ横浜","小澤麗那","参加","","","画像の色＋元CSV"
"∞th LIVE iと夢","DAY2","Kアリーナ横浜","小澤麗那","参加","","","画像の色＋元CSV"
"shiny, the first REFRAC7IONS "" Still blue ""","DAY1","国立代々木競技場 第一体育館","小澤麗那","参加","","","画像の色＋元CSV"
"Solo Live Collection -Master ShowPiece-","DAY1","京王アリーナTOKYO","小澤麗那","参加","","","画像の色＋元CSV"
"Solo Live Collection -Master ShowPiece-","DAY2","京王アリーナTOKYO","小澤麗那","参加","","","画像の色＋元CSV"
"shiny, the first REFRAC7IONS "" Still blue ""","DAY2","国立代々木競技場 第一体育館","小澤麗那","参加","","","画像の色＋元CSV"
"THE IDOLM@STER SHINY COLORS BRILLI@NT WING 01 Spread the Wings!!発売記念イベント 東京会場","第一回","Space emo 池袋","関根瞳","参加","","PDF参加履歴より登録","PDF参加履歴"
"THE IDOLM@STER SHINY COLORS BRILLI@NT WING 01 Spread the Wings!!発売記念イベント 東京会場","第一回","Space emo 池袋","近藤玲奈","参加","","PDF参加履歴より登録","PDF参加履歴"
"THE IDOLM@STER SHINY COLORS BRILLI@NT WING 01 Spread the Wings!!発売記念イベント 東京会場","第一回","Space emo 池袋","峯田茉優","参加","","PDF参加履歴より登録","PDF参加履歴"
"THE IDOLM@STER SHINY COLORS BRILLI@NT WING 01 Spread the Wings!!発売記念イベント 東京会場","第二回","Space emo 池袋","河野ひより","参加","","PDF参加履歴より登録","PDF参加履歴"
"THE IDOLM@STER SHINY COLORS BRILLI@NT WING 01 Spread the Wings!!発売記念イベント 東京会場","第二回","Space emo 池袋","白石晴香","参加","","PDF参加履歴より登録","PDF参加履歴"
"THE IDOLM@STER SHINY COLORS BRILLI@NT WING 01 Spread the Wings!!発売記念イベント 東京会場","第二回","Space emo 池袋","永井真里子","参加","","PDF参加履歴より登録","PDF参加履歴"
"THE IDOLM@STER SHINY COLORS BRILLI@NT WING 01 Spread the Wings!!発売記念イベント 東京会場","第二回","Space emo 池袋","丸岡和佳奈","参加","","PDF参加履歴より登録","PDF参加履歴"
"THE IDOLM@STER SHINY COLORS BRILLI@NT WING 01 Spread the Wings!!発売記念イベント 東京会場","第二回","Space emo 池袋","涼本あきほ","参加","","PDF参加履歴より登録","PDF参加履歴"
"THE IDOLM@STER SHINY COLORS BRILLI@NT WING 01 Spread the Wings!!発売記念イベント 大阪会場","第一回","OSAKA MUSE","黒木ほの香","参加","","PDF参加履歴より登録","PDF参加履歴"
"THE IDOLM@STER SHINY COLORS BRILLI@NT WING 01 Spread the Wings!!発売記念イベント 大阪会場","第一回","OSAKA MUSE","前川涼子","参加","","PDF参加履歴より登録","PDF参加履歴"
"THE IDOLM@STER SHINY COLORS BRILLI@NT WING 01 Spread the Wings!!発売記念イベント 大阪会場","第一回","OSAKA MUSE","芝崎典子","参加","","PDF参加履歴より登録","PDF参加履歴"
"THE IDOLM@STER SHINY COLORS BRILLI@NT WING 01 Spread the Wings!!発売記念イベント 大阪会場","第二回","OSAKA MUSE","礒部花凜","参加","","PDF参加履歴より登録","PDF参加履歴"
"THE IDOLM@STER SHINY COLORS BRILLI@NT WING 01 Spread the Wings!!発売記念イベント 大阪会場","第二回","OSAKA MUSE","菅沼千紗","参加","","PDF参加履歴より登録","PDF参加履歴"
"THE IDOLM@STER SHINY COLORS BRILLI@NT WING 01 Spread the Wings!!発売記念イベント 大阪会場","第二回","OSAKA MUSE","八巻アンナ","参加","","PDF参加履歴より登録","PDF参加履歴"
"THE IDOLM@STER SHINY COLORS BRILLI@NT WING 01 Spread the Wings!!発売記念イベント 大阪会場","第二回","OSAKA MUSE","成海瑠奈","参加","","PDF参加履歴より登録","PDF参加履歴"
"THE IDOLM@STER SHINY COLORS BRILLI@NT WING 01 Spread the Wings!!発売記念イベント 大阪会場","第二回","OSAKA MUSE","結名美月","参加","","PDF参加履歴より登録","PDF参加履歴"
"THE IDOLM@STER SHINY COLORS BRILLI@NT WING 02 ヒカリのdestination発売記念イベント","第一回","四谷LOTUS","関根瞳","参加","","PDF参加履歴より登録","PDF参加履歴"
"THE IDOLM@STER SHINY COLORS BRILLI@NT WING 02 ヒカリのdestination発売記念イベント","第一回","四谷LOTUS","近藤玲奈","参加","","PDF参加履歴より登録","PDF参加履歴"
"THE IDOLM@STER SHINY COLORS BRILLI@NT WING 02 ヒカリのdestination発売記念イベント","第一回","四谷LOTUS","峯田茉優","参加","","PDF参加履歴より登録","PDF参加履歴"
"THE IDOLM@STER SHINY COLORS BRILLI@NT WING 02 ヒカリのdestination発売記念イベント","第二回","四谷LOTUS","関根瞳","参加","","PDF参加履歴より登録","PDF参加履歴"
"THE IDOLM@STER SHINY COLORS BRILLI@NT WING 02 ヒカリのdestination発売記念イベント","第二回","四谷LOTUS","近藤玲奈","参加","","PDF参加履歴より登録","PDF参加履歴"
"THE IDOLM@STER SHINY COLORS BRILLI@NT WING 02 ヒカリのdestination発売記念イベント","第二回","四谷LOTUS","峯田茉優","参加","","PDF参加履歴より登録","PDF参加履歴"
"THE IDOLM@STER SHINY COLORS BRILLI@NT WING 03 バベルシティ・グレイス発売記念イベント","第一回","GARRET udagawa","礒部花凜","参加","","PDF参加履歴より登録","PDF参加履歴"
"THE IDOLM@STER SHINY COLORS BRILLI@NT WING 03 バベルシティ・グレイス発売記念イベント","第一回","GARRET udagawa","菅沼千紗","参加","","PDF参加履歴より登録","PDF参加履歴"
"THE IDOLM@STER SHINY COLORS BRILLI@NT WING 03 バベルシティ・グレイス発売記念イベント","第一回","GARRET udagawa","八巻アンナ","参加","","PDF参加履歴より登録","PDF参加履歴"
"THE IDOLM@STER SHINY COLORS BRILLI@NT WING 03 バベルシティ・グレイス発売記念イベント","第一回","GARRET udagawa","成海瑠奈","参加","","PDF参加履歴より登録","PDF参加履歴"
"THE IDOLM@STER SHINY COLORS BRILLI@NT WING 03 バベルシティ・グレイス発売記念イベント","第一回","GARRET udagawa","結名美月","参加","","PDF参加履歴より登録","PDF参加履歴"
"THE IDOLM@STER SHINY COLORS BRILLI@NT WING 03 バベルシティ・グレイス発売記念イベント","第二回","GARRET udagawa","礒部花凜","参加","","PDF参加履歴より登録","PDF参加履歴"
"THE IDOLM@STER SHINY COLORS BRILLI@NT WING 03 バベルシティ・グレイス発売記念イベント","第二回","GARRET udagawa","菅沼千紗","参加","","PDF参加履歴より登録","PDF参加履歴"
"THE IDOLM@STER SHINY COLORS BRILLI@NT WING 03 バベルシティ・グレイス発売記念イベント","第二回","GARRET udagawa","八巻アンナ","参加","","PDF参加履歴より登録","PDF参加履歴"
"THE IDOLM@STER SHINY COLORS BRILLI@NT WING 03 バベルシティ・グレイス発売記念イベント","第二回","GARRET udagawa","成海瑠奈","参加","","PDF参加履歴より登録","PDF参加履歴"
"THE IDOLM@STER SHINY COLORS BRILLI@NT WING 03 バベルシティ・グレイス発売記念イベント","第二回","GARRET udagawa","結名美月","参加","","PDF参加履歴より登録","PDF参加履歴"
"THE IDOLM@STER SHINY COLORS BRILLI@NT WING 04 夢咲きAfter school発売記念イベント","第一回","下北沢レッグ","河野ひより","参加","","PDF参加履歴より登録","PDF参加履歴"
"THE IDOLM@STER SHINY COLORS BRILLI@NT WING 04 夢咲きAfter school発売記念イベント","第一回","下北沢レッグ","白石晴香","参加","","PDF参加履歴より登録","PDF参加履歴"
"THE IDOLM@STER SHINY COLORS BRILLI@NT WING 04 夢咲きAfter school発売記念イベント","第一回","下北沢レッグ","永井真里子","参加","","PDF参加履歴より登録","PDF参加履歴"
"THE IDOLM@STER SHINY COLORS BRILLI@NT WING 04 夢咲きAfter school発売記念イベント","第一回","下北沢レッグ","丸岡和佳奈","参加","","PDF参加履歴より登録","PDF参加履歴"
"THE IDOLM@STER SHINY COLORS BRILLI@NT WING 04 夢咲きAfter school発売記念イベント","第一回","下北沢レッグ","涼本あきほ","参加","","PDF参加履歴より登録","PDF参加履歴"
"THE IDOLM@STER SHINY COLORS BRILLI@NT WING 04 夢咲きAfter school発売記念イベント","第二回","下北沢レッグ","河野ひより","参加","","PDF参加履歴より登録","PDF参加履歴"
"THE IDOLM@STER SHINY COLORS BRILLI@NT WING 04 夢咲きAfter school発売記念イベント","第二回","下北沢レッグ","白石晴香","参加","","PDF参加履歴より登録","PDF参加履歴"
"THE IDOLM@STER SHINY COLORS BRILLI@NT WING 04 夢咲きAfter school発売記念イベント","第二回","下北沢レッグ","永井真里子","参加","","PDF参加履歴より登録","PDF参加履歴"
"THE IDOLM@STER SHINY COLORS BRILLI@NT WING 04 夢咲きAfter school発売記念イベント","第二回","下北沢レッグ","丸岡和佳奈","参加","","PDF参加履歴より登録","PDF参加履歴"
"THE IDOLM@STER SHINY COLORS BRILLI@NT WING 04 夢咲きAfter school発売記念イベント","第二回","下北沢レッグ","涼本あきほ","参加","","PDF参加履歴より登録","PDF参加履歴"
"THE IDOLM@STER SHINY COLORS BRILLI@NT WING 05 アルストロメリア発売記念イベント","第一回","新宿MARZ","黒木ほの香","参加","","PDF参加履歴より登録","PDF参加履歴"
"THE IDOLM@STER SHINY COLORS BRILLI@NT WING 05 アルストロメリア発売記念イベント","第一回","新宿MARZ","前川涼子","参加","","PDF参加履歴より登録","PDF参加履歴"
"THE IDOLM@STER SHINY COLORS BRILLI@NT WING 05 アルストロメリア発売記念イベント","第一回","新宿MARZ","芝崎典子","参加","","PDF参加履歴より登録","PDF参加履歴"
"THE IDOLM@STER SHINY COLORS BRILLI@NT WING 05 アルストロメリア発売記念イベント","第二回","新宿MARZ","黒木ほの香","参加","","PDF参加履歴より登録","PDF参加履歴"
"THE IDOLM@STER SHINY COLORS BRILLI@NT WING 05 アルストロメリア発売記念イベント","第二回","新宿MARZ","前川涼子","参加","","PDF参加履歴より登録","PDF参加履歴"
"THE IDOLM@STER SHINY COLORS BRILLI@NT WING 05 アルストロメリア発売記念イベント","第二回","新宿MARZ","芝崎典子","参加","","PDF参加履歴より登録","PDF参加履歴"
"THE IDOLM@STER SHINY COLORS SE@SONAL WINTER発売記念イベント","第一回","","関根瞳","参加","","PDF参加履歴より登録","PDF参加履歴"
"THE IDOLM@STER SHINY COLORS SE@SONAL WINTER発売記念イベント","第一回","","近藤玲奈","参加","","PDF参加履歴より登録","PDF参加履歴"
"THE IDOLM@STER SHINY COLORS SE@SONAL WINTER発売記念イベント","第一回","","峯田茉優","参加","","PDF参加履歴より登録","PDF参加履歴"
"THE IDOLM@STER SHINY COLORS SE@SONAL WINTER発売記念イベント","第二回","","関根瞳","参加","","PDF参加履歴より登録","PDF参加履歴"
"THE IDOLM@STER SHINY COLORS SE@SONAL WINTER発売記念イベント","第二回","","近藤玲奈","参加","","PDF参加履歴より登録","PDF参加履歴"
"THE IDOLM@STER SHINY COLORS SE@SONAL WINTER発売記念イベント","第二回","","峯田茉優","参加","","PDF参加履歴より登録","PDF参加履歴"
"THE IDOLM@STER SHINY COLORS FR@GMENT WING 01発売記念イベント 【2019年4月21日(日)公演】","第一回","恵比寿ザ・ガーデンルーム","黒木ほの香","参加","","PDF参加履歴より登録","PDF参加履歴"
"THE IDOLM@STER SHINY COLORS FR@GMENT WING 01発売記念イベント 【2019年4月21日(日)公演】","第一回","恵比寿ザ・ガーデンルーム","前川涼子","参加","","PDF参加履歴より登録","PDF参加履歴"
"THE IDOLM@STER SHINY COLORS FR@GMENT WING 01発売記念イベント 【2019年4月21日(日)公演】","第一回","恵比寿ザ・ガーデンルーム","芝崎典子","参加","","PDF参加履歴より登録","PDF参加履歴"
"THE IDOLM@STER SHINY COLORS FR@GMENT WING 01発売記念イベント 【2019年4月21日(日)公演】","第一回","恵比寿ザ・ガーデンルーム","田中有紀","参加","","PDF参加履歴より登録","PDF参加履歴"
"THE IDOLM@STER SHINY COLORS FR@GMENT WING 01発売記念イベント 【2019年4月21日(日)公演】","第一回","恵比寿ザ・ガーデンルーム","幸村恵理","参加","","PDF参加履歴より登録","PDF参加履歴"
"THE IDOLM@STER SHINY COLORS FR@GMENT WING 01発売記念イベント 【2019年4月21日(日)公演】","第一回","恵比寿ザ・ガーデンルーム","北原沙弥香","参加","","PDF参加履歴より登録","PDF参加履歴"
"THE IDOLM@STER SHINY COLORS FR@GMENT WING 01発売記念イベント 【2019年4月21日(日)公演】","第二回","恵比寿ザ・ガーデンルーム","礒部花凜","参加","","PDF参加履歴より登録","PDF参加履歴"
"THE IDOLM@STER SHINY COLORS FR@GMENT WING 01発売記念イベント 【2019年4月21日(日)公演】","第二回","恵比寿ザ・ガーデンルーム","菅沼千紗","参加","","PDF参加履歴より登録","PDF参加履歴"
"THE IDOLM@STER SHINY COLORS FR@GMENT WING 01発売記念イベント 【2019年4月21日(日)公演】","第二回","恵比寿ザ・ガーデンルーム","八巻アンナ","参加","","PDF参加履歴より登録","PDF参加履歴"
"THE IDOLM@STER SHINY COLORS FR@GMENT WING 01発売記念イベント 【2019年4月21日(日)公演】","第二回","恵比寿ザ・ガーデンルーム","成海瑠奈","参加","","PDF参加履歴より登録","PDF参加履歴"
"THE IDOLM@STER SHINY COLORS FR@GMENT WING 01発売記念イベント 【2019年4月21日(日)公演】","第二回","恵比寿ザ・ガーデンルーム","結名美月","参加","","PDF参加履歴より登録","PDF参加履歴"
"THE IDOLM@STER SHINY COLORS FR@GMENT WING 01発売記念イベント 【2019年4月21日(日)公演】","第二回","恵比寿ザ・ガーデンルーム","田中有紀","参加","","PDF参加履歴より登録","PDF参加履歴"
"THE IDOLM@STER SHINY COLORS FR@GMENT WING 01発売記念イベント 【2019年4月21日(日)公演】","第二回","恵比寿ザ・ガーデンルーム","幸村恵理","参加","","PDF参加履歴より登録","PDF参加履歴"
"THE IDOLM@STER SHINY COLORS FR@GMENT WING 01発売記念イベント 【2019年4月21日(日)公演】","第二回","恵比寿ザ・ガーデンルーム","北原沙弥香","参加","","PDF参加履歴より登録","PDF参加履歴"
"THE IDOLM@STER SHINY COLORS FR@GMENT WING 01発売記念イベント 【2019年5月5日(日)公演】","第一回","恵比寿ザ・ガーデンルーム","関根瞳","参加","","PDF参加履歴より登録","PDF参加履歴"
"THE IDOLM@STER SHINY COLORS FR@GMENT WING 01発売記念イベント 【2019年5月5日(日)公演】","第一回","恵比寿ザ・ガーデンルーム","近藤玲奈","参加","","PDF参加履歴より登録","PDF参加履歴"
"THE IDOLM@STER SHINY COLORS FR@GMENT WING 01発売記念イベント 【2019年5月5日(日)公演】","第一回","恵比寿ザ・ガーデンルーム","峯田茉優","参加","","PDF参加履歴より登録","PDF参加履歴"
"THE IDOLM@STER SHINY COLORS FR@GMENT WING 01発売記念イベント 【2019年5月5日(日)公演】","第一回","恵比寿ザ・ガーデンルーム","河野ひより","参加","","PDF参加履歴より登録","PDF参加履歴"
"THE IDOLM@STER SHINY COLORS FR@GMENT WING 01発売記念イベント 【2019年5月5日(日)公演】","第一回","恵比寿ザ・ガーデンルーム","白石晴香","参加","","PDF参加履歴より登録","PDF参加履歴"
"THE IDOLM@STER SHINY COLORS FR@GMENT WING 01発売記念イベント 【2019年5月5日(日)公演】","第一回","恵比寿ザ・ガーデンルーム","永井真里子","参加","","PDF参加履歴より登録","PDF参加履歴"
"THE IDOLM@STER SHINY COLORS FR@GMENT WING 01発売記念イベント 【2019年5月5日(日)公演】","第一回","恵比寿ザ・ガーデンルーム","丸岡和佳奈","参加","","PDF参加履歴より登録","PDF参加履歴"
"THE IDOLM@STER SHINY COLORS FR@GMENT WING 01発売記念イベント 【2019年5月5日(日)公演】","第一回","恵比寿ザ・ガーデンルーム","涼本あきほ","参加","","PDF参加履歴より登録","PDF参加履歴"
"THE IDOLM@STER SHINY COLORS FR@GMENT WING 01発売記念イベント 【2019年5月5日(日)公演】","第一回","恵比寿ザ・ガーデンルーム","田中有紀","参加","","PDF参加履歴より登録","PDF参加履歴"
"THE IDOLM@STER SHINY COLORS FR@GMENT WING 01発売記念イベント 【2019年5月5日(日)公演】","第一回","恵比寿ザ・ガーデンルーム","幸村恵理","参加","","PDF参加履歴より登録","PDF参加履歴"
"THE IDOLM@STER SHINY COLORS FR@GMENT WING 01発売記念イベント 【2019年5月5日(日)公演】","第一回","恵比寿ザ・ガーデンルーム","北原沙弥香","参加","","PDF参加履歴より登録","PDF参加履歴"
"THE IDOLM@STER SHINY COLORS FR@GMENT WING 01発売記念イベント 【2019年5月5日(日)公演】","第二回","恵比寿ザ・ガーデンルーム","田中有紀","参加","","PDF参加履歴より登録","PDF参加履歴"
"THE IDOLM@STER SHINY COLORS FR@GMENT WING 01発売記念イベント 【2019年5月5日(日)公演】","第二回","恵比寿ザ・ガーデンルーム","幸村恵理","参加","","PDF参加履歴より登録","PDF参加履歴"
"THE IDOLM@STER SHINY COLORS FR@GMENT WING 01発売記念イベント 【2019年5月5日(日)公演】","第二回","恵比寿ザ・ガーデンルーム","北原沙弥香","参加","","PDF参加履歴より登録","PDF参加履歴"
"THE IDOLM@STER SHINY COLORS FR@GMENT WING 02発売記念イベント","第一回","恵比寿ザ・ガーデンルーム","関根瞳","参加","","PDF参加履歴より登録","PDF参加履歴"
"THE IDOLM@STER SHINY COLORS FR@GMENT WING 02発売記念イベント","第一回","恵比寿ザ・ガーデンルーム","近藤玲奈","参加","","PDF参加履歴より登録","PDF参加履歴"
"THE IDOLM@STER SHINY COLORS FR@GMENT WING 02発売記念イベント","第一回","恵比寿ザ・ガーデンルーム","峯田茉優","参加","","PDF参加履歴より登録","PDF参加履歴"
"THE IDOLM@STER SHINY COLORS FR@GMENT WING 02発売記念イベント","第二回","恵比寿ザ・ガーデンルーム","関根瞳","参加","","PDF参加履歴より登録","PDF参加履歴"
"THE IDOLM@STER SHINY COLORS FR@GMENT WING 02発売記念イベント","第二回","恵比寿ザ・ガーデンルーム","近藤玲奈","参加","","PDF参加履歴より登録","PDF参加履歴"
"THE IDOLM@STER SHINY COLORS FR@GMENT WING 02発売記念イベント","第二回","恵比寿ザ・ガーデンルーム","峯田茉優","参加","","PDF参加履歴より登録","PDF参加履歴"
"THE IDOLM@STER SHINY COLORS FR@GMENT WING 03発売記念イベント","第一回","恵比寿ザ・ガーデンルーム","礒部花凜","参加","","PDF参加履歴より登録","PDF参加履歴"
"THE IDOLM@STER SHINY COLORS FR@GMENT WING 03発売記念イベント","第一回","恵比寿ザ・ガーデンルーム","菅沼千紗","参加","","PDF参加履歴より登録","PDF参加履歴"
"THE IDOLM@STER SHINY COLORS FR@GMENT WING 03発売記念イベント","第一回","恵比寿ザ・ガーデンルーム","八巻アンナ","参加","","PDF参加履歴より登録","PDF参加履歴"
"THE IDOLM@STER SHINY COLORS FR@GMENT WING 03発売記念イベント","第一回","恵比寿ザ・ガーデンルーム","成海瑠奈","参加","","PDF参加履歴より登録","PDF参加履歴"
"THE IDOLM@STER SHINY COLORS FR@GMENT WING 03発売記念イベント","第一回","恵比寿ザ・ガーデンルーム","結名美月","参加","","PDF参加履歴より登録","PDF参加履歴"
"THE IDOLM@STER SHINY COLORS FR@GMENT WING 03発売記念イベント","第二回","恵比寿ザ・ガーデンルーム","礒部花凜","参加","","PDF参加履歴より登録","PDF参加履歴"
"THE IDOLM@STER SHINY COLORS FR@GMENT WING 03発売記念イベント","第二回","恵比寿ザ・ガーデンルーム","菅沼千紗","参加","","PDF参加履歴より登録","PDF参加履歴"
"THE IDOLM@STER SHINY COLORS FR@GMENT WING 03発売記念イベント","第二回","恵比寿ザ・ガーデンルーム","八巻アンナ","参加","","PDF参加履歴より登録","PDF参加履歴"
"THE IDOLM@STER SHINY COLORS FR@GMENT WING 03発売記念イベント","第二回","恵比寿ザ・ガーデンルーム","成海瑠奈","参加","","PDF参加履歴より登録","PDF参加履歴"
"THE IDOLM@STER SHINY COLORS FR@GMENT WING 03発売記念イベント","第二回","恵比寿ザ・ガーデンルーム","結名美月","参加","","PDF参加履歴より登録","PDF参加履歴"
"THE IDOLM@STER SHINY COLORS FR@GMENT WING 04発売記念イベント","第一回","ニッショーホール（日本消防会館）","河野ひより","参加","","PDF参加履歴より登録","PDF参加履歴"
"THE IDOLM@STER SHINY COLORS FR@GMENT WING 04発売記念イベント","第一回","ニッショーホール（日本消防会館）","白石晴香","参加","","PDF参加履歴より登録","PDF参加履歴"
"THE IDOLM@STER SHINY COLORS FR@GMENT WING 04発売記念イベント","第一回","ニッショーホール（日本消防会館）","永井真里子","参加","","PDF参加履歴より登録","PDF参加履歴"
"THE IDOLM@STER SHINY COLORS FR@GMENT WING 04発売記念イベント","第一回","ニッショーホール（日本消防会館）","丸岡和佳奈","参加","","PDF参加履歴より登録","PDF参加履歴"
"THE IDOLM@STER SHINY COLORS FR@GMENT WING 04発売記念イベント","第一回","ニッショーホール（日本消防会館）","涼本あきほ","参加","","PDF参加履歴より登録","PDF参加履歴"
"THE IDOLM@STER SHINY COLORS FR@GMENT WING 04発売記念イベント","第二回","ニッショーホール（日本消防会館）","河野ひより","参加","","PDF参加履歴より登録","PDF参加履歴"
"THE IDOLM@STER SHINY COLORS FR@GMENT WING 04発売記念イベント","第二回","ニッショーホール（日本消防会館）","白石晴香","参加","","PDF参加履歴より登録","PDF参加履歴"
"THE IDOLM@STER SHINY COLORS FR@GMENT WING 04発売記念イベント","第二回","ニッショーホール（日本消防会館）","永井真里子","参加","","PDF参加履歴より登録","PDF参加履歴"
"THE IDOLM@STER SHINY COLORS FR@GMENT WING 04発売記念イベント","第二回","ニッショーホール（日本消防会館）","丸岡和佳奈","参加","","PDF参加履歴より登録","PDF参加履歴"
"THE IDOLM@STER SHINY COLORS FR@GMENT WING 04発売記念イベント","第二回","ニッショーホール（日本消防会館）","涼本あきほ","参加","","PDF参加履歴より登録","PDF参加履歴"
"THE IDOLM@STER SHINY COLORS FR@GMENT WING 05発売記念イベント","第一回","科学技術館サイエンスホール","黒木ほの香","参加","","PDF参加履歴より登録","PDF参加履歴"
"THE IDOLM@STER SHINY COLORS FR@GMENT WING 05発売記念イベント","第一回","科学技術館サイエンスホール","前川涼子","参加","","PDF参加履歴より登録","PDF参加履歴"
"THE IDOLM@STER SHINY COLORS FR@GMENT WING 05発売記念イベント","第一回","科学技術館サイエンスホール","芝崎典子","参加","","PDF参加履歴より登録","PDF参加履歴"
"THE IDOLM@STER SHINY COLORS FR@GMENT WING 05発売記念イベント","第二回","科学技術館サイエンスホール","黒木ほの香","参加","","PDF参加履歴より登録","PDF参加履歴"
"THE IDOLM@STER SHINY COLORS FR@GMENT WING 05発売記念イベント","第二回","科学技術館サイエンスホール","前川涼子","参加","","PDF参加履歴より登録","PDF参加履歴"
"THE IDOLM@STER SHINY COLORS FR@GMENT WING 05発売記念イベント","第二回","科学技術館サイエンスホール","芝崎典子","参加","","PDF参加履歴より登録","PDF参加履歴"
"THE IDOLM@STER SHINY COLORS FR@GMENT WING 06発売記念イベント","第一回","ニッショーホール（日本消防会館）","田中有紀","参加","","PDF参加履歴より登録","PDF参加履歴"
"THE IDOLM@STER SHINY COLORS FR@GMENT WING 06発売記念イベント","第一回","ニッショーホール（日本消防会館）","幸村恵理","参加","","PDF参加履歴より登録","PDF参加履歴"
"THE IDOLM@STER SHINY COLORS FR@GMENT WING 06発売記念イベント","第一回","ニッショーホール（日本消防会館）","北原沙弥香","参加","","PDF参加履歴より登録","PDF参加履歴"
"THE IDOLM@STER SHINY COLORS FR@GMENT WING 06発売記念イベント","第二回","ニッショーホール（日本消防会館）","田中有紀","参加","","PDF参加履歴より登録","PDF参加履歴"
"THE IDOLM@STER SHINY COLORS FR@GMENT WING 06発売記念イベント","第二回","ニッショーホール（日本消防会館）","幸村恵理","参加","","PDF参加履歴より登録","PDF参加履歴"
"THE IDOLM@STER SHINY COLORS FR@GMENT WING 06発売記念イベント","第二回","ニッショーホール（日本消防会館）","北原沙弥香","参加","","PDF参加履歴より登録","PDF参加履歴"
"THE IDOLM@STER SHINY COLORS GR@DATE WING 06/07発売記念生配信イベント","開催","オンライン","田中有紀","参加","","PDF参加履歴より登録","PDF参加履歴"
"THE IDOLM@STER SHINY COLORS GR@DATE WING 06/07発売記念生配信イベント","開催","オンライン","幸村恵理","参加","","PDF参加履歴より登録","PDF参加履歴"
"THE IDOLM@STER SHINY COLORS GR@DATE WING 06/07発売記念生配信イベント","開催","オンライン","北原沙弥香","参加","","PDF参加履歴より登録","PDF参加履歴"
"THE IDOLM@STER SHINY COLORS GR@DATE WING 06/07発売記念生配信イベント","開催","オンライン","和久井優","参加","","PDF参加履歴より登録","PDF参加履歴"
"THE IDOLM@STER SHINY COLORS GR@DATE WING 06/07発売記念生配信イベント","開催","オンライン","土屋李央","参加","","PDF参加履歴より登録","PDF参加履歴"
"THE IDOLM@STER SHINY COLORS GR@DATE WING 06/07発売記念生配信イベント","開催","オンライン","田嶌紗蘭","参加","","PDF参加履歴より登録","PDF参加履歴"
"THE IDOLM@STER SHINY COLORS GR@DATE WING 06/07発売記念生配信イベント","開催","オンライン","岡咲美保","参加","","PDF参加履歴より登録","PDF参加履歴"
"THE IDOLM@STER SHINY COLORS GR@DATE WING 01発売記念生配信イベント","開催","オンライン","関根瞳","参加","","PDF参加履歴より登録","PDF参加履歴"
"THE IDOLM@STER SHINY COLORS GR@DATE WING 01発売記念生配信イベント","開催","オンライン","近藤玲奈","参加","","PDF参加履歴より登録","PDF参加履歴"
"THE IDOLM@STER SHINY COLORS GR@DATE WING 01発売記念生配信イベント","開催","オンライン","峯田茉優","参加","","PDF参加履歴より登録","PDF参加履歴"
"THE IDOLM@STER SHINY COLORS GR@DATE WING 01発売記念生配信イベント","開催","オンライン","礒部花凜","参加","","PDF参加履歴より登録","PDF参加履歴"
"THE IDOLM@STER SHINY COLORS GR@DATE WING 01発売記念生配信イベント","開催","オンライン","菅沼千紗","参加","","PDF参加履歴より登録","PDF参加履歴"
"THE IDOLM@STER SHINY COLORS GR@DATE WING 01発売記念生配信イベント","開催","オンライン","八巻アンナ","参加","","PDF参加履歴より登録","PDF参加履歴"
"THE IDOLM@STER SHINY COLORS GR@DATE WING 01発売記念生配信イベント","開催","オンライン","成海瑠奈","参加","","PDF参加履歴より登録","PDF参加履歴"
"THE IDOLM@STER SHINY COLORS GR@DATE WING 01発売記念生配信イベント","開催","オンライン","結名美月","参加","","PDF参加履歴より登録","PDF参加履歴"
"THE IDOLM@STER SHINY COLORS GR@DATE WING 01発売記念生配信イベント","開催","オンライン","河野ひより","参加","","PDF参加履歴より登録","PDF参加履歴"
"THE IDOLM@STER SHINY COLORS GR@DATE WING 01発売記念生配信イベント","開催","オンライン","白石晴香","欠席","","PDF参加履歴より登録","PDF参加履歴"
"THE IDOLM@STER SHINY COLORS GR@DATE WING 01発売記念生配信イベント","開催","オンライン","永井真里子","参加","","PDF参加履歴より登録","PDF参加履歴"
"THE IDOLM@STER SHINY COLORS GR@DATE WING 01発売記念生配信イベント","開催","オンライン","丸岡和佳奈","参加","","PDF参加履歴より登録","PDF参加履歴"
"THE IDOLM@STER SHINY COLORS GR@DATE WING 01発売記念生配信イベント","開催","オンライン","涼本あきほ","参加","","PDF参加履歴より登録","PDF参加履歴"
"THE IDOLM@STER SHINY COLORS GR@DATE WING 01発売記念生配信イベント","開催","オンライン","黒木ほの香","参加","","PDF参加履歴より登録","PDF参加履歴"
"THE IDOLM@STER SHINY COLORS GR@DATE WING 01発売記念生配信イベント","開催","オンライン","前川涼子","参加","","PDF参加履歴より登録","PDF参加履歴"
"THE IDOLM@STER SHINY COLORS GR@DATE WING 01発売記念生配信イベント","開催","オンライン","芝崎典子","参加","","PDF参加履歴より登録","PDF参加履歴"
"THE IDOLM@STER SHINY COLORS GR@DATE WING 01発売記念生配信イベント","開催","オンライン","田中有紀","参加","","PDF参加履歴より登録","PDF参加履歴"
"THE IDOLM@STER SHINY COLORS GR@DATE WING 01発売記念生配信イベント","開催","オンライン","幸村恵理","参加","","PDF参加履歴より登録","PDF参加履歴"
"THE IDOLM@STER SHINY COLORS GR@DATE WING 01発売記念生配信イベント","開催","オンライン","北原沙弥香","参加","","PDF参加履歴より登録","PDF参加履歴"
"THE IDOLM@STER SHINY COLORS GR@DATE WING 01発売記念生配信イベント","開催","オンライン","和久井優","参加","","PDF参加履歴より登録","PDF参加履歴"
"THE IDOLM@STER SHINY COLORS GR@DATE WING 01発売記念生配信イベント","開催","オンライン","土屋李央","参加","","PDF参加履歴より登録","PDF参加履歴"
"THE IDOLM@STER SHINY COLORS GR@DATE WING 01発売記念生配信イベント","開催","オンライン","田嶌紗蘭","参加","","PDF参加履歴より登録","PDF参加履歴"
"THE IDOLM@STER SHINY COLORS GR@DATE WING 01発売記念生配信イベント","開催","オンライン","岡咲美保","参加","","PDF参加履歴より登録","PDF参加履歴"
"THE IDOLM@STER SHINY COLORS GR@DATE WING 02/03発売記念生配信イベント","開催","オンライン","関根瞳","参加","","PDF参加履歴より登録","PDF参加履歴"
"THE IDOLM@STER SHINY COLORS GR@DATE WING 02/03発売記念生配信イベント","開催","オンライン","近藤玲奈","参加","","PDF参加履歴より登録","PDF参加履歴"
"THE IDOLM@STER SHINY COLORS GR@DATE WING 02/03発売記念生配信イベント","開催","オンライン","峯田茉優","参加","","PDF参加履歴より登録","PDF参加履歴"
"THE IDOLM@STER SHINY COLORS GR@DATE WING 02/03発売記念生配信イベント","開催","オンライン","礒部花凜","参加","","PDF参加履歴より登録","PDF参加履歴"
"THE IDOLM@STER SHINY COLORS GR@DATE WING 02/03発売記念生配信イベント","開催","オンライン","菅沼千紗","参加","","PDF参加履歴より登録","PDF参加履歴"
"THE IDOLM@STER SHINY COLORS GR@DATE WING 02/03発売記念生配信イベント","開催","オンライン","八巻アンナ","参加","","PDF参加履歴より登録","PDF参加履歴"
"THE IDOLM@STER SHINY COLORS GR@DATE WING 02/03発売記念生配信イベント","開催","オンライン","成海瑠奈","参加","","PDF参加履歴より登録","PDF参加履歴"
"THE IDOLM@STER SHINY COLORS GR@DATE WING 02/03発売記念生配信イベント","開催","オンライン","結名美月","参加","","PDF参加履歴より登録","PDF参加履歴"
"THE IDOLM@STER SHINY COLORS GR@DATE WING 04/05発売記念生配信イベント","開催","オンライン","河野ひより","参加","","PDF参加履歴より登録","PDF参加履歴"
"THE IDOLM@STER SHINY COLORS GR@DATE WING 04/05発売記念生配信イベント","開催","オンライン","白石晴香","参加","","PDF参加履歴より登録","PDF参加履歴"
"THE IDOLM@STER SHINY COLORS GR@DATE WING 04/05発売記念生配信イベント","開催","オンライン","永井真里子","参加","","PDF参加履歴より登録","PDF参加履歴"
"THE IDOLM@STER SHINY COLORS GR@DATE WING 04/05発売記念生配信イベント","開催","オンライン","丸岡和佳奈","参加","","PDF参加履歴より登録","PDF参加履歴"
"THE IDOLM@STER SHINY COLORS GR@DATE WING 04/05発売記念生配信イベント","開催","オンライン","涼本あきほ","参加","","PDF参加履歴より登録","PDF参加履歴"
"THE IDOLM@STER SHINY COLORS GR@DATE WING 04/05発売記念生配信イベント","開催","オンライン","黒木ほの香","参加","","PDF参加履歴より登録","PDF参加履歴"
"THE IDOLM@STER SHINY COLORS GR@DATE WING 04/05発売記念生配信イベント","開催","オンライン","前川涼子","参加","","PDF参加履歴より登録","PDF参加履歴"
"THE IDOLM@STER SHINY COLORS GR@DATE WING 04/05発売記念生配信イベント","開催","オンライン","芝崎典子","参加","","PDF参加履歴より登録","PDF参加履歴"
"THE IDOLM@STER SHINY COLORS COLORFUL FE@THERS -Stella-発売記念生配信イベント","開催","オンライン","関根瞳","参加","","PDF参加履歴より登録","PDF参加履歴"
"THE IDOLM@STER SHINY COLORS COLORFUL FE@THERS -Stella-発売記念生配信イベント","開催","オンライン","礒部花凜","参加","","PDF参加履歴より登録","PDF参加履歴"
"THE IDOLM@STER SHINY COLORS COLORFUL FE@THERS -Stella-発売記念生配信イベント","開催","オンライン","河野ひより","欠席","","PDF参加履歴より登録","PDF参加履歴"
"THE IDOLM@STER SHINY COLORS COLORFUL FE@THERS -Stella-発売記念生配信イベント","開催","オンライン","白石晴香","欠席","","PDF参加履歴より登録","PDF参加履歴"
"THE IDOLM@STER SHINY COLORS COLORFUL FE@THERS -Stella-発売記念生配信イベント","開催","オンライン","黒木ほの香","参加","","PDF参加履歴より登録","PDF参加履歴"
"THE IDOLM@STER SHINY COLORS COLORFUL FE@THERS -Stella-発売記念生配信イベント","開催","オンライン","田中有紀","参加","","PDF参加履歴より登録","PDF参加履歴"
"THE IDOLM@STER SHINY COLORS COLORFUL FE@THERS -Stella-発売記念生配信イベント","開催","オンライン","土屋李央","参加","","PDF参加履歴より登録","PDF参加履歴"
"THE IDOLM@STER SHINY COLORS COLORFUL FE@THERS -Luna-発売記念生配信イベント","開催","オンライン","近藤玲奈","参加","","PDF参加履歴より登録","PDF参加履歴"
"THE IDOLM@STER SHINY COLORS COLORFUL FE@THERS -Luna-発売記念生配信イベント","開催","オンライン","菅沼千紗","参加","","PDF参加履歴より登録","PDF参加履歴"
"THE IDOLM@STER SHINY COLORS COLORFUL FE@THERS -Luna-発売記念生配信イベント","開催","オンライン","成海瑠奈","参加","","PDF参加履歴より登録","PDF参加履歴"
"THE IDOLM@STER SHINY COLORS COLORFUL FE@THERS -Luna-発売記念生配信イベント","開催","オンライン","結名美月","参加","","PDF参加履歴より登録","PDF参加履歴"
"THE IDOLM@STER SHINY COLORS COLORFUL FE@THERS -Luna-発売記念生配信イベント","開催","オンライン","丸岡和佳奈","参加","","PDF参加履歴より登録","PDF参加履歴"
"THE IDOLM@STER SHINY COLORS COLORFUL FE@THERS -Luna-発売記念生配信イベント","開催","オンライン","前川涼子","参加","","PDF参加履歴より登録","PDF参加履歴"
"THE IDOLM@STER SHINY COLORS COLORFUL FE@THERS -Luna-発売記念生配信イベント","開催","オンライン","北原沙弥香","参加","","PDF参加履歴より登録","PDF参加履歴"
"THE IDOLM@STER SHINY COLORS COLORFUL FE@THERS -Luna-発売記念生配信イベント","開催","オンライン","田嶌紗蘭","参加","","PDF参加履歴より登録","PDF参加履歴"
"THE IDOLM@STER SHINY COLORS COLORFUL FE@THERS -Sol-発売記念生配信イベント","開催","オンライン","峯田茉優","参加","","PDF参加履歴より登録","PDF参加履歴"
"THE IDOLM@STER SHINY COLORS COLORFUL FE@THERS -Sol-発売記念生配信イベント","開催","オンライン","八巻アンナ","参加","","PDF参加履歴より登録","PDF参加履歴"
"THE IDOLM@STER SHINY COLORS COLORFUL FE@THERS -Sol-発売記念生配信イベント","開催","オンライン","永井真里子","参加","","PDF参加履歴より登録","PDF参加履歴"
"THE IDOLM@STER SHINY COLORS COLORFUL FE@THERS -Sol-発売記念生配信イベント","開催","オンライン","涼本あきほ","参加","","PDF参加履歴より登録","PDF参加履歴"
"THE IDOLM@STER SHINY COLORS COLORFUL FE@THERS -Sol-発売記念生配信イベント","開催","オンライン","芝崎典子","参加","","PDF参加履歴より登録","PDF参加履歴"
"THE IDOLM@STER SHINY COLORS COLORFUL FE@THERS -Sol-発売記念生配信イベント","開催","オンライン","幸村恵理","参加","","PDF参加履歴より登録","PDF参加履歴"
"THE IDOLM@STER SHINY COLORS COLORFUL FE@THERS -Sol-発売記念生配信イベント","開催","オンライン","和久井優","参加","","PDF参加履歴より登録","PDF参加履歴"
"THE IDOLM@STER SHINY COLORS COLORFUL FE@THERS -Sol-発売記念生配信イベント","開催","オンライン","岡咲美保","参加","","PDF参加履歴より登録","PDF参加履歴"
"THE IDOLM@STER SHINY COLORS L@YERED WING 01発売記念無観客生配信イベント","開催","オンライン","関根瞳","参加","","PDF参加履歴より登録","PDF参加履歴"
"THE IDOLM@STER SHINY COLORS L@YERED WING 01発売記念無観客生配信イベント","開催","オンライン","礒部花凜","参加","","PDF参加履歴より登録","PDF参加履歴"
"THE IDOLM@STER SHINY COLORS L@YERED WING 01発売記念無観客生配信イベント","開催","オンライン","白石晴香","参加","","PDF参加履歴より登録","PDF参加履歴"
"THE IDOLM@STER SHINY COLORS L@YERED WING 01発売記念無観客生配信イベント","開催","オンライン","黒木ほの香","参加","","PDF参加履歴より登録","PDF参加履歴"
"THE IDOLM@STER SHINY COLORS L@YERED WING 01発売記念無観客生配信イベント","開催","オンライン","田中有紀","参加","","PDF参加履歴より登録","PDF参加履歴"
"THE IDOLM@STER SHINY COLORS L@YERED WING 01発売記念無観客生配信イベント","開催","オンライン","和久井優","参加","","PDF参加履歴より登録","PDF参加履歴"
"THE IDOLM@STER SHINY COLORS L@YERED WING 01発売記念無観客生配信イベント","開催","オンライン","紫月杏朱彩","参加","","PDF参加履歴より登録","PDF参加履歴"
"THE IDOLM@STER SHINY COLORS L@YERED WING 01発売記念無観客生配信イベント","開催","オンライン","山根綺","参加","","PDF参加履歴より登録","PDF参加履歴"
"THE IDOLM@STER SHINY COLORS L@YERED WING 02発売記念イベント","第一回","オンライン","関根瞳","参加","","PDF参加履歴より登録","PDF参加履歴"
"THE IDOLM@STER SHINY COLORS L@YERED WING 02発売記念イベント","第一回","オンライン","近藤玲奈","参加","","PDF参加履歴より登録","PDF参加履歴"
"THE IDOLM@STER SHINY COLORS L@YERED WING 02発売記念イベント","第一回","オンライン","峯田茉優","参加","","PDF参加履歴より登録","PDF参加履歴"
"THE IDOLM@STER SHINY COLORS L@YERED WING 02発売記念イベント","第二回","オンライン","関根瞳","参加","","PDF参加履歴より登録","PDF参加履歴"
"THE IDOLM@STER SHINY COLORS L@YERED WING 02発売記念イベント","第二回","オンライン","近藤玲奈","参加","","PDF参加履歴より登録","PDF参加履歴"
"THE IDOLM@STER SHINY COLORS L@YERED WING 02発売記念イベント","第二回","オンライン","峯田茉優","参加","","PDF参加履歴より登録","PDF参加履歴"
"THE IDOLM@STER SHINY COLORS L@YERED WING 03発売記念イベント","第一回","オンライン","菅沼千紗","参加","","PDF参加履歴より登録","PDF参加履歴"
"THE IDOLM@STER SHINY COLORS L@YERED WING 03発売記念イベント","第一回","オンライン","八巻アンナ","参加","","PDF参加履歴より登録","PDF参加履歴"
"THE IDOLM@STER SHINY COLORS L@YERED WING 03発売記念イベント","第一回","オンライン","成海瑠奈","参加","","PDF参加履歴より登録","PDF参加履歴"
"THE IDOLM@STER SHINY COLORS L@YERED WING 03発売記念イベント","第一回","オンライン","結名美月","参加","","PDF参加履歴より登録","PDF参加履歴"
"THE IDOLM@STER SHINY COLORS L@YERED WING 03発売記念イベント","第二回","オンライン","菅沼千紗","参加","","PDF参加履歴より登録","PDF参加履歴"
"THE IDOLM@STER SHINY COLORS L@YERED WING 03発売記念イベント","第二回","オンライン","八巻アンナ","参加","","PDF参加履歴より登録","PDF参加履歴"
"THE IDOLM@STER SHINY COLORS L@YERED WING 03発売記念イベント","第二回","オンライン","成海瑠奈","参加","","PDF参加履歴より登録","PDF参加履歴"
"THE IDOLM@STER SHINY COLORS L@YERED WING 03発売記念イベント","第二回","オンライン","結名美月","参加","","PDF参加履歴より登録","PDF参加履歴"
"THE IDOLM@STER SHINY COLORS L@YERED WING 04発売記念イベント","第一回","オンライン","河野ひより","参加","","PDF参加履歴より登録","PDF参加履歴"
"THE IDOLM@STER SHINY COLORS L@YERED WING 04発売記念イベント","第一回","オンライン","白石晴香","参加","","PDF参加履歴より登録","PDF参加履歴"
"THE IDOLM@STER SHINY COLORS L@YERED WING 04発売記念イベント","第一回","オンライン","永井真里子","参加","","PDF参加履歴より登録","PDF参加履歴"
"THE IDOLM@STER SHINY COLORS L@YERED WING 04発売記念イベント","第一回","オンライン","丸岡和佳奈","参加","","PDF参加履歴より登録","PDF参加履歴"
"THE IDOLM@STER SHINY COLORS L@YERED WING 04発売記念イベント","第一回","オンライン","涼本あきほ","参加","","PDF参加履歴より登録","PDF参加履歴"
"THE IDOLM@STER SHINY COLORS L@YERED WING 04発売記念イベント","第二回","オンライン","河野ひより","参加","","PDF参加履歴より登録","PDF参加履歴"
"THE IDOLM@STER SHINY COLORS L@YERED WING 04発売記念イベント","第二回","オンライン","白石晴香","参加","","PDF参加履歴より登録","PDF参加履歴"
"THE IDOLM@STER SHINY COLORS L@YERED WING 04発売記念イベント","第二回","オンライン","永井真里子","参加","","PDF参加履歴より登録","PDF参加履歴"
"THE IDOLM@STER SHINY COLORS L@YERED WING 04発売記念イベント","第二回","オンライン","丸岡和佳奈","参加","","PDF参加履歴より登録","PDF参加履歴"
"THE IDOLM@STER SHINY COLORS L@YERED WING 04発売記念イベント","第二回","オンライン","涼本あきほ","参加","","PDF参加履歴より登録","PDF参加履歴"
"THE IDOLM@STER SHINY COLORS L@YERED WING 05発売記念イベント","第一回","オンライン","黒木ほの香","参加","","PDF参加履歴より登録","PDF参加履歴"
"THE IDOLM@STER SHINY COLORS L@YERED WING 05発売記念イベント","第一回","オンライン","前川涼子","参加","","PDF参加履歴より登録","PDF参加履歴"
"THE IDOLM@STER SHINY COLORS L@YERED WING 05発売記念イベント","第一回","オンライン","芝崎典子","参加","","PDF参加履歴より登録","PDF参加履歴"
"THE IDOLM@STER SHINY COLORS L@YERED WING 05発売記念イベント","第二回","オンライン","黒木ほの香","参加","","PDF参加履歴より登録","PDF参加履歴"
"THE IDOLM@STER SHINY COLORS L@YERED WING 05発売記念イベント","第二回","オンライン","前川涼子","参加","","PDF参加履歴より登録","PDF参加履歴"
"THE IDOLM@STER SHINY COLORS L@YERED WING 05発売記念イベント","第二回","オンライン","芝崎典子","参加","","PDF参加履歴より登録","PDF参加履歴"
"THE IDOLM@STER SHINY COLORS L@YERED WING 06発売記念イベント","第一回","オンライン","田中有紀","参加","","PDF参加履歴より登録","PDF参加履歴"
"THE IDOLM@STER SHINY COLORS L@YERED WING 06発売記念イベント","第一回","オンライン","幸村恵理","参加","","PDF参加履歴より登録","PDF参加履歴"
"THE IDOLM@STER SHINY COLORS L@YERED WING 06発売記念イベント","第一回","オンライン","北原沙弥香","参加","","PDF参加履歴より登録","PDF参加履歴"
"THE IDOLM@STER SHINY COLORS L@YERED WING 06発売記念イベント","第二回","オンライン","田中有紀","参加","","PDF参加履歴より登録","PDF参加履歴"
"THE IDOLM@STER SHINY COLORS L@YERED WING 06発売記念イベント","第二回","オンライン","幸村恵理","参加","","PDF参加履歴より登録","PDF参加履歴"
"THE IDOLM@STER SHINY COLORS L@YERED WING 06発売記念イベント","第二回","オンライン","北原沙弥香","参加","","PDF参加履歴より登録","PDF参加履歴"
"THE IDOLM@STER SHINY COLORS L@YERED WING 07発売記念イベント","第一回","ニッショーホール（日本消防会館）","和久井優","参加","","PDF参加履歴より登録","PDF参加履歴"
"THE IDOLM@STER SHINY COLORS L@YERED WING 07発売記念イベント","第一回","ニッショーホール（日本消防会館）","土屋李央","参加","","PDF参加履歴より登録","PDF参加履歴"
"THE IDOLM@STER SHINY COLORS L@YERED WING 07発売記念イベント","第一回","ニッショーホール（日本消防会館）","田嶌紗蘭","参加","","PDF参加履歴より登録","PDF参加履歴"
"THE IDOLM@STER SHINY COLORS L@YERED WING 07発売記念イベント","第一回","ニッショーホール（日本消防会館）","岡咲美保","参加","","PDF参加履歴より登録","PDF参加履歴"
"THE IDOLM@STER SHINY COLORS L@YERED WING 07発売記念イベント","第二回","ニッショーホール（日本消防会館）","和久井優","参加","","PDF参加履歴より登録","PDF参加履歴"
"THE IDOLM@STER SHINY COLORS L@YERED WING 07発売記念イベント","第二回","ニッショーホール（日本消防会館）","土屋李央","参加","","PDF参加履歴より登録","PDF参加履歴"
"THE IDOLM@STER SHINY COLORS L@YERED WING 07発売記念イベント","第二回","ニッショーホール（日本消防会館）","田嶌紗蘭","参加","","PDF参加履歴より登録","PDF参加履歴"
"THE IDOLM@STER SHINY COLORS L@YERED WING 07発売記念イベント","第二回","ニッショーホール（日本消防会館）","岡咲美保","参加","","PDF参加履歴より登録","PDF参加履歴"
"THE IDOLM@STER SHINY COLORS L@YERED WING 08発売記念イベント","第一回","ニッショーホール（日本消防会館）","紫月杏朱彩","参加","","PDF参加履歴より登録","PDF参加履歴"
"THE IDOLM@STER SHINY COLORS L@YERED WING 08発売記念イベント","第一回","ニッショーホール（日本消防会館）","山根綺","参加","","PDF参加履歴より登録","PDF参加履歴"
"THE IDOLM@STER SHINY COLORS L@YERED WING 08発売記念イベント","第二回","ニッショーホール（日本消防会館）","紫月杏朱彩","参加","","PDF参加履歴より登録","PDF参加履歴"
"THE IDOLM@STER SHINY COLORS L@YERED WING 08発売記念イベント","第二回","ニッショーホール（日本消防会館）","山根綺","参加","","PDF参加履歴より登録","PDF参加履歴"
"THE IDOLM@STER SHINY COLORS 2ndLIVE STEP INTO THE SUNSET SKY Blu-ray発売記念配信イベント","開催","オンライン","峯田茉優","参加","","PDF参加履歴より登録","PDF参加履歴"
"THE IDOLM@STER SHINY COLORS 2ndLIVE STEP INTO THE SUNSET SKY Blu-ray発売記念配信イベント","開催","オンライン","八巻アンナ","参加","","PDF参加履歴より登録","PDF参加履歴"
"THE IDOLM@STER SHINY COLORS 2ndLIVE STEP INTO THE SUNSET SKY Blu-ray発売記念配信イベント","開催","オンライン","涼本あきほ","参加","","PDF参加履歴より登録","PDF参加履歴"
"THE IDOLM@STER SHINY COLORS 2ndLIVE STEP INTO THE SUNSET SKY Blu-ray発売記念配信イベント","開催","オンライン","前川涼子","参加","","PDF参加履歴より登録","PDF参加履歴"
"THE IDOLM@STER SHINY COLORS 2ndLIVE STEP INTO THE SUNSET SKY Blu-ray発売記念配信イベント","開催","オンライン","田中有紀","参加","","PDF参加履歴より登録","PDF参加履歴"
"THE IDOLM@STER SHINY COLORS 2ndLIVE STEP INTO THE SUNSET SKY Blu-ray発売記念配信イベント","開催","オンライン","田嶌紗蘭","参加","","PDF参加履歴より登録","PDF参加履歴"
"THE IDOLM@STER SHINY COLORS PANOR@MA WINGシリーズ完走記念イベント","第一回","カルッツかわさき","関根瞳","参加","","PDF参加履歴より登録","PDF参加履歴"
"THE IDOLM@STER SHINY COLORS PANOR@MA WINGシリーズ完走記念イベント","第一回","カルッツかわさき","近藤玲奈","欠席","","PDF参加履歴より登録","PDF参加履歴"
"THE IDOLM@STER SHINY COLORS PANOR@MA WINGシリーズ完走記念イベント","第一回","カルッツかわさき","峯田茉優","参加","","PDF参加履歴より登録","PDF参加履歴"
"THE IDOLM@STER SHINY COLORS PANOR@MA WINGシリーズ完走記念イベント","第一回","カルッツかわさき","河野ひより","参加","","PDF参加履歴より登録","PDF参加履歴"
"THE IDOLM@STER SHINY COLORS PANOR@MA WINGシリーズ完走記念イベント","第一回","カルッツかわさき","白石晴香","参加","","PDF参加履歴より登録","PDF参加履歴"
"THE IDOLM@STER SHINY COLORS PANOR@MA WINGシリーズ完走記念イベント","第一回","カルッツかわさき","永井真里子","参加","","PDF参加履歴より登録","PDF参加履歴"
"THE IDOLM@STER SHINY COLORS PANOR@MA WINGシリーズ完走記念イベント","第一回","カルッツかわさき","丸岡和佳奈","参加","","PDF参加履歴より登録","PDF参加履歴"
"THE IDOLM@STER SHINY COLORS PANOR@MA WINGシリーズ完走記念イベント","第一回","カルッツかわさき","涼本あきほ","参加","","PDF参加履歴より登録","PDF参加履歴"
"THE IDOLM@STER SHINY COLORS PANOR@MA WINGシリーズ完走記念イベント","第一回","カルッツかわさき","田中有紀","参加","","PDF参加履歴より登録","PDF参加履歴"
"THE IDOLM@STER SHINY COLORS PANOR@MA WINGシリーズ完走記念イベント","第一回","カルッツかわさき","幸村恵理","参加","","PDF参加履歴より登録","PDF参加履歴"
"THE IDOLM@STER SHINY COLORS PANOR@MA WINGシリーズ完走記念イベント","第一回","カルッツかわさき","北原沙弥香","参加","","PDF参加履歴より登録","PDF参加履歴"
"THE IDOLM@STER SHINY COLORS PANOR@MA WINGシリーズ完走記念イベント","第一回","カルッツかわさき","紫月杏朱彩","参加","","PDF参加履歴より登録","PDF参加履歴"
"THE IDOLM@STER SHINY COLORS PANOR@MA WINGシリーズ完走記念イベント","第一回","カルッツかわさき","山根綺","欠席","","PDF参加履歴より登録","PDF参加履歴"
"THE IDOLM@STER SHINY COLORS PANOR@MA WINGシリーズ完走記念イベント","第二回","カルッツかわさき","礒部花凜","欠席","","PDF参加履歴より登録","PDF参加履歴"
"THE IDOLM@STER SHINY COLORS PANOR@MA WINGシリーズ完走記念イベント","第二回","カルッツかわさき","菅沼千紗","参加","","PDF参加履歴より登録","PDF参加履歴"
"THE IDOLM@STER SHINY COLORS PANOR@MA WINGシリーズ完走記念イベント","第二回","カルッツかわさき","八巻アンナ","参加","","PDF参加履歴より登録","PDF参加履歴"
"THE IDOLM@STER SHINY COLORS PANOR@MA WINGシリーズ完走記念イベント","第二回","カルッツかわさき","希水しお","参加","","PDF参加履歴より登録","PDF参加履歴"
"THE IDOLM@STER SHINY COLORS PANOR@MA WINGシリーズ完走記念イベント","第二回","カルッツかわさき","結名美月","参加","","PDF参加履歴より登録","PDF参加履歴"
"THE IDOLM@STER SHINY COLORS PANOR@MA WINGシリーズ完走記念イベント","第二回","カルッツかわさき","黒木ほの香","参加","","PDF参加履歴より登録","PDF参加履歴"
"THE IDOLM@STER SHINY COLORS PANOR@MA WINGシリーズ完走記念イベント","第二回","カルッツかわさき","前川涼子","参加","","PDF参加履歴より登録","PDF参加履歴"
"THE IDOLM@STER SHINY COLORS PANOR@MA WINGシリーズ完走記念イベント","第二回","カルッツかわさき","芝崎典子","参加","","PDF参加履歴より登録","PDF参加履歴"
"THE IDOLM@STER SHINY COLORS PANOR@MA WINGシリーズ完走記念イベント","第二回","カルッツかわさき","和久井優","参加","","PDF参加履歴より登録","PDF参加履歴"
"THE IDOLM@STER SHINY COLORS PANOR@MA WINGシリーズ完走記念イベント","第二回","カルッツかわさき","土屋李央","参加","","PDF参加履歴より登録","PDF参加履歴"
"THE IDOLM@STER SHINY COLORS PANOR@MA WINGシリーズ完走記念イベント","第二回","カルッツかわさき","田嶌紗蘭","参加","","PDF参加履歴より登録","PDF参加履歴"
"THE IDOLM@STER SHINY COLORS PANOR@MA WINGシリーズ完走記念イベント","第二回","カルッツかわさき","岡咲美保","参加","","PDF参加履歴より登録","PDF参加履歴"
"THE IDOLM@STER SHINY COLORS WING COLLECTION -A side-/-B side-発売記念イベント","第一回","","関根瞳","参加","","PDF参加履歴より登録","PDF参加履歴"
"THE IDOLM@STER SHINY COLORS WING COLLECTION -A side-/-B side-発売記念イベント","第一回","","近藤玲奈","参加","","PDF参加履歴より登録","PDF参加履歴"
"THE IDOLM@STER SHINY COLORS WING COLLECTION -A side-/-B side-発売記念イベント","第一回","","峯田茉優","参加","","PDF参加履歴より登録","PDF参加履歴"
"THE IDOLM@STER SHINY COLORS WING COLLECTION -A side-/-B side-発売記念イベント","第二回","","関根瞳","参加","","PDF参加履歴より登録","PDF参加履歴"
"THE IDOLM@STER SHINY COLORS WING COLLECTION -A side-/-B side-発売記念イベント","第二回","","近藤玲奈","参加","","PDF参加履歴より登録","PDF参加履歴"
"THE IDOLM@STER SHINY COLORS WING COLLECTION -A side-/-B side-発売記念イベント","第二回","","峯田茉優","参加","","PDF参加履歴より登録","PDF参加履歴"
"THE IDOLM@STER SHINY COLORS CANVAS 01〜04発売記念イベント","第一回","ニューピアホール","関根瞳","参加","","PDF参加履歴より登録","PDF参加履歴"
"THE IDOLM@STER SHINY COLORS CANVAS 01〜04発売記念イベント","第一回","ニューピアホール","近藤玲奈","参加","","PDF参加履歴より登録","PDF参加履歴"
"THE IDOLM@STER SHINY COLORS CANVAS 01〜04発売記念イベント","第一回","ニューピアホール","峯田茉優","参加","","PDF参加履歴より登録","PDF参加履歴"
"THE IDOLM@STER SHINY COLORS CANVAS 01〜04発売記念イベント","第一回","ニューピアホール","礒部花凜","欠席","","PDF参加履歴より登録","PDF参加履歴"
"THE IDOLM@STER SHINY COLORS CANVAS 01〜04発売記念イベント","第一回","ニューピアホール","菅沼千紗","参加","","PDF参加履歴より登録","PDF参加履歴"
"THE IDOLM@STER SHINY COLORS CANVAS 01〜04発売記念イベント","第一回","ニューピアホール","八巻アンナ","参加","","PDF参加履歴より登録","PDF参加履歴"
"THE IDOLM@STER SHINY COLORS CANVAS 01〜04発売記念イベント","第一回","ニューピアホール","希水しお","参加","","PDF参加履歴より登録","PDF参加履歴"
"THE IDOLM@STER SHINY COLORS CANVAS 01〜04発売記念イベント","第一回","ニューピアホール","結名美月","参加","","PDF参加履歴より登録","PDF参加履歴"
"THE IDOLM@STER SHINY COLORS CANVAS 01〜04発売記念イベント","第一回","ニューピアホール","河野ひより","参加","","PDF参加履歴より登録","PDF参加履歴"
"THE IDOLM@STER SHINY COLORS CANVAS 01〜04発売記念イベント","第一回","ニューピアホール","白石晴香","参加","","PDF参加履歴より登録","PDF参加履歴"
"THE IDOLM@STER SHINY COLORS CANVAS 01〜04発売記念イベント","第一回","ニューピアホール","永井真里子","参加","","PDF参加履歴より登録","PDF参加履歴"
"THE IDOLM@STER SHINY COLORS CANVAS 01〜04発売記念イベント","第一回","ニューピアホール","丸岡和佳奈","参加","","PDF参加履歴より登録","PDF参加履歴"
"THE IDOLM@STER SHINY COLORS CANVAS 01〜04発売記念イベント","第一回","ニューピアホール","涼本あきほ","参加","","PDF参加履歴より登録","PDF参加履歴"
"THE IDOLM@STER SHINY COLORS CANVAS 01〜04発売記念イベント","第一回","ニューピアホール","黒木ほの香","参加","","PDF参加履歴より登録","PDF参加履歴"
"THE IDOLM@STER SHINY COLORS CANVAS 01〜04発売記念イベント","第一回","ニューピアホール","前川涼子","参加","","PDF参加履歴より登録","PDF参加履歴"
"THE IDOLM@STER SHINY COLORS CANVAS 01〜04発売記念イベント","第一回","ニューピアホール","芝崎典子","参加","","PDF参加履歴より登録","PDF参加履歴"
"THE IDOLM@STER SHINY COLORS CANVAS 01〜04発売記念イベント","第二回","ニューピアホール","関根瞳","参加","","PDF参加履歴より登録","PDF参加履歴"
"THE IDOLM@STER SHINY COLORS CANVAS 01〜04発売記念イベント","第二回","ニューピアホール","近藤玲奈","参加","","PDF参加履歴より登録","PDF参加履歴"
"THE IDOLM@STER SHINY COLORS CANVAS 01〜04発売記念イベント","第二回","ニューピアホール","峯田茉優","参加","","PDF参加履歴より登録","PDF参加履歴"
"THE IDOLM@STER SHINY COLORS CANVAS 01〜04発売記念イベント","第二回","ニューピアホール","礒部花凜","欠席","","PDF参加履歴より登録","PDF参加履歴"
"THE IDOLM@STER SHINY COLORS CANVAS 01〜04発売記念イベント","第二回","ニューピアホール","菅沼千紗","参加","","PDF参加履歴より登録","PDF参加履歴"
"THE IDOLM@STER SHINY COLORS CANVAS 01〜04発売記念イベント","第二回","ニューピアホール","八巻アンナ","参加","","PDF参加履歴より登録","PDF参加履歴"
"THE IDOLM@STER SHINY COLORS CANVAS 01〜04発売記念イベント","第二回","ニューピアホール","希水しお","参加","","PDF参加履歴より登録","PDF参加履歴"
"THE IDOLM@STER SHINY COLORS CANVAS 01〜04発売記念イベント","第二回","ニューピアホール","結名美月","参加","","PDF参加履歴より登録","PDF参加履歴"
"THE IDOLM@STER SHINY COLORS CANVAS 01〜04発売記念イベント","第二回","ニューピアホール","河野ひより","参加","","PDF参加履歴より登録","PDF参加履歴"
"THE IDOLM@STER SHINY COLORS CANVAS 01〜04発売記念イベント","第二回","ニューピアホール","白石晴香","参加","","PDF参加履歴より登録","PDF参加履歴"
"THE IDOLM@STER SHINY COLORS CANVAS 01〜04発売記念イベント","第二回","ニューピアホール","永井真里子","欠席","","PDF参加履歴より登録","PDF参加履歴"
"THE IDOLM@STER SHINY COLORS CANVAS 01〜04発売記念イベント","第二回","ニューピアホール","丸岡和佳奈","参加","","PDF参加履歴より登録","PDF参加履歴"
"THE IDOLM@STER SHINY COLORS CANVAS 01〜04発売記念イベント","第二回","ニューピアホール","涼本あきほ","参加","","PDF参加履歴より登録","PDF参加履歴"
"THE IDOLM@STER SHINY COLORS CANVAS 01〜04発売記念イベント","第二回","ニューピアホール","黒木ほの香","参加","","PDF参加履歴より登録","PDF参加履歴"
"THE IDOLM@STER SHINY COLORS CANVAS 01〜04発売記念イベント","第二回","ニューピアホール","前川涼子","参加","","PDF参加履歴より登録","PDF参加履歴"
"THE IDOLM@STER SHINY COLORS CANVAS 01〜04発売記念イベント","第二回","ニューピアホール","芝崎典子","参加","","PDF参加履歴より登録","PDF参加履歴"
"THE IDOLM@STER SHINY COLORS CANVAS 05〜08発売記念イベント","第一回","ニューピアホール","田中有紀","参加","","PDF参加履歴より登録","PDF参加履歴"
"THE IDOLM@STER SHINY COLORS CANVAS 05〜08発売記念イベント","第一回","ニューピアホール","幸村恵理","参加","","PDF参加履歴より登録","PDF参加履歴"
"THE IDOLM@STER SHINY COLORS CANVAS 05〜08発売記念イベント","第一回","ニューピアホール","北原沙弥香","参加","","PDF参加履歴より登録","PDF参加履歴"
"THE IDOLM@STER SHINY COLORS CANVAS 05〜08発売記念イベント","第一回","ニューピアホール","和久井優","参加","","PDF参加履歴より登録","PDF参加履歴"
"THE IDOLM@STER SHINY COLORS CANVAS 05〜08発売記念イベント","第一回","ニューピアホール","土屋李央","参加","","PDF参加履歴より登録","PDF参加履歴"
"THE IDOLM@STER SHINY COLORS CANVAS 05〜08発売記念イベント","第一回","ニューピアホール","田嶌紗蘭","参加","","PDF参加履歴より登録","PDF参加履歴"
"THE IDOLM@STER SHINY COLORS CANVAS 05〜08発売記念イベント","第一回","ニューピアホール","岡咲美保","参加","","PDF参加履歴より登録","PDF参加履歴"
"THE IDOLM@STER SHINY COLORS CANVAS 05〜08発売記念イベント","第一回","ニューピアホール","紫月杏朱彩","参加","","PDF参加履歴より登録","PDF参加履歴"
"THE IDOLM@STER SHINY COLORS CANVAS 05〜08発売記念イベント","第一回","ニューピアホール","山根綺","参加","","PDF参加履歴より登録","PDF参加履歴"
"THE IDOLM@STER SHINY COLORS CANVAS 05〜08発売記念イベント","第一回","ニューピアホール","川口莉奈","参加","","PDF参加履歴より登録","PDF参加履歴"
"THE IDOLM@STER SHINY COLORS CANVAS 05〜08発売記念イベント","第一回","ニューピアホール","三川華月","参加","","PDF参加履歴より登録","PDF参加履歴"
"THE IDOLM@STER SHINY COLORS CANVAS 05〜08発売記念イベント","第一回","ニューピアホール","小澤麗那","参加","","PDF参加履歴より登録","PDF参加履歴"
"THE IDOLM@STER SHINY COLORS CANVAS 05〜08発売記念イベント","第二回","ニューピアホール","田中有紀","参加","","PDF参加履歴より登録","PDF参加履歴"
"THE IDOLM@STER SHINY COLORS CANVAS 05〜08発売記念イベント","第二回","ニューピアホール","幸村恵理","参加","","PDF参加履歴より登録","PDF参加履歴"
"THE IDOLM@STER SHINY COLORS CANVAS 05〜08発売記念イベント","第二回","ニューピアホール","北原沙弥香","参加","","PDF参加履歴より登録","PDF参加履歴"
"THE IDOLM@STER SHINY COLORS CANVAS 05〜08発売記念イベント","第二回","ニューピアホール","和久井優","参加","","PDF参加履歴より登録","PDF参加履歴"
"THE IDOLM@STER SHINY COLORS CANVAS 05〜08発売記念イベント","第二回","ニューピアホール","土屋李央","参加","","PDF参加履歴より登録","PDF参加履歴"
"THE IDOLM@STER SHINY COLORS CANVAS 05〜08発売記念イベント","第二回","ニューピアホール","田嶌紗蘭","参加","","PDF参加履歴より登録","PDF参加履歴"
"THE IDOLM@STER SHINY COLORS CANVAS 05〜08発売記念イベント","第二回","ニューピアホール","岡咲美保","参加","","PDF参加履歴より登録","PDF参加履歴"
"THE IDOLM@STER SHINY COLORS CANVAS 05〜08発売記念イベント","第二回","ニューピアホール","紫月杏朱彩","参加","","PDF参加履歴より登録","PDF参加履歴"
"THE IDOLM@STER SHINY COLORS CANVAS 05〜08発売記念イベント","第二回","ニューピアホール","山根綺","参加","","PDF参加履歴より登録","PDF参加履歴"
"THE IDOLM@STER SHINY COLORS CANVAS 05〜08発売記念イベント","第二回","ニューピアホール","川口莉奈","参加","","PDF参加履歴より登録","PDF参加履歴"
"THE IDOLM@STER SHINY COLORS CANVAS 05〜08発売記念イベント","第二回","ニューピアホール","三川華月","参加","","PDF参加履歴より登録","PDF参加履歴"
"THE IDOLM@STER SHINY COLORS CANVAS 05〜08発売記念イベント","第二回","ニューピアホール","小澤麗那","参加","","PDF参加履歴より登録","PDF参加履歴"
"THE IDOLM@STER SHINY COLORS ECHOES 02発売記念イベント","第一回","日経ホール","礒部花凜","参加","","PDF参加履歴より登録","PDF参加履歴"
"THE IDOLM@STER SHINY COLORS ECHOES 02発売記念イベント","第一回","日経ホール","菅沼千紗","参加","","PDF参加履歴より登録","PDF参加履歴"
"THE IDOLM@STER SHINY COLORS ECHOES 02発売記念イベント","第一回","日経ホール","八巻アンナ","参加","","PDF参加履歴より登録","PDF参加履歴"
"THE IDOLM@STER SHINY COLORS ECHOES 02発売記念イベント","第一回","日経ホール","希水しお","参加","","PDF参加履歴より登録","PDF参加履歴"
"THE IDOLM@STER SHINY COLORS ECHOES 02発売記念イベント","第一回","日経ホール","結名美月","参加","","PDF参加履歴より登録","PDF参加履歴"
"THE IDOLM@STER SHINY COLORS ECHOES 02発売記念イベント","第一回","日経ホール","田中有紀","参加","","PDF参加履歴より登録","PDF参加履歴"
"THE IDOLM@STER SHINY COLORS ECHOES 02発売記念イベント","第一回","日経ホール","幸村恵理","参加","","PDF参加履歴より登録","PDF参加履歴"
"THE IDOLM@STER SHINY COLORS ECHOES 02発売記念イベント","第一回","日経ホール","北原沙弥香","参加","","PDF参加履歴より登録","PDF参加履歴"
"THE IDOLM@STER SHINY COLORS ECHOES 02発売記念イベント","第一回","日経ホール","紫月杏朱彩","参加","","PDF参加履歴より登録","PDF参加履歴"
"THE IDOLM@STER SHINY COLORS ECHOES 02発売記念イベント","第一回","日経ホール","山根綺","参加","","PDF参加履歴より登録","PDF参加履歴"
"THE IDOLM@STER SHINY COLORS ECHOES 02発売記念イベント","第二回","日経ホール","礒部花凜","参加","","PDF参加履歴より登録","PDF参加履歴"
"THE IDOLM@STER SHINY COLORS ECHOES 02発売記念イベント","第二回","日経ホール","菅沼千紗","参加","","PDF参加履歴より登録","PDF参加履歴"
"THE IDOLM@STER SHINY COLORS ECHOES 02発売記念イベント","第二回","日経ホール","八巻アンナ","参加","","PDF参加履歴より登録","PDF参加履歴"
"THE IDOLM@STER SHINY COLORS ECHOES 02発売記念イベント","第二回","日経ホール","希水しお","参加","","PDF参加履歴より登録","PDF参加履歴"
"THE IDOLM@STER SHINY COLORS ECHOES 02発売記念イベント","第二回","日経ホール","結名美月","参加","","PDF参加履歴より登録","PDF参加履歴"
"THE IDOLM@STER SHINY COLORS ECHOES 02発売記念イベント","第二回","日経ホール","田中有紀","参加","","PDF参加履歴より登録","PDF参加履歴"
"THE IDOLM@STER SHINY COLORS ECHOES 02発売記念イベント","第二回","日経ホール","幸村恵理","参加","","PDF参加履歴より登録","PDF参加履歴"
"THE IDOLM@STER SHINY COLORS ECHOES 02発売記念イベント","第二回","日経ホール","北原沙弥香","参加","","PDF参加履歴より登録","PDF参加履歴"
"THE IDOLM@STER SHINY COLORS ECHOES 02発売記念イベント","第二回","日経ホール","紫月杏朱彩","参加","","PDF参加履歴より登録","PDF参加履歴"
"THE IDOLM@STER SHINY COLORS ECHOES 02発売記念イベント","第二回","日経ホール","山根綺","参加","","PDF参加履歴より登録","PDF参加履歴"
"THE IDOLM@STER SHINY COLORS Song for Prism Happier / 枕木の歌 / 時限式狂騒ワンダーランド / LINKs連動発売記念イベント","第一回","ニッショーホール（日本消防会館）","関根瞳","参加","","PDF参加履歴より登録","PDF参加履歴"
"THE IDOLM@STER SHINY COLORS Song for Prism Happier / 枕木の歌 / 時限式狂騒ワンダーランド / LINKs連動発売記念イベント","第一回","ニッショーホール（日本消防会館）","近藤玲奈","参加","","PDF参加履歴より登録","PDF参加履歴"
"THE IDOLM@STER SHINY COLORS Song for Prism Happier / 枕木の歌 / 時限式狂騒ワンダーランド / LINKs連動発売記念イベント","第一回","ニッショーホール（日本消防会館）","峯田茉優","参加","","PDF参加履歴より登録","PDF参加履歴"
"THE IDOLM@STER SHINY COLORS Song for Prism Happier / 枕木の歌 / 時限式狂騒ワンダーランド / LINKs連動発売記念イベント","第一回","ニッショーホール（日本消防会館）","礒部花凜","参加","","PDF参加履歴より登録","PDF参加履歴"
"THE IDOLM@STER SHINY COLORS Song for Prism Happier / 枕木の歌 / 時限式狂騒ワンダーランド / LINKs連動発売記念イベント","第一回","ニッショーホール（日本消防会館）","菅沼千紗","参加","","PDF参加履歴より登録","PDF参加履歴"
"THE IDOLM@STER SHINY COLORS Song for Prism Happier / 枕木の歌 / 時限式狂騒ワンダーランド / LINKs連動発売記念イベント","第一回","ニッショーホール（日本消防会館）","八巻アンナ","参加","","PDF参加履歴より登録","PDF参加履歴"
"THE IDOLM@STER SHINY COLORS Song for Prism Happier / 枕木の歌 / 時限式狂騒ワンダーランド / LINKs連動発売記念イベント","第一回","ニッショーホール（日本消防会館）","希水しお","参加","","PDF参加履歴より登録","PDF参加履歴"
"THE IDOLM@STER SHINY COLORS Song for Prism Happier / 枕木の歌 / 時限式狂騒ワンダーランド / LINKs連動発売記念イベント","第一回","ニッショーホール（日本消防会館）","結名美月","参加","","PDF参加履歴より登録","PDF参加履歴"
"THE IDOLM@STER SHINY COLORS Song for Prism Happier / 枕木の歌 / 時限式狂騒ワンダーランド / LINKs連動発売記念イベント","第二回","ニッショーホール（日本消防会館）","関根瞳","参加","","PDF参加履歴より登録","PDF参加履歴"
"THE IDOLM@STER SHINY COLORS Song for Prism Happier / 枕木の歌 / 時限式狂騒ワンダーランド / LINKs連動発売記念イベント","第二回","ニッショーホール（日本消防会館）","近藤玲奈","参加","","PDF参加履歴より登録","PDF参加履歴"
"THE IDOLM@STER SHINY COLORS Song for Prism Happier / 枕木の歌 / 時限式狂騒ワンダーランド / LINKs連動発売記念イベント","第二回","ニッショーホール（日本消防会館）","峯田茉優","参加","","PDF参加履歴より登録","PDF参加履歴"
"THE IDOLM@STER SHINY COLORS Song for Prism Happier / 枕木の歌 / 時限式狂騒ワンダーランド / LINKs連動発売記念イベント","第二回","ニッショーホール（日本消防会館）","礒部花凜","参加","","PDF参加履歴より登録","PDF参加履歴"
"THE IDOLM@STER SHINY COLORS Song for Prism Happier / 枕木の歌 / 時限式狂騒ワンダーランド / LINKs連動発売記念イベント","第二回","ニッショーホール（日本消防会館）","菅沼千紗","参加","","PDF参加履歴より登録","PDF参加履歴"
"THE IDOLM@STER SHINY COLORS Song for Prism Happier / 枕木の歌 / 時限式狂騒ワンダーランド / LINKs連動発売記念イベント","第二回","ニッショーホール（日本消防会館）","八巻アンナ","参加","","PDF参加履歴より登録","PDF参加履歴"
"THE IDOLM@STER SHINY COLORS Song for Prism Happier / 枕木の歌 / 時限式狂騒ワンダーランド / LINKs連動発売記念イベント","第二回","ニッショーホール（日本消防会館）","希水しお","参加","","PDF参加履歴より登録","PDF参加履歴"
"THE IDOLM@STER SHINY COLORS Song for Prism Happier / 枕木の歌 / 時限式狂騒ワンダーランド / LINKs連動発売記念イベント","第二回","ニッショーホール（日本消防会館）","結名美月","参加","","PDF参加履歴より登録","PDF参加履歴"
"THE IDOLM@STER SHINY COLORS ECHOES 03発売記念イベント","第一回","ニューピアホール","河野ひより","参加","","PDF参加履歴より登録","PDF参加履歴"
"THE IDOLM@STER SHINY COLORS ECHOES 03発売記念イベント","第一回","ニューピアホール","永井真里子","参加","","PDF参加履歴より登録","PDF参加履歴"
"THE IDOLM@STER SHINY COLORS ECHOES 03発売記念イベント","第一回","ニューピアホール","丸岡和佳奈","参加","","PDF参加履歴より登録","PDF参加履歴"
"THE IDOLM@STER SHINY COLORS ECHOES 03発売記念イベント","第一回","ニューピアホール","涼本あきほ","参加","","PDF参加履歴より登録","PDF参加履歴"
"THE IDOLM@STER SHINY COLORS ECHOES 03発売記念イベント","第二回","ニューピアホール","河野ひより","参加","","PDF参加履歴より登録","PDF参加履歴"
"THE IDOLM@STER SHINY COLORS ECHOES 03発売記念イベント","第二回","ニューピアホール","永井真里子","参加","","PDF参加履歴より登録","PDF参加履歴"
"THE IDOLM@STER SHINY COLORS ECHOES 03発売記念イベント","第二回","ニューピアホール","丸岡和佳奈","参加","","PDF参加履歴より登録","PDF参加履歴"
"THE IDOLM@STER SHINY COLORS ECHOES 03発売記念イベント","第二回","ニューピアホール","涼本あきほ","参加","","PDF参加履歴より登録","PDF参加履歴"
"THE IDOLM@STER SHINY COLORS ECHOES 04発売記念イベント","第一回","一ツ橋ホール","黒木ほの香","参加","","PDF参加履歴より登録","PDF参加履歴"
"THE IDOLM@STER SHINY COLORS ECHOES 04発売記念イベント","第一回","一ツ橋ホール","前川涼子","参加","","PDF参加履歴より登録","PDF参加履歴"
"THE IDOLM@STER SHINY COLORS ECHOES 04発売記念イベント","第一回","一ツ橋ホール","芝崎典子","参加","","PDF参加履歴より登録","PDF参加履歴"
"THE IDOLM@STER SHINY COLORS ECHOES 04発売記念イベント","第二回","一ツ橋ホール","黒木ほの香","参加","","PDF参加履歴より登録","PDF参加履歴"
"THE IDOLM@STER SHINY COLORS ECHOES 04発売記念イベント","第二回","一ツ橋ホール","前川涼子","参加","","PDF参加履歴より登録","PDF参加履歴"
"THE IDOLM@STER SHINY COLORS ECHOES 04発売記念イベント","第二回","一ツ橋ホール","芝崎典子","参加","","PDF参加履歴より登録","PDF参加履歴"
"THE IDOLM@STER SHINY COLORS ECHOES 06発売記念イベント","第一回","一ツ橋ホール","和久井優","参加","","PDF参加履歴より登録","PDF参加履歴"
"THE IDOLM@STER SHINY COLORS ECHOES 06発売記念イベント","第一回","一ツ橋ホール","土屋李央","参加","","PDF参加履歴より登録","PDF参加履歴"
"THE IDOLM@STER SHINY COLORS ECHOES 06発売記念イベント","第一回","一ツ橋ホール","田嶌紗蘭","参加","","PDF参加履歴より登録","PDF参加履歴"
"THE IDOLM@STER SHINY COLORS ECHOES 06発売記念イベント","第一回","一ツ橋ホール","岡咲美保","参加","","PDF参加履歴より登録","PDF参加履歴"
"THE IDOLM@STER SHINY COLORS ECHOES 06発売記念イベント","第二回","一ツ橋ホール","和久井優","参加","","PDF参加履歴より登録","PDF参加履歴"
"THE IDOLM@STER SHINY COLORS ECHOES 06発売記念イベント","第二回","一ツ橋ホール","土屋李央","参加","","PDF参加履歴より登録","PDF参加履歴"
"THE IDOLM@STER SHINY COLORS ECHOES 06発売記念イベント","第二回","一ツ橋ホール","田嶌紗蘭","参加","","PDF参加履歴より登録","PDF参加履歴"
"THE IDOLM@STER SHINY COLORS ECHOES 06発売記念イベント","第二回","一ツ橋ホール","岡咲美保","参加","","PDF参加履歴より登録","PDF参加履歴"
"THE IDOLM@STER SHINY COLORS ECHOES 05発売記念イベント","第一回","","田中有紀","参加","","PDF参加履歴より登録","PDF参加履歴"
"THE IDOLM@STER SHINY COLORS ECHOES 05発売記念イベント","第一回","","幸村恵理","参加","","PDF参加履歴より登録","PDF参加履歴"
"THE IDOLM@STER SHINY COLORS ECHOES 05発売記念イベント","第一回","","北原沙弥香","参加","","PDF参加履歴より登録","PDF参加履歴"
"THE IDOLM@STER SHINY COLORS ECHOES 05発売記念イベント","第二回","","田中有紀","参加","","PDF参加履歴より登録","PDF参加履歴"
"THE IDOLM@STER SHINY COLORS ECHOES 05発売記念イベント","第二回","","幸村恵理","参加","","PDF参加履歴より登録","PDF参加履歴"
"THE IDOLM@STER SHINY COLORS ECHOES 05発売記念イベント","第二回","","北原沙弥香","参加","","PDF参加履歴より登録","PDF参加履歴"
"THE IDOLM@STER SHINY COLORS ECHOES 01発売記念イベント","第一回","ニューピアホール","関根瞳","参加","","PDF参加履歴より登録","PDF参加履歴"
"THE IDOLM@STER SHINY COLORS ECHOES 01発売記念イベント","第一回","ニューピアホール","近藤玲奈","参加","","PDF参加履歴より登録","PDF参加履歴"
"THE IDOLM@STER SHINY COLORS ECHOES 01発売記念イベント","第一回","ニューピアホール","峯田茉優","参加","","PDF参加履歴より登録","PDF参加履歴"
"THE IDOLM@STER SHINY COLORS ECHOES 01発売記念イベント","第二回","ニューピアホール","関根瞳","参加","","PDF参加履歴より登録","PDF参加履歴"
"THE IDOLM@STER SHINY COLORS ECHOES 01発売記念イベント","第二回","ニューピアホール","近藤玲奈","参加","","PDF参加履歴より登録","PDF参加履歴"
"THE IDOLM@STER SHINY COLORS ECHOES 01発売記念イベント","第二回","ニューピアホール","峯田茉優","参加","","PDF参加履歴より登録","PDF参加履歴"
"THE IDOLM@STER SHINY COLORS ECHOES 08発売記念イベント","第一回","ニッショーホール（日本消防会館）","川口莉奈","参加","","PDF参加履歴より登録","PDF参加履歴"
"THE IDOLM@STER SHINY COLORS ECHOES 08発売記念イベント","第一回","ニッショーホール（日本消防会館）","三川華月","参加","","PDF参加履歴より登録","PDF参加履歴"
"THE IDOLM@STER SHINY COLORS ECHOES 08発売記念イベント","第一回","ニッショーホール（日本消防会館）","小澤麗那","参加","","PDF参加履歴より登録","PDF参加履歴"
"THE IDOLM@STER SHINY COLORS ECHOES 08発売記念イベント","第二回","ニッショーホール（日本消防会館）","川口莉奈","参加","","PDF参加履歴より登録","PDF参加履歴"
"THE IDOLM@STER SHINY COLORS ECHOES 08発売記念イベント","第二回","ニッショーホール（日本消防会館）","三川華月","参加","","PDF参加履歴より登録","PDF参加履歴"
"THE IDOLM@STER SHINY COLORS ECHOES 08発売記念イベント","第二回","ニッショーホール（日本消防会館）","小澤麗那","参加","","PDF参加履歴より登録","PDF参加履歴"
"THE IDOLM@STER SHINY COLORS Song for Prism 裸足じゃイラレナイ / 明日もBeautiful Day / ハナムケのハナタバ / 青空連動発売記念イベント","第一回","ニューピアホール","河野ひより","参加","","PDF参加履歴より登録","PDF参加履歴"
"THE IDOLM@STER SHINY COLORS Song for Prism 裸足じゃイラレナイ / 明日もBeautiful Day / ハナムケのハナタバ / 青空連動発売記念イベント","第一回","ニューピアホール","白石晴香","参加","","PDF参加履歴より登録","PDF参加履歴"
"THE IDOLM@STER SHINY COLORS Song for Prism 裸足じゃイラレナイ / 明日もBeautiful Day / ハナムケのハナタバ / 青空連動発売記念イベント","第一回","ニューピアホール","永井真里子","欠席","","PDF参加履歴より登録","PDF参加履歴"
"THE IDOLM@STER SHINY COLORS Song for Prism 裸足じゃイラレナイ / 明日もBeautiful Day / ハナムケのハナタバ / 青空連動発売記念イベント","第一回","ニューピアホール","丸岡和佳奈","参加","","PDF参加履歴より登録","PDF参加履歴"
"THE IDOLM@STER SHINY COLORS Song for Prism 裸足じゃイラレナイ / 明日もBeautiful Day / ハナムケのハナタバ / 青空連動発売記念イベント","第一回","ニューピアホール","涼本あきほ","参加","","PDF参加履歴より登録","PDF参加履歴"
"THE IDOLM@STER SHINY COLORS Song for Prism 裸足じゃイラレナイ / 明日もBeautiful Day / ハナムケのハナタバ / 青空連動発売記念イベント","第一回","ニューピアホール","黒木ほの香","参加","","PDF参加履歴より登録","PDF参加履歴"
"THE IDOLM@STER SHINY COLORS Song for Prism 裸足じゃイラレナイ / 明日もBeautiful Day / ハナムケのハナタバ / 青空連動発売記念イベント","第一回","ニューピアホール","前川涼子","参加","","PDF参加履歴より登録","PDF参加履歴"
"THE IDOLM@STER SHINY COLORS Song for Prism 裸足じゃイラレナイ / 明日もBeautiful Day / ハナムケのハナタバ / 青空連動発売記念イベント","第一回","ニューピアホール","芝崎典子","参加","","PDF参加履歴より登録","PDF参加履歴"
"THE IDOLM@STER SHINY COLORS Song for Prism 裸足じゃイラレナイ / 明日もBeautiful Day / ハナムケのハナタバ / 青空連動発売記念イベント","第一回","ニューピアホール","和久井優","参加","","PDF参加履歴より登録","PDF参加履歴"
"THE IDOLM@STER SHINY COLORS Song for Prism 裸足じゃイラレナイ / 明日もBeautiful Day / ハナムケのハナタバ / 青空連動発売記念イベント","第一回","ニューピアホール","土屋李央","参加","","PDF参加履歴より登録","PDF参加履歴"
"THE IDOLM@STER SHINY COLORS Song for Prism 裸足じゃイラレナイ / 明日もBeautiful Day / ハナムケのハナタバ / 青空連動発売記念イベント","第一回","ニューピアホール","田嶌紗蘭","参加","","PDF参加履歴より登録","PDF参加履歴"
"THE IDOLM@STER SHINY COLORS Song for Prism 裸足じゃイラレナイ / 明日もBeautiful Day / ハナムケのハナタバ / 青空連動発売記念イベント","第一回","ニューピアホール","岡咲美保","参加","","PDF参加履歴より登録","PDF参加履歴"
"THE IDOLM@STER SHINY COLORS Song for Prism 裸足じゃイラレナイ / 明日もBeautiful Day / ハナムケのハナタバ / 青空連動発売記念イベント","第一回","ニューピアホール","川口莉奈","参加","","PDF参加履歴より登録","PDF参加履歴"
"THE IDOLM@STER SHINY COLORS Song for Prism 裸足じゃイラレナイ / 明日もBeautiful Day / ハナムケのハナタバ / 青空連動発売記念イベント","第一回","ニューピアホール","三川華月","参加","","PDF参加履歴より登録","PDF参加履歴"
"THE IDOLM@STER SHINY COLORS Song for Prism 裸足じゃイラレナイ / 明日もBeautiful Day / ハナムケのハナタバ / 青空連動発売記念イベント","第一回","ニューピアホール","小澤麗那","参加","","PDF参加履歴より登録","PDF参加履歴"
"THE IDOLM@STER SHINY COLORS Song for Prism 裸足じゃイラレナイ / 明日もBeautiful Day / ハナムケのハナタバ / 青空連動発売記念イベント","第二回","ニューピアホール","河野ひより","参加","","PDF参加履歴より登録","PDF参加履歴"
"THE IDOLM@STER SHINY COLORS Song for Prism 裸足じゃイラレナイ / 明日もBeautiful Day / ハナムケのハナタバ / 青空連動発売記念イベント","第二回","ニューピアホール","白石晴香","参加","","PDF参加履歴より登録","PDF参加履歴"
"THE IDOLM@STER SHINY COLORS Song for Prism 裸足じゃイラレナイ / 明日もBeautiful Day / ハナムケのハナタバ / 青空連動発売記念イベント","第二回","ニューピアホール","永井真里子","欠席","","PDF参加履歴より登録","PDF参加履歴"
"THE IDOLM@STER SHINY COLORS Song for Prism 裸足じゃイラレナイ / 明日もBeautiful Day / ハナムケのハナタバ / 青空連動発売記念イベント","第二回","ニューピアホール","丸岡和佳奈","参加","","PDF参加履歴より登録","PDF参加履歴"
"THE IDOLM@STER SHINY COLORS Song for Prism 裸足じゃイラレナイ / 明日もBeautiful Day / ハナムケのハナタバ / 青空連動発売記念イベント","第二回","ニューピアホール","涼本あきほ","参加","","PDF参加履歴より登録","PDF参加履歴"
"THE IDOLM@STER SHINY COLORS Song for Prism 裸足じゃイラレナイ / 明日もBeautiful Day / ハナムケのハナタバ / 青空連動発売記念イベント","第二回","ニューピアホール","黒木ほの香","参加","","PDF参加履歴より登録","PDF参加履歴"
"THE IDOLM@STER SHINY COLORS Song for Prism 裸足じゃイラレナイ / 明日もBeautiful Day / ハナムケのハナタバ / 青空連動発売記念イベント","第二回","ニューピアホール","前川涼子","参加","","PDF参加履歴より登録","PDF参加履歴"
"THE IDOLM@STER SHINY COLORS Song for Prism 裸足じゃイラレナイ / 明日もBeautiful Day / ハナムケのハナタバ / 青空連動発売記念イベント","第二回","ニューピアホール","芝崎典子","参加","","PDF参加履歴より登録","PDF参加履歴"
"THE IDOLM@STER SHINY COLORS Song for Prism 裸足じゃイラレナイ / 明日もBeautiful Day / ハナムケのハナタバ / 青空連動発売記念イベント","第二回","ニューピアホール","和久井優","参加","","PDF参加履歴より登録","PDF参加履歴"
"THE IDOLM@STER SHINY COLORS Song for Prism 裸足じゃイラレナイ / 明日もBeautiful Day / ハナムケのハナタバ / 青空連動発売記念イベント","第二回","ニューピアホール","土屋李央","参加","","PDF参加履歴より登録","PDF参加履歴"
"THE IDOLM@STER SHINY COLORS Song for Prism 裸足じゃイラレナイ / 明日もBeautiful Day / ハナムケのハナタバ / 青空連動発売記念イベント","第二回","ニューピアホール","田嶌紗蘭","参加","","PDF参加履歴より登録","PDF参加履歴"
"THE IDOLM@STER SHINY COLORS Song for Prism 裸足じゃイラレナイ / 明日もBeautiful Day / ハナムケのハナタバ / 青空連動発売記念イベント","第二回","ニューピアホール","岡咲美保","参加","","PDF参加履歴より登録","PDF参加履歴"
"THE IDOLM@STER SHINY COLORS Song for Prism 裸足じゃイラレナイ / 明日もBeautiful Day / ハナムケのハナタバ / 青空連動発売記念イベント","第二回","ニューピアホール","川口莉奈","参加","","PDF参加履歴より登録","PDF参加履歴"
"THE IDOLM@STER SHINY COLORS Song for Prism 裸足じゃイラレナイ / 明日もBeautiful Day / ハナムケのハナタバ / 青空連動発売記念イベント","第二回","ニューピアホール","三川華月","参加","","PDF参加履歴より登録","PDF参加履歴"
"THE IDOLM@STER SHINY COLORS Song for Prism 裸足じゃイラレナイ / 明日もBeautiful Day / ハナムケのハナタバ / 青空連動発売記念イベント","第二回","ニューピアホール","小澤麗那","参加","","PDF参加履歴より登録","PDF参加履歴"
"THE IDOLM@STER SHINY COLORS Song for Prism 愛しき日々 / Fading Stars / Future Transit / KoiKyun！発売記念イベント","第一回","東京総合美容専門学校マルチホール","関根瞳","参加","","PDF参加履歴より登録","PDF参加履歴"
"THE IDOLM@STER SHINY COLORS Song for Prism 愛しき日々 / Fading Stars / Future Transit / KoiKyun！発売記念イベント","第一回","東京総合美容専門学校マルチホール","近藤玲奈","参加","","PDF参加履歴より登録","PDF参加履歴"
"THE IDOLM@STER SHINY COLORS Song for Prism 愛しき日々 / Fading Stars / Future Transit / KoiKyun！発売記念イベント","第一回","東京総合美容専門学校マルチホール","峯田茉優","参加","","PDF参加履歴より登録","PDF参加履歴"
"THE IDOLM@STER SHINY COLORS Song for Prism 愛しき日々 / Fading Stars / Future Transit / KoiKyun！発売記念イベント","第一回","東京総合美容専門学校マルチホール","田中有紀","参加","","PDF参加履歴より登録","PDF参加履歴"
"THE IDOLM@STER SHINY COLORS Song for Prism 愛しき日々 / Fading Stars / Future Transit / KoiKyun！発売記念イベント","第一回","東京総合美容専門学校マルチホール","幸村恵理","参加","","PDF参加履歴より登録","PDF参加履歴"
"THE IDOLM@STER SHINY COLORS Song for Prism 愛しき日々 / Fading Stars / Future Transit / KoiKyun！発売記念イベント","第一回","東京総合美容専門学校マルチホール","北原沙弥香","参加","","PDF参加履歴より登録","PDF参加履歴"
"THE IDOLM@STER SHINY COLORS Song for Prism 愛しき日々 / Fading Stars / Future Transit / KoiKyun！発売記念イベント","第一回","東京総合美容専門学校マルチホール","和久井優","参加","","PDF参加履歴より登録","PDF参加履歴"
"THE IDOLM@STER SHINY COLORS Song for Prism 愛しき日々 / Fading Stars / Future Transit / KoiKyun！発売記念イベント","第一回","東京総合美容専門学校マルチホール","土屋李央","参加","","PDF参加履歴より登録","PDF参加履歴"
"THE IDOLM@STER SHINY COLORS Song for Prism 愛しき日々 / Fading Stars / Future Transit / KoiKyun！発売記念イベント","第一回","東京総合美容専門学校マルチホール","田嶌紗蘭","参加","","PDF参加履歴より登録","PDF参加履歴"
"THE IDOLM@STER SHINY COLORS Song for Prism 愛しき日々 / Fading Stars / Future Transit / KoiKyun！発売記念イベント","第一回","東京総合美容専門学校マルチホール","岡咲美保","参加","","PDF参加履歴より登録","PDF参加履歴"
"THE IDOLM@STER SHINY COLORS Song for Prism 愛しき日々 / Fading Stars / Future Transit / KoiKyun！発売記念イベント","第一回","東京総合美容専門学校マルチホール","紫月杏朱彩","参加","","PDF参加履歴より登録","PDF参加履歴"
"THE IDOLM@STER SHINY COLORS Song for Prism 愛しき日々 / Fading Stars / Future Transit / KoiKyun！発売記念イベント","第一回","東京総合美容専門学校マルチホール","山根綺","参加","","PDF参加履歴より登録","PDF参加履歴"
"THE IDOLM@STER SHINY COLORS Song for Prism 愛しき日々 / Fading Stars / Future Transit / KoiKyun！発売記念イベント","第二回","東京総合美容専門学校マルチホール","関根瞳","参加","","PDF参加履歴より登録","PDF参加履歴"
"THE IDOLM@STER SHINY COLORS Song for Prism 愛しき日々 / Fading Stars / Future Transit / KoiKyun！発売記念イベント","第二回","東京総合美容専門学校マルチホール","近藤玲奈","参加","","PDF参加履歴より登録","PDF参加履歴"
"THE IDOLM@STER SHINY COLORS Song for Prism 愛しき日々 / Fading Stars / Future Transit / KoiKyun！発売記念イベント","第二回","東京総合美容専門学校マルチホール","峯田茉優","参加","","PDF参加履歴より登録","PDF参加履歴"
"THE IDOLM@STER SHINY COLORS Song for Prism 愛しき日々 / Fading Stars / Future Transit / KoiKyun！発売記念イベント","第二回","東京総合美容専門学校マルチホール","田中有紀","参加","","PDF参加履歴より登録","PDF参加履歴"
"THE IDOLM@STER SHINY COLORS Song for Prism 愛しき日々 / Fading Stars / Future Transit / KoiKyun！発売記念イベント","第二回","東京総合美容専門学校マルチホール","幸村恵理","参加","","PDF参加履歴より登録","PDF参加履歴"
"THE IDOLM@STER SHINY COLORS Song for Prism 愛しき日々 / Fading Stars / Future Transit / KoiKyun！発売記念イベント","第二回","東京総合美容専門学校マルチホール","北原沙弥香","参加","","PDF参加履歴より登録","PDF参加履歴"
"THE IDOLM@STER SHINY COLORS Song for Prism 愛しき日々 / Fading Stars / Future Transit / KoiKyun！発売記念イベント","第二回","東京総合美容専門学校マルチホール","和久井優","参加","","PDF参加履歴より登録","PDF参加履歴"
"THE IDOLM@STER SHINY COLORS Song for Prism 愛しき日々 / Fading Stars / Future Transit / KoiKyun！発売記念イベント","第二回","東京総合美容専門学校マルチホール","土屋李央","参加","","PDF参加履歴より登録","PDF参加履歴"
"THE IDOLM@STER SHINY COLORS Song for Prism 愛しき日々 / Fading Stars / Future Transit / KoiKyun！発売記念イベント","第二回","東京総合美容専門学校マルチホール","田嶌紗蘭","参加","","PDF参加履歴より登録","PDF参加履歴"
"THE IDOLM@STER SHINY COLORS Song for Prism 愛しき日々 / Fading Stars / Future Transit / KoiKyun！発売記念イベント","第二回","東京総合美容専門学校マルチホール","岡咲美保","参加","","PDF参加履歴より登録","PDF参加履歴"
"THE IDOLM@STER SHINY COLORS Song for Prism 愛しき日々 / Fading Stars / Future Transit / KoiKyun！発売記念イベント","第二回","東京総合美容専門学校マルチホール","紫月杏朱彩","参加","","PDF参加履歴より登録","PDF参加履歴"
"THE IDOLM@STER SHINY COLORS Song for Prism 愛しき日々 / Fading Stars / Future Transit / KoiKyun！発売記念イベント","第二回","東京総合美容専門学校マルチホール","山根綺","参加","","PDF参加履歴より登録","PDF参加履歴"
"THE IDOLM@STER SHINY COLORS Song for Prism QUEEN OF THE PIRATES / キラピコ.exe / Sleepless Nights / アイノウ発売記念イベント","第一回","都内某所（当選者のみ案内）","礒部花凜","参加","","PDF参加履歴より登録","PDF参加履歴"
"THE IDOLM@STER SHINY COLORS Song for Prism QUEEN OF THE PIRATES / キラピコ.exe / Sleepless Nights / アイノウ発売記念イベント","第一回","都内某所（当選者のみ案内）","菅沼千紗","参加","","PDF参加履歴より登録","PDF参加履歴"
"THE IDOLM@STER SHINY COLORS Song for Prism QUEEN OF THE PIRATES / キラピコ.exe / Sleepless Nights / アイノウ発売記念イベント","第一回","都内某所（当選者のみ案内）","八巻アンナ","参加","","PDF参加履歴より登録","PDF参加履歴"
"THE IDOLM@STER SHINY COLORS Song for Prism QUEEN OF THE PIRATES / キラピコ.exe / Sleepless Nights / アイノウ発売記念イベント","第一回","都内某所（当選者のみ案内）","希水しお","参加","","PDF参加履歴より登録","PDF参加履歴"
"THE IDOLM@STER SHINY COLORS Song for Prism QUEEN OF THE PIRATES / キラピコ.exe / Sleepless Nights / アイノウ発売記念イベント","第一回","都内某所（当選者のみ案内）","結名美月","参加","","PDF参加履歴より登録","PDF参加履歴"
"THE IDOLM@STER SHINY COLORS Song for Prism QUEEN OF THE PIRATES / キラピコ.exe / Sleepless Nights / アイノウ発売記念イベント","第一回","都内某所（当選者のみ案内）","河野ひより","参加","","PDF参加履歴より登録","PDF参加履歴"
"THE IDOLM@STER SHINY COLORS Song for Prism QUEEN OF THE PIRATES / キラピコ.exe / Sleepless Nights / アイノウ発売記念イベント","第一回","都内某所（当選者のみ案内）","白石晴香","参加","","PDF参加履歴より登録","PDF参加履歴"
"THE IDOLM@STER SHINY COLORS Song for Prism QUEEN OF THE PIRATES / キラピコ.exe / Sleepless Nights / アイノウ発売記念イベント","第一回","都内某所（当選者のみ案内）","永井真里子","参加","","PDF参加履歴より登録","PDF参加履歴"
"THE IDOLM@STER SHINY COLORS Song for Prism QUEEN OF THE PIRATES / キラピコ.exe / Sleepless Nights / アイノウ発売記念イベント","第一回","都内某所（当選者のみ案内）","丸岡和佳奈","参加","","PDF参加履歴より登録","PDF参加履歴"
"THE IDOLM@STER SHINY COLORS Song for Prism QUEEN OF THE PIRATES / キラピコ.exe / Sleepless Nights / アイノウ発売記念イベント","第一回","都内某所（当選者のみ案内）","涼本あきほ","参加","","PDF参加履歴より登録","PDF参加履歴"
"THE IDOLM@STER SHINY COLORS Song for Prism QUEEN OF THE PIRATES / キラピコ.exe / Sleepless Nights / アイノウ発売記念イベント","第一回","都内某所（当選者のみ案内）","黒木ほの香","参加","","PDF参加履歴より登録","PDF参加履歴"
"THE IDOLM@STER SHINY COLORS Song for Prism QUEEN OF THE PIRATES / キラピコ.exe / Sleepless Nights / アイノウ発売記念イベント","第一回","都内某所（当選者のみ案内）","前川涼子","参加","","PDF参加履歴より登録","PDF参加履歴"
"THE IDOLM@STER SHINY COLORS Song for Prism QUEEN OF THE PIRATES / キラピコ.exe / Sleepless Nights / アイノウ発売記念イベント","第一回","都内某所（当選者のみ案内）","芝崎典子","参加","","PDF参加履歴より登録","PDF参加履歴"
"THE IDOLM@STER SHINY COLORS Song for Prism QUEEN OF THE PIRATES / キラピコ.exe / Sleepless Nights / アイノウ発売記念イベント","第一回","都内某所（当選者のみ案内）","川口莉奈","参加","","PDF参加履歴より登録","PDF参加履歴"
"THE IDOLM@STER SHINY COLORS Song for Prism QUEEN OF THE PIRATES / キラピコ.exe / Sleepless Nights / アイノウ発売記念イベント","第一回","都内某所（当選者のみ案内）","三川華月","参加","","PDF参加履歴より登録","PDF参加履歴"
"THE IDOLM@STER SHINY COLORS Song for Prism QUEEN OF THE PIRATES / キラピコ.exe / Sleepless Nights / アイノウ発売記念イベント","第一回","都内某所（当選者のみ案内）","小澤麗那","参加","","PDF参加履歴より登録","PDF参加履歴"
"THE IDOLM@STER SHINY COLORS Song for Prism QUEEN OF THE PIRATES / キラピコ.exe / Sleepless Nights / アイノウ発売記念イベント","第二回","都内某所（当選者のみ案内）","礒部花凜","参加","","PDF参加履歴より登録","PDF参加履歴"
"THE IDOLM@STER SHINY COLORS Song for Prism QUEEN OF THE PIRATES / キラピコ.exe / Sleepless Nights / アイノウ発売記念イベント","第二回","都内某所（当選者のみ案内）","菅沼千紗","参加","","PDF参加履歴より登録","PDF参加履歴"
"THE IDOLM@STER SHINY COLORS Song for Prism QUEEN OF THE PIRATES / キラピコ.exe / Sleepless Nights / アイノウ発売記念イベント","第二回","都内某所（当選者のみ案内）","八巻アンナ","参加","","PDF参加履歴より登録","PDF参加履歴"
"THE IDOLM@STER SHINY COLORS Song for Prism QUEEN OF THE PIRATES / キラピコ.exe / Sleepless Nights / アイノウ発売記念イベント","第二回","都内某所（当選者のみ案内）","希水しお","参加","","PDF参加履歴より登録","PDF参加履歴"
"THE IDOLM@STER SHINY COLORS Song for Prism QUEEN OF THE PIRATES / キラピコ.exe / Sleepless Nights / アイノウ発売記念イベント","第二回","都内某所（当選者のみ案内）","結名美月","参加","","PDF参加履歴より登録","PDF参加履歴"
"THE IDOLM@STER SHINY COLORS Song for Prism QUEEN OF THE PIRATES / キラピコ.exe / Sleepless Nights / アイノウ発売記念イベント","第二回","都内某所（当選者のみ案内）","河野ひより","参加","","PDF参加履歴より登録","PDF参加履歴"
"THE IDOLM@STER SHINY COLORS Song for Prism QUEEN OF THE PIRATES / キラピコ.exe / Sleepless Nights / アイノウ発売記念イベント","第二回","都内某所（当選者のみ案内）","白石晴香","参加","","PDF参加履歴より登録","PDF参加履歴"
"THE IDOLM@STER SHINY COLORS Song for Prism QUEEN OF THE PIRATES / キラピコ.exe / Sleepless Nights / アイノウ発売記念イベント","第二回","都内某所（当選者のみ案内）","永井真里子","参加","","PDF参加履歴より登録","PDF参加履歴"
"THE IDOLM@STER SHINY COLORS Song for Prism QUEEN OF THE PIRATES / キラピコ.exe / Sleepless Nights / アイノウ発売記念イベント","第二回","都内某所（当選者のみ案内）","丸岡和佳奈","参加","","PDF参加履歴より登録","PDF参加履歴"
"THE IDOLM@STER SHINY COLORS Song for Prism QUEEN OF THE PIRATES / キラピコ.exe / Sleepless Nights / アイノウ発売記念イベント","第二回","都内某所（当選者のみ案内）","涼本あきほ","参加","","PDF参加履歴より登録","PDF参加履歴"
"THE IDOLM@STER SHINY COLORS Song for Prism QUEEN OF THE PIRATES / キラピコ.exe / Sleepless Nights / アイノウ発売記念イベント","第二回","都内某所（当選者のみ案内）","黒木ほの香","参加","","PDF参加履歴より登録","PDF参加履歴"
"THE IDOLM@STER SHINY COLORS Song for Prism QUEEN OF THE PIRATES / キラピコ.exe / Sleepless Nights / アイノウ発売記念イベント","第二回","都内某所（当選者のみ案内）","前川涼子","参加","","PDF参加履歴より登録","PDF参加履歴"
"THE IDOLM@STER SHINY COLORS Song for Prism QUEEN OF THE PIRATES / キラピコ.exe / Sleepless Nights / アイノウ発売記念イベント","第二回","都内某所（当選者のみ案内）","芝崎典子","参加","","PDF参加履歴より登録","PDF参加履歴"
"THE IDOLM@STER SHINY COLORS Song for Prism QUEEN OF THE PIRATES / キラピコ.exe / Sleepless Nights / アイノウ発売記念イベント","第二回","都内某所（当選者のみ案内）","川口莉奈","参加","","PDF参加履歴より登録","PDF参加履歴"
"THE IDOLM@STER SHINY COLORS Song for Prism QUEEN OF THE PIRATES / キラピコ.exe / Sleepless Nights / アイノウ発売記念イベント","第二回","都内某所（当選者のみ案内）","三川華月","参加","","PDF参加履歴より登録","PDF参加履歴"
"THE IDOLM@STER SHINY COLORS Song for Prism QUEEN OF THE PIRATES / キラピコ.exe / Sleepless Nights / アイノウ発売記念イベント","第二回","都内某所（当選者のみ案内）","小澤麗那","参加","","PDF参加履歴より登録","PDF参加履歴"
"THE IDOLM@STER SHINY COLORS 2nd season LIVE Over the prism Blu-ray アソビストア特装版ご予約特典イベント","開催","丸の内ピカデリー","峯田茉優","参加","","PDF参加履歴より登録","PDF参加履歴"
"THE IDOLM@STER SHINY COLORS 2nd season LIVE Over the prism Blu-ray アソビストア特装版ご予約特典イベント","開催","丸の内ピカデリー","田中有紀","参加","","PDF参加履歴より登録","PDF参加履歴"
"THE IDOLM@STER SHINY COLORS 2nd season LIVE Over the prism Blu-ray アソビストア特装版ご予約特典イベント","開催","丸の内ピカデリー","田嶌紗蘭","参加","","PDF参加履歴より登録","PDF参加履歴"
"THE IDOLM@STER SHINY COLORS Song for Prism カウントダウンラブ / KAWAII♡めたもる交響曲発売記念イベント","第一回","イイノホール＆カンファレンスセンター","白石晴香","欠席","","PDF参加履歴より登録","PDF参加履歴"
"THE IDOLM@STER SHINY COLORS Song for Prism カウントダウンラブ / KAWAII♡めたもる交響曲発売記念イベント","第一回","イイノホール＆カンファレンスセンター","前川涼子","参加","","PDF参加履歴より登録","PDF参加履歴"
"THE IDOLM@STER SHINY COLORS Song for Prism カウントダウンラブ / KAWAII♡めたもる交響曲発売記念イベント","第一回","イイノホール＆カンファレンスセンター","幸村恵理","参加","","PDF参加履歴より登録","PDF参加履歴"
"THE IDOLM@STER SHINY COLORS Song for Prism カウントダウンラブ / KAWAII♡めたもる交響曲発売記念イベント","第一回","イイノホール＆カンファレンスセンター","紫月杏朱彩","参加","","PDF参加履歴より登録","PDF参加履歴"
"THE IDOLM@STER SHINY COLORS Song for Prism カウントダウンラブ / KAWAII♡めたもる交響曲発売記念イベント","第一回","イイノホール＆カンファレンスセンター","三川華月","参加","","PDF参加履歴より登録","PDF参加履歴"
"THE IDOLM@STER SHINY COLORS Song for Prism カウントダウンラブ / KAWAII♡めたもる交響曲発売記念イベント","第二回","イイノホール＆カンファレンスセンター","白石晴香","欠席","","PDF参加履歴より登録","PDF参加履歴"
"THE IDOLM@STER SHINY COLORS Song for Prism カウントダウンラブ / KAWAII♡めたもる交響曲発売記念イベント","第二回","イイノホール＆カンファレンスセンター","前川涼子","参加","","PDF参加履歴より登録","PDF参加履歴"
"THE IDOLM@STER SHINY COLORS Song for Prism カウントダウンラブ / KAWAII♡めたもる交響曲発売記念イベント","第二回","イイノホール＆カンファレンスセンター","幸村恵理","参加","","PDF参加履歴より登録","PDF参加履歴"
"THE IDOLM@STER SHINY COLORS Song for Prism カウントダウンラブ / KAWAII♡めたもる交響曲発売記念イベント","第二回","イイノホール＆カンファレンスセンター","紫月杏朱彩","参加","","PDF参加履歴より登録","PDF参加履歴"
"THE IDOLM@STER SHINY COLORS Song for Prism カウントダウンラブ / KAWAII♡めたもる交響曲発売記念イベント","第二回","イイノホール＆カンファレンスセンター","三川華月","参加","","PDF参加履歴より登録","PDF参加履歴"
