0,楽曲名,アルバム,リリース日,歌唱者,歌詞,,,,,,,,,,,,,,,,,,,,,26,27,28,29,30,31,32,33,34,35,36,37,38,39,40,41,42,43,44,45,46,47,48,49,列 14
1,Spread the Wings!! ,BRILLI@NT WING 01 ,2018/05/07,シャイニーカラーズ,Spread the Wings 行こう 今、はじまる奇跡翼を広げて (君とどこまでも) あの空の彼方(Start Up) 新しい夢にあつまった (You & Me YES!!)やわらかい羽をぎゅっとつないで(Look Up) 誰も見たことない翼わたし達の空に広げようどんな憧れも全部かなえる そんな未来信じてみない？強く願えたら (それはもう) 本物だよ！Spread the Wings 行こう 今、羽ばたく時間ずっとみんな 待っていたよねSpread the Wings これは もう最初の奇跡 (見つけた) 手を伸ばせば (Power) うまれてくる勇気をさあ 味方にして翼を広げて (君とどこまでも) あの空の彼方(Grow Up) 不安はみんな同じだね （Don’t worry YES!!）だけどワクワクちゃんとしてるの(Jump Up) うまくできない自分ごと好きになれるステージきっとあるいっぱい夢見たぶん、うんと遠くまで イメージする…リアルになる今はそれだけで (じゅうぶん) 強くなれる！（上昇気流にRide!!）Spread the Wings 行こう まだ知らない世界夢が夢で 終わらない場所Spread the Wings いつか 最高の笑顔で(一緒に) たどりつける (Future) キラメキへと可能性で 羽ばたくんだYeah!!さあ、ここから 前だけ見て進むよ瞳に両手に Dream (Dream) 輝かせようSpread the Wings 行こう 今、羽ばたく時間ずっとみんな 待っていたよねSpread the Wings これは もう最初の奇跡(見つけた) 手を伸ばして (Power) 受け取ったの君と目指す （Future） キラめく世界[全員] 可能性で 羽ばたくんだ翼を広げて（君とどこまでも）あの空の彼方（夢を追いかけて）翼を広げて（君とどこまでも）あの空の彼方,,,,,,,,,,,,,,,,,,,,,,,,,,,,,,,,,,,,,,,,,,,,,
2,Multicolored Sky ,BRILLI@NT WING 01 ,2018/05/07,シャイニーカラーズ,楽しかった時間ほど気がついたら終わってしまうねなんだかさみしくなって 空を見たんだおんなじ瞬間なんてね (Precious Time)二度とないよ だからこんなにも光っているんだ (We're finding right now！)私らしいってことを大切と言ってくれたから (It's My Color)瞳に映したいの傍で叶えたい夢あの空は抱きしめているよ (Every Color)色とりどりの光たちが待っている心をいつもまた明日 違う輝きが (Shiny Hour)胸に灯って綺麗な色に染まる今日の続き 知ってみたい (Tomorrow's Sky)近くにいるんだってこと意識したらシャイになるからねほんの少し視線落とし 君を見たんだ一緒の時間に出逢えた (Precious Time)想いだって留めていたいから歌っているんだ (We're singing right now！)光を解いたらパレットに変わってくでしょ？ (Gradation)自由に色を探そう それが見つけたい未来あの空は抱きしめているよ (Every Color)色とりどりの可能性になっていく心をずっとまた明日 きっと輝きに (Shiny Hour)めぐりあえるよ 希望と笑顔はいつも寄り添うように always two by side想い出がね 眺めている風景も私たちの一瞬も染めるの オレンジへあの空は抱きしめているよ (Every Color)色とりどりの光たちが待っている心をいつもまた明日 そんな約束が (Shiny Hour)夢を叶えて未来の色になるよ今日の続き 君と見たい (Tomorrow's Sky)探しにいこうよ 色んな光をLa la la La la la laLa la la La la la la laLa la la La la la laLa la la La la la la la,,,,,,,,,,,,,,,,,,,,,,,,,,,,,,,,,,,,,,,,,,,,,
3,ヒカリのdestination,BRILLI@NT WING 02,2018/07/04,イルミネーションスターズ,ヒカリの destination微かなキラメキだった始まりだって (始まりだって)気付かないまま 追いかけてた雨上がり 青い空何かが起こりそうなステキな予感がするでしょ ねえキミもワクワクする方へと 勝手に動きだすよ言うこと聞いてくれないハート瞳の奥に眠るホントの気持ちはやるココロ 焦らさないで輝きのたもとへ 走り出そうよヒカリの destinationそのしっぽを捕まえたい見失わないで (見失わないで)夢がある限り瞳の illumination輝く無限の可能性私たちの キ・セ・キ繋がってく (繋がってく) ヒカリの束 その先へいつからだったのかな憧れてたその場所叶えて たどり着きたいその未来カラフルな波揺れて 涙が溢れそうでココロがずっと震えているよ思い描いてた景色広がり続けキミと私 繋ぐ想い昨日は 今日この日のためだったねヒカリの destination虹になって空を駆ける追いかけてくよ (追いかけてくよ)明日がある限り瞳の illuminationあの日の誓い 忘れない私たちの ネ・ガ・イいま空へと (いま空へと) 響き渡れ いつまでも一度触れてしまった時に二度と忘れられない 夢になったの感覚がしっかりと覚えてるすべてを すべてを 照らすヒカリヒカリの destinationそのしっぽを捕まえたい見失わないで (見失わないで)夢がある限り瞳の illumination輝く無限の可能性私たちの キ・セ・キ繋がってく (繋がってく) ヒカリの束 その先へあの空へと (あの空へと) 響き渡れ いつまでも,,,,,,,,,,,,,,,,,,,,,,,,,,,,,,,,,,,,,,,,,,,,,
4,虹になれ,BRILLI@NT WING 02,2018/07/04,イルミネーションスターズ,走り出すよ キミの未来が今翼を手に入れたからきらめく虹になれガンバルキミのことずっと見てた 見守ってたよ私も負けないと ぎゅっと誓った息を切らしたから (たどり着いた先)見える景色がある (見上げたら)強い気持ち 厚い雲を 切り開いて風に乗って どこまでも行けるよ行き止まりも 飛び越えよう光を身にまといたどり着ける 約束の未来へ目的地は幻じゃないあの日見つめた夢にこの手が 届きそうかっこよくできなくてくやしい気持ち 胸に広がるホントに このままでいいのかなってカーテン締め切った (キミのメッセージ)部屋の隅の涙 (届いたの)閉じこもっちゃ story は始まらないドアを開けて セカイに飛び込もう希望がノックしている一人じゃないんだよ未完成の地図を そっと開き手探りでもいい 進もう光の余韻 空に残して虹になれ大きな声で さあ響かせようよ願い (願い) 祈り (祈り) あの大空へ届くように風に乗って どこまでも行けるよ行き止まりも 飛び越えよう光を身にまといたどり着ける 約束の未来へ目的地は幻じゃないあの日見つめた夢にこの手が 届きそう,,,,,,,,,,,,,,,,,,,,,,,,,,,,,,,,,,,,,,,,,,,,,
5,バベルシティ・グレイス ,BRILLI@NT WING 03,2018/08/01,アンティーカ,"ソラは遠くて 居るのはただ 虚ろな太陽淀んだ空気の中で言葉が ココロが 隔てられて 霞んで見えない双眼鏡を覗いてもでも1つだけ 残されてるボクらを繋ぐモノ蒸気を見せる 時を待ってるさあ始めようか錆び付いた運命の鍵を回して!Ignite our song!急げ灯すんだ ""ウタ"" という世界を変えてく flame孤独に冷えたハート 永久機関に出来るのさ いつだってBelieve our song!キミとボクを結ぶライン伝って奔るよ phrase希望 聴こえる?バベルシティ・グレイス響いてくどこまでも独りぼっちじゃ ネガイだって瓦礫になってく行き先が分からずに小さな焔は 寂しさ抱き呼吸していたよ旅立つ日ユメ見ながらそうそして「今日」時が来たよボクらが出会う時震えている 胸のコアはもう稼働中だよ恐れずに未来の航海図広げて!Resonance our song!ここで鳴り響く ""オト"" には宿るよ無限の brave曇った視界の向こう 一直線に突き抜けてゆくようにArise our song!諦めで塗りつぶされた時代を変えるよ blaze今 奏でるNew frontier bless幕開けの声となれ熱を持って爆ぜるメロディさあ始めようか錆び付いた運命の鍵を回して!Ignite our song!急げ灯すんだ ""ウタ"" という世界を変えてく flame孤独に冷えたハート 永久機関にしてゆくよ ""アンティーカ""Believe our song!キミとボクを結ぶライン伝って奔るよ phrase希望 聴こえる?バベルシティ・グレイス響いてく彼方へと",,,,,,,,,,,,,,,,,,,,,,,,,,,,,,,,,,,,,,,,,,,,,
6,幻惑SILHOUETTE,BRILLI@NT WING 03,2018/08/01,アンティーカ,"(Ah-ah-ah-ah-ah-ah-ah, ah-ah-ah-ah-ah-ah-ah)(Ah-ah-ah-ah-ah-ah-ah, ah-ah-ah-ah-ah-ah-ah)(Ah-ah-ah-ah-ah-ah-ah, ah-ah-ah-ah-ah-ah-ah)Ah-ah-ah-ah-ah-ah-ah, ah-ah-ah-ah-ah-ah-ahAh-ah-ah-ah-ah-ah-ah, ah-ah-ah-ah-ah-ah-ahAh-ah-ah-ah-ah-ah-ah, ah-ah-ah-ah-ah-ah-ahまるで意思の無い 機械仕掛けの doll無口な瞳で 日々をルーティン立ちふさぐ闇が もしも影絵でも気づかぬハートは言うだろう it's a my fate(No! Realize realize realize real live!) 壊せ bias!揺らめく絶望の本当の姿を見抜いてキミにはまだ知らない新たなウタ 巡る 世界がある幻惑の silhouette 超えて(Ah-ah-ah-ah-ah-ah-ah, ah-ah-ah-ah-ah-ah-ah)(Ah-ah-ah-ah-ah-ah-ah, ah-ah-ah-ah-ah-ah-ah)(Ah-ah-ah-ah-ah-ah-ah, ah-ah-ah-ah-ah-ah-ah)暗い洞窟の 囚われ prisoner壁に映るのは 酷いナイトメア窮屈な部屋に 不意に届くオトそれは旅してる旋律 flame grace(Yes! Realize realize realize real live!) 穿て your heart!響いたオンガクに誘われ扉を開けばキミはもう分かるはず今まで 見えなかった 世界のこと黎明の symphony 流れ眩しくて鮮やか過ぎるかい?自由は痛くて苦しい でも(Yes! Realize realize realize real live!) 望め your heart!揺らめく絶望の本当の姿を見抜けばもうすぐ着くだろう新たなウタ 紡ぐ イデアの声Allegory of the caveさあ 希望を迎えに行こう幻惑の silhouette 消して!(Ah-ah-ah-ah-ah-ah-ah, ah-ah-ah-ah-ah-ah-ah)(Ah-ah-ah-ah-ah-ah-ah, ah-ah-ah-ah-ah-ah-ah)(Ah-ah-ah-ah-ah-ah-ah, ah-ah-ah-ah-ah-ah-ah)Ah-ah-ah-ah-ah-ah-ah, ah-ah-ah-ah-ah-ah-ahAh-ah-ah-ah-ah-ah-ah, ah-ah-ah-ah-ah-ah-ahAh-ah-ah-ah-ah-ah-ah, ah-ah-ah-ah-ah-ah-ah",,,,,,,,,,,,,,,,,,,,,,,,,,,,,,,,,,,,,,,,,,,,,
7,夢咲きAfter school,BRILLI@NT WING 04,2018/09/05,放課後クライマックスガールズ,(Everybody let's go!)Viva after school yeah yeah (hi hi hi チーズ!)Viva after school yeah yeah (hi hi hi ピース!)ねえねえ ちょっと話聞いていい事あったんでしょう?机かこんで 語りましょう放課後 ho 放課後 (go go)自撮りの角度 キマらない結局 画面いっぱい笑顔Ok! Let's go!このままで進もう (ピース!)いっせーのせで (多分カンペキ!)ローファーで (行くよ みんな!)靴ズレもしそうだけど未来へ全力で駆けて行く (No.1!)世界 最上 最愛 掴みたい咲こうとしたその日が花盛り手を取り合い 空 指さして夢は 絶対 一切 離さないシアワセも強さも手に入れてギンガも救う私たち climax (さいこうちょう)(Yeah!)Viva after school yeah yeah (hi hi hi チーズ!)Viva after school yeah yeah (hi hi hi ピース!)ねえねえ テスト 何点だった?いい点 取ったんでしょ?勉強会で スイーツたべよう放課後 ho 放課後 (go go)解答欄が広くても等身大のコタエはただ一つWe are alright!自信持って行こう (ファイトー!)制服って (なんか不思議)愛らしくて (たまにキュークツ)自由だけど 自由じゃない今だけのワクワク探してた (No.1!)だから全開 前進 目指したい希望ばっかり膨らむ今が好き声そろえて 海に叫んで地平線上 いっそう 煌めいて太陽にも 月にも スターにもなれる気がする私たち climax (さいこうちょう)(Yeah!)いつだって (C.L.I.M.A.X)ハリキってときめいて 踏み出して間違って 向き合って (hi hi hi hi hi)みんなで 輝いて (hi hi hi ピース!)世界 最上 最愛 掴みたい咲こうとしたその日が花盛り手を取り合い 空 指さして夢は 絶対 一切 離さないシアワセも強さも手に入れてギンガも救う私たち climax (さいこうちょう)(Yeah!)Viva after school yeah yeah (hi hi hi チーズ!)Viva after school yeah yeah (hi hi hi ピース!)Viva after school yeah yeah (hi hi hi チーズ!)Viva after school yeah yeah (hi hi hi ピース!),,,,,,,,,,,,,,,,,,,,,,,,,,,,,,,,,,,,,,,,,,,,,
8,太陽キッス,BRILLI@NT WING 04,2018/09/05,放課後クライマックスガールズ,教室に吹いた とびきりの南風が 教科書閉じたから出かけよう 走り出そう前のめりで fly fly fly (high) 止まらないハート形の雲 追いかけよう (追いかけよう)こんな晴れた日は 篭れないよ (篭れないよ)美白美肌は 言い訳でしょ (言い訳でしょ)旅行の計画はほっといて すぐに 行けるトコへ go (go)Wake up あくびエンドレスじゃ no (no no)Make up トラブルもスイッチして chance (chance chance)午前だけの授業 午後からは自由スキップしたい 解放感に委ねてウズウズからウズに飛び込め空から 太陽キッス ラブコールでしょFree fly free だから始めよう振り (free) まいてこう (go) 天下無双の笑顔世界は shiny blue 空に散らばるLovely blue 今日のきらめきを そう (so) 探そう (so)欲張りどきで 全部集めたくてダウンタウンでマイフレンド大募集 (boom boom)ブレザーで大草原大走行 (boom boom)海岸で大胆にダイビング (boom boom)全身で輝く (yeah yeah yeah)ココナッツ香る ボディミスト (ボディミスト)リゾート気分を 無理矢理妄想 (無理矢理妄想)「って 旅行の計画もいいけど 今日は晴れてるねえやっぱ放課後は でかけましょう!」うかうか 体感時間 過ぎる前に 目的地へ dash (dash)Seaside スピーディな快速で行こう (go go)Sea breeze 浴びて青春しよう (yo yo)ブラウスの背中が 膨らみきるような速さで どこまで行けるかなワクワクしてワクを飛び出そう空咲く rainbow way 今だけだけどClean don't clean まぶたに溢れるくらい (cry)フルカラー (love) 思い出と同じね明日も we are we だからこそもっとWe are free 予想がつかないね そう (so) 信じよう (yo)どんなミラクルも みんなで起こしてく全員で存分にハイテンション (boom boom)期待と興奮のローテーション (boom boom)最強に最大の愛情で (boom boom)全部シェアしたい (yeah yeah yeah)教室に吹いた とびきりの南風が free (free) free (free)出かけようって 誘うから fly fly fly空から 太陽キッス ラブコールでしょFree fly free だから始めよう振り (free) まいてこう (go) 天下無双の笑顔世界は shiny blue 空に散らばるLovely blue 今日のきらめきを そう (so) 探そう (so)欲張りどころでしょ空咲く rainbow way 今だけだけどClean don't clean まぶたに溢れるくらい (cry)フルカラー (love) 思い出と同じね明日も we are we だからこそもっとWe are free 予想がつかないね そう (so) 信じよう (yo)どんなミラクルも みんなで起こしてく全員で存分にハイテンション (boom boom)期待と興奮のローテーション (boom boom)最強に最大の愛情で (boom boom)全部シェアしたい (yeah yeah yeah),,,,,,,,,,,,,,,,,,,,,,,,,,,,,,,,,,,,,,,,,,,,,
9,アルストロメリア,BRILLI@NT WING 05,2018/10/03,アルストロメリア,気絶しそう しどろもどろ花ざかりタレイアまともなあたまが繋がらない アダージョみたい凛々しくいよう 強くなろう天と地がディストーション夢をみることも忘れてしまうのかなふくらむ蕾が傷だらけでも優しくそっと手をとってくれますかチュ チュ チュ 幸福論 誕生アイデンティティー見つけたアルストロメリアの花咲いた 咲いた silent love過去も未来も諸事情もキミ色にぜんぶ染まりたい一途なわたし フィロソフィ咲いた 咲いた silent loveニヒリズムも ペシミズムも退屈がテンプレまっ赤なりんごは落ちてこない 木の上のままもしも いつか やがて きっと初めからエンドロール照れかくしなんてあまのじゃくすぎるかなねじれたバルブが不完全でもかまわずずっとそばにいてくれますかギュ ギュ ギュ 悲劇的 最高ジャッジメントがくだらないアルストロメリアの葉はまわる まわる cipherサチュレーションあげてよバイオリズム 果てまでもっとドキドキしようチュ チュ チュ 幸福論 誕生アイデンティティー見つけたアルストロメリアの花咲いた 咲いた silent loveギュ ギュ ギュ 悲劇的 最高ジャッジメントがくだらないアルストロメリアの葉はまわる まわる cipherYes No 好きでも嫌いでもキミにならぜんぶ捧げたい重なるしぐさ シンパシー咲いた 咲いた silent love愛が 咲いた silent love,,,,,,,,,,,,,,,,,,,,,,,,,,,,,,,,,,,,,,,,,,,,,
10,ハピリリ,BRILLI@NT WING 05,2018/10/03,アルストロメリア,ハピリリ 走ってく胸の痛みはハピリリ しみるスパイスのようだいじなことが変わる気がする恋を知ってキミの視線追いかけ わざと前をとおるわたしだけが見つける 笑ったあと えくぼホリックキミの好み探して わりと甘いメイクわたしだけがひらめく ハートギミック上手にちょっとぶつかってどさくさぶってふれあって両手をぎゅっと握れば 急接近じゃんぐずってたってダメだっていー感じって今日も背伸びでスマイルラブダビ ふくらんだ胸のなかにはラブダビ 甘くキミが漂う小さなことも違う気がする恋をしているのかなどきどきテンション アーティキュレーションときめきノート 始まるわたしはきっとキミが大好きだよキミが仲良くしてる 女の子はだあれ？わたしだけじゃないなら ノットロマンス友達だってわり切ってどこまでだってバカやって切なくたって幸せ そのほうがいいビミョーなこの気持ちを上手にかわすにはどうすればいいのハピリリ 走ってく胸の痛みはハピリリ しみるスパイスのようだいじなことが変わる気がする恋を知ってゆくのかな会いたいけど会いたくないの聞きたいけど聞きたくないの知りたいけど知りたくないの言いたいけど言いたくないの見つめあって大人になる？！それならまだ早いからラブダビ ふくらんだ胸のなかにはラブダビ 甘くキミが漂う小さなことも違う気がする恋をしてハピリリ 走ってく胸の痛みはハピリリ しみるスパイスのようだいじなことが変わる気がする恋を知ってゆくのかなどきどきテンション アーティキュレーションときめきノート 始まるわたしはきっとキミが 大好きだよ,,,,,,,,,,,,,,,,,,,,,,,,,,,,,,,,,,,,,,,,,,,,,
11,SNOW FLAKES MEMORIES,SE@SONAL WINTER,2018/12/19,シャイニーカラーズ,白い息を弾ませて 微笑む人並み混ざってワクワクする 気持ち抱えて冬のペイブメント歩いていこう！La La La TWINKLE SNOW FLAKES！La La La TWINKLE SNOW FLAKES！Pa! Pa! Pa! Pa! Pa! Pa! Pa!Pa! Pa! Pa! Pa! Pa! Yeah!遊歩道に沿った街路樹に光る花が咲いて（Pa! Pa! Pa! Party! C’mon Winter Home Party!）いつもと変わんない景色もスペシャルに飾ってく（Pa! Pa! Pa! Party! C’mon Winter Home Party!）冷たい風って （season's greetings）集まる合図 （Invitation）寄り添いたくなっちゃうもんねかじかむ手と手繋いで ようこそここへパーティーを始めよう！（イッパイ遊ぼう！）降り始めたんだ 今年も白い雪がねぇ！窓の外 世界が白くなった思い出って こんな風に積もった1秒のきらめきなんだね ！(Yeah!)SNOW FLAKES キラキラ光っているんだ一瞬だってとっても綺麗だよって溶けちゃっても 心にのこって…いつまでも ずっと 輝くんだね（That’s like our friendship!）そう、いつまでも！持ち寄ったディナーは個性的すぎるデリシャス・レインボウ！（Pa! Pa! Pa! Party! C’mon Winter Home Party!）ボードゲーム！トランプ！目と目で見つめあって真剣PLAY！（Pa! Pa! Pa! Party! C’mon Winter Home Party!）この瞬間にしか（Expressive!）見られないような（Only right now!）ステキな表情みつけた！はにかむSmileに逢っていつか胸の奥あったまってた（ポッカポカHEART！）SNOW FLAKES みたいに光っているんだ一瞬一瞬がまばゆい時間だねってみんなといると 心から思う…いつまでも ずっと 輝くんだよ（Yes! Our shiny friendship!）いろんな色で 描いていこうね今しかできないよな（Youthful days）オシャレをするみたいに（Coordinate）重ねてみよう！(My mind and your mind)私たちの気持ちも(Pa! Pa! Pa! Party!)掌の上 舞降りた白い雪スッと染み込んでいくみたいにみえた思い出って こんな風に胸に…染み込んで心になるんだねSNOW FLAKES キラキラ光っているんだ一瞬だってとっても綺麗だよって今日という日も きっと明日も…いつまでも ずっと 輝くんだよ（That’s like snow flakes! That’s like our friendship! Yes! Our shiny friendship!）ずっと、一緒ね！La La La… Pa! Pa! Pa!…,,,,,,,,,,,,,,,,,,,,,,,,,,,,,,,,,,,,,,,,,,,,,
12,Let's get a chance ,SE@SONAL WINTER,2018/12/19,シャイニーカラーズ,Let’s get a chance 次の奇跡 探しに行こうよ今日よりもっと輝けるWow wow wow yeah yeah ......届きそうで 手を伸ばした 光り輝くあの場所へ嬉しいことも 悲しいことも 分け合いながら夢を見たい空の（先へ）虹に（乗って）1番乗りflyaway（go!）海も（山も）太陽も(月も) 飛び越しちゃえLet’s get a chance 次の奇跡 探しに行こうよ今日よりもっと輝けるLet’s get a chance 君も一緒に遊びに行こう明日はもっと輝ける胸のドキドキ連れて行くよその次のワクワクへと君と今 羽ばたこうWow wow wow yeah yeah ......無我夢中で 走り続け 気が付けば ここまで来た抱き合ったり ぶつかったり この先もずっと 続く道星が（流れ）願い（込めて）大声でsing a song（yeah!）息を（合わせ）声を（重ね）響かせちゃおうLet’s get a chance キラめく未来 すぐ側にあるよ笑顔がきっと溢れてるLet’s get a chance 涙流す時もあるけれど君がいれば頑張れるLet’s get a chance 次の奇跡 探しに行こうよ今日よりもっと輝けるLet’s get a chance 君も一緒に遊びに行こう明日はもっと輝ける胸のドキドキ連れて行くよその次のワクワクへと君と今 羽ばたこう夢の先 見に行こうWow wow wow yeah yeah ......Wow wow wow yeah yeah ......,,,,,,,,,,,,,,,,,,,,,,,,,,,,,,,,,,,,,,,,,,,,,
13,Ambitious Eve,FR@GMENT WING 01,2019/04/10,シャイニーカラーズ,どこまで行けるの 眺めてた 空に飛び込んだあの日から高鳴ってる（ざわめいてる）心の光は 消えてないほら消えない俯いてたら（寄り添ってるよ）声と思いが（隣にいるよ）せいいっぱい ぐっと羽ばたけ 夢まで！ときめきのまま（わたしのまま）叶えてみようイメージのなか（未来のなか）急ごう 君とこの翼で（次の空へ）少しずつ近づいてきた（そうでしょ？）だから言えるよ（そうだよ！）今 Ambitious Eve だって！だれに届くんだろう らしくなく 重力にハートが泣きそうでも飛びたいよ（負けないよ）歌う一瞬に 永遠がほらひそんでる言葉以上に（そばにいたいよ）ダイスキだから（抱きしめたいよ）伝わっちゃう瞳が言うよ 大丈夫！さあ、遠くまで！見渡してみよう（感じてみよう）いろんな景色みんなの気持ち（それはエナジー）作った今日がまた出会いに（色とりどり）つながるの答え見つけた（そうでしょ？）だから進むよ（そうだよ！）アイコトバ「輝け！」自分のことも（君のこともね）分かりかけたら（空色のように）どんどん新しさに向かうよ…そう、夢まで！ときめきのまま（わたしのまま）叶えてみようイメージのなか（未来のなか）急ごう 君とこの翼で（次の空へ）少しずつ近づいてゆく（そうでしょ？）だから言えるよ（そうだよ！）今まさに（ドキドキの）Ambitious Eve なんだ！！,,,,,,,,,,,,,,,,,,,,,,,,,,,,,,,,,,,,,,,,,,,,,
14,いつか Shiny Days,FR@GMENT WING 01,2019/04/10,シャイニーカラーズ,追いかけても追いかけても簡単には届かなくて叶えたくて叶えたくてこの手を伸ばしつづけてる何度も立ち止まったり遠回りもしたけれどわたしなりの一歩一歩少し形になったのかないつか shiny daysこの胸のときめきは大きな大きな空をかけるまっすぐに育ててゆくから今は小さくても溢れる かけがえない時間をそっとひとつひとつ重ねて揺るがない決意を抱きながらまた歩いてゆこういくつもの季節のなかであなたと気持ちが近づく思い出の数が増えると流す涙も増えるんだね変わらないその笑顔で背中押してくれるから前を向いていたい もっと高く羽ばたいてみたいんだいつか shiny daysこの夢は輝いて大きな大きな蕾になるまっすぐに咲き誇る その日もいっしょだよね きっとくじけそうになったり逃げたくなったりするけどあきらめたりしない 決して喜びにふれるたび大好きなんだって思えるここへ戻ってくるいつか shiny daysこの胸のときめきは大きな大きな空をかけるまっすぐに育ててゆくから今は小さくても溢れる かけがえない時間をそっとひとつひとつ重ねて揺るがない決意を抱きながらまた歩いてゆこう信じた未来へと,,,,,,,,,,,,,,,,,,,,,,,,,,,,,,,,,,,,,,,,,,,,,
15,We can go now!,FR@GMENT WING 02,2019/05/08,イルミネーションスターズ,We can go now! We can go now!ひとりじゃないよねWe can go now! We can go now!とびっきり笑顔でいこう上がってくよ グッとスピードゴール切って会えたスタートライン starshine箱の中に押し込めたまま熱されてるポテンシャル膨らんで弾けそう...！HEY HEY! It's like like Popcorn!HEY HEY! Just like like Pop up!HEY HEY! It's like like Popcorn!HEY HEY! Are you ready go?せーの！きらり きらり きらり光る 眩しいよもっと前へ！OK!助走をつけてせーの！ひらく ひらく ひらく扉 目の前で君の未来を 照らし出すからイルミネーションWe can go now! We can go now!ひとりじゃないよねWe can go now! We can go now!とびっきり笑顔でいこう何をしても上手くいかないそんな時もあるね泣かないで めげないで溜まりきったラッキーたちが押し寄せて 君へと今にも弾けそう...！HEY HEY! It's like like Popcorn!HEY HEY! Just like like Pop up!HEY HEY! It's like like Popcorn!HEY HEY! Are you ready go?せーの！きらり きらり きらり光る 眩しいよもっと前へ！OK!大丈夫だよせーの！願う 願う 願う叶う 叶えてくだから一緒に この青空を駆け回ろうイ・ル・ミ・ネEverybody let's go!イ・ル・ミ・ネEverybody let's go!せーの！きらり きらり きらり光る 眩しいよもっと前へ！OK!助走をつけてせーの！ひらく ひらく ひらく扉 目の前で君の未来を 照らし出すからせーの！願う 願う 願う叶う 叶えてくだから一緒に この青空を駆け回ろうWe can go now! We can go now!ひとりじゃないよねWe can go now! We can go now!とびっきり笑顔でいこう,,,,,,,,,,,,,,,,,,,,,,,,,,,,,,,,,,,,,,,,,,,,,
16,トライアングル,FR@GMENT WING 02,2019/05/08,イルミネーションスターズ,明日のお天気も晴れだね白い小鳥が歌っているみたいみんなに会えるふわふわ ドキドキ 楽しみ待ち合わせは何時だった?スケジュールを何度も見返してる気付けば胸があったかくなってく違う色を持ってるからいろんな風景 作れちゃう行ったことないとこまでみんなが一緒なら行けるねキミの好きなこと したいことまるごと知りたいよ 教えてね点と点と点が繋がって星座がまたたくの一人では広すぎて心が泣きそうなステージでもまぶた開けばほら眩しさの中に浮かぶ姿描こう トライアングルたまに会えないときはもう寂しくてたまらなくなっちゃうよいつも一緒なことが当たり前になってる深夜に飛び交うメッセージくだらないことで笑える昨日より今日 明日と 増えてく秘密の合言葉キミの笑うとこ 寝てるとこまるごと知りたいよ 教えてねもっと遠く遠く 3人なら行ける気がするの悲しさも くやしさも涙も 指きりもチカラにしてそっと両手伸ばす 私の大切に触れたくて繋がって トライアングル何があっても一緒だよ一人でそんな抱えないでキミだけが持っている輝きを知ってるWow同じ時間過ごすたびにかけがえなさが増えていく私たちだけにしか作れないヒカリをキミの好きなこと したいことまるごと知りたいよ 教えてね点と点と点が繋がって星座がまたたくの一人では広すぎて心が泣きそうなステージでもまぶた開けばほら眩しさの中に浮かぶ姿私たち トライアングル,,,,,,,,,,,,,,,,,,,,,,,,,,,,,,,,,,,,,,,,,,,,,
17,NEO THEORY FANTASY,FR@GMENT WING 03,2019/06/12,アンティーカ,風を切れたら無敵な気がしたから(Starting) 踏み出せたよ一歩を超えてまた一歩勇気とケーキ ・ブリキのバスケットを (Carry On) 揺らしながら迷い込んだ霧のなかああ、甘い言葉潜んでいる牙を隠す誰かが仮面を被って過ちの方へ導いた... 気づかないで(進んでゆく) 騙されても (惹かれてゆく)決めたトビラへ星のせせらぎを飛び越え NEO THEORY FANTASY 蘇る古きウタ 道標にキミが大好きな紫の蝶を見つけにいこう頷く瞳(め)と約束して―― 進むよ鬱蒼と広がる廃墟はまるで Lost Forest (Wandering) 磁気嵐に似た不安が押し寄せて弱気同士が擦れ違うから Pain and Pain (Scramble) 枯れて朽ちた樹より深く項垂れたああ、弱ったココロ取り繕い夢を見せる勇者の仮面を被ってそれでも止まらず目指してた... 理由はみんな(消さなかった) 信じるから(希望あった) 辿り着けると...!そして運命は転がる FALL A PRAY TO BLACK HOLE 立ち塞ぐ残酷が口を開けたきっと大丈夫 ハートに同じ旋律あれば怖くないよ絶望のなかに―― 呑まれようああ、闇の底に閉じ込められやっとボクら出会えた光に触れたよ 「もう十分だよね」 「本当に?」 出来るはずさ (挑戦しなきゃ) ストーリーテラー (覚醒して) 物語(ミライ)を変えろ!今突き破れば世界はNEO THEORY FANTASY 救いよりボクららしい真のエンド予定調和は無い在ったのは揃いの気持ちだけ見渡せば、紫の蝶が舞ってた,,,,,,,,,,,,,,,,,,,,,,,,,,,,,,,,,,,,,,,,,,,,,
18,ラビリンス・レジスタンス,FR@GMENT WING 03,2019/06/12,アンティーカ,僕は何度だって声をあげながら行くんだ ラビリンス・レジスタンスまた昇って闇を打ち消すあのタイヨウのようにうつむけば薄汚れた クツが目に入るけれども無様だと 捉えるのか 抗いと 感じるのかああ！まだ見えなくても (きっと)たどり着く (ものがある)雫をひとつ落として顔上げた何度だって声をあげながら行くんだ ラビリンス・レジスタンス刺さった心臓つらぬく矢を自分で抜きながら不安定 何もかもが 行動原理定まらず目標も座標もまだ 曖昧で分からなくてああ！でも負けたくなくて (ココロ)寂しくて (まぶしくて)求めてやまない衝動が走る躊躇って佇んでしまえば未来は ブラインド・リペンタンス伸ばさず下ろした手のなかに何が残るのだろう？一人滑稽なピエロさ誰かがささやく それでも僕は望んだ僕でいたい取り囲む (何重の) 鏡の自分に突きつけたそうさ何度だって声をあげながら行くんだ ラビリンス・レジスタンス刺さった心臓つらぬく矢を自分で抜きながらきっと抗って彷徨っているだろう君と同じでいたいよまた昇って闇を打ち消すあのタイヨウのように,,,,,,,,,,,,,,,,,,,,,,,,,,,,,,,,,,,,,,,,,,,,,
19,ビーチブレイバー,FR@GMENT WING 04,2019/07/10,放課後クライマックスガールズ,"Ladies, ready? go!(We wanna be shiny ladies)深くかぶった麦わら取ったら海が光って いっせいに上着脱ぐ(さあ さあ 本気モード 超 超 本気モード)(さあ さあ 本気モード 超 超 本気モード)大人ぶるって 大人しくじゃなく水着になって モデル立ちをキメるさあ 巻き起こせ翼は透明 青空が先生(起立 礼 号令 全宇宙が晴天)神さま注目 飛び立つ方法態度で見せるからさあ進め beach bravers太陽の 誘惑 まっすぐ浴びてBrand new styleなりたいのは人魚でパイレーツDon't be shyパーカーのジッパー壊れた今日にサナギを捨てようBeach bravers波をシャンデリアっぽく飛ばしBrand new style虹が咲いたら世界はランウェイDon't be shy一生で何度かありそうな一歩踏み出しながらさあ さあ さあ 煌めきますか(Hi, hi, hi, woo hi hi)(Hi, hi, hi, woo hi hi)髪 かきあげ 西日をライトに物憂げそうな 写真をペアで撮る(さあ さあ 本気モード 超 超 本気モード)(さあ さあ 本気モード 超 超 本気モード)イケてるショット 競っていたのにラムネの瓶で ビーチフラッグしてるさあ 全力で遊泳禁止ゾーン 行けない葛藤(UV 遊泳 大人は cut)神さまからの 宿題はきっと'自分らしく進め'止まらない blue bravers真っ赤な夕陽にみんなで歌いShiny sky嬉しくっても泣けるよ 何で?Step by step光る貝殻こっそりしまい明日に向かってさあ さあ さあ 旅立ちますか(Hi, hi, hi, woo hi hi)(Hi, hi, hi, woo hi hi)さあ進め beach bravers太陽の 誘惑 まっすぐ浴びてBrand new styleなりたいのは人魚でパイレーツDon't be shyパーカーのジッパー壊れた今日にサナギを捨てようBeach bravers波をシャンデリアっぽく飛ばしBrand new style虹が咲いたら世界はランウェイDon't be shy一生で何度かありそうな一歩踏み出しながらさあ さあ さあ 煌めきますか(Hi, hi, hi, woo hi hi)(Hi, hi, hi, woo hi hi)",,,,,,,,,,,,,,,,,,,,,,,,,,,,,,,,,,,,,,,,,,,,,
20,よりみちサンセット,FR@GMENT WING 04,2019/07/10,放課後クライマックスガールズ,"(Hey here we go now 行くよ three, two, one, hoo!)夕焼け眺めながら 当たり付きのアイスねえ ひとくち交換帰り道は スローペースまったり ok ハミングしよう公園で相談 ちょっとっと 二人乗りすべり台ブランコゆらり そっと止まり将来なんかも たまに語り待ち合わせた景色 裏返り 分かれ道まだ早いよね (まだまだ) リンクしてる何だか ねえ 帰りたくない少し遠回りさせてよ sunset (sunset)いつも またねって 手を振って (hey)見守ってもらってばかりで出会えてよかった気持ちはどこまで届いてるの?あの時計 ズレてるんだよって (sunset)明日まで ずっと歩こうか (hoo)思い出し笑いばっかで繋がってると感じるよ伝えたいこと増やしとこう see you寄り道の基本は興味本位消去法で手の鳴る方に 本音 本気 ホッとする魔法さあ 今日だって ワンダフルちょっとの負けず嫌いもジョーダンで元気ぶるクセも照らされちゃうの どうして?でも すがすがしい風 (fooh)分かれ道の後も 微笑みが残ってるちゃんとできてるよね (まだまだ) 張り切れる何だか 歌い出したいから騒ぎなほど沁みる silence (sunset)約束代わりに 手を振って (hey)一番星を見つけたよ同じ目できっと見てるよどこまでも走れるんだ打ち解けた瞬間の笑顔 (sunset)ひとつだったみたいに近くて (hoo)頼りっぱなしにさよならするよりもずっと庇うよ胸張れば明日も晴れそうな twilight向いてる未来 と同じくらい 大事な今時間が 止まればいいのになさあ行かなくちゃ少し遠回りさせてよ sunset (sunset)いつも またねって 手を振って (hey)見守ってもらってばかりで出会えてよかった気持ちはどこまで届いてるの?あの時計 ズレてるんだよって (sunset)明日まで ずっと歩こうか (hoo)思い出し笑いばっかで繋がってると感じるよ伝えたいこと増やしとこう see youLa la la la la la la la橙色 浴びよう (hey) さあ持って帰ろう (hoo)La la la la la la la la目いっぱい今度も (hey) いつも通りを咲かそう (hoo)La la la la la la la la小さな最高を (hey) 一緒に探そう (hoo)La la la la la la la laGood day good bye 手を振ろう (hey)その笑顔に明日も hello",,,,,,,,,,,,,,,,,,,,,,,,,,,,,,,,,,,,,,,,,,,,,
21,Bloomy!,FR@GMENT WING 05,2019/08/21,アルストロメリア,まっすぐに感じよう いつも わたしらしくいよう 風が連れてくるよ カルペディエム ひらり 舞い上がってゆけBloomy！ 心臓 深呼吸をプロネーシス どんどん加速する 好奇心は止められない アレグロ・モデラート 最高は瞬間的ノンフィクション だからこそ尊い ひとつひとつ大切にしよう 変化をとらえた 心はワイヤレス 夢を叶えてみたい 踏み出してみたい もっと まっすぐに感じよう いつも わたしらしくいよう 風が連れてくるよ カルペディエム 胸を張ってゆこう 大丈夫 遠回りしてもいい ずっと 信じつづけていたい そうよ ありのまま輝いてる ひらり 舞い上がってゆけBloomy！ 舞い上がってゆけBloomy！ 純情 どんなときも忘れないで 絶対の条件 「あきらめない」ただそれだけ ア・バットゥータ あわせて 運命は循環系サブリミナル もう切り開きたい 待ってばかりいちゃダメなんだね 希望を育てて 進化のイデアネーム 想像 超えてゆきたい 羽ばたいてみたい 全部 まっすぐに届けよう 笑顔 満開であげよう 空に描いたのはプラトニズム 前を向いてゆこう キミといっしょなら なにも怖くないよ 今ゆっくりと始まってゆくストーリー もっと まっすぐに感じよう (大丈夫) 全部 まっすぐに届けよう もっと まっすぐに感じよう いつも わたしらしくいよう 風が連れてくるよ カルペディエム 胸を張ってゆこう 大丈夫 遠回りしてもいい ずっと 信じつづけていたい そうよ ありのまま輝いてる ひらり 舞い上がってゆけBloomy！ 舞い上がってゆけBloomy！,,,,,,,,,,,,,,,,,,,,,,,,,,,,,,,,,,,,,,,,,,,,,
22,Love Addiction,FR@GMENT WING 05,2019/08/21,アルストロメリア,アイスティーもペストリーも マンネリだよ いつもより贅沢に テーブルを飾ろう 下ろし立てのワンピースと おしゃれなカフェ ドキドキの待ち合わせ もうすぐ あなたに 会えるね Just in time (just in time) キラッとする (キラッとする) スプレーを散りばめて 待ちに待った (待ちに待った) はじまりの予感ね So give me love どうしてなの love addiction のぼせてばっかり rescue me まるで グラサージュ グラサージュ どんどん照れるのは (なぜ) なぜ (なぜ) なぜだろう 感じてるのは love emotion なんだかとっても heavenly まるで アンビバージュ アンビバージュ 最初のひと口で (もう) もう (もう) とろけちゃいそうなんだよ ガーリーにもセクシーにも なれちゃうから 罪深いテイスティー お好きな オーダー 召しませ One more time (one more time) ビビッときた (ビビッときた) 手を取ってくれたから ちがいないわ (ちがいないわ) すてきな王子様 So love me do どうしてなの love addiction たまにはゆっくり call me もっと モンタージュ モンタージュ そろそろこの気持ち (今) 今 (今) 伝えてもいいのかな 夢のような時間に終わりはあるの? わたし なみだ もろい いじわるはしないでね どうしてなの love addiction のぼせてばっかり rescue me まるで グラサージュ グラサージュ どんどん照れるのは (なぜ) なぜ (なぜ) なぜだろう 感じてるのは love emotion なんだかとっても heavenly まるで アンビバージュ アンビバージュ 最初のひと口で (もう) もう (もう) とろけちゃいそうなんだよ,,,,,,,,,,,,,,,,,,,,,,,,,,,,,,,,,,,,,,,,,,,,,
23,Wandering Dream Chaser,FR@GMENT WING 06,2019/09/11,ストレイライト,闇を切り刻むように 昂ぶる思い 乱反射 to the stage 見せつけるわ 目指すものがあるから 心に迷いなんてないの どんな試練があっても going my ray 誰かが作った道を (dash!) 追い越したその先で (breakout!) 胸に 滾る夢を この手でつかむの 諦めない 絶対 高く高い壁だって get chance and luck 飛び越え 異彩の光で魅せるわ 憧れはいつの日か grow up and change 突き抜け 私たちが 目指す goal へ導く (dance with the shine) Day after day 彷徨っても 辿り着く 高鳴る鼓動が鳴り響いてる Wandering dream chaser 時代を巻き込むくらい 迸る crazy 強引な naked heart さらけ出すよ 中途半端じゃなくて 思いのままに暴れたい 失うものがあっても we'll be alright 歪んだ光だって (bright!) 重なり研ぎ澄まされ (be one!) 未来 照らしだせる チカラになるから 永く長い道だって don't stop and back 駆け抜け 新たな世界を拓くよ 思いを重ねるほど heat up and chain 輝き 私たちの スピード上げていくから (step up my heart) We just trying 変えていく 変わってく 描いた理想を叶えていく Wandering dream chaser 高く高い壁だって get chance and luck 飛び越え 異彩の光で魅せるわ 憧れはいつの日か grow up and charge 突き抜け 私たちが 目指す goal へ導く (dance with the shine) Day after day 彷徨っても 辿り着く 高鳴る鼓動が鳴り響いてる Wandering dream chaser,,,,,,,,,,,,,,,,,,,,,,,,,,,,,,,,,,,,,,,,,,,,,
24,Transcending The World,FR@GMENT WING 06,2019/09/11,ストレイライト,Transcending the World Imagination 創生 目眩く覚醒 歴史(とき)を超え冷静 塗り替える感性 視界ゼロの generation 疾り抜ける crazy beam 進化を振りかざして (世界を巻き込んで) 試されても邪魔されても break する survivor ふり絞る声 熱を纏い (本能 control) 感情の flashback 仕組まれた program で (時空を traveling) 幻想の ESP 突き破って take over (狂い咲く) 光の華映し出す ステージを飛び出して 何処までも連れていくよ ミライの果てまで きっと Fly away 闇を抜けて Set me free 空を越えて 見果てぬ景色求めて Fly away 繋ぎ合わせ Set me free 想い流れて 輝き続けるよ 遥かなる世界で (点は線となり 過信は確信に迫り変身) (バラバラのネガイ セカイ チカイ) (ヤバイ 進化系 straylight) 怖いものはない 失うものがない 守りじゃ生きられないゲームに 飛び込んで (光線が織りなす挑戦 夢幻 fantasista が出現) (貫く 反射する 熱を生み出す 存在は変幻自在) いつまでも傍にいるよ 私の果てまで ずっと Fly away 遠く遠く Set me free 巡り巡って 次なる夢を描いて Fly away いつの日にか Set me free 流星のように 煌めき続けるよ A-ah Wow-yeah A-ah Yeah Fly away 遠く遠く Set me free 巡り巡って Fly away 闇を抜けて Set me free 空を越えて 見果てぬ景色求めて Fly away 繋ぎ合わせ Set me free 想い流れて 輝き続けるよ 遥かなる世界で (Transcending my heart) (Transcending my world) (Transcending my life) (Transcending my world) Break out,,,,,,,,,,,,,,,,,,,,,,,,,,,,,,,,,,,,,,,,,,,,,
25,FUTURITY SMILE,FUTURITY SMILE,2019/12/18,シャイニーカラーズ,心が迷ったときは 耳を澄ますよ そっとねどんなに冷たい風だって “負けたくない” 響くメロディ諦めたりしないけど 落ち込むときもあったねそんなときはいつもそばで 見守ってくれてるからキラキラ光る未来の自分 想像して 叶える魔法あの日あなたが 教えてくれた私を見つけてくれた輝こう…！大きな空で あなたが誇れる星になろう限りない “ありがとう” 繋いでゆく希望のステージ羽ばたこう…！夢見るほどに生まれる 涙も幸せも翼に重ねて これからもStand by Me当たり前にある今日も 奇跡だって思うよどうすれば変われるのかを 考えて過ごしてたのトキメキを形にできる場所見つけたから 溢れる希望その “始まり”を あなたがくれたまっすぐ見つめてくれた奏でよう…！果てない空で あなたを照らせる星になろう変わらない “ありがとう” 伝えたくて笑顔のステージ叶えよう…！嬉しくなるね 暖かい陽射しを待つ時間翼を広げて どこまでもStand by Dreams舞い上がり ぶつかって 何度でも思い出すあの瞬間（とき） 最初の1ページ信じあう 響きあう 高鳴りを永遠に そう 忘れない輝こう…！大きな空で あなたが誇れる星になろう限りない “ありがとう” 繋いでゆく希望のステージ羽ばたこう…！夢見ることに 全力出せる“今”があるの眩しい世界へ いつまでもStand by Me,,,,,,,,,,,,,,,,,,,,,,,,,,,,,,,,,,,,,,,,,,,,,
26,SWEET♡STEP,SWEET♡STEP,2020/02/12,シャイニーカラーズ,"君に あげるThis Is For YouThis Is My Love! 嘘でしょ？ねえ、ちょっと待ってよカレンダーに○して誓った頃の私 どこ行ったの？胸にずっとぎゅっと秘めた膨らんだ気持ちはあれからリボン結んだまま 渡せなくて しぼんだイクジナシ ここにいますそろそろShinyなPowderかけて！ 踏み出せ 運命はSWEET（そうよ）踊るようなSTEPを（行こう）包みきれない ハートをあげる！（あげる）いつも一生懸命（ステキ）BITTERな部分も（見てる）そんなところも含めて・・・君のことが大好きです！ ねえ こっち来てねえ もっと聞いてねえ・・・大好き！This Is For YouSo, This Is My Love! 頬にピッと冷たい風真冬の空の下私はモジモジしているだけなの？ 胸にずっとぎゅっと秘めた大切な気持ちはこのままトビラ閉ざしたまま 勇気出して せーの！で物語 動き出すほらほらShinyなMagicかけて！ 飛び込め 展開はSWEET（そうよ）歌うようなSTEPを（行こう）抱えきれない ハートをあげる！（あげる）いつもちょっぴりクール（ステキ）BITTERな眼差しも（見てる）そんなところも含めていつだってね、君のことを・・・ Knock! Knock! 君の心へもしもし？聞こえてますか？（緊張しすぎて涙でそうです）私 Don’t Be Afraid!でももしも 顔上げてそっぽを向いた君がいたら？（ぐるぐるイメージ涙でそうです）勇気の翼がほしい・・・ 踏み出せ 運命はSWEET踊るようなSTEPを包みきれない ハートをあげる！（あげる）いつも一生懸命BITTERな部分もそんなところも含めて 恋をした！ 飛び込め 展開はSWEET（そうよ）歌うようなSTEPを（行こう）抱えきれない ハートをあげる！（あげる）いつもちょっぴりクール（ステキ）BITTERな眼差しも（見てる）そんなところも含めて・・・君のことが大好きです！君のことが大好きです！！ ねえ こっち来てねえ もっと聞いてねえ・・・大好き！This Is For YouSo, This Is My Love!",,,,,,,,,,,,,,,,,,,,,,,,,,,,,,,,,,,,,,,,,,,,,
27,シャイノグラフィ ,GR@DATE WING 01,2020/04/08,シャイニーカラーズ,First page 鏡を覗いても 自分色なんて 自分じゃ見えない だけど君が走る背中は 君色の羽根が羽ばたいてる 何か言いかけていたね (あのとき) たぶん一緒に居るだけじゃダメなんだ (きっと) 君が見るこの背中に 翼が見えるように 行こう 精一杯の先へ 目一杯の未完成で まだ上昇中の gradation days 世界の彩りにハート開いて 透明から鮮明に 不可能から可能性に この空をキャンバスにして 誰のでもない瞬間を 新しく記していこう My shinography Next page その羽根はきっと 光の当たり方で色を変える 君と笑っている私は 幸せそうな色をしていて欲しい 一人でも独りじゃない (いつでも) 思い立って何かを始める時も (どうして) 挫けそうな時もそっと 何かが支えてる ずっと 一直線の流星を 手にぎゅっと掴んだ衝動は まだ成長中の marble color days ふとした寂しさを振り払っていく パステルより繊細で モノクロームより純粋で プリズムより多彩で 世界に希望を 見せたい シャボン玉色の夢は眠らない ねえ 最初の色 憶えている? 出会った空の色 一緒だったね (ちぐはぐで) 持っていて (忘れないで) どんな空を飛んでも ずっと ずっと 精一杯の先へ 目一杯の未完成で まだ上昇中の gradation days 世界の彩りにハート開いて 透明から鮮明に 不可能から可能性に この空をキャンバスにして 誰のでもない瞬間を 新しく記していこう My shinography いつまでも,,,,,,,,,,,,,,,,,,,,,,,,,,,,,,,,,,,,,,,,,,,,,
28,Dye the sky. ,GR@DATE WING 01,2020/04/08,シャイニーカラーズ,色あせた写真、メモリー 幸せな時間、軌跡 思い出の中の私 けど既に他人みたい あの時の自分じゃない 色合い、願い、アイデンティティ 変わって (しまったと) 誰かが (言うだろう) 前へと進む度 (だけど) もう遠慮なんていらない 誰の定義でもない 私であれ 限界なんて本当はそこにない 覆せ 塗り替えて 顕在せよ 過去を超えてく光 この空を染めるほど強く 誰よりも 何よりも 昨日の私を打ち破って ありふれたシアン、キープレート マゼンタ、イエロー 焼き増しされたような日々 そこに輝きなんてない そこに意味や価値はない 低解像度な偽物だ 十人十色の 誰かの (筆あと) 混ざりあう世界の (中で) さあ 誰よりも鮮烈に キャンバスを裂くように 叩きつけろ 未来なんて実はどこにもない 描きだせ 自分の手で 現在だけが存在の証明 刻み込め 昨日より強く その青は空よりも澄んでいるか？ その赤は夕焼けを焼き切れるか？ 月よりも 星よりも 夜を穿て Dye the sky in my hue 限界なんて本当はそこにない 覆せ 自分さえ 顕在せよ 過去を超えてく光 この空を染めるほど強く 誰よりも 何よりも 世界の全てを打ち破って,,,,,,,,,,,,,,,,,,,,,,,,,,,,,,,,,,,,,,,,,,,,,
29,絶対正義 EVERY DAY,デビ太郎 VS ジャスティスV,2020/07/29,小宮果穂,正義を叫べ 心で叫べこの力で守りたい みんなの笑顔平和のために いつでも出動悪は絶対ゆるさない 古今東西スクランブル！ ガクブル慌てず！正義の力は無限大最強 I'M HERO！輝けよ ジャスティス！戦えよ ジャスティス！諦めないハートが 100点満点だからフルバーストでゴーイング！ファイティング！掴むんだ ヴィクトリー！絶対正義 EVERY DAYそれが譲れない宿命なのさ正義を叫べ まだまだ叫べこの勇気を届けたい みんなの胸にうつむかないで もう泣かないで君を救う味方が ここにいるからフルスロットル！燃える！ 震える！みんなの力を合わせたら最強 WE'RE THE HERO！立ち上がれ ジャスティス！,,,,,,,,,,,,,,,,,,,,,,,,,,,,,,,,,,,,,,,,,,,,,
30,デビ太郎のうた,デビ太郎 VS ジャスティスV,2020/07/29,大崎甜花,ああ あたらしい夜がきた寝る前たいそうタイム(れっつ、ごー)ああ 誰もみなデビ太郎ちいさな羽も飛べるはず(そうだ・・・！)お口はにっこりと笑いましょうおめめまんまる びっくりしよう(大きくすって)(はいてー・・・)さあ、一緒にねデビデビ♪ デビデビ♪デー・・・ビ太郎っああ もう眠くなってきたおふとん最高タイム(れっつ、ごー)ああ 弟はエン次郎やさしくあかるいお世話好き(さいこー),,,,,,,,,,,,,,,,,,,,,,,,,,,,,,,,,,,,,,,,,,,,,
31,Hide & Attack,GR@DATE WING 06,2020/08/19,ストレイライト,ココロ カオ ユメ リアルを隠した myself 秘めた power 今 集めて目指すは top rank 時間・距離・試練 全て光に変えて 予想裏切り フレーム飛び出してく Listen to my beat 感じるでしょ Can you see my beam 突き抜けてる 創造の臨界点 イメージの逆襲 華やかに舞って 密かに狙った (vertex) 闘い続ける輪廻の 運命を背負い 仮面を纏って ミライへ攻める (go fighting) 次なる時代の幕開け 見せてあげるわ 姿形を変えながら進化する 時は無常 世は無限に続く technology 流行り廃りをすり抜け 光放つ 経験集めて 五感を研ぎ澄ませば Won't you come with me? 覚悟決めて Show you my serious 確かめてよ Digital の倍々ゲーム 凌駕する pride 艶やかに咲いた 演じる私 (mysterious) 本物だけが全てと 決めたくないから 終わりはないよ この思いには (no give up) 目指した場所に向かって 加速していくの 華やかに舞って 密かに狙った (vertex) 闘い続ける輪廻の 運命を背負い 仮面を纏って ミライへ攻める (go fighting) 次なる時代の幕開け 見せてあげるわ 艶やかに咲いた 演じる私 (mysterious) 本物だけが全てと 決めたくないから 終わりはないよ この思いには (no give up) 目指した場所に向かって 加速していくの 誰にも止められない evolution,,,,,,,,,,,,,,,,,,,,,,,,,,,,,,,,,,,,,,,,,,,,,
32,Destined Rival,GR@DATE WING 06,2020/08/19,ストレイライト,手を伸ばせば 届きそうなのに 行く手を遮るのは higher wall ありったけの 光放ちながら 強気で飛び込んでく one two three 歓声と視線を集めて 輝く場所目指して do my best 遮二無二照らし出す 唯一無二の symphony 広いステージを 彩る colors ライバルは destiny サバイバルは desire 思いを重ねて 立ち向かってく my way 自分の現在地を 見つめることで 足りない物に気付き inspire 光と光 摩擦するたび 互いに磨かれてく triangle 絶対なんてこの世には無い だから止められないわ bet my life 心に決めた夢 簡単に譲れない それぞれの運命 背負ってるから バラバラな光も ガムシャラに輝かせ 奇蹟を起こすよ 諦めない I believe 希望と野望を抱きしめて 誰にも負けないよ get ready 遮二無二照らし出す 唯一無二の symphony 広いステージを 彩る colors ライバルは destiny サバイバルは desire 思いを重ねて 立ち向かってく my way,,,,,,,,,,,,,,,,,,,,,,,,,,,,,,,,,,,,,,,,,,,,,
33,いつだって僕らは,GR@DATE WING 07,2020/09/16,ノクチル,きっと夢は叶うよなんて 誰かが言ってたけど その夢はどこで僕を待ってるの？ きっと憧れているだけじゃ ダメだって知ってるんだ 僕の靴はまだ白いままで 小さくてでこぼこ 儚い光たち まだ頼りなくて ゆらめいた 一つ一つ (合わせていこう) パズルみたい (繋げていこう) かすかに希望の音が聞こえたんだ 光集めて 響け遠くへ (せーの！) 未来を呼んでみようよ いつだって僕らは せいいっぱい僕らは 昨日よりもっと強く 光れ (今) 光れ (今) そっとこの手を伸ばしたんだ 名前のない空に 何か変わるような そんな気がして 待ってばかりいた毎日に さよならを告げたら 夢も憧れも迎えに行こう 踏み出したストーリー おぼつかない足取り 迷って遠回り でもいいの 手と手を ほら (重ねていこう) 気持ち全部 (ぶつけてみよう) みんなが一緒なら 知らなかった世界さえ見えるよ 小さくてでこぼこ 儚い光たち まだ頼りなくて ゆらめいた 一つ一つ (合わせていこう) パズルみたい (繋げていこう) 確かに希望の音が聞こえたんだ 光集めて 響け遠くへ (ぎゅっと) 結んだキズナ信じて なんだって出来るよ 一人じゃないから 昨日よりもっと 輝け 届け明日へ (せーの！) 未来を呼んでみようよ いつだって僕らは せいいっぱい僕らは 昨日よりもっと強く 光れ (今) 光れ (今),,,,,,,,,,,,,,,,,,,,,,,,,,,,,,,,,,,,,,,,,,,,,
34,あの花のように,GR@DATE WING 07,2020/09/16,ノクチル,遠く鮮やかに夜を彩るあの花のようになれる気がした きみとなら キラキラと熱を帯びた夏の日差しに僕ら浮かされて ドキドキのその向こうを見たくなったんだ 少し怖いけど すぐに消えるようなものにこそ 眩さと強さを覚えてしまうから 今は朧げで小さな灯でも夏の魔法をカラダに纏い 鮮やかに夜を彩るあの花のようになれる気がした きみとなら ゆっくりと色を変える夏の終わりはどこへ続いてるの 止まらない時の中で色付き始めた僕らを連れて 「永遠」に届くような「瞬間」を 息継ぎもしないで泳いでゆこうよ 今も思い出に変わりゆくけど繋いだ手は離さないように 繰り返す季節を抜けてどこまでももう行ける気がした きみとなら いつか解けてゆく魔法も超えて 僕の光で未来を照らせるように たとえ朧げで小さな灯でもひとつひとつに想いを乗せて 鮮やかに夜を彩るあの花のように光を放て 僕ら今 隣で笑うきみと未来へ向かうよ,,,,,,,,,,,,,,,,,,,,,,,,,,,,,,,,,,,,,,,,,,,,,
35,なんどでも笑おう,なんどでも笑おう,2020/09/30,FIVE STARS!!!!!,"いつまでも なんどでも 笑おう 未来まで 照らすくらい ねえ 笑って 未来まで照らすほど ぼくらならできるさ We all smile! smile! きっかけは何だったかな? あの日見た輝き 精一杯走り続け 見た景色 (Smile! Smile!) 迷いと不安の先に 見つけたタカラモノ そこにある全部 全部 愛おし過ぎる笑顔 道はそれぞれ違うけれど 目的地はきっと一緒なんだ 精一杯に輝いたら 最高の奇跡 さあ 笑って 歌おう 歓びの歌 きらめいた希望は 永遠だから ねえ 笑って それだけで大丈夫 どこまでも行けるさ We all smile! Smile! はじまりは何だったかな? 忘れない あの瞳 期待と不安の先に導いて 光の中でいっしょに 描いた物語 ただの思い出なんかじゃない 勇気をくれた笑顔 今 ここに自分がいる奇跡 奇跡のままで終わらせはしない つなげてゆこう この笑顔を 次の時代まで さあ 笑って ちゃんと愛を伝えよう 自分の言葉でいいんだ 「愛してる!」 ねえ 笑って 未来まで照らすほど ぼくらならできるさ そうだ! いつまでも なんどでも 笑おう みんなで 今日これまでの全ての愛 一つだって忘れやしない 今日これからの全ての""I"" タカラモノ抱いて 歩いてく さあ 笑って 歌おう 歓びの歌 きらめいた希望は 永遠だから ねえ 笑って それだけで大丈夫 どこまでも行けるさ We all smile! いつまでも なんどでも 笑おう 未来まで 照らすくらい いつまでも なんどでも 笑おう どこまでも 行けるはずさ ラララララ ララララララララ ラララララ ララララララ",,,,,,,,,,,,,,,,,,,,,,,,,,,,,,,,,,,,,,,,,,,,,
36,Twinkle way,GR@DATE WING 02,2020/10/14,イルミネーションスターズ,"明かりも 消しているのに なんだか今日は眠れそうにない こっそり出掛けてみよう あの丘で 輝く空を見よう 時よ止まれ! の魔法にかかった 交差点を走り抜けて 変わらないもの 変わってゆくもの すべてを愛おしく追い越した Twinkle way, my twinkle stars!! ひとつひとつが煌めいているの 可能性は (すぐそばで) 無限だと囁いてる 聞こえているでしょう? Twinkle way, my twinkle friends!! 心の中でいつでも繋がる 突き進もう 胸が高鳴る世界へ 夢が呼んでいる場所へ 私の 髪がなびいたら 少し向こうの木々も歌いだす 今すぐ 一歩踏み出せば そこはもう未来の景色なんだ 小さな丘の上で寝ころんだ 少し息を切らしたまま 澄み切っている 空気を吸ったら 涙が溢れて止まらないの Twinkle way, my twinkle stars いつもどこかで 感じてた不安 あの雲が (遠く) 運んで行くんだ いつか思い出になるよ 両手を伸ばしたら (高く) この空に誓うの ここから また私が始まる Twinkle way, my twinkle stars!! ひとつひとつが煌めいているの 可能性は (すぐそばで) 無限だと囁いてる 聞こえているでしょう? Twinkle way, my twinkle friends!! 心の中でいつでも繋がる 突き進もう 胸が高鳴る世界へ 夢が呼んでいる場所へ",,,,,,,,,,,,,,,,,,,,,,,,,,,,,,,,,,,,,,,,,,,,,
37,Happy Funny Lucky,GR@DATE WING 02,2020/10/14,イルミネーションスターズ,Happy Funny Lucky☆ Happy Funny Lucky☆ Happy Funny Lucky☆ ねっ everyday！！ oh yeah！！ 100色の絵具で 真新しい 今日を描くの (Happy☆) ルルルルンランランラン (Lucky☆) 心がふわり 舞い上がるprecious time！ おっとはみ出た 黄色 そうだこれで 虹をかけよう (Funny☆) ピンチはチャンス (Lucky☆) 失敗なんて私の辞書にはない キミがもしも 寂しいなら 私の手を掴んでよ 連れて行ってあげるから 世界中を 飛び回ろうよ Every moment！ 最高の気分だ だってこんなに大切な 仲間達と同じ時を 生きるって奇跡だもん それだけでHappy！でFunny！でLucky！！ 出逢ってくれてありがとう 100円のバケツに 穴が開いた 見通しは良好 (Happy☆) スタンプにして (Lucky☆) お日様をたくさん描けばいいじゃない 何もうまく行かなくなって 下を向いているのなら Hello！ベルを鳴らしてよ 風に乗って 迎えに行くよ Everybody！ 幸せでいられる だってどこにいても同じ 続いている空の下に いるなんて奇跡だもん それだけでHappy！でFunny！でLucky！！ 見つけてくれてありがとう Every moment！ 最高の気分だ だってこんなに大切な 仲間達と同じ時を 生きるって奇跡だよ Everybody！ 幸せでいられる だってどこにいても同じ 続いている空の下に いるなんて奇跡だもん それだけでHappy！でFunny！でLucky！！ 出逢ってくれてありがとう,,,,,,,,,,,,,,,,,,,,,,,,,,,,,,,,,,,,,,,,,,,,,
38,Black Reverie ,GR@DATE WING 03,2020/11/04,アンティーカ,雲間に鳥が鳴く 明けない静寂に ひそんだロマネスク ひと匙の so magic night 眠りの庭園で 目覚めるファンタズム 始まってしまいそう 終わりのない so dizzy night (Who euphoria) 幕ガ開クヨウニ (Who omen of love) 帳ヲ裂イテ 振り向いた影が 手向ける未来は悲劇？ それとも 月虹と革る世界 現とユメの chaos 今 合った 貴方の瞳 幻想のひとかけら 佇む 運命の畔 宵闇の black reverie 堕ちていく 魂は遂に魅入られてしまったの I'm a dark angel 無邪気な散策は 一瞬でマスカレード 風と踊るはずが 巻き起こる so magic night 不思議なミラージュに 飲み込まれたようで 咲いてる花さえも 目に入らない so dizzy night (Who euphoria) 闇ノ浪間ニ (Who omen of love) 漂ウ二人 Ah 手を伸ばしたら 分かってる でも深みへと進むの 錯覚を起こす目眩 迷って掴む helios 出会いのセレナーデ 高鳴った胸の音 佇む 永遠の汀 貴方がくれた garnet 堕ちていく ためらいをそっと踏み越えたこの日から I'm a dark angel 真っ白な翼が 真っ逆さまに飛ぶ 真っ黒に染まって その瞳の色になって 月虹と革る世界 現とユメの chaos 今 合った 貴方の瞳 幻想のひとかけら 佇む 運命の畔 宵闇の black reverie 堕ちていく 魂は恋に魅入られてしまったの 昨日にはもう 戻れない私 I'm a dark angel,,,,,,,,,,,,,,,,,,,,,,,,,,,,,,,,,,,,,,,,,,,,,
39,純白トロイメライ,GR@DATE WING 03,2020/11/04,アンティーカ,Round round around 堂々巡り 信じれば 欺かれる 人間心理 諦めと踊ってる みんな同じでしょ? ねぇどうか繕わないでいて 隠した嘘のナイフ 突き立てるの待ってるなら 翳しなさい きっと 時は今 「選んでよ」 恋するたび「雨のように」 降るカタストロフィ「花のように」 でも貴方は「悪い子に」 いつも優しくて 月虹と私「寂しさも」 包み込まれて remedy 純白に還ってくトロイメライ 響くトロイメライ No no dedicate 疑心暗鬼 繋いでも いつか解れ 一人ぼっち 庭園迷路 すぐまた彷徨うのなら 犠牲ともなう甘やかさ どうして与えるの 期待がまた目覚めてしまう 止まらない 終焉の始まり 「選んだら」 代償はきっと「雨になって」 降り注いでしまう「花になって」 この心を「悪い人」 奪い取ったせいで ユメ見ていた「寂しさを」 溶かす眩い光に染められ 高鳴り今 white lie 欲しかった white lie 反逆するセカイ 真っ黒な羽は 最後の想いごと 真っ白になれる 竦んだ夜を超えて舞い上がる angel ここから貴方を信じてもいい? 「選んだよ」 恋するたび「雨のように」 降るカタストロフィ「花のように」 でも貴方と「悪い子は」 空を飛びたくて 月虹と私「寂しさも」 包み込まれて remedy 純白に還ってくトロイメライ 響くトロイメライ,,,,,,,,,,,,,,,,,,,,,,,,,,,,,,,,,,,,,,,,,,,,,
40,五ツ座流星群,GR@DATE WING 04,2020/11/18,放課後クライマックスガールズ,"逃さない 渡さない 何処の誰にだって かしましい ギャラクシー Don't be late, go! 平和な大宇宙 誰かが暴走中? 月面のウサギさんを助けに 参上! (フレー フレー ヒーロー!) (へっ 賞金首か?) Yeah! コレクションに まだ見ぬオーパーツ 絶対も完璧も 私が探してあげる (ラブリー パイレーツ!) (って 一体どっちの味方だよ) 太陽系も線香花火 追うも 追われるも この指 回れ 天文学的 集合 ケミストリー 未知との feel so good 咲かせましょう Tera stella 煌めき 散らばる 小惑星を Tera stella 一個飛ばしで 駆ければ リードでしょ 一等星 追いかけよう 発見器はハートビート ひとまず50世紀にも 輝いてるか勝負です ライバルがモチベーション それはきっとダイヤモンド 願うと 星が降るから この冒険は ずっと流星群 届きたい 叶えたい 浮かれ盛りだって この手に デスティニー Let's ride on 伊達じゃない 手柄よりも義理とプライド こぜり合いならば興味ない 狙うべきはマジの大物 (あ～れ～) (受けて立つわ!) (逃しません!) フレー フレー みんな 愛嬌こそ最強 あっちでこっちで 好感度ッカンドッカン上げよう 超新星も金平糖もスーパースター 天の河も待たない 宝物は会いに行く 流れ星 one chance なってみせるよ今晩 誰かの祈りまで 叶うように フルパワー 照らす 地球 (テラ) 浮かべた 手紙は 衛星軌道 照らす 地球 (テラ) きっと伝わる 目一杯 オーロラマントで 進め 3 2 1 go! 一等星 追いかけよう 発見器はハートビート ひとまず50世紀にも 輝いてるか勝負です ライバルがモチベーション 大団円にストレート 私たち互い違いでも 五芒星のような 星座かもね 何光年離れたって 光った瞳してるって ふと感じたほうへ 不敵な笑みで ウィンクして また走るから 冒険は続く 正々堂々ハイウェイクィーン 一番はどなた? 運命の存在 笑っていてよ baby 逃さない 渡さない 何処の誰にだって かしましい ギャラクシー Don't be late, go! 届きたい 叶えたい 浮かれ盛りだって この手に デスティニー 壮大にgo マイペースにgo 永久にgo",,,,,,,,,,,,,,,,,,,,,,,,,,,,,,,,,,,,,,,,,,,,,
41,学祭革命夜明け前,GR@DATE WING 04,2020/11/18,放課後クライマックスガールズ,Oh!Oh!We doOh!We doペンキだらけの設計図だれも かれも 好き放題 (chance)本気を見せる フェスティバル学祭 フィーバー フィーバー教室改造計画お化け 迷路ライブに りんご飴頬っぺた付けた紙吹雪 (oh yeah)青嵐 青嵐 駆け巡るデコボコが噛み合ったら前例なしが正攻法だ (go now)作り上げよう make you smile (一進一退 一致して go)燃えろ (hi!) 超デコレート活動団 (hi! hi!)集う てるてるぼうず (hi! hi!)光れ (hi!) 圧倒的連帯感 (hi! hi!)ジャンケンも ずっと無限にアイコだ本番までが (グーチョキパーからジャンケングー)本番のような (グーチョキパーからジャンケンパー)そうだ そうだ 跳べ 跳べ 跳べ 跳べ yeah革命だOh!We do(さあさあ陽気で凛々しくゴージャス)ミュージカル×ヒーローショー怪獣 倒す シンデレラドーナツかじるジュリエット差し入れ ハイキャッチ Waoずっと王者が じゃがバター要らないものをなかなか削れない夕陽の 自由研究所 (oh yeah)腕章 談笑 腕まくりきっとこれは通り雨だ 入場門に傘 差して (go now)今を進め be the sun (全身全霊 全員で sun)放て (hi!) 一度きりのフルコーラス (hi! hi!)きっと (hi!) 心に残る (hi! hi!)ハネた (hi!) 暁には shakin' サイダー (hi! hi!)バッテンをずっと付けたカレンダーリハーサルだけ (あっちみてホイ 左)ずっとしたいような (あっちみてホイ 真上)まだ まだ それでも 羽ばたけ yeah前夜祭を祝してハイチーズAy oh!(瞬間が永遠に輝け)照らせ 超デコレート活動団並ぶ てるてるぼうず革命だこの日 (hi!) その花を咲かすのだ (hi! hi!)強く (hi!) 歴史に挑む (hi! hi!)目指せ (hi!) 圧倒的達成感 (hi! hi!)マルをギュッと付けたカレンダーときめきのような (グーチョキパーからジャンケンピース)戸惑いのような (グーチョキパーからジャンケンピース)そうだ そうだ 跳べ 跳べ 跳べ 跳べ yeah革命だ (oh!)革命だOh! We doOh! Yay,,,,,,,,,,,,,,,,,,,,,,,,,,,,,,,,,,,,,,,,,,,,,
42,ダブル・イフェクト,GR@DATE WING 05,2020/12/09,アルストロメリア,マージナル・マン 待ちうけてふたりで乗り越えたい例えば二度と飛べなくてもキミのために ずっと笑っていよう白い羽と 白い肌でもっと触れて もっと知ってプリマファキエ 満たしたあとで 生まれる何気ないこと 大切にするココロ (パラダイム)ねえ教えて いつの日か きっと (サンクチュアリ)永遠を 誓い合えるかなダブル・イフェクト 纏わせてなんてコトない瞬間も例えば翼失ってもキミのもとへ そっと舞い降りるから舞い降りるから嫌な過去と 満ちた未来やり直して くり返してアンチテーゼ 電気信号 とらえて刺激的でしょ ビリビリしてくるでしょ (マーベラス)ねえもう一度 生まれ変わっても (サクラメント)絶対に 巡り逢えるはずマージナル・マン 待ちうけてふたりで乗り越えたい例えば二度と飛べなくてもキミのために ずっと笑っていよう笑っていようねえ教えて いつの日かきっと (サンクチュアリ)永遠を 誓い合えるかなダブル・イフェクト 纏わせてなんてコトない瞬間も例えば翼失ってもキミのもとへ そっと舞い降りるからマージナル・マン 待ちうけてふたりで乗り越えたい例えば二度と飛べなくてもキミのために ずっと笑っていよう笑っていよう,,,,,,,,,,,,,,,,,,,,,,,,,,,,,,,,,,,,,,,,,,,,,
43,Anniversary,GR@DATE WING 05,2020/12/09,アルストロメリア,どこまでゆけるのかな伸ばせば届くのかなふたりで描いた夢を追いかけて今はまだ旅の途中あなたのこと これから先も想ってゆく それは変わらないから護りたいあなたとの毎日とこれからの未来へ続く道をたくさんの愛に満ちた温もりそう それは 陽だまりに咲くリバティ束ねては 贈る ひとひらAnniversaryAnniversary悲しみが押し寄せて涙を連れてきたらどんな形でも寄り添いたい離れてても私たちつながってるそれぞれに願い (それぞれに願い) それぞれに迷い (迷い)別々の場所で大人になってゆくそれぞれに出逢い (それぞれに出逢い) それぞれに憂い (憂い)でも最後はひとつだから護りたいあなたのその笑顔と握り返してくれた手のひらをかけがえのない時間と安らぎそう それは 散ることのないメモリー遠回りでもいいひとは誰も完璧にはなれない別れとその痛みを経験して最高の幸せにたどり着くMy love今 光が降り注いでゆく待ちわびた時を祝うように青空へと向かう鳥のように何度でも 何度でも歌う love songYour love護りたいあなたとの毎日とこれからの未来へ続く道を護りたいあなたのその笑顔と握り返してくれた手のひらをかけがえのない時間と安らぎそう それは 散ることのないメモリー束ねては 贈る ひとひらAnniversaryAnniversaryAnniversary遥か彼方のあなたの元へもう一度届けよう,,,,,,,,,,,,,,,,,,,,,,,,,,,,,,,,,,,,,,,,,,,,,
44,プラニスフィア ～planisphere～,COLORFUL FE@THERS -Stella-,2021/01/20,Team.Stella,キラリ光れ! ジブンだけの星の色で!見上げた小さな光のひとつひとつに名前があると気づいたら瞬くみたいな輝き目と目があったみたいに感じるんだよ星座盤を空に重ねあわすようにいま 夢に願いを重ねているんだキラリ光れ! いろんな色があるんだから見つけだそうよ ジブンだけの Stella繋がってる想いのカタチたどっていこうそこにきっとわたしの名前があるんだね! キラリ光れ! ジブンだけの星の色で! 帰り道いっしょに探して指差してた場所はみんな違ってた満天のスクリーン映ってる物語はいくつあってもいいんだ星座盤に描かれてはいなくたっていま 赤い糸で結び合わすんだキラリ光れ! このココロときめかせて見つけてみたい ジブンだけの story伝わってる想いがあると信じてるだからきっと呼んでいる声が聴こえるのどんなに遠くたって届くことを教えてくれてたんだね星は何光年も超えて胸に飛び込んだそうだよ 数えても数えきれないほどの煌めきのなか出会えたっていう奇跡をジブンだけの色にしようキラリ光れ! その瞳に映るように見つけて欲しい わたしたちの Stellaひとつひとついろんな色で羽ばたいて想いはきっとあの星のように輝くのキラリ光れ! ジブンだけの星の色で!,,,,,,,,,,,,,,,,,,,,,,,,,,,,,,,,,,,,,,,,,,,,,
45,ありったけの輝きで,COLORFUL FE@THERS -Stella-,2021/01/20,櫻木真乃,ここではないどこか知らない世界に何色の空を描こう新しい朝に相応しい勇気ってきっと綺麗なだけじゃない 強いヒカリまばたきの瞬間も追いかけてしまうくらいぎゅっと瞳とらえた未来 はじまる今日のありったけの輝きで踏み出す自分を好きになろう今はひとり分で弱くても ほわりココロに灯るあたたかい道しるべ最初の一歩あきらめがちだったみたい雨上がりを待つ窓越しだけどわかるの もう傘はいらない気がしてるわたしの呼吸で出かけるんだ街中がキラキラと虹色に包まれてくなんてカラフルな世界だからせいいっぱいの輝きでいつより素直に憧れたい少し背伸びの分届いたらいいな夢見るチカラ自分から信じてみようあの日躊躇った臆病なわたし忘れずに抱きしめていくの羽ばたきの彼方 見せてあげたい夢の彼方ぎゅっと瞳そらせない未来 はじめる!今日のありったけの輝きで踏み出す自分を好きになろう今は頼りなくて淡くても ほわりココロはいつも真っ直ぐ (空へと)夢見るチカラを真っ直ぐ信じてるよ,,,,,,,,,,,,,,,,,,,,,,,,,,,,,,,,,,,,,,,,,,,,,
46,星をめざして,COLORFUL FE@THERS -Stella-,2021/01/20,芹沢あさひ,(ラン ラリパ ラリパ パリルレラロ)(ラン ラリパ ラリパ パリルレラロ)(ラン ラリパ ラリパ パリルレラロ パパパピパ ララリパ)見上げた宇宙に 踊るヒカリ理由もなく胸が ドキドキした向こうに行けたら 楽しそうでそれが何か知りたくて 走り出したよ今はまだ果てしなく遠くてもいつの日か必ず たどり着くぞ星をめざして 何処までだって行こ ワクワクを追いかけてじっとして居られないのは 本能的なものだほら 知れば知るほどに ときめきが止まらないわたしがいつの日にか 星になれたなら いいのに(ラン ラリパ ラリパ パリ (いいのに) ルレラロ)(ラン ラリパ ラリパ パリルレラロ)(ラン ラリパ ラリパ パリルレラロ パパパピパ ララリパ)いつも 気になること ほっとけない性格でフリーダム 跳んで飛んで翔んで行くよ すぐにありふれた日常よりも シゲキが欲しい月でウサギと無重力ダンシング想像もつかない未知のセカイ何にでもなれると 思ってるから星に願えば どんなことだってね 叶うよな気がしてる考え方次第で 結果は変わるでしょねぇ 誰かの気持ちも 動かせる気がするよわたしがいつの日にか 星になれたなら いいのに笑顔に逢いに行くよココロに描いてる未来を抱きしめて大変なことが起きても なんとかなる気がするんだ思いのままにわがままに 突き進んでみたいからキラキラと瞬く ヒカリのようにたくさんの誰かを 幸せにしたいなと思うから輝ける場所 星をめざして何処までだって行こ ワクワクを追いかけてじっとしていられないのは 本能的なものだほら 知れば知るほどに ときめきが止まらない私がいつの日にか 星になれたなら いいのに(ラン ラリパ ラリパ パリルレラロ) いいのに(ラン ラリパ ラリパ パリルレラロ) いいのに(ラン ラリパ ラリパ パリルレラロ (いいのに) パパパピパ ララリパ),,,,,,,,,,,,,,,,,,,,,,,,,,,,,,,,,,,,,,,,,,,,,
47,夢見鳥,COLORFUL FE@THERS -Stella-,2021/01/20,樋口円香,背の高いビルの間に ひっそり咲いてる花たちなんだか寄り添うように 小さな光に照らされていた踏み出すことで何かが 壊れてしまうこともある綺麗なものにはきっと 棘が付いているから確かなことなんてないよね 人の景色もこの気持ちもその中で見つけた温もりだけ 心にそっと閉じ込めた今日がまた 訪れる それは儚い夢のよう不思議と 高鳴る胸に 悪くない気がしたんだぼんやり眺めた空は どこまで続いてるのかな?もう少し あと少しだけ 遠くを見たくなった希望を持てば傷は増えて 痛みに慣れることもなくてその中で出会える優しさなら なんてね ふいに呟いた今日がまた 過ぎてゆく オレンジ色に染まる街どうして? 見慣れたはずの 夕陽がやけに眩しい何ができるの? この小さな羽で飛べるの?わからない それでも 信じてみたい重ねた 手のひらに 今さら言葉はいらない帰ろう 私の場所へ 暖かい陽だまりへときみといる陽だまりへと,,,,,,,,,,,,,,,,,,,,,,,,,,,,,,,,,,,,,,,,,,,,,
48,アポイント・シグナル,COLORFUL FE@THERS -Stella-,2021/01/20,月岡恋鐘,"いつもよりも早足 靴が立てるリズムもハートもその理由は単純 行かなくちゃ 約束の場所へでもトラブルつきもの 余裕持って出たのに oh my God通せんぼストリート 意地悪しないでまだ 始まってなくても 運命と分かってるのねえ だから諦めない 加速してこう今をチャンスにして!Wonderful distance, wonderful freestyle恋に決まった道なんてないよキミにたどり着いたら どんなルートもアンサーWonderful distance, wonderful freestyle軽やかに可憐に 一歩先へずっと私を呼んでいるアポイント・シグナル待っていて!電車の窓 うつろう景色 乱立する高層ビル見慣れなかった街も いつの間にか大好きだからシチュエーション 五里霧中でもね ひとかけらも怖くない前のめりアクティブに 恋していくだけもし 方向違ってたら 途中でまた乗り換えて最短距離じゃなくてもいい 目的地までざわめく想いのまま!I'll be more charming, I'll be more smiling心まっすぐに射止めてみたらキミはどんな表情してくれるかなクエスチョンI'll be more charming, I'll be more smiling片思いの毎日楽しんできっと駆け抜けてみせるアポイント・シグナル 未来へ!夢のままで終わらせない叶えちゃう予感しかない自信は特技 任せて!さあ 進もう ここからも!Wonderful distance, wonderful freestyle恋に決まった道なんてないよキミにたどり着いたら どんなルートもアンサーWonderful distance, wonderful freestyleほらね 一番のデートスポットでずっと私を呼んでいるアポイント・シグナル 待っていて!",,,,,,,,,,,,,,,,,,,,,,,,,,,,,,,,,,,,,,,,,,,,,
49,チョコデート・サンデー,COLORFUL FE@THERS -Stella-,2021/01/20,園田智代子,"どぅいどぅい どぅ～どぅいどぅい どぅ～どぅいどぅい どぅ～どぅいどぅい どぅ～トクベツ ゴージャスな日常 味わいたいけれどファ・ド ソレ ドーなの？（たまにだから いいんじゃない？）それなりに 空気や諸事情 気づかえるけれどちょっと ワガママ 言うよ！（たまには ねぇ！ いいでしょ？）ホットかれたら ハート冷めちゃうんだから ぎゅーっと手を繋いでくれなきゃ（るらら～）小さな幸せだってどこかへ飛んで行っちゃうよあなたのいつものカフェ 連れてって日曜のデート視線すら忙しい私のこと もうちょこっと見てよ～！今日のデザートささやかなご褒美あなたともっとこのとき 過ごしていたいちゅっちゅっ、I will be with youアイスる 甘苦いサンデーちゅっちゅっ、I will be with you恋して 溶けてゆくサンデーあーんどぅいどぅい どぅ～どぅいどぅい どぅ～どぅいどぅい どぅ～おたがいのごく普通ひとくち分け合うことはファ・ド ソレ スペシャル（そこんとこ 大事ね！）ほかの子が持っている才能 羨ましいけれど魔法 マイ オリジナル（そこんとこ 愛して！）やっぱ揺れちゃうハートアレもコレもって どうしよう隣のイチゴほど（まっかっか）だからぜーんぶ独り占め！油断しないで！ かまって！なんて伝えられたらいいけど月曜が近いよおしゃべりも遠回り私のそば もうちょこっといてよ～！今日のデザート食べたら終わっちゃうねふたりだけの週末 物足りないなOne, two, one, two, three, go!あなたとサンデー（あなたとサンデー）食べたらマンデー（食べたらマンデー）え～？月曜が近いよおしゃべりも遠回り私のそば もうちょこっといてよ～！今日のデザート食べたら終わっちゃうねふたりだけの週末 物足りないなちゅっちゅっ、I will be with youアイスる 甘苦いサンデーちゅっちゅっ、I will be with you恋して 溶けてゆくサンデーあーんどぅいどぅい どぅ～どぅいどぅい どぅ～どぅいどぅい どぅ～どぅいどぅい どぅ～どぅどぅ どぅどぅ！",,,,,,,,,,,,,,,,,,,,,,,,,,,,,,,,,,,,,,,,,,,,,
50,Sweet Memories,COLORFUL FE@THERS -Stella-,2021/01/20,大崎甘奈,ふざけあったりはしゃいでみたり笑いあったりすれちがったりぶつかりあったりケンカしてみたり毎日がいくつもの 宝物だからもっと もっとあなたのそばにいさせてSweet memories幸せは 見えないけど 感じられるから大好きの4文字じゃ足りないくらい大きく強い愛を大切なあなたに わたしらしく届けたいんだ話し合ったり分かちあったり支えあったり慰めあったり励ましあったり涙 流したりそれぞれに大切な意味があることをそっとそっと あなたは教えてくれたSweet memories喜びは いつも同じ カタチじゃないから見失いそうになることもあるよそれでも前を向いて交わした約束を わたしらしく叶えたいんだ別々の道をゆく その時が来ても大切に育った時間は背中を押してくれるからSweet memories幸せは 見えないけど 感じられるから大好きの4文字じゃ足りないくらい大きく強い愛を大切なあなたに わたしらしく届けたいんだ,,,,,,,,,,,,,,,,,,,,,,,,,,,,,,,,,,,,,,,,,,,,,
51,ハナマルバッジ,COLORFUL FE@THERS -Stella-,2021/01/20,小宮果穂,"Yeah, yeah, la-la-la, la-la-la-laYeah, yeah, la-la-la, la-la-la-laWoo, let's goめざましに 皆勤賞トースターに 三ツ星ココロにぎゅっとスタンプひとつずつ (はい ハナマル!)雨の街を見に行こう新しい靴で行こう真っ赤な傘で待ち合わせしよう お日様と水たまり ほうら 逆さま世界の あたしへそっちも 晴れそうだねぱぁっ!と咲いた青空へアンブレラ・ブレード 振りかざそう無敵な 素敵な 景色に ハナマルオンパレード秘密の場所にみんな呼びたい どうしようもなく宝島ハートに詰めたら 光るバッジになあれ sha-la-la-la! Hey!Yeah, yeah, la-la-la, la-la-la-laYeah, yeah, la-la-la, la-la-la-laハイヒールって面白い猫の背伸びのかたち履いたら 背伸び 夕陽が見えたよ大人 スゴい!渡り鳥 ほうら V字に飛ぶ空 ヴィクトリー!パトロールお願いしますVサインは合体パワーで ホシを作るシルシ美しい地球 こんなに きらめきワンダーランド地上が欲しい 怪人のボスの 気持ち 分かるような?少し悩ましい気分 バッジになあれ sha-la-la-la! Hey!長い長い 大人への階段って楽しいバリアモードを 剣フォームに傘を閉じて 出動!ぱぁっ!と咲いた青空へアンブレラ・ブレード 振りかざそう無敵な 素敵な 景色に ハナマルオンパレード秘密の場所にみんな呼びたい どうしようもなく宝島ハートに詰めたら 光るバッジになあれ sha-la-la-la! Hey!Yeah, yeah, la-la-la, la-la-la-laYeah, yeah, la-la-la, la-la-la-la",,,,,,,,,,,,,,,,,,,,,,,,,,,,,,,,,,,,,,,,,,,,,
52,リフレクトサイン,COLORFUL FE@THERS -Luna-,2021/02/17,Team.Luna,見上げた空が今 行き止まりに見えていても明日は隠れてる 暗がりのなかにそっと鼓動があるあやふやな闇にすくむ勇気の手を取るように千夜を駆け抜けてみよう君をつれて信じて めぐりめぐる未来を私の光で照らすよ悠然とまばゆい あの月になってそばにいるリフレクトサイン翳りを帯びている たたずむ半分のシルエット明日はまた違う微笑みで 世界をそっと眺めてる欠けているから何度でも満ちていけるんだろう新しい自分へと そう私もこぼれた まっさらな煌めきは君という光受けたからとめどなく変わって あの月のように輝くよマニフェストサインひとすじ 降りそそぎ続けたい二度とない 旅路の彼方へ立ち止まりまた走ってゆく 瞳のそばにいる信じて めぐりめぐる未来を私の光で照らすよ悠然とまばゆい あの月になってそばにいるリフレクトサイン,,,,,,,,,,,,,,,,,,,,,,,,,,,,,,,,,,,,,,,,,,,,,
53,誰ソ彼アイデンティティー,COLORFUL FE@THERS -Luna-,2021/02/17,田中摩美々,街中ですれ違うように顔の見えない誰かが喋っていた着せ替える言葉はいつもカラーバリエの意味さえないみたい茹だる熱さのアカと 冷めて沈んだアオを斜めに引いたラインから覗いているだけで理解ることでしょ?ツマンナイセカイでいいじゃない主張も無情に溶けて誰だったか分からなくなってくだけなの揶揄い甲斐の無い時代 興味だなんて失せて濁るように透明になるだけ暮れなずむ空と夜の闇の隙間誰ソ彼時只彷徨う取り繕う流行りの服も 紛れれば孤独と一緒歪に踊るワルツのズレにさえ気づかないじゃない否定のない肯定なんてね 無言でいるのと同じ口を開くほうが面倒だと思わない?揶揄い甲斐の無い時代 実在なんて見えない此処にいてもいないのと同じね蜃気楼のように現れ消え 掴めない欲しがっている振りじゃ本音なんて触れない欲しいなら捕まえてみればいいじゃない煩いくらいに眩しい声のする方へ退屈な運命は興味なんてないって言ってるのツマンナイセカイでいいじゃない 主張と無常を混ぜて複雑で綺麗なグラデーション染めましょ揶揄い甲斐の無い時代 斜めに引いたラインその隙間に溢れてる光に照らされてみたら見つけられる?だから誰ソ彼時只彷徨う,,,,,,,,,,,,,,,,,,,,,,,,,,,,,,,,,,,,,,,,,,,,,
54,わたしの主人公はわたしだから！,COLORFUL FE@THERS -Luna-,2021/02/17,福丸小糸,Go! Go! Let's go! ジャンプ! ジャンプ! もっと!Go! Go! Let's go! ジャンプ! ジャンプ! もっと!背伸びをしても 簡単にバレちゃう!?だってみんなすごいでしょ人1倍! いや2倍? 3倍!?とにかく急がなくちゃ (待ってー)走って 走って また転んでダメダメなわたしだけど (本当に)大丈夫 大丈夫 言い聞かせて気持ち落ち着けたら 頑張ろー! (せいいっぱい!)もっと ちゃんとそつなく こなしたい (パッと)いつの日にか (ハイハイ) みんなみたいに (きっと)だから今日も居残り練習 (ファイト)後悔だけは (ハイハイ) したくないから (絶対)どんなに遠くたって (ずっと)追いかける 追いつくまで!Go! Go! Let's go! ジャンプ! ジャンプ! もっと!Go! Go! Let's go! ジャンプ! ジャンプ! もっと!ドキドキしたり そわそわしちゃうのはいつもわたしだけだ 何で!?ねぇどうして 堂々としてるの?とにかく付いてかなきゃ (待ってー)理想は よゆーで 何でもできて憧れられちゃったりして (パーフェクト)でもね でもね わかってるよわたしはわたしだもん 頑張ろー! (めいいっぱい!)もっと みんなといたい これからも (いっぱい)どんな瞬間も (ハイハイ) 一緒がいいな (いつも)重ね合った手握りしめて (ぎゅっと)同じ夢を (ハイハイ) 見つめていたい (ずっと)わたしの宝物が (全部)そこに詰まっているから!頑張ろー! せいいっぱい! Yeah 頑張ろー! めいいっぱい! Yeah頑張ろー! せいいっぱい! Yeah 頑張ろー! めいいっぱい! Yeah大好きな本の主人公だったら みんなみたいになれるのに大丈夫 大丈夫 言い聞かせてわたしはわたしだもん 頑張ろー!せいいっぱい! (もう) めいいっぱい!もっと ちゃんとそつなく こなしたい (パッと)いつの日にか (ハイハイ) みんなみたいに (きっと)だから今日も居残り練習 (ファイト)後悔だけは (ハイハイ) したくないから (絶対)どんなに遠くたって (ずっと)追いかける 追いつくまで!わたしの主人公は (ずっと)これからもわたしだから!Go! Go! Let's go! ジャンプ! ジャンプ! もっと!Go! Go! Let's go! ジャンプ! ジャンプ! もっと!,,,,,,,,,,,,,,,,,,,,,,,,,,,,,,,,,,,,,,,,,,,,,
55,また明日,COLORFUL FE@THERS -Luna-,2021/02/17,大崎甜花,一歩一歩 ゆっくりと前を向いて 歩いてゆこうお月様が顔を出せば また明日帰り道 二丁目の路地猫だけがご存知寄り道したあの日見つけた場所ひだまりに咲いている花太陽が友達懐かしい匂いの気どらない街見上げた空 茜色染まってく街 一番星いたずらに揺れる前髪 青い春一歩一歩 ゆっくりと前を向いて 歩いてゆこうお月様が顔を出せば また明日街灯に寄り添った木々家まであと少し明日も晴れるかな今日と同じように夜のしじま 小宇宙眠ってく街 流れる星お月様が顔を出せば また明日小さくて 平凡で頼りなくたって夢を (夢を) 見ると (見ると) 言うことが大事見上げた空 茜色染まってく街 一番星いたずらに揺れる前髪 青い春一歩一歩 ゆっくりと前を向いて 歩いてゆこうお月様が顔を出せば また明日,,,,,,,,,,,,,,,,,,,,,,,,,,,,,,,,,,,,,,,,,,,,,
56,常咲の庭,COLORFUL FE@THERS -Luna-,2021/02/17,杜野凛世,"袖が触れ合う度 実りはじけ想いの種 膨らみ今日も花で満ちるただ付いて行きたい一羽の雛鳥も空を目指すどうしてこれほど 水面 打つのでしょう風 嗚呼風 嗚呼日向を慕う まるで朝顔の仕草心は照らされて また息吹く常咲の庭後ろ姿の肩 綿毛ひとつ手のひらに そっと包む愛しい日々の栞賑やかに歩む足音華やかな風に揺れて襷へと変わる ふわり 光る日々ひと ふた吹雪けど盛り 積もる 水色の桜瞳を閉じていたい言葉をくださったからHa, ha 春夏Ha, ha 秋冬Ha, ha 変わらずHa, ha 萌ゆ風 嗚呼風 嗚呼紅みを秘める 青い紫陽花のようなこの頬 照らされて また息吹く常咲の庭",,,,,,,,,,,,,,,,,,,,,,,,,,,,,,,,,,,,,,,,,,,,,
57,プラスチック・アンブレラ,COLORFUL FE@THERS -Luna-,2021/02/17,三峰結華,"La, la, la, la, laLa, la, la, la, la, la, laLa, la, la, la, la, la, ah頭痛止め 切れた驟雨 今夜降るでしょう無数 歩く人人 人 人どうせ 失くす物どうして? 錆びてても尚両手で握りしめて 手離せない丸が欲しいの丸 正しいの丸 はみ出したくないわたしの表情 わたしの本性覆い隠せ すべてねえ 誰か見つけて誰も近づかないでビニールの傘の向こう 溶けてゆく夜降り注ぐ音から 世界から遮ったビニールの傘の中で 鼓動が疼くいい子 してること一応がやめられない置いてけぼり食らうのが こわかったのわかってほしい わかられたくないわからないでいてね濡れたままで 進むだなんてありえないって ほんとにぶつからないように 隙間を縫ってきたのビニールの傘の向こう 行く先はどこ絶え間なく流れる ホワイトノイズみちてたビニールの傘の外の 街鳴り 聴いてたねえ 誰か見つけてぶつからないように隙間を縫ってきたのビニールの傘の向こう もう 曇り空何もかも滲んだ 世界から 今からビニールの傘を閉じて まぶたを開けてLa, la, laLa, la, la, laLa, la, laLa, la, la, laLa, la, laLa, la, la, laLa, la, la, woo頭痛止め 切れた驟雨 今夜降るでしょう無数 歩く人人 人 人",,,,,,,,,,,,,,,,,,,,,,,,,,,,,,,,,,,,,,,,,,,,,
58,Going my way,COLORFUL FE@THERS -Luna-,2021/02/17,和泉愛依,"もう迷いはないよ 自分で決めた道に目指したマイルストーンが この胸にあるからどんな向かい風も 立ち向かっていくのは絶対譲れない意地があるからI'm going my way for keep on shining 決心(こころ)貫くよNever gonna give up, I don't wanna regret誰にも負けない熱い鼓動を感じて!真っ直ぐな気持ちは 道を切り拓いて手に入れた自信が プライドに変わってく変化する世界で 進化できた時にはきっと最高に輝けるからI'm going my way for keep on shining 駆け抜けていくよNever gonna give up, I don't wanna regret時代を巻き込んで光る姿を魅せるよ!困難に倒れても 何度でも立ち上がりこの生き様を見せつけるからI'm going my way, I'm going my way決心(こころ)貫くよNever gonna give up, never gonna give up誰にも負けないI'm going my way for keep on shining 駆け抜けていくよNever gonna give up, I don't wanna regret時代を巻き込んで光る姿を魅せるよ!",,,,,,,,,,,,,,,,,,,,,,,,,,,,,,,,,,,,,,,,,,,,,
59,雪・月・風・花,COLORFUL FE@THERS -Luna-,2021/02/17,幽谷霧子,触れたら溶けてく なにも語らない妖精寂しくないようにと会いに来てくれた刹那の雪真昼を見下ろす ぼんやりがちな半分焦らなくていいんだねお返事みたいに雲隠れた弓張り月ゆらゆらとやさしく やさしく 隣にいてくれる俯く日はみんなの心を感じようほどいて ほどいて 揺れるわだかまりを霧の向こうには澄んだ空待ってるいつもうろたえて迷う 瞳を宥めたのは髪を梳いていった夢見る魔法をかけるような若葉の風そよそよとざわめく ざわめく 誰かの思いにもそっと寄り添う 勇気を撫でてく気配ささやき ささやき か弱くなる一歩のすぐそばでほら聞こえてるあったかい声残酷にも見えそうなこの世界には君がいるよ一瞬をつむいで物語を編む美しい花ひらひらとやさしく やさしく 隣にいてくれる俯く日はみんなの心を感じようほどいて ほどいて 揺れるわだかまりを霧の向こうには澄んだ空待ってるいつも いつでも,,,,,,,,,,,,,,,,,,,,,,,,,,,,,,,,,,,,,,,,,,,,,
60,スローモーション,COLORFUL FE@THERS -Luna-,2021/02/17,風野灯織,立ち止まった ふいに交差点で読み返すキミのメッセージすれ違う光も さっきからスローモーション見惚れる 切り取った絵画みたいなトキこんなにも 暖かい気持ちあっただなんて初めての私になっていくあの日から 少しずつキミの心を明るくする小さな灯りになれたらいいな今まで 走り続けてきたね退屈だった日々 忘れて振り返れば こんなに遠くまで来てたんだね一人で平気だと思ってたよでも最近じゃ 帰り道すら 寂しくなるの見守っていてくれたんだよね最初から ずっとずっとだから私は来られたんだ ここまでヒカリを追いかけていたあれはシリウス冬の夜空のスクリーンにも浮かんだトライアングル笑う三日月 いつか上手に「ありがとう」伝えられたら初めての私になっていくあの日から 少しずつキミの心を明るくする小さな灯りになろうなれるのかな見守っていてくれたんだよね最初から ずっとずっとだから私は来られたんだ ここまでヒカリを追いかけていたヒカリを追いかけていた,,,,,,,,,,,,,,,,,,,,,,,,,,,,,,,,,,,,,,,,,,,,,
61,千夜アリア,COLORFUL FE@THERS -Sol-,2021/03/10,白瀬咲耶,"「連れて行くよ」諦めてしまえば 楽だからなんて戯言さ呆気なく 今 突き放せる 思いだけじゃない大きな夕日まるで 降伏を迫るように空を渡って沈んでいく そんな気がするのなら手を取ってしまおう世界に怯えないでいいオレンジが今 消え去っても行くんだ 斜陽の向こうへと願いを込めた昔話のように幾度も 幾度も 口ずさんだならやるせない夜など きっとすぐ駆け抜けてしまうだろう暮れなずむ空の下で 靡く歌はその胸に預けたい千夜のメロディ (midnight swear) 叶うなら未来へはキミと(Oh, song goes on)見て見ぬ振りすれば やり過ごせそうな瞬間を見過ごせず 立ち止まってるのは 弱いわけじゃない街を切り取ってゆく 我が物顔の黄昏もしも今日が朽ち果てても そこで終わりじゃないから 鮮明な心を明日へと渡してみたい傷も 期待も まだらのままで残照に 瞳が 揺らめくままで 光った流れ星を追いかけよう焦がれて 遠くて 眩しい道ゆきとめどない寂しさ知るほど側にいたくなるよ暗がりの空へ 響いてゆく歌がその胸を温めていますように 「連れていくよ」 太陽 翳る時も臆せずいられる約束の日まで流れてくアリアの旋律いつか来る日を信じて 願いを込めた昔話のように幾度も 幾度も 口ずさんだならやるせない夜など 二人は駆け抜けてしまうだろう暮れなずむ空の下で 靡く歌は その胸に預けたい千夜のメロディ (midnight swear) 叶うなら未来へはキミと",,,,,,,,,,,,,,,,,,,,,,,,,,,,,,,,,,,,,,,,,,,,,
62,Damascus Cocktail,COLORFUL FE@THERS -Sol-,2021/03/10,有栖川夏葉,Ah 純金製の翼? 美しいだけじゃ 脆いのよ女神に要るのは 豊かな木の葉の強さMy determination まだ遠いわUnsatisfaction 燃えてくるの幾千億の星の向こう目指しても果てが無いなんて 研ぎ澄ませていたい誇る heart and body 華々しさもしたたかさも熱く 鮮やかなカクテルのように吐息も残らず 注いだ passion 見せてあげるわ贅沢ね ペガサス空も大地も 譲らないそんな神話の幻想も私に委ねていいわ Soul of an emerald 過ちさえLa Buena Vista 焼き付けていたい持って生まれた原石を極限よりも磨き尽くすまで 可憐でフィジカルに blazingIt's like a Bloody Mary 1秒前の自分に勝っていたいの鋼より強くジュエルのように花は枝葉が咲かせることを見せてあげるわMy determination 高い壁ほど Unsatisfaction 燃えてくるの幾千億の頂点で輝くために注ぎ尽くすだけ研ぎ澄ませていたい誇る heart and body 華々しさもしたたかさも熱く 鮮やかなカクテルのように吐息も残らず 溶かしましょうフィジカルに blazingIt's like a Bloody Mary 1秒前の自分に勝っていたいの鋼より強くジュエルのように花は枝葉が咲かせることを見せてあげるわ,,,,,,,,,,,,,,,,,,,,,,,,,,,,,,,,,,,,,,,,,,,,,
63,Darling you!,COLORFUL FE@THERS -Sol-,2021/03/10,桑山千雪,ずっとずっと待っていたなによりもだいじな記念日止まらないワクワクとカウントダウンしたの ドライブ テーマパーク 映画館 ミュージアムそうだ ショッピングや公園デートキミを楽しませたいんだ Darling you！ 笑顔がいっぱいハートに焼きつけたいふたりだけの思い出つくろうカラフルな箱のなかには 大好きを詰めようリボンをかけたら forever 二度とない「今日」だから特別な一日にしたいドキドキしちゃうけれどサプライズしてみるの いちごのホールケーキ 手作りで用意してちゃんと ロウソクも忘れずにキミを喜ばせたいからOnly you! 幸せいっぱいハートを振るわせたいふたりきりの時間をすごそうカラフルな箱をあければ 大好きがあふれるリボンをほどいて forever Darling you! 笑顔がいっぱいハートに焼きつけたいふたりだけの思い出つくろうカラフルな箱のなかには 大好きを詰めようリボンをかけたら forever,,,,,,,,,,,,,,,,,,,,,,,,,,,,,,,,,,,,,,,,,,,,,
64,あおぞらサイダー,COLORFUL FE@THERS -Sol-,2021/03/10,市川雛菜,パッパッドゥワッパ パッパッドゥワッパパッパッドゥワッパ パッパッドゥワッパ ねぇ 話聞いてる? よそ見なんてしないで (だめだよ?) 誰よりも可愛い? 教えて胸がトクンってちょっぴり 音がね 聞こえたの (ワクワク)なんだか気になるの～? 知りたい? (ヒ・ミ・ツ) 宙に舞って跳んでみたい 広いそら 自由気ままにステップときめいちゃうマイハート 楽しくってしあわせなこと キラキラ溢れてるだからね 毎日探してるの きみの横で (パッパッドゥワッパ) シュワシュワっと(パッパッドゥワッパ) サイダーみたい(パッパッドゥワッパ) ジュワジュワって(パッパッドゥワッパ) 弾けちゃう前にジュッジュワ ジュッジュッジュワ～ ねぇ 今って何時? あれ? もうこんな時間? (びっくり)忘れちゃうくらい 今日 すっごく楽しかった!最近たくさん頑張ったから 何か甘いもの食べいこ～あれもこれも一つになんて 選べないよね 宙に舞って飛んでみたい 広いそら 風と追いかけっこ捕まえてみてよ 嬉しくってしあわせな時 頭撫でてくれる? それともぎゅっとしたって良いんだよ? きみ次第で (パッパッドゥワッパ) シュワシュワっと(パッパッドゥワッパ) サイダーみたい(パッパッドゥワッパ) ジュワジュワって(パッパッドゥワッパ) 弾けちゃうスマイリー(ワクワク ワクワク)シャボン玉一緒に飛ばそう 水玉模様にデコレーションそしたらね あおぞらが サイダーに見えるかなシュワ シュワ 泡 ジュワー 楽しくってしあわせなこと キラキラ溢れてるだからね 毎日探してるの きみの横で (パッパッドゥワッパ) シュワシュワっと(パッパッドゥワッパ) サイダーみたい(パッパッドゥワッパ) ジュワジュワって(パッパッドゥワッパ) 弾けちゃう前にジュッジュワ ジュッジュッジュワ～ ジュッジュワ ジュッジュッジュワ～ ジュッジュワ ジュッジュッジュワ～ ジュッジュワ ジュッジュッジュワ～,,,,,,,,,,,,,,,,,,,,,,,,,,,,,,,,,,,,,,,,,,,,,
65,SOS,COLORFUL FE@THERS -Sol-,2021/03/10,黛冬優子,キミに fall in love 恋の SOS ずっと胸が苦しいんですハヤク rescue 「好き」のテレパシーに早く気づいて!初めて出逢ったときから ハートが震えてたんだよ無意識に意識しちゃう この感じはきっと (重症です) 目と目合うだけで顔が熱いの話しかけられて頭がパニックドキドキし過ぎて会話続かないどうすればいいの? こんな気持ちを(キミとの相性診断) 星占いなら so good so good (トモダチなんかじゃないよ) ときめいてるキミに fall in love 恋の SOS ずっと胸が苦しいんですハヤク rescue 「好き」のテレパシーに早く気づいて!これは fall in love 恋の SOS もっとキミに近づきたい終わらせて 片想い my heart 全部抱きしめて キミが好きな音楽や 映画のことリサーチして SNS見るたびに イイネ押すの (アピールだよ)四六時中キミのこと考えて妄想しながら枕ギュってした明日はどんな服着ていこうかなキミ想うだけでなんか照れる (キミの名前を呼べば) ただそれだけでも dreaming dreaming(溺れそうな私を) 助け出して キミに fall in love 恋の SOS ずっと胸が苦しいんですハヤク rescue 「好き」のテレパシーに早く気づいて!これは fall in love恋の SOS もっとキミに近づきたい終わらせて 片想い my heart 全部抱きしめて,,,,,,,,,,,,,,,,,,,,,,,,,,,,,,,,,,,,,,,,,,,,,
66,過純性ブリーチ,COLORFUL FE@THERS -Sol-,2021/03/10,西城樹里,歩道橋に引っ掛かった レモン色の風船に何故か 心重ねる 風がやっと吹いた瞬間 遙か高く消えてった Ready go 負けられないね もしも あの日 あれを こうしてたらって行ったり 来たりも 答えになるって広がる明日へ 見せに行こう 追い風が「走れ」って言う今はがむしゃらな spirit踏み出して (hey) 飛び出して (hey) 描いて朝焼けが何度も呼ぶ真っ白なスタートへ スタンバイ駆け抜け (hey) 目指して (hey) 汗かいて踏み出して 飛び出して 描いて 駐車場で睨んできた 懐かなそうな野良猫が強く 逞しく見えた だけどのんびり欠伸して 深呼吸するひと時もAlright 大事って言える 肩の力 ひとり 入れすぎるって多分 みんな あること と思うから笑い合うまで 側にいるよ空耳が「元気か?」って言う親指を空へ good luck 振り向いて (hey) 前向いて (hey) 進んでひとり背中 向けても見放しちゃくれない世界で咲きかけ (hey) なんだって (hey) 微笑んで振り向いて 前向いて 進んで 追い風が「走れ」って言う今はがむしゃらな spirit 踏み出して 飛び出して 描いて朝焼けが何度も呼ぶ真っ白なスタートへ スタンバイ駆け抜け (hey) 目指して (hey) 汗かいて踏み出して 飛び出して 描いて,,,,,,,,,,,,,,,,,,,,,,,,,,,,,,,,,,,,,,,,,,,,,
67,HAREBARE!!,COLORFUL FE@THERS -Sol-,2021/03/10,八宮めぐる,ハレバレ! ガンバレ! キミなら出来る!フレフレ! ガンバレ! 私は見てる!気遣って遠慮して 黙って見守ってLove の形 いろいろあるけど いつもこの心で うずうずする言葉ぜんぶ 今日はキミに伝えちゃおうStarlight 見上げてた all night怖くない この世界 all right 叫びたい この気持ち OK!?これがね愛じゃなきゃなんだってんだ oh my friend!キミこそが only one!心で (心を) ギュっとしたい笑顔でいて欲しいだけど笑顔じゃない日も私が (まるごと) ギュっとしちゃう 大丈夫!ハレバレ! ガンバレ! キミなら出来る!フレフレ! ガンバレ! 私は見てる!めぐるめぐる季節 夢が降り積もるかぜのかぜの音は 空のきらめきあっとあっと言うまの 時を掴んで飛んで行こう ハイ fly high!リモコン壊れちゃった エアコンみたいだね熱い 想い 止まれない歌だ キミがキミであるコト それだけでいつだって私を助けてる 知っていたかな 揺るぎない愛だってんだ oh my friend！ キラキラの you're the one！ 想いは (届くと) 信じてる春夏秋冬がキミの姿を変えても私が (まるごと) ギュっとしちゃう 大丈夫！ ハレバレ! フレフレ ガンバレ! ハレバレ! フレフレ ガンバレ! ハレバレ! フレフレ ガンバレ! One two three four 全力で行こうキミがキミであるコト それだけでいつだって私を助けてる 知っていたかな 愛じゃなきゃなんだってんだ oh my friend!キミこそが only one!心で (心を) ギュっとしたい笑顔でいて欲しいだけど笑顔じゃない日も私が (まるごと) ギュっとしちゃう 大丈夫!ハレバレ! ガンバレ! キミなら出来る!フレフレ! ガンバレ! 私は見てる!,,,,,,,,,,,,,,,,,,,,,,,,,,,,,,,,,,,,,,,,,,,,,
68,statice,COLORFUL FE@THERS -Sol-,2021/03/10,浅倉透,風に吹かれて漂うように行き先なんてわからないまま夢を見ていた 名前のない物語 移りゆくその季節の中でどこかで聞いた懐かしい音こんな気持ちを 人はなんて呼ぶのかな 海のように深く どこまでも澄んでいる その音が名前をくれた 気づけば裸足のまま 駆け出してた さよなら「風」もう行くよ 飛べるかわからないけど行きたい場所を その理由を 心が見つけたから足跡さえない空へ それがどんな未来でもきみが隣にいる それだけで 何処までも 遠くまで旅に出たんだ 波に揺られて いつも何かを探してたんだきっと大事なものは 目には見えないから 間違えたっていい 遠回りでもいい 少しずつ進んでみよう 自分で選んで 決めたこの路を さよなら「今」もう行くよ 後ろは振り返らない誰のものでもない明日を この目に焼き付けたいいつの日にか思い出す そんな瞬間を 軌跡を隣にいるきみと 振り返る その日まで 遠くまで 信じてみよう 自分で選んで 決めたこの路をさよなら「風」もう行くよ 飛べるかわからないけど行きたい場所を その理由を 心が見つけたから足跡さえない空へ それがどんな未来でもきみが隣にいる それだけは 変わらない いつまでも,,,,,,,,,,,,,,,,,,,,,,,,,,,,,,,,,,,,,,,,,,,,,
69,SOLAR WAY,COLORFUL FE@THERS -Sol-,2021/03/10,Team.Sol,輝きはエスカレート (限りなくエスカレート)何処までも solar way (果てしなく solar way)微笑むまで照らしたいどんなときも逃がさないそばにいるよ元気出してYeah yeah山も谷もケ・セラ・セラ風も雪もエトセトラ躓いてもオール O.Kヘキレキでも平気で行こうお気楽さも勇気でしょう?明日は金色その手の地図は 嵐が来てもきっとほらね 開くんだね煌めかせるから溢れ出す brightness (限りない brightness)止めどなく passionate (果てしなく passionate)笑うなら一緒が 唯一条件ね後ずさる退路も (振り出しの退路も)逃さず照らすから (残らず照らすから)赤裸々でもいいじゃない包み込んで見せましょうその笑顔に さあ 光あれYeah yeah目指す場所はエクストラ胸の音はオーケストラ気負う日もあるねイチかバチかそんなんじゃない夢も空も無限でしょう?半分は持って「ゆっくりで良いよ」そういう言葉をそっと交わす ふとくすぐる陽だまりの中で輝きはエスカレート (限りなくエスカレート)何処までも solar way (果てしなく solar way)「ごめんね」がハモると 無敵だね横殴るスコールも (立ち止まるスコールも)吹き飛ばすサンシャワー (晴れ渡るサンシャワー)微笑むまで照らしたいどんなときも逃がさないそばにいるよ 元気出して顔を背けて 隠してもいいよそっと明かり 灯せるように寄り添ってるから溢れ出す brightness (限りない brightness)止めどなく passionate (果てしなく passionate)笑うなら一緒が 唯一条件ね後ずさる退路も (振り出しの退路も)逃さず照らすから (残らず照らすから)赤裸々でもいいじゃない包み込んで見せましょうその笑顔に さあ 光あれ,,,,,,,,,,,,,,,,,,,,,,,,,,,,,,,,,,,,,,,,,,,,,
70,Resonance⁺ ,L@YERED WING 01,2021/04/14,シャイニーカラーズ,"For layered wing, for layered song空に瞬くあの星が名前を持つように私たちのこの羽根にも名前があった一人一人が探し集めた輝きを合わせて明日を照らす小さな光になったずっと待っていた (ah 重なる時を)信じて紡いだ (言葉で)織り成す七つの願いを (込めて)歌になれだから精一杯の声で 最高の笑顔で空を描いて行くよ ここで光るよ今日までの軌跡 (点と線が)描いた この景色は何一つ当たり前じゃなくてだからこそ全てが愛しくて精一杯夢見た 精一杯手を伸ばしたそしてまたスタートを切った 陽の当たる場所へ弾け跳んだ光は 弧を描いて宙へ真っ新なストーリー もう一度繋ぐよ 繋いでみせるLa la la la la la, la la la la la la混ざり合えない色にさえきっと意味があるんだ完璧じゃないグラデーションそれでもいいんだ星は零れて 流星になり足元を照らしたそれはきっとあなたがくれた希望だ群青の月夜に (ah 優しく光る)灯りの名前は (希望だ)私たちだけじゃ描けない夢が 今があるだから精一杯の声を この空に浮かべてあなたに届けたいよ 伝えに行くよまだ暗い夜空に ひっそりと輝く 私たちを見つけてくれた始まりの場所この羽根に虹が生まれた場所精一杯叫んだ (精一杯声枯らした)そしてやっと巡り合った (今は終わらない)輪を描いた光は 線になって宙を白く白く 染め上げる眩しさ越えたスケールでさあ 七色を越えて 更に鮮やかにLayered wing layered songまだ見ぬ (誰も知らない) ステージの上 (降り注いだ)光纏い (新しい) 希望になれだから精一杯の声で (最高の笑顔で)空を描いて行くよ (ここで光るよ)今日までの軌跡 (点と線が)描いた この景色は何一つ当たり前じゃなくてだからこそ全てが愛しくて精一杯夢見た (精一杯手を伸ばした)そしてまたスタートを切った (陽の当たる場所へ)弾け跳んだ光は 弧を描いて宙へ真っ新なストーリー もう一度繋ぐよ 繋いでみせる舞い上がれ 虹を越えて",,,,,,,,,,,,,,,,,,,,,,,,,,,,,,,,,,,,,,,,,,,,,
71,Color Days,L@YERED WING 01,2021/04/14,シャイニーカラーズ,"Baby baby are you ready? (Uhu...)Baby baby are you ready? (Ah..., Hh...)Baby baby are you ready? (Hey!)Good life with color daysあーどうしたの？今日の私 なんかfeel happyもう見慣れたはずの街の色もchangingOne by one (Ah yeah)街ゆく人波に say hello! (Yeah yeah yeah)なんでもできそうよ 空も飛べる maybe (Oh yeah)新しい自分と (Let's break out my shell)巡り会えた気分 (Oh yes! C'mon!)Baby! 気ままに自由に楽しめば全部がハッピーエンドLet's sing a songLet's sing a sing a song(Ready? Ready?)Let's sing a songLet's sing a sing a song(Good good life)重なったグラデーション予想外でもきっと That's all right!Dance and bounceJust dance and bounce(Ready? Ready?)Dance and bounceJust dance and bounce(So let it go!)試着してみたいのGood life with color daysあー最悪タッチの差でI missed my trainファッションもメイクも崩れたって I don't care「Command＋Z」じゃ (Ah yeah)何も変わらないの (Yeah yeah yeah)いっそ監壊して自分探しagainどうせいつものコーデのままじゃしょうがないし何も恐れずにBrand new world高鳴るココロ (Oh yes! C'mon!)Baby! 今日はいつもより目の前の世界がcolorfullyLet's sing a songLet's sing a sing a song(Ready? Ready?)Let's sing a songLet's sing a sing a song(Good good life)誰も真似できないオリジナリティー見つけるのDance and bounceJust dance and bounce(Ready? Ready?)Dance and bounceJust dance and bounce(So let it go!)試着してみせるのBaby baby are you ready? (Uhu...)Baby baby are you ready? (Ah..., Hh...)Baby baby are you ready? (Hey!)Good life with color daysDon't feel so far away!Baby! 気ままに自由に楽しめば全部がハッピーエンドLet's sing a songLet's sing a sing a song(Ready? Ready?)Let's sing a songLet's sing a sing a song(Good good life)重なったグラデーション予想外でもきっとThat's all right!Dance and bounceJust dance and bounce(Ready? Ready?)Dance and bounceJust dance and bounce(So let it go!)試着してみたいのGood life with color daysDon't feel so far away!Good life with color daysLet me count1, 2, 3, 4Your colors!",,,,,,,,,,,,,,,,,,,,,,,,,,,,,,,,,,,,,,,,,,,,,
72,PRISISM,L@YERED WING 02,2021/05/19,イルミネーションスターズ,プリズイズム yeah! プリズイズム yeah! 世界は不可思議 不思議に可能性が詰まっている ワケは知らないけど 確かに輝く オーロラが夜を照らした なんで出逢えたの? どうしてこんなに君が大切なんだろう きっとそんな事は不可思議のままで 今触れ合える 手と手がすべての答えなの (So we are!) プリズイズム エターナリズム 色彩は無限大 (oh yeah!) これ以上の宝物なんて どこにもない! ねぇそう思わない? リズイズム エターナリズム 重ねてきた日々の中で (oh yeah!) 集めてきた光を放つよ ずっとずっとずっと変わらないよね プリズイズム yeah! プリズイズム yeah! 絆は不可視で 不安にさせようとするみたいね 掴めはしないけど 確かに煌めく オーロラもほらちゃんとここにあるよ 風に運ばれて ぶつかる光と空気の粒 偶然じゃないの 運命じゃないの 探しあてて見つけたよ そうじゃなきゃなんで あの日誰にも言えなかった心の中 見透かしたみたいに微笑みかけたの 今繋いでる 手と手ですべてが伝わるよ (So we are!) プリズイズム エターナリズム 私達無限大 (oh yeah!) これ以上の宝物なんて 必要ない! ねぇそう思わない? プリズイズム エターナリズム たくさんある星の中で (oh yeah!) 強く優しい光でいたいね ずっとずっとずっと一緒にいよう どんなに時が過ぎて どんな事があっても 私はそばにいるよ いつでも fuプリズイズム エターナリズム 色彩は無限大 これ以上の宝物なんて どこにもない! そう思うの プリズイズム (yeah!) エターナリズム 重ねてきた日々の中で (oh yeah!) 集めてきた光を放つよ ずっとずっとずっと ずっとずっとずっと変わらないよ プリズイズム yeah! プリズイズム yeah! プリズイズム yeah! プリズイズム oh yeah! Fu,,,,,,,,,,,,,,,,,,,,,,,,,,,,,,,,,,,,,,,,,,,,,
73,スマイルシンフォニア,L@YERED WING 02,2021/05/19,イルミネーションスターズ,響け 夢の果てまで!スマイルシンフォニア響け 空の果て あなたのココロへひらひら 織り重ねている頭の中 今日までのキセキを (キセキを)ふわふわ 舞い上がってゆく (ふわり)幸せが溢れてしまいそうひとつのココロは些細なことで潰されそうにもなるけど重ね合わせれば 強くなれる そう教えてくれた大丈夫 泣いたりしないよもうちゃんと胸に 刻まれてるあなたの優しい笑顔奏でるよ 私が貰ってきた輝きのハーモニーほら スマイルシンフォニアチカチカ 嬉しそうにきらめいた明日をカーテンのすみから覗いてみるひとりの時間に誓いを立てる鏡を真っ直ぐ見つめて私も誰かの 支えでいたい そう呟くんだ大丈夫 迷ったりしないよもうちゃんと声は 聞こえているあなたがくれる言葉奏でるよ 私を作っている希望へのハーモニーもっと 輝けるから私をちゃんと見ていてね一歩一歩 光の先へ 導かれているみたい大丈夫 泣いたりしないよもうちゃんと胸に 刻まれてるあなたの優しいぬくもり奏でるよ 私が貰ってきた輝きのハーモニーほら スマイルシンフォニア夢の果てまで響け 空の果て あなたのココロへ 響き渡れ!,,,,,,,,,,,,,,,,,,,,,,,,,,,,,,,,,,,,,,,,,,,,,
74,abyss of conflict ,L@YERED WING 03,2021/06/09,アンティーカ,"World is still muddy todayI've poor visibilityEverlasting abyss 終わらない深淵Without this conflict, she wouldn't have diedまた一つ消える ヒカリ韜晦 ワナ張ってる擬態 善と悪にしたり顔した無惨な正義がWhy alive? どうして人は争い続ける 果てるまでWhy alive? 聞こえた (why alive? Oh why alive?)深海に溶けない ひずんだ悲しみが手を伸ばしたら 砂で濁ってく矛盾だらけの世界どこまでゆくのWorld is still muddy todayNo use worrying about itCan't help thinking about it 身動きも取れずに毎秒とめどなくI wish I were some other creature 無力さを飲み込んでしまう使い古されたデュアリズム -二元論-その目を睨んだCry a lot 奈落で繰り返される明滅 誰のものCry a lot 願いを (cry a lot, oh cry a lot)秘めて抗った 切ない心臓が喰い荒らされて 空虚な躰ひそやかな深層へ沈んでいった一人 眠って ただ永らえる息がうるさかった何も 出来ないそれでも僕はここにいるWhy alive? どうして人は争い続ける 果てるまでWhy alive? 聞こえた (why alive? Oh why alive?)深海に溶けない ひずんだ悲しみが消えゆくために生まれたんじゃないたとえ赫きが一瞬になっても手を伸ばしたら 砂で濁ってく矛盾だらけの世界ヒカリはどこに答えを探せヒカリはそこに",,,,,,,,,,,,,,,,,,,,,,,,,,,,,,,,,,,,,,,,,,,,,
75,革命進化論,L@YERED WING 03,2021/06/09,アンティーカ,"別に本気は変わらない但し 一段 上げたギア髪掠めて去った銃弾悪フザケには迎撃を(Wow oh oh)強気なフリ?違ういつもは見せてないだけ(Wow oh oh)火が点いたら退路を焚べ 前だけを照準なら煙の向こう 躊躇いなく機を穿て (wow oh oh, wow oh oh)もう一度世界が目覚めさせた眼差しでBring it on 切られ火蓋が 巻き込んだ空 valhalla (wow oh oh, wow oh oh)極限 渡り合う その未来を今あげるよ昨日よりも 一歩 渦中へ煤けた頬を風さらし安全圏 抜け出して傷を作るのなら本望(Wow oh oh)来るなら来てチェックメイト悪く思わないで(Wow oh oh)時は加熱幕が開くの待つように太陽へとって擦れ違う 不可能をギリ躱して (wow oh oh, wow oh oh)この手は運命を操るだろう 得意気にDanger zone 身を躍らせて 終末を飼い慣らせ (wow oh oh, wow oh oh)刹那を切り開くためのカギは渡せないよさあ wow oh oh次の革命目撃しなよConfusion world照準なら煙の向こう 躊躇いなく機を穿て (wow oh oh, wow oh oh)もう一度世界が目覚めさせた眼差しでBring it on 切られ火蓋が 巻き込んだ空 valhalla (wow oh oh, wow oh oh)極限 渡り合う その未来を今あげるよ",,,,,,,,,,,,,,,,,,,,,,,,,,,,,,,,,,,,,,,,,,,,,
76,クライマックスアイランド,L@YERED WING 04,2021/07/14,放課後クライマックスガールズ,(Welcome to wonder climax island)(Climax island)パスポートを拝見しますわっくわく したいハート持ってる? みんな持ってる!から お通り下さい エントランス回る スリル 最高速度は絶叫したい気持ちのあなた次第ジェットコースター踊るオバケたちと フリーハグ魔女の占いも サービス中 ホラーハウスずーっと ぐるぐるゴーランド退屈してる馬もレースばかりのゴーカートオバケも 整列だファンファーレ イン ザ スカイパレードはブリリアントさあ響かせよう 大いなるオンリーワンせーのっ! 大地のビート 海と風のコーラス今日は地球がライバルだ (hi)ねえ この瞬間 最高だって気持ち届いてる?その手叩いて このトレジャー 夢じゃ無いんだって絶好調(Welcome to wonder climax island)(Climax island)罠だらけ ピラミッドYouも果敢にいらっしゃいロマンと勇気と 知恵と気力の ラビリンスチョコパ (パスタ) タイやき (きなこ)コロッケ (ケーキ) キウイ (イチゴ)ここで一息 レストラン困った顔を探そう観覧車 出発誰かとはぐれたの?落とし物しちゃったの?笑顔は何処いったの?一緒に 探索だジャンボリー イン ザ パークカレイドなカーニバルまぶたいっぱい 詰め込もうシャッターチャンス探した答えも 要らないやってくらいに笑い合えたら感激だ (hi)もう鳴り止まない 行進が 胸で鳴ってるでしょ?そのドキドキで そう出来ないわけ無い 何だって yeah夜空咲かせ 続いてくマーチ鼻歌だって brass band バンバンバン目が覚めたって 微笑むように世界七不思議の ひとつふたつ塗り替えとこうファンファーレ イン ザ スカイパレードはブリリアントさあ響かせよう 大いなるオンリーワンせーのっ! 大地のビート 海と風のコーラス今日は地球がライバルだ (hi)ねえ この瞬間 最高だって気持ち届いてる?その手叩いて 足音たて 歌おうよ どこまでも進んでこう このトレジャー 夢じゃ無いんだって最高潮(Welcome to wonder climax island) dada dada(Climax island tonight),,,,,,,,,,,,,,,,,,,,,,,,,,,,,,,,,,,,,,,,,,,,,
77,拝啓タイムカプセル,L@YERED WING 04,2021/07/14,放課後クライマックスガールズ,"(Hey, ho)(Bye, say, hello)ガードレールも 膨らむほどはしゃいでた帰り道あの頃 それが 全てみたいに身体中 風が巡ってたあの日の自分 今会えたら驚いてくれるかな? それとも 笑う? 相変わらずってもっとずっと 驚かそう夕焼けに 胸を張ろう想い出に I say helloいつかの言葉 嬉しかった泣きたい時 語り合えただから走れてるよ (just love 'n' peace)La la 拝啓 タイムカプセル (from myself)皆 第一志望 一緒じゃなかったんですでも大丈夫 ホッとしてよね 今でも側にいる (no more Neverland)たまにアルバム囲んで (ourself)写真と同じ笑顔 寄せ合ってもっと 目指してるからこれからも 想いも寄らない明日へ愛し足りないこのままで we goRight let's downぬいぐるみ ゲッツしたクレーンさばき騒いだ後 寝落ち気味水着バッグも重たくなり落ち葉で埋まった遊歩道桜が積もる道もはっ はっ 吐息の 白さ比べも変わらなく 続いてるよ失くしたもの ないよね? いつの間にかに みんな一緒に失くしてる かもしれないそれでも先に行こう (just try 'n' go)空震わす花火の音 (faraway)打ち上げ場所が何処か見えなくて手分けして 空見上げ いつでも追いかける (we are No.1)大人なんて言えはしないけど (ourself)日が暮れない魔法は無くて良いんだってそう もう 笑って言える想い出は 未来が咲かすものだから愛し足りないこのままで we go時は過ぎるよだからもう歩いてくよだけど大丈夫この胸にあるからずっとずっと 忘れないよDear my love タイムカプセル (from myself)やっぱ 第一志望 一緒じゃないんだってでもきっとね どんな未来も 同じ歩幅で行く (no more Neverland)たまにアルバム囲んで (ourself)写真と同じ笑顔 寄せ合ってもっと 目指してるからこれからも 想いも寄らない 明日へLa la la la la la la 未来を浴びようLa la la la la la la It's my lil graduationLa la la la la la la Yeah, here we go nowこれからも想いも寄らない明日へさあ 行くよ このままで ho ho(Smile, hi cheese, say hello)",,,,,,,,,,,,,,,,,,,,,,,,,,,,,,,,,,,,,,,,,,,,,
78,VOY@GER ,VOY@GER,2021/08/04,FIVE STARS!!!!!,この空の向こう側にはどんな世界が待ってるの?溢れ出した胸の鼓動で眠れない夜に水平線の向こうの方へ流星を追って伸ばした手さぁ、立ち上がって走り出したら旅に出よう、私と遠く遠くまで輝きを追いかけて好奇心のライト灯して君と描いた航路をゆこう溢れ出した胸の鼓動の加速装置に乗って星屑みたいな可能性から星座を繋いだ道標迷いも不安も今はないよ振り返る輝跡夜空の瞬き 今確かに指をかすめたきらめき準備はできている 君も私も飛び出そうよ さらにキラキラなんて言葉じゃまだ足りない星よりももっと眩しくアイは時代を未来を拓く光になるなれるからその目を離さないで私と行こう、今限りない願い抱いて飴色のレコード鳴らす歌うように星が揺れる溢れ出した胸の鼓動のリズムに乗っかって木星の雲 ステップ踏んで土星の輪っか ステージにしていつかみた流星を追い越して君を連れてくよ輝きの先We are the travelers太陽系を今旅立つ僕らはそう光になる思考自体変わるぐらいまばゆい世界届けたいAcross the Universe星の海を切り開くアイがほらじきに巻き起こすさシンギュラリティ何億光年だって君となら行ける、きっと無謀な夢を見て、叶えたいよ全部銀河を超えて(もっと遠くへ)宇宙を超えた先へI must go 君と見た夢の続きI must show 君を連れて行く光I must see 誰もまだ知らない先君のアイが私を照らしてくれるなら無限大なんて言葉じゃまだ足りない君とならもっと遠くまでアイは時間も次元も超える光になる見ていてね君と確かめに行こう輝きの先まで果てしない希望の中へ水平線の向こうの方へ流星を追って伸ばした手さぁ、立ち上がって走り出したら旅に出よう、君と遠く遠くまで,,,,,,,,,,,,,,,,,,,,,,,,,,,,,,,,,,,,,,,,,,,,,
79,パステルカラー パスカラカラー,L@YERED WING 05,2021/08/18,アルストロメリア,パステルカラー パスカラカラーインフィオレ 何度でもパステルカラー パスカラカラーミヒ トゥアレ デイディエインディエム愛の花びらで飾った 幸福論と踊ろうウェーリタース リーベラービト ウォース語るように 魔法をかけて夢を見せて あげるからねそうね 一番に最高の幸せは (幸せは)ちゃんと好きだって言えたときなのかもずっと 大事にしたままもいいけど (いいけれど)全部 まとめて デカルト hurry up! 計測してエピグラムのように 短く素直にねスーベラアイデンス その手に触れてパステルカラー パスカラカラーベルマーレ 染まるときパステルカラー パスカラカラーミヒ トゥアレ デイディエインディエム愛の香り つつまれた 進化論を歌おうウェーレ アク リーベレー ロクェレ語るように 魔法をかけてあげるからねなんで 不思議ね 余計なひと言が (ひと言が)軽々しく君を傷つけてしまうんだ寄り添えないときも 大いにあるでしょうアド イグノースカス そして口づけパステルカラー パスカラカラーインフィオレ 何度でもパステルカラー パスカラカラーミヒ トゥアレ デイディエインディエム愛の花びらで飾った 幸福論と踊ろうウェーリタース リーベラービト ウォース語るように 魔法をかけてパステルカラー パスカラカラーベルマーレ 染まるときパステルカラー パスカラカラーミヒ トゥアレ デイディエインディエム愛の香り つつまれた 進化論を歌おうウェーレ アク リーベレー ロクェレ語るように 魔法をかけて夢を見せて あげるからね,,,,,,,,,,,,,,,,,,,,,,,,,,,,,,,,,,,,,,,,,,,,,
80,ラブ・ボナペティート,L@YERED WING 05,2021/08/18,アルストロメリア,割れたウフ 溶けるシュクル舞うファリーヌ 香るプール温めたミエルのなか踊るエピス ドレッセしてキミと一緒なら それだけで満たされるココロちゃんと恩返ししたいから精一杯のおもてなしポッシュ シュシュシュ シュシュシュシュシュポッシュ シュシュ シュシュシュシュふわふわクレーム重ねてOh チュチュチュチュッ チュチュチュチュチュッチュチュチュチュッ チュチュチュッチュつやつやのグラセで仕上げTasty tasty昨日よりもっと特別な1日をどうぞHappy happy オーダーした恋のラブ・ボナペティートお味はいかがでしょうか?焼いたノワ 散らすバニラ並ぶシェール まとうショコラよく冷えたフロマージュに添えるミント アンフュゼ モアしゃぼん玉のように浮かんでは逃げてゆくココロちゃんと通わせていたいからどんなときもおもてなしルッシュ シュシュシュ シュシュシュシュシュルッシュ シュシュ シュシュシュシュキラキラカラメル加えてOh キュキュキュキュッ キュキュキュキュキュッキュキュキュキュッ キュキュキュキュピカピカのヴェセルに乗せてTasty tasty昨日よりもっと特別な私になりたいCharmmy charmmy リザーブした恋はラブ・ボナペティート追加はいかがでしょうか?キミと一緒なら それだけで満たされるココロちゃんと恩返ししたいから精一杯のおもてなししましょうポッシュ シュシュシュ シュシュシュシュシュポッシュ シュシュ シュシュシュシュふわふわクレーム重ねてOh チュチュチュチュッ チュチュチュチュチュッチュチュチュチュッ チュチュチュッチュつやつやのグラセで仕上げTasty tasty昨日よりもっと特別な1日をどうぞHappy happy オーダーした恋のラブ・ボナペティートお味はいかがでしょうか?,,,,,,,,,,,,,,,,,,,,,,,,,,,,,,,,,,,,,,,,,,,,,
81,Another Rampage,L@YERED WING 06,2021/09/08,ストレイライト,次元を超えた Passion制御不能な ActionTV(はこ)の中じゃもう 堪えきれずに Break throughして自由の在る世界 理性もキャラも崩壊Program(ルール)なんて この惑星(ほし)にはないLogicに縛られ(Lose my ray)感性見失ってた熱い鼓動で光線(ヒカリ)は暴れ出す本性がMiscastでもいいありのままの姿を曝け出して存在を焼き付けてあげるHey heyみんな見て見てよハロリンフワフワの大好き いーねわたしたち cute でしょ グッジョブ！Archiveさぁ Go goBreakdown 一切忘れて Get it outEverybody 巻き込んで Burn outLet's go Knock out 秒殺の乱打怖いもの知らずの無限大解き放たれた Another sideどっちかは選べない猛る叫びが光線(ヒカリ)を狂わせる唐突なDeja vu繰り返して本当の居場所分からなくなった時は手をとって連れ戻して欲しいDigitalの砂漠を 旅する私は何度も(何度も) 明日を占ってるOh Yeah熱い鼓動で光線(ヒカリ)は暴れ出す本性がMiscastでもいいありのままの姿を曝け出して存在を焼き付けてあげる創造が生まれると信じて選べないよ 一つの世界だけなんて自由でいいじゃんだってだって どっちの世界も現実(ホント)なんだもん,,,,,,,,,,,,,,,,,,,,,,,,,,,,,,,,,,,,,,,,,,,,,
82,Timeless Shooting Star,L@YERED WING 06,2021/09/08,ストレイライト,"Gimme gimme nowGimme gimme nowHey everybody, get ready!サーチライト踊る 夜の metropolis闇に紛れながら 色めく my heart街は光の渦 空から見下ろせばイメージの世界が 現実になった進化続けるAIの支配下で真価問われる human human human human今 時代が呼んでいる何も恐れるものはない確実に確実に 鮮明に鮮明に光を放ち駆け抜けろTimeless shooting star千の時を超えて oh I believe, I believeそう 輝き続けるよTimeless shooting star闇に咲く trinity, oh can't stop, can't stopもう 誰も止められないTake you higher, take me higher目にも止まらぬ速さで run-awayTake you higher, take me higherこの世界を手に入れて runaway(Ride on time, shake it make it)周りを見渡せば アンドロイドとスピナーSecurity の laser beam 秘密のドアTrap 掻い潜る スリルを快感に狂気じみたテンション attention please!千差万別な 夢追い人の中で千載一遇の fever fever fever feverもう 過去は振り向かない何も失うものはない覚悟して覚悟して 最高の最高の光を放ち駆け上がれTimeless shooting star千の壁を越えて oh break it out, break it outそう 闘い続けるよTimeless shooting star選ばれし trinity, oh glorious, gloriousもう 誰も追いつけない駆け抜けろTimeless shooting star千の時を超えて oh I believe, I believeそう 輝き続けるよTimeless shooting star闇に咲く trinity, oh can't stop, can't stopもう 誰も止められないTake you higher, take me higher目にも止まらぬ速さで run-awayTake you higher, take me higherこの世界を手に入れて runawayGimme gimme nowGimme gimme nowHey everybody, get ready!",,,,,,,,,,,,,,,,,,,,,,,,,,,,,,,,,,,,,,,,,,,,,
83,僕らだけの未来の空,L@YERED WING 07,2021/10/13,ノクチル,芽生えた 小さな胸の鼓動ゆらりゆらりと打ち寄せる波のようにどうしてずっと鳴り響くの？この気持ちの名前を僕らはまだ知らない眺めているだけじゃ 出会うこともないはずの明日(あす)が待ってる そんな気がしたんだ僕らだけの未来の空今は遠くて見えないけど いつか会いに行くよ 手を繋いで耳をすませば 響いてるこの音を道標に 行こう 信じて聞こえる 鼓動大きくなる気づけばまた息切らして走っていたどうして止まりたくないんだろう？この気持ちの名前を知りたいと思うんだろう？踏み出した昨日が 初めてを見つけた今日が明日(あす)を呼んでる そんな気がしたから僕らだけの未来へ今進もう 間違って迷いもするけれどはぐれないよう 手を繋いで同じ歩幅で いつまでも果てしなく続く道をきみと一緒にあの地平線の先に答えはあるのかな？分からないけど 僕らは駆け出したせいいっぱいに僕らだけの未来の空風に吹かれ どこまでも澄んでいく会いに行くよ 手を繋いで耳をすませば 響いてるこの音を道標に 行こう 信じて,,,,,,,,,,,,,,,,,,,,,,,,,,,,,,,,,,,,,,,,,,,,,
84,今しかない瞬間を,L@YERED WING 07,2021/10/13,ノクチル,今日もまた並んで歩く 帰り道の途中で見つけた紙飛行機僕らを 重ねるように 飛ばしたんだ 空へと高く遠くどんな小さな出来事でも きみと一緒だったら 物語りに変わるよ二度と来ない 今しかない瞬間を 眩しいくらい 駆け抜けよう当たり前は 当たり前じゃないんだ きみの隣で笑う日々がそんな毎日が宝物だ「また明日」手を振るきみの その背中が夕陽に小さくなっていく別れたばかりだけど もう 明日にほら 心は弾んでるよ今日も廻る この世界は 僕らを連れ出し 未来へ急かすように二度と来ない 今しかない瞬間を あきれるくらい 焼き付けよう偶然じゃない 運命でもないんだ いつも気づけばみんながいるそんな毎日が奇跡なんだ時が流れて 大人になって 今と違った 色をしててもずっと忘れない この景色を きみと見た空を二度と来ない 今しかない瞬間を 眩しいくらい 駆け抜けよう当たり前は 当たり前じゃないんだ きみの隣で笑う日々がきっと何よりも宝物だ,,,,,,,,,,,,,,,,,,,,,,,,,,,,,,,,,,,,,,,,,,,,,
85,OH MY GOD,L@YERED WING 08,2021/11/10,シーズ,"(Yeah!)(It's time for our new era)(Let's go!)Yeah-yeahWe're gonna fly so high (we're gonna fly so high)We're so much betterYeah今この空をハイジャック授けられたの my back羽ばたく you know who I am風も乗りこなすEverything's gonna be alright行けない場所なんてない自由自在の無二の存在なのHeyYou and I 持ち合ったEye to eye それぞれ視線は違えど we set the same targetYou onlyYou onlyOnly you have oneI onlyI onlyOnly I have one掛け合わせるわ今Oh my god Ey! It's not enoughブレることはないのShake it now! Shake it now!高鳴る two heartsShake it now! Shake it now!Oh my godEy! Nobody knows 折れないツバサをShake it now! Shake it now!掲げ high and lowShake it now! Shake it now!Oh my god得意まだまだこんなにハラハラ時にワガママWe wanna, we wannaHey, you have another play styleEvery time it makes me smile起きないように冷めないように高まる storyJust like cats尽きない興味ほどもつ趣味Never say sorry huh?Gimme gimme one more timeYou and I 信じ合いBy your side お互いどんな困難も 単純な行動よYou onlyYou onlyOnly you have oneI onlyI onlyOnly I have one掛け合わせたらほらOh my godEy! I got a cardゲームは制したのShake it now! Shake it now!高鳴る two heartsShake it now! Shake it now!Oh my godEy! Forever more輝ける理想をShake it now! Shake it now!掲げ high and lowShake it now! Shake it now!Oh my godShh!!Oh my god Ey! It's time now群れることは無いのShake it now! Shake it now!高鳴る two heartsShake it now! Shake it now!Oh my god Ey! Nobody knows 折れないツバサをShake it now! Shake it now!掲げ high and lowShake it now! Shake it now!Oh my godAy-yay-yay-ya-ya-ya-yah (hey!)Ay-yay-yay-ya-ya-ya-yah (ho!)Ay-yay-yay-ya-ya-ya-yahShake it now! Shake it now!Oh my godAy-yay-yay-ya-ya-ya-yah (hey!)Ay-yay-yay-ya-ya-ya-yah (ho!)Ay-yay-yay-ya-ya-ya-yahShake it now! Shake it now!Oh my god!",,,,,,,,,,,,,,,,,,,,,,,,,,,,,,,,,,,,,,,,,,,,,
86,Fly and Fly,L@YERED WING 08,2021/11/10,シーズ,"I'm here! Look higher!Not there anymore! I'm higher!Hey, you! Get higher!It's time to go!It's time to go!(We look!)I'm here! Look higher!Not there anymore! I'm higher! (Oh yeah, oh yeah)Hey, you! Get higher!You have to ready to go!(Shhis!)(Oh yeah, oh yeah)想像したよりもThat's so, so beautifulやっと辿り着いたPlace to beAnd feel the beatTaking off the ground眠りから醒めるThat shines so greenI'll tell you my storyLook aroundLook aroundLook around 瞬きさせないShow you nowShow you nowShow you now 覚悟は ok?Remember? 全身に衝撃まだまだ塗り替えて証明(Oh yeah!)世界中へ take you awayTake you away now!Fly and fly!誰もまだ見ぬ青空へI gotta go! I gotta go!In the sky翼 風に任せれば alright'Cause I know! Hey!Everything! What to do?最初から そう (hey) 決まっていたの (ho)羽ばたいて higherI can get higher信じるのは (hey) 自分の強さ (ho)灯した fireDon't be a liarFly and fly!Yeah!難解そうで 案外 easy答えはだいたい ""Yes or No""Don't think so badJust feel so goodThat's alrightYou can find the right wayTake you to the moon不可能知らずなMy wings of whiteI wanna sing all nightCome aroundCome aroundCome around 駆け引きしてもGive me upGive me upGive me up 勝機はないでしょ?Understand? ゴールなんて必要?分かりきってるでしょ実力(Oh yeah!)この空で wanna beWanna be free!Fly and fly!光掲げ 時を越えてKeep on going! Keep on going!In the sky翼 止めさせないで day and night'Cause I know! Hey!Everything! What to do?ブレたりしない (hey) わたしの未来 (ho)羽ばたいて higherI can get higher暗い空は (hey) 自分の弱さ (ho)灯した fireDon't be a liarFly and fly!着飾ることやめたから怯えた夜もあったけどありの (ありの) ままの (ままの) 私じゃないと 私じゃないわI'm here! Look higher!Not there anymore! I'm higher!Hey, you! Get higher!It's time to go!It's time to go!I'm here! Look higher!Not there anymore! I'm higher! (higher and higher)Hey, you! Get higher!You have to ready to go! (so I'll never let you go)Fly and fly!誰もまだ見ぬ青空へI gotta go! I gotta go!In the sky翼 風に任せれば alright'Cause I know! Hey!Everything! What to do?最初から そう (hey) 決まっていたの (ho)羽ばたいて higherI can get higher信じるのは (hey) 自分の強さ (ho)灯した fireDon't be a liarFly and fly!",,,,,,,,,,,,,,,,,,,,,,,,,,,,,,,,,,,,,,,,,,,,,
87,虹の行方 ,PANOR@MA WING 01,2022/04/13,シャイニーカラーズ,"探して行こう ずっと次の空をYeahh...そう あの時 手のひらに降りた羽根を 握った時 始まったあれは 誰の落とし物 だったの？どれだけその高さに 届いてるの？君が微笑む この時間を閉じ込めたい そう望むより(Yes, we know)この時を離さないまま (抱いたまま)照らすよ どんな 過去でも未来でも もっと歌おう 素顔 地図を 照らすような 永遠をひらけ 願いの翼もう届かない彼方が どんな優しい道でも何度でも 降る雨を 北風を 抜けながら光るのが 私の選んだ空たとえ 出会えてなくて 一緒に居ない世界でも君を響かせる光の歌胸の銀河を繋いで何処までも輝くCOLORS夢の先へ(Draw your rainbow)(Shine on your heart)現在 きのう あすへ無数に並ぶ扉駆け抜けたり 立ち尽くしたり可能性はいくつ煌いたの？Ah 違う旅を選んだ私もきっとそうだね 何処かで何かに励んでる(元気でね)正解を捨ててみたり嬉しいのに泣いてたくさん矛盾したら 遠くへ飛べた強く 憧れるまま 強い胸の音を隠したような羽ばたきでも誰かの 手のひらへ ひとひらが 落ちたなら新しい 希望に 変わって欲しい最果てはまだ光より遠くけど瞳は霞むことなく幾千と流れる叶え星が 溶けて巡るパノラマ大事な居場所こそがゴールでもなぜか みんな 手を伸ばすよそうだね ひとりじゃないずっとYeahh...この心から空へあの空から 彼方へと届く羽を信じてもう何も 怖くない この気持ち抱いていこう飛び方も 絆も 知ってるからたとえ 遠く離れても どんな風の世界でも君を呼び覚ます 翼の歌胸の銀河を繋いで何処までも輝くCOLORS夢の先へ何処までも 彩るから夢の先へ(探して行こう ずっと 次の空を もっと)照らせるから(探して行こう ずっと 次の空へ)届けるから 空へ",,,,,,,,,,,,,,,,,,,,,,,,,,,,,,,,,,,,,,,,,,,,,
88,Daybreak Age,PANOR@MA WING 01,2022/04/13,シャイニーカラーズ,"朝焼けが広がってく群青から手渡された希望の光景抱きしめて旅立ちたいほんの一歩だけでも向こうへあふれだす光に視界 遮られても羽ばたきたい (精一杯ただ) 未来までいつも奇跡は待ち望まないで掴み取れる人でいたい(私) 空と (ずっと) 同じ黎明を纏ってもしも期待へと色をつけてハートに灯してみたら(飛んだ) コントレール (それは)君からは虹に見える (だから)眩しさのなか 行けTry soaring now, yeah!ありふれた景色なのに暁は出会うたびに胸揺さぶるひとりでにこぼれたのは昨日も紡いでた歌声そう生まれてきて今日が何度目の朝だって輝きの質量は増してく (燃えてく)いつだって (yes, we are) Daybreak Age夢があるから諦めはいらない満ち足りてなくていいその先へと (行くための) 衝動になれいつも奇跡は待ち望まないで掴み取れる人でいたい(私) 空と (ずっと) 同じ黎明を纏ってもしも期待へと色をつけてハートに灯してみたら(飛んだ) コントレール (それは)君からは虹に見える (だから)眩しさのなか 行けTry soaring now, acceleration!きらめきはここから (また新しい)放物線を描くだろう (願いへ)だって誓った心のまま (brand new colors)翼は (brand new colors)、世界を知ってくから",,,,,,,,,,,,,,,,,,,,,,,,,,,,,,,,,,,,,,,,,,,,,
89,Killer×Mission, Synse-Side 01,2022/04/23,アンティーカ/ストレイライト,"煌めく空 底のない galaxy へとその夜 爪を立てたの 牙剥くように歪んだサーリアル 轟き裂くは lightning堂々 異彩になって ただ突き抜けてゆく ah潜ませた心で鮮やかに暴れたいなら 幕開けの引鉄はゆずれない閃け superlight すべてを飲み込んでこの世界 誰の手にも委ねないDon't be a crier anymore最高のショーを突きつけようさあ Killer×Mission竦んだ空気 oh ready set 乱して上等仮面を纏い 先へと 電光石火予感の向こう するりと裏読んで fly蝶がひらり舞うように そっと喉元目掛け ah誰も止められない 炎さえオーディエンスまた セオリーを書き換えて進んでゆくだけ... we gotta go!鮮烈な flash rays 二つの未来がすれ違い 瞳合わす 夢のように灯った inner blade 重なって今始めようかさあ Killer×Mission背中合わせの刺激とシルエットOne & only, violet & red駆け抜けろ！閃け superlight すべてを飲み込んでこの世界 誰の手にも委ねないDon't be a crier anymore最高のショーを突きつけよう一つきりの Killer×Mission",,,,,,,,,,,,,,,,,,,,,,,,,,,,,,,,,,,,,,,,,,,,,
90,相合学舎, Synse-Side 02,2022/04/23,放課後クライマックスガールズ/ノクチル,"Hi, hi, hi (yeah)Hey, come on, oh oh(Get down) 通学路はエビデイ暴走つーかマジ滑り込み無くそう月曜日 滑り出し快調です タッタッタまあ ほら 焦らない多分寝坊できた分健康体 (maybe)明日また会うのにねって言いながら長電話 (last night)はりきり 起立 エビバディ 礼小テスト スタンバイ いろはに hoIQか 愛嬌か 全教科 わちゃちゃはぁ 休み時間の度 昨日切った髪見せにくるのやめないまあ いいじゃん ちょっと聴いて?予鈴過ぎても饒舌です校庭を wow 窓から見下ろしてフレーフレー the 体力測定颯爽と走る君になんだかちょっと見惚れたんだShake it, shout it outしきたりや 平常のビジョン 浮上してく衝動きっと飛べるよね心は sky (spark)スプリンクラーの (sun) 天気雨に大きな 掴めない パノラマが生まれていきなり hey, hey, hey最強で yeah, yeah, yeah仕組みなんてわからないTing a ling ding dong (dang)もどかしさと (so) 紙一重で愛すべき 愛すべき ハレルヤが煌めく後から きっと 解ることなんて気にしないでいきましょうI don't rewrite 愛の未来 hi, hi, hi (yay)Three, two, one, joy体育祭だ yeah (yeah)合唱コンより blast (blast)実況席で マイクチェック応援団ぱり テステステス(Cool down) 後夜祭でしゃがむ白線の向こう側 (夕闇)パチパチ キャンプファイヤーぜっと見ていたい気分修学旅行 目から鱗名所 名物 総ざらい (that's right)真っ暗で 枕投げ敵味方なく ぽんぽんぽん最終日の消灯時間でまあみんな寝ちゃってますか起きてる (よ) 夜風に (ね)当たって話そうかAh 卒アルって 写真すべて使って欲しくない? (me too)どの時だって 分厚くってさながら大百科ただぽっとしてるのも好きだし没頭するのも悪くないボーっとまぶたを閉じたら校舎の窓から吹奏楽Let's turn aroundできたなら ねえいつか行こう 施錠された屋上もっと知りたくて揺らめく shine (shine)授業中の (so) 手紙なら上手く言えてる 切れ端に「ありがと」からかって hey, hey, hey茶化しても no, no, noどんな夢も笑わない四季爛々と (tone)抱き留めよう (yo)いつの日か 自分自身に忘れられる時間を過ごしてるのかもしれないけど笑顔で思い出すようにI saw the light 愛そうじゃない hi, hi, hi (yeah)Hey, come on, oh oh(Get down) 宿題だ テーブル結合食べ歩きにコンビニへ レッツゴー頬照らす河川敷でヤッホーうちの鏡だともうちょっとキュート混んだバスは基本パスがマストいいね 雨の日のプレイリスト ah空にうっすら浮かぶ金星が ほら遠すぎて 目も眩むほどでも怖くないよ マイ シェルター何処まで行けるかな走るよ 心は sky (spark)スプリンクラーの (sun) 天気雨に大きな 掴めない パノラマが生まれていきなり hey, hey, hey最強で yeah, yeah, yeah仕組みなんてわからないTing a ling ding dong (dang)もどかしさと (so) 紙一重で愛すべき 愛すべき ハレルヤが煌めく後から きっと 解ることなんて気にしないでいきましょうI don't rewrite 愛の未来 hi, hi, hi (just we go)I saw the light 愛そうじゃない hi, hi, hi",,,,,,,,,,,,,,,,,,,,,,,,,,,,,,,,,,,,,,,,,,,,,
91,Secret utopIA, Synse-Side 03,2022/04/23,"イルミネーションスターズ
/アルストロメリア/シーズ","Tutu lutu tulututu Tutu lutu tulututu Tutu lutu tulututu Tutu lutulu 流星の滴 それがチケットほら 一粒あげるね秘密の場所 ユートピアへさぁ ご招待します 花のアーチ 星のビーチ太陽のシャンデリア Special place! 雲の上までFly up! 広げた翼とLet's dance ! 夢見ていた景色よりも夢みたいな時の中で繋がったココロが もう離れないよ奇跡は何度でも創るのみんなとだから Everything's gonna be alright! Everything's gonna be alright! Don't worry I'll be there We can do whatever we want, hey girls! Everything's gonna be alright! Always with you Always with you We can do whatever we want!! いつでも みんなとだから甘い香りがした15時の合図ハチミツのわた雲ちょっと絞ったら紅茶淹れてまあるく座ってお喋りするの 風のケーキ 月もマーチ夕焼けでチークをメイク Special time! 雲の上だってJump up! 舞い飛んだ羽根とDance! 追い掛けてた自分はまだずっと先で待ってるけど集まった笑顔が力になるよ未来を何度でも呼べるのみんなとだから 羽ばたいていようどんなコトがあったって 「幸福論を咲かせて」 「耀きの旋律で」 「可能性は無限だよ」だから 夢見ていた景色よりも夢みたいな時の中で繋がったココロが もう離れないよ奇跡は何度でも創るのみんなとだから Everything's gonna be alright! Everything's gonna be alright! Don't worry I'll be there We can do whatever we want, hey girls! Everything's gonna be alright! Always with you Always with you We can do whatever we want!! いつでもみんなとだからTutu lutu tulututu Tutu lutu tulututu Tutu lutu tulututu Tutu lutulu ! ...",,,,,,,,,,,,,,,,,,,,,,,,,,,,,,,,,,,,,,,,,,,,,
92,FELICE,PANOR@MA WING 02,2022/05/11,イルミネーションスターズ,凛と澄んだ 心に幾千の星あなたへ 贈るソナーレ聞こえますか？ この胸が瞬いて溢れるように 生まれるメロディア綻びに見えた過去もいつの日か芽吹くのならとめどなく 愛おしく 抱きしめていようすべての想いは 風に乗って五線譜にそっと舞い降りる緩やかに 密やかに絆は色づいてく耳を澄ませたら 会えるように小さな幸せの粒を吹き込んで 散りばめて届けている あなたの元へ星それぞれ 見える月の形を分け合いながら広がるソナーレ始まりと気付かないで追い掛けていたヒカリが揺るぎなく 曇りなく ここで輝くのあなたがいるから どんな時も想いは光る 音になる穩やかに しなやかに証を刻んでいる私がいるから いつの日にも小さな幸せの粒を詰め込んで 願い込め届けている あなたのそばへすべての想いは 風に乗って五線譜にそっと舞い降りる緩やかに 密やかに絆は色づいてく耳を澄ませたら 会えるように小さな幸せの粒を吹き込んで 散りばめて届けている あなたの元へあなたのそばへLa la la la...La la la la la...La la la la...La la la la...,,,,,,,,,,,,,,,,,,,,,,,,,,,,,,,,,,,,,,,,,,,,,
93,イルミネイトコンサート,PANOR@MA WING 02,2022/05/11,イルミネーションスターズ,Come and join us！Just be yourself！Come and join us！Just be yourself！フルート ピアノ All right！ビオラ バイオリン Perfect！ハープ えっとそれから...トライアングル！(だよね！)切り株に座って落ち葉で足拍子桜の枝拾って指揮棒にしよう(いいね！)ちぐはぐなリズム笑い過ぎて涙出ちゃうだけど心地がいいの無限のアンサンブルイルミネイトコンサート開演中クラップの演奏家大募集！終わらない 夢ってあるんだね終わらない 光を奏でていようCome and join us！Just be yourself！Come and join us！Just be yourself！スタッカートの雨小鳥たちのクワイア蝶の軌道辿ってマーチングしよう(行こう！)楽しめる事が嬉し過ぎて涙出ちゃうだって心地がいいの広がるアンサンブルイルミネイトコンサート開演中クラップの演奏家大募集！目覚めない 夢にいるみたい止まらない 奇跡を奏でていよう無限のアンサンブルイルミネイトコンサート開演中クラップの演奏家大募集！終わらない 夢ってあるんだね終わらない 光を奏でていようCome and join us！Just be yourself！Come and join us！Just be yourself！Come and join us！Just be yourself！Come and join us！Just be yourself！Come and join us！,,,,,,,,,,,,,,,,,,,,,,,,,,,,,,,,,,,,,,,,,,,,,
94,浮動性イノセンス,PANOR@MA WING 03,2022/06/15,アンティーカ,割れた磨りガラス 隙間から世界でも人のハート 覗いてしまえないどうすればいいの 癒えない melancholy生まれ息をした 罰かも知れないあなたも同じ目をして孤独は鱗粉のようではらりはらり ふたりの間に落ちた表裏(あちらこちら) 翅とさまよう虚実へ連れていけたならこんな夜にはいないでさあ flying to the blackその手を取るよ真っ黒なレース翻しどこまでも飛んでゆけるのInnocent papillon覚めない夢なんて この世には無くてだけどあと一歩向こうには 在るのかもひとりでにうごめく影あなたの影は違うの?時計の針をとめて ah しまえたら光影(こちらあちら) 隔てられた心臓を溶かしてひとつにこんな夜にはいいでしょさあ flying to the black今 輪郭をほどきあい曖昧になってソリチュードへ葬送曲をInnocent papillonひらり 舞い上がれたら広がっている 遊び場怖くない 手のひら合わせたら空へ表裏(あちらこちら) 翅とさまよう虚実へ連れていかなくちゃこんな夜にはいないでさあ flying to the blackその手を取るよ真っ黒なレース翻しどこまでも飛んでゆけるのInnocent papillon,,,,,,,,,,,,,,,,,,,,,,,,,,,,,,,,,,,,,,,,,,,,,
95,愚者の独白,PANOR@MA WING 03,2022/06/15,アンティーカ,もうすぐ夜が明ける時間耳が痛いくらいの静寂深淵を 立ち去れずいるずっと 探してる幻影滲むような笑い方訳を 聞けずいた迷い音もなく 蛹から羽化してしまったんだ君は幻の空へ この空は続いてるの?濡れたような 真っ黒い翅トラジックな出来事でも涙 まだ君は知らずに羽ばたいてるでしょう羽ばたいててAh どうか 幸せで追記の「もしも」は空疎だけど 空白に問いかけたどうして世界 違ってたの運命 姿のない魔物ふたりは恋だった私は傍観者だったいつだってそれでいい抜け殻にも会えない朝虚飾のない空は ただ名前を呼んだだけ嘘つきな街の空が押し付けた 疎外感境界線の向こう 夜明けはある?いっそ行きたかった行けなかったAh 今日が 始まってく誰の手もなかったオフィーリア君の手はあったかい侭ありますように幻の空へ この空は続いてるの?濡れたような 真っ黒い翅楽園は dreamy sympathy悲しみを もう君は知らずに羽ばたいてるでしょう羽ばたいててAh どうか 幸せで,,,,,,,,,,,,,,,,,,,,,,,,,,,,,,,,,,,,,,,,,,,,,
96,一閃は君が導く,PANOR@MA WING 04,2022/07/13,放課後クライマックスガールズ,汗を拭った仕草実はフルスイングのサイン(プレイボール)負けられない時こそ笑顔で立ち向かう(ホームランー)胸に 宿るトルネードエラーした数だけかっ飛ばせファール(アウト) ヒット(セーフ)インパクト(カッキーン)通学路で磨かれた 寝坊のダッシュが目を醒ます(神様ビビってる？ ヘイヘイ)しゃにむにな風になろう(Let's go Let's go)シャカリキな世界と(光れ)HO-KA-GO！(GO！) GO！(GO！)踏み出せ 奮わせ あせらせ涙も光る空を(Fly high Fly high)越える とんでもない高さに飛べ(光れ)見上げた星の数に加え(Go Go 上々)ひとつ 打ち上げよう 価値星9回裏の気分いわば奇跡の起こし所(ファイトー)三日月シルエット優雅に振りかぶれ(超速球)瞳 滾るボルケーノ引き寄せたチャンスを突っ走れダイブ(いいぞ) キャッチ(すっげー)ダイレクト(やっべー)持て余しがちなパワー 背伸びのジャンプで つかみ捕る(いっけーいけいけ 皆 優勝)はためかす風になろう(Let's go Let's go)駆け抜ける矢で在ロウ(光れ)HO-KA-GO！(GO！) GO！(GO！)弾ませ 潤ませ 増せ増せ涙の後の笑顔(Fly high Fly high)未来のド真ん中に刺され(光れ)かざした千の旗に纏え(Go Go 上々)ひとつ 巻き起こそう 嵐(夢あれば)やがて(風もある)光れ挫けたいとき(フレーフレーフレーフレー)想い出すのさ大きく息をつこう今もちょっと痛んでる記憶も騒ぎ出す 希望と咲かせるさあ ひとつに込めてしゃにむにな風になろう(Let's go Let's go)シャカリキな世界と(光れ)HO-KA-GO！(GO！) GO！(GO！)踏み出せ 奮わせ あせらせ涙も光る空を(Fly high Fly high)越える とんでもない高さに飛べ(光れ)見上げた星の数に加え(Go Go 上々)ひとつ 打ち上げよう 価値星,,,,,,,,,,,,,,,,,,,,,,,,,,,,,,,,,,,,,,,,,,,,,
97,キャットスクワッド,PANOR@MA WING 04,2022/07/13,放課後クライマックスガールズ,"もっと キャット キャット ととと (もっと)もっと キャット あっちこっちで (ふわふわ)もっと キャット キャット ととと (しっぽ)もっと キャット ステイ ウィズ ミー ナウ (hey)ミッション ラジャー everybody goes(全力で行こう)お代は戴きません (報酬は？ 笑顔だけ)無事に探してみせましょう (迷子の 子猫ちゃん)チャイムが鳴って集合探偵モード ちゃっきーん！放課後は別の素顔日向ぼっこしたり (ニャー)じゃれあったり (ウニャー)猫の気持ちになれたら(Jump, clap, three, two, one, go)さあ手を手を伸ばして誘って 追って 行こう 屋根の上強引なキャッツ 抱きしめたいよ(来る来るニャーオ ゴロゴロニャーオ)Light up 太陽もっと キャット キャット ととと (もっと)もっと キャット あっちこっちで (ふわふわ)もっと キャット キャット ととと (しっぽ)もっと キャット ステイ ウィズ ミー ナウ (hey)ミッション ラジャー everybody goesグッジョブ 目指せ わらわらway (hi)夕暮れどきこそナンバーワン (テンションは？ 沈まない)何だってできそうなマジックアワー (最高潮 アゲていこう)小さな気配察知たんぽぽに猫パンチハリキリ過ぎでもいいじゃない何匹でもキャッチ (ニャー)もう一匹キャッチ (ウニャー)猫たちと飛んで 回転着地(Jump, clap, three, two, one, go)オーレ オーレィ oh 追いかけてオーレ オーレィ ohどちらがマタドールなキャッツ？ もう逃さないよ(繰る繰るニャーオ ゴロゴロニャーオ)Dance, dance, carry onもっと キャット キャット ととと (もっと)もっと キャット あっちこっちで (ふわふわ)もっと キャット キャット ととと (しっぽ)もっと キャット ステイ ウィズ ミー ナウ (hey)ミッション 続行 本気発揮で暗がりへ キラキラ目 (go)Come on capricious kidsBaby, you're quirky girlsCome on capricious kidsBaby, come on!Chase a cat あ 屋根の上Chase a cat あ 路地の裏Chase a cat あ 川の向こうChase a cat そうどこまでも高い景色 目指し降りられないなんて親近感湧いちゃうような甘えてきたり (ニャー)ツンとしたり (ニャー)見習いたいねミステリアス・クイーン(Jump, clap, three, two, one, go)ひ・ふ・み・よ・ごひきファイナル・キャッチ！さあ手を手を伸ばして誘って 追って 行こう 屋根の上強引なキャッツ 抱きしめたいよ(来る来るニャーオ ゴロゴロニャーオ)Light up 太陽もっと キャット キャット ととと (もっと)もっと キャット あっちこっちで (ふわふわ)もっと キャット キャット ととと (しっぽ)もっと キャット ステイ ウィズ ミー ナウ (hey)ミッション 達成 誇らしく (get you)笑顔咲かせ 今日もハッピーデイ (hi)あ、逃げたもう一回！ミッション 達成 誇らしく (get you)笑顔咲かせ 今日もハッピーデイ (hi)ラッキー！今度こそ完了また逃げたミッション 達成 誇らしく (get you)笑顔咲かせ 今日もハッピーデイ (hi)大成功！イェイ パチパチパチショーと楽しかったとも",,,,,,,,,,,,,,,,,,,,,,,,,,,,,,,,,,,,,,,,,,,,,
98,VERY BERRY LOVE,PANOR@MA WING 05,2022/08/10,アルストロメリア,女の子は誰でも知ってるのよ 恋の魔法鏡に映る私色づいていくワンダーランドあなたの本当 見えないよ ハートが朦朧ため息さえも感嘆と迷うの ブラインドネスベリベリラ まだ可憐な唇を重ねて 何度もベリベリラ 唱えましょう桃色リップのファンタジアベリベリラ 馴染むようにティッシュオフしたならあなたに似合うレディになれるそんな気がしてくるわ女の子は誰でもこだわるのよ 愛と理想伝えたい伝わらないもどかしいほどシンドロームさながら ロミオ ジュリエット フェイクロア調想定外の展開に惑うの タイムレスリラリリラ 伏目にした瞳を包むように 優しくリラリリラ 描きましょうグラデーションのシャングリラリラリリラ テクスチャーはお好みに合わせてあなたに似合うレディになれたそんな気もしてくるわベリベリラ まだ可憐な唇を重ねて 何度もベリベリラ 唱えましょう桃色リップのファンタジアリラリリラ 伏目にした瞳を包むように 優しくリラリリラ 描きましょうグラデーションのシャングリラベリベリラ ねえ あなたも同じなら嬉しい勇気を出して打ち明けたなら受け取ってくれるかな「あなたのことが、ずっと...」,,,,,,,,,,,,,,,,,,,,,,,,,,,,,,,,,,,,,,,,,,,,,
99,Give me some more...,PANOR@MA WING 05,2022/08/10,アルストロメリア,Give me some more...Your loveパニエ ビスチェ オールブラックコーデいつもと違うねと言わせたくってHi Darling How is it？ Amazing？ Prove it！優しすぎると退屈しちゃうわBoyもっともっと深くまで心の奥の奥までたどり着いてみせて欲しいだけ照れていないで AffectionGive me some more... 飽きるほどIt's only love... 純愛をAnd falling down... 貫いて遊びたいだけとか そんなのはもういいのEmotion E E Emotion私だけを見てKiss me and Kiss me Kiss me and大胆になったっていいんじゃない？レースアップヒール オードパルファムスパイスの効いた私の一面Inside Outside Upside Slow downグズグズしてると他に行くわよBoyずっとずっと昔から繰り返される歴史をキミと追体験したいだけ遠慮しないで RelationGive me some more... 燃えるようなShow me your love... 情熱でAdjust now... 撃ち抜いて綺麗ごと並べたって 意味がないのNonfiction No No NonfictionこのままふたりでBitter and sweet Bitter and戻れなくなったっていいんじゃない？有り余る愛の快楽 パラディスス最果てまで連れて行ってちょうだいGive me some more... 飽きるほどIt's only love... 純愛をAnd falling down... 貫いて遊びたいだけとか そんなのはもういいのEmotion E E Emotion私だけを見てKiss me and Kiss me Kiss me and大胆になったっていいんじゃない？,,,,,,,,,,,,,,,,,,,,,,,,,,,,,,,,,,,,,,,,,,,,,
100,283体操,B☆Health,2022/08/13,"八宮めぐる/月岡恋鐘/西城樹里/桑山千雪
/芹沢あさひ/福丸小糸/七草にちか","283体操始まるよ!まずは大きく深呼吸するよー！太陽の光をたくさん集めちゃおう！腕と足を曲げる運動。腕は外側から内側に元気よく、足もしっかりと曲げような。続いて腕を大きく回す運動っす。風を起こすようにリズムよく、左右に大きく回すっすよ。足は閉じて胸ばそらす運動ばい。過去（きのう）のうちよりも一歩前、 自信持って胸ば張ろう。次は体を横に曲げる運動です。限界まで腕を伸ばして体を曲げます。反対側の腕は内側に差し込んであげましょう......！足を広げて体を前後に曲げる運動。こわばった所をストレッチしていきましょう。リズムに合わせて“ぐっぐっぐっぐっ“続きまして体をねじる運動です。肘を曲げてテンポよく、体を""ネジネジ""していきます。ネガティブを絞り出しちゃいますよ〜。次は足にタッチする運動!体をひねりながらかかとと膝に全力でタッチするよー！せーのっ かかと！かかと！膝！膝！足は開いたまま首ば回す運動ばい。手の重みば利用して首ばストレッチした後、やさし～く回してやってね！勢いをつけて体を大きく回す運動。ぐるっと一周、辺りを見渡して～！景色がさかさまに見えるっす～。足を閉じ前に踏み込んでジャンプする運動です。足を前後した後は両足飛びで手をブラブラさせます......！あともう少し。腕と足を曲げる運動。足の裏で地面をめいっぱい感じようぜ。最後は深呼吸。息を大きく吸って、吐いて。みなさんの1日がどうかハッピーでありますように。283体操、今日はこの辺で終わりです。よい1日を。",,,,,,,,,,,,,,,,,,,,,,,,,,,,,,,,,,,,,,,,,,,,,
101,シャイニーエクササイズ,B☆Health,2022/08/13,"八宮めぐる/月岡恋鐘/西城樹里/桑山千雪
/芹沢あさひ/福丸小糸/七草にちか",今日はみんなで体をシェイプアップしていこうね！じゃあ早速出欠確認！恋鐘！千雪さん！あさひ！小糸！にちか！全員揃ってるみたいだね！それじゃウォームアップはわたしが担当します！最初はリズムに合わせて右へ左へ軽くステップするよ！準備はオッケー？それじゃあいくよー！1.2.1.2.3.レッツゴー！右！左！右！左！右！左！右！左！右！左！右！左！右！左！楽しくなってきた！だんだん体があったまってきたかな？準備運動はしっかりやるのがおすすめ！はいっ！右！左！右！左！右！左！ばっちりだよー！次はアタシのエクササイズ！パンチ＆キックいくぞー。目の前の相手を倒すつもりで！全力でやらないと意味ねーからな？みんな気合い入れて行けよ！ハイ！1.2.1.2.3.レッツゴー！パンチ！パンチ！キック！キック！パンチ！パンチ！キック！キック！パンチ！パンチ！キック！キック！パンチ！パンチ！リズム変えるぜ！パンチ！パンチ！キック！パンチ！パンチ！キック！パンチ！パンチ！キック！パンチ！パンチ！キック！パンチ！パンチ！キック！パンチ！パンチ！キック！ラスト1回！よく頑張ったな！ふふ、けっこう大変だよね。いっぱい汗をかいたでしょう？飲み物とタオル、用意しておきました。汗を拭いて水分とってしっかり息を整えたら、次のメニュー行きましょう♪だけど無理は禁物。頑張りすぎないで楽しく体を動かそう！ちょっとは元気、戻ったね？そいじゃ、お腹ば鍛えるエクササイズいくば～い！座ったまんま伸ばした足ば上げて下ろす～！そいだけやけど、こい案外きつかけんね～。みんな、うちについてこんね～！上げてー、下げてー、上げてー、下げる時、お腹に力入れるとよ！上げてー、下げてー、上げてー、下げるばい～！ここからは、わたしが担当させていただきます......！この動きは下半身の引き締めに効果があります......！片足ずつ後ろに引きながら腰を落とします......！これを左右交互に......それでは、お願いします......！いーち、にー、膝を床につけて止めるイメージで......！いーち、にー、いーち、みなさん、ありがとうございました......！下半身を鍛えたら、次は上半身っす！うつ伏せになった後、掌を肩幅分開いて両足を使って体を上下するっす！えーと、つまり腕立て伏せっすね！テンポ速いっすか？頑張ってついてくるっすよ！覚悟はいっすか？やるからには全力っす！はりきっていくっすよ！下げる！上げる！下げる！上げる！下げる！上げる！下げる！もっと深く！下げる！上げる！下げる！上げる！膝をついてもいっす！最後までやりきるっす！よし！おつかれっす～。いよいよ終わりが見えてきました。持久力アップ！有酸素運動になります。ジャンプしながら両手両足をリズムに合わせて開いて閉じます。ではいきましょう。ハイ、ハイ、ハイ、ハイ、ハイ、ハイ、もっと大きく！ハイ、ハイ、ハイ、ハイ、ハイ、ハイ、オッケーですー。お疲れさま！次で最後だよ！流石に長かったな・・・！私たち、頑張ったね～！ほんと、自分ば褒めてやりたか～！最後までついていけるかな......？あははっ、燃えてきたっす～！まだまだいけますねー！いいね、いいね！最後まで笑顔で楽しんでいこうね！せーの！モモ上げダッシュ！いち！に！いち！に！いち！に！いち！に！いち！に！いち！に！いち！に！いち！に！いち！に！いち！に！いち！に！いち！に！いち！に！いち！に！もう１セットいこう！ダッシュ！ダッシュ！ダッシュ！ダッシュ！ダッシュ！ダッシュ！ダッシュ！ダッシュ！ダッシュ！ダッシュ！ダッシュ！ダッシュ！ダッシュ！ダッシュ！ダッシュ！ダッシュ！ラストスパート！おつかれさまでしたー！,,,,,,,,,,,,,,,,,,,,,,,,,,,,,,,,,,,,,,,,,,,,,
102,Tracing Defender,PANOR@MA WING 06,2022/09/14,ストレイライト,"War! It's timeStand up! OutbreakStand up! Outbreak未知から迫り来る crisis狂気の stealth invaderXバンドレーダー駆使して敵を tracking, tracking 突き止め距離・風・速度 はじき出し巧みに操作 reflectionSightを定め正確に狙え shooting, shooting 討ち取ってMake up your mind 臆せずに立ち向かえ 同じ意志の光を灯す 戦士(なかま)がいる見に行こう その先のHorizon 勝利の景色(イメージ)を胸に映して (ヒカリ)放てBring it on! Bring it on!迎え撃つよ fire試される時が来た 三位一体の soldierBreaking down! Breaking down!退路なんて no wayMissionを翔けぬけろ闘う tracing defenderStand up! Outbreak相手の motion 記憶して次の攻撃を simulation自分(こっち)の動作書き込んだRoboが fighting, fighting 応える地上(リアル)の battleだけじゃなくCyber空間縺れ込むHybridで鬩ぎ合ってるGoing crazy, crazy 暴れてDon't stop my mind 何処までも加速する 逸る気持ちコマンドになって 突き動かすNever give it up 負けないよ苦しくても 抗ってる soulの叫びよ (ヒカリ)になれBurning up! Burning up!滾る闘志(おもい) higherこのままじゃ終わらない テクニカルな shooterFollow me! Follow me!見せてあげる glory運命を切り拓き導く tracing defenderBring it on! Bring it on!迎え撃つよ fire試される時が来た 三位一体の soldierBreaking down! Breaking down!退路なんて no wayMissionを翔けぬけろ闘う tracing defenderStand up! Outbreak",,,,,,,,,,,,,,,,,,,,,,,,,,,,,,,,,,,,,,,,,,,,,
103,Overdrive Emotion,PANOR@MA WING 06,2022/09/14,ストレイライト,ここは何処 what's the time?荒れた風景(セカイ) inside of game?道なき未知の街を疾る (三つ巴の drivin')旅の途中Navigation なんてない!Stimulation しかない方位磁石も意味(きか)ない世界で (感性頼りに)Keep on running through飲み込まれそうな光の銀河で交錯してきた feeling過熱してく凌ぎの中で選んだ道は一つ (たった一つ)信念(おもい)は加速するAxel全開で 直向きに突き進む向かい風も 斬り裂いて faraway遥かなる期待追い求めてLimiter 振り切る スピードで夢をみる幻じゃない 心に描く future lightBeatが overdrive描き出す fantasy湧き起こる energy脳内を満たすアドレナリン (止めどなく溢れ)暴れ出すCommunication 繋がってDestination 導くそれぞれの能力を重ねて (信じるのさ)Make it possible次から次へ絶え間ない story変わり続けてく mission壊れていく理想の中で沈黙を引き裂いて (唯一無二の) 永遠になるのさヒカリを照らして 暗闇を突き抜けて過去の思い 軌跡も I don't look back後悔はしないそんな覚悟で胸を震わせる 革命を起こすのさ止められない 消せやしないよ burning heartHotな emotionたとえ姿(かたち)が消え 記憶を失っても私の願い未来へ結ぶよ倒れても立ち上がる 奈落でも這い上がって攻撃さ(やら)れたら反撃する(やり返す)不屈の魂 breakout nowAxel全開で 直向きに突き進む向かい風も 斬り裂いて faraway遥かなる期待追い求めてLimiter 振り切る スピードで夢をみる幻じゃない 心に描く future lightBeatが overdrive,,,,,,,,,,,,,,,,,,,,,,,,,,,,,,,,,,,,,,,,,,,,,
104,Catch the Breeze,PANOR@MA WING 07,2022/10/12,ノクチル,キラキラ水面[みなも]に映るどこまでも澄んだ空の下ゆらゆら浮かんで果てしなく続いてる青を漂う喧騒の街の波に揺られながらたまには風に身を委ねてみたってそれもいいんじゃない両手を広げて一秒先の誰も知らない世界へどんな色をしてる？ 何か起きるの？ちゃんと手を繋いで さぁせーので飛び込んで初めてに出会えそうな そんな予感水平線のもっと先まで行こうよ 帆を張って同じところを 行ったり来たり他人[ひと]から見れば 遠回りでもそのくらいが ほらちょうどいい ゆっくりとらしく進もうどこへ向かうの？何になりたい？なんて見上げた空に浮かんだ雲みたいにいつか解るよ大丈夫 いつだって一秒先の名前のない未来はどこにも逃げないよ 焦らなくてもちゃんとそこに在るよ きっと揺られて漂ってそんな日々の中でふいに見つけたたった一つの地図を広げて行こうよ帆を張って小さな風に手を伸ばしたら少しずつ変わってく 今が両手を広げて一秒先の誰も知らない世界へどんな色をしてる？ 何か起きるの？ちゃんと手を繋いで さぁせーので飛び込んで初めてに出会えそうな そんな予感水平線の先の先まで みんなで帆を張って風に吹かれて,,,,,,,,,,,,,,,,,,,,,,,,,,,,,,,,,,,,,,,,,,,,,
105,アスファルトを鳴らして,PANOR@MA WING 07,2022/10/12,ノクチル,いつまでこうしていられるだろう? 空に問いかけた当たり前に過ぎてく 今日も思い出に変わる走り出したあの頃 求めるものなんてなかったそれならどうして 脈を打つように胸のずっと深い場所で 何度も音が響くの?触れてみたい 確かめたい 気が付けばそっと手を伸ばしてたここから少し今踏み出したら 何かが変わるのかな追いかけてるばかりじゃ いつか きみが見えなくなるだからもう振り向かずに 自分の足で歩かなきゃ後ろじゃなく胸を張って 隣で笑っていたいから人と人が行き交う 交差点 信号の光きみはどんな色した 未来を見ているんだろう?走り出した理由も ここにいるその意味も始まりは決まって きみが連れてきた夏の夜空に咲く花が 儚く消えてしまうようにこんな日々も この景色も 永遠はないと分かっていてもそれでも少し今踏み出したら 何かが変わるのかなどれだけ願ったって 明日が迎えに来るからだからもう前を向いて 青い光が指す方へ渡ってみよう 迷わないで 自分の足で明日へ目を閉じればまぶたの裏に いつだって浮かぶ笑顔が背中押してくれる まっすぐその先までここから少し今踏み出したら 僕らは変わるのかな追いかけてるばかりじゃ きっと きみが見えなくなるだからもう振り向かずに 自分の足で歩かなきゃ後ろじゃなく胸を張って 隣で笑えるように街の風に吹かれながら 未来へアスファルト鳴らして,,,,,,,,,,,,,,,,,,,,,,,,,,,,,,,,,,,,,,,,,,,,,
106,Fashionable,PANOR@MA WING 08,2022/11/16,シーズ,"重ね合わせた 小さい手と手にあの日君は何を感じてた？ 淡い光に何見ていた？Ey！ 鮮やかで直視出来ないほどの舞い降りた奇跡も今じゃ欠かせないよねStop！ 見くびらないでね よく覚えておいてI can be stronger than you think'自信'という名のドレス 着こなして魅せるから目が眩むくらいにI'm worth it I deserve it試して I'm perfect 誰にも代えれないI'm so tough a little bit roughこんなもんじゃIt's not enough自分に甘くないわCause I, I, I'm fashionable '先駆け'よどうぞ好きなだけ Follow me nowIt's no no no explanation 強がってもなりたい姿はこんな私でしょWow wow wowI know I'm fashionable oh oh二歩、三歩先を行くわ 迷いはないのYou feel that「追いついた」ただ残像に触れただけ翼纏う(oh yeah)素早さ You know that (oh yeah)待てないの I gotta go！巻き起こったつむじ風はJust like a symphony 包み込むように oh世界すら呼び醒ました生まれたbig wave 乗りこなしてYou love it You hate it任せて I'll choose it 答え見つけるわMake you cool with my rules信じるだけで True 世界は変わるからCause I, I, I'm fashionable 別格でしょみんな夢中に I know what you seeOh no no no one can ignore ほらいつも気づけばすぐに虜になるからWow wow wowI know I'm fashionable oh oh揺るがない power steal your heart曲げないから移り行く世界でも go my wayどんなゴージャスなJewel, tiaraもいらない自信纏って just smile一番輝くthat's my styleWow wow wowI know I'm fashionable oh ohFashionable！Cause I, I, I'm fashionable '先駆け'よどうぞ好きなだけ follow me nowIt's no no no explanation 強がってもなりたい姿はこんな私でしょCause I, I, I'm fashionable そう全てを魅了するのよ I can't wait no moreOh no no no one can catch me間違いないように誰についていくか 教えてあげるから重ね合わせた似ていても違う互いのストーリー走り続けていく ここが序章に変わるように",,,,,,,,,,,,,,,,,,,,,,,,,,,,,,,,,,,,,,,,,,,,,
107,Bouncy Girl,PANOR@MA WING 08,2022/11/16,シーズ,"You like it, like it bouncyI feel so bouncy, bouncyYou like it, like it, bouncy girl今さら安っぽい言葉無意味だって分かるでしょくだらない駆け引きも相手にしないI'm sorry, I don't care whatever you say触れたくても触れられない'Cause I know I'm so bouncy想定しない軌道でしょ？瞬きせずその場所でJust searching for my patternよく見てて how I moveIt's not necessary誰でも似合う like accessories心まで bouncy 揺らす視界に (shake it!)愛に酔ってないで 少し calm down!要らない don't worryひとりで make it (oh-oh)無理しないでいいよCan you follow me now?Huu 常識もルールも興味ないってBut I found you期待しちゃうね bouncy girl(I feel so bouncy, bouncy)You like it, like it bouncyI feel so bouncy, bouncyYou like it, like it bouncyI feel so bouncy bouncy bouncyIt's my field of view 変わりゆくのねI just feel so new 見たことないわ (yeah)Your love fake or true 見極めるからDon't play by your rules捕まえて bouncyちゃんとその手に (hold it!)言えないよ そんな素直じゃない気まぐれな sweetie溢さず keep it (oh-oh)どうすればいいの？Somebody just tell me!Huu 浮かれそうな心が制御できないThinking about you止まらない I'm so bouncy girl(I feel so bouncy, bouncy)いつしか something wrong私らしくない (bouncy girl)そう誰かと一緒にしないで (bouncy girl)What I really want ありのままでいいWhat I want isWhat I want is心まで bouncy 揺れる視界に (shake it!)君に酔ってないわ 私 cool down言わないで sorryふたりで make it (oh-oh)どこでも we can go!I'm filling up, babyふー 常識もルールも興味ないってBut I found you期待しちゃうね bouncy girl(I feel so bouncy, bouncy)I know I'm bouncy girl(You like it, like it bouncy)",,,,,,,,,,,,,,,,,,,,,,,,,,,,,,,,,,,,,,,,,,,,,
108,Forward March！！！, “CANVAS” 01,2023/04/12,イルミネーションスターズ,こんにちは ようこそ もっとおいでよ始めまショータイム 準備はいいかな？ゴキゲンなワクワクだけがあればあとはもう何にもいらない全員が主役のパレードしよう鼓笛隊のリズムでマークタイムマーチドラムメジャー バトンを突き上げてさぁ前へ進め踏みしめた場所から 花が咲く雲っていた空が 一瞬で晴れ渡る最後尾の月 向かう先は太陽ほら桜色したハート繋いでパレードは今 あなたを連れて虹の架け橋 上って行くところワンツー ワンツー 軽やかなステップ踏みましょうパレードはまだ 延びて行くけど虹のてっぺんで景色を見る時はあなたと一緒に(一緒に)いたいから(そばにいて)離れないでお散歩中ネコさん こちらへどうぞ影も楽しそうに足並み揃えて大好きに形があるとしたらそれは今日絶対見つかるね あるある！フルスピンでふわり揺れるスカートインターバル詰め過ぎてドレスライトカラーガード 旗をひるがえしてまだまだ進もう踊り出す音符が海を越え遠い国の窓をノックノック ボンジュール列はいつの日にか 円を描き出してほら地球まるごとハート繋ぐよパレードは今 みんなを連れて水の草原 渡って行くところワンツー ワンツー 飛び跳ねた水玉 キラリ賞パレードはまだ 延びているからどこまでだって 一緒に歩いて行こうあなたがいれば(いれば)いつまでも(どこまでも)進めるからパレードは今 あなたを連れて光のシャワー くぐって行くところワンツー ワンツー 軽やかなステップ踏みましょうパレードで今 みんなを連れてどこまでだって 一緒に歩いて行こうあなたがいれば(いれば)いつまでも(どこまでも)進めるからForward March！！！Forward March！！！前を向いて 下を向かず 顔を上げてForward March！！！Forward March！！！前を向いてずっとどこまでも一緒に(一緒に)行けるから(行けるから)離れないで,,,,,,,,,,,,,,,,,,,,,,,,,,,,,,,,,,,,,,,,,,,,,
109,星が流れて, “CANVAS” 01,2023/04/12,イルミネーションスターズ,夢みたいって思うくらい時は指先をすり抜けて今は過去へと名前を変えて思い出の扉を開くの心は楽しい時間を追いかけて夜空を駆ける昨日まで戻れたらもう一度 今日がいいのに星が流れる 遠くへ 切なく儚く高鳴る鼓動だけを残して誰かが私を 呼んでいる気がして振り向いたその空に星が流れたの夢じゃないって消えてないって信じることが出来た時に時は過ぎ去って行くものじゃなくて積み重ねるものだと分かる心は時々私を追い越して手を差し伸べる明日まで行けたならまた次の 今日に出逢える「楽しい時」と「寂しい気持ち」はいつでも隣にいて離れられないのなんだかあなたと私みたいだからきっとそれでいいよねどんなに素敵な時間もずっと飾ってはおけない少しずつ でも確かな一歩を踏み出さなくちゃ星が流れて 一筋 眩く優しく高鳴る鼓動を残してくれた誰かの笑顔が 呼んでいる気がして見上げたこの夜空にたくさんの輝きを見つけた,,,,,,,,,,,,,,,,,,,,,,,,,,,,,,,,,,,,,,,,,,,,,
110,BRIGHTEST WHITE, “CANVAS” 01,2023/04/12,イルミネーションスターズ,ヒカリ追いかけていた始まりの時から 未来だけを見てた優しさ強さが大切だと信じて来たのだけど気がついた 今はもう一人涙が溢れた夜さえ探し続けていた 求め続けたヒカリの一つだと分かる真っ白に輝く 夢を手に入れた描くだけじゃもう足りない染め上げて行こう 未来の私を何度でも何度でもこの手でどんな景色が 生み出せるだろう集まったヒカリはBRIGHTEST WHITEAh... ah...変わる事も 揺らぐ事もない道なんてないんだただ夢だけ 見上げた先に夢があるだけもしあの角を右に曲がったならすれ違う人も違って行くそんな小さな奇跡 無限の可能性が繋がった愛しい今を抱いて真っ白に輝く 夢を手に入れた描くだけじゃもう足りない染め上げて行こう 未来の私を何度でも何度でもこの手でどんな景色が 生み出せるだろう集まったヒカリは BRIGHTEST WHITE色彩を束ねて 無限に光れAh... ah...,,,,,,,,,,,,,,,,,,,,,,,,,,,,,,,,,,,,,,,,,,,,,
111,とある英雄たちの物語, “CANVAS” 02,2023/05/10,アンティーカ,"Yes, yes, yes, my lord, ohYes, yes, yes, my lordYes, yes, yes, my lord, ohYes, yes, yes, my lordとある場所であった真実の story宝物を守るため決めた decided何が大義? 何が大切なの? We are苦悩の末剣を取った heroes昔々と 伝わる伝承国を守護する大いなる盾五つの騎士団頂点に立つのはたった五人の騎士(英雄)たち祖先(嘗て)は独立した集団刃を向けた日もある同じ王を戴いてなお彼らは 不可侵でYes, yes, yes, my lord, ohYes, yes, yes, my lord""唯一 我らは王のもと集う""そうして約束は破られずに今日まで来たけれど僕ら出逢ってしまったの孤独だけ携え来た崖の上交差する五つの ah争いの隙間で心許せる日溜まりの一時君とならSwear ここでしか話さないSwear 秘密で結ぶ友誼Swear 誓ってみせよう今 剣に懸けてNo! なんで運命斯くも無慈悲なのか oh my gosh悪化してく憎悪底なし沼状態断絶が深まる五つの巨大なパワー「もはや猶予なし!」「奴らを討て!」保たれていた均衡が崩れ出す崖の上集った瞳は背後の感情どうにも出来ない衝突不可避とこわばるYes, yes, yes, my lord, ohYes, yes, yes, my lord""何故 王を守りたいだけなのに""そうだ君たちに決闘申し込もう勝者が指揮を取れ一つに団結(なる)ために僕ら一斉に構え取った 鈍色の先友に向け走り出す ah夥しい血流れ君の顔が霞んだこの選択は正しかった?分からないやがて君の剣僕の心臓貫くとき君が叫んだ「こんなのは違う!」と ah力で捩じ伏せようとも瞋恚の炎消えない同じ悲劇 起こるだろう未来で ah傷ついた手を取り「新しい在り方を宣誓しよう」さあ皆でSwear いつだって話そうSwear 結び直す友誼Swear 未来を作ろう今 剣に懸けてYes, yes, yes, my lord, ohYes, yes, yes, my lordYes, yes, yes, my lord, ohYes, yes, yes, my lord",,,,,,,,,,,,,,,,,,,,,,,,,,,,,,,,,,,,,,,,,,,,,
112,Unsung Heroes, “CANVAS” 02,2023/05/10,アンティーカ,"忘れられた古代歴史書(クロニクル)が (かの伝承より昔)知っているだけの物語 (主人公は unsung heroes)その時代のだんにも翳り平和を乱す気配あった暗躍に気づいた騎士団長(英雄)たちは (城壁外の崖上)秘密裏に出会い策練った (この平穏守ると)騎士団成立(始まり) から接触は tabooでも彼らは禁を破ったそれは悪辣を追放する為にそして悲願叶える為に手を取り一つに憎しみ解いて今はまだ胸の内留まる祈り悲しい運命を覆すために友(きみ)がいるこの地上で剣を取って生きてゆくだが事態は破滅へと向う (血が呼ぶ奈落へ)小競り合いが遂に一線を超え (覆せない悲劇)裏で糸引く闇を探しても (尻尾さえ掴めない)""敵討ちを!""""剣には剣を!"" と正気を逸っした声が叫ぶ剣を交じえねば鎮まらぬ怒り「我らが代理決闘(幕引く) しかない」そして始まった王前の clash of swords揺れた瞳が 覚悟決め切っ先が光る一人 また一人 相い見みえ倒れて秘せられた友情 幻になったあの祈り""英雄 一人でいい""""なぜ貴方もいない?""響く裏切り者(誰か) のラメント星を失った五つの集団は激情を悔いて秩序を取り戻した頁の末尾に 綴り手の言葉「また彼ら生まれたら友の隣に立つ(違う)未来在あるように」",,,,,,,,,,,,,,,,,,,,,,,,,,,,,,,,,,,,,,,,,,,,,
113,有彩色ユリイカ, “CANVAS” 02,2023/05/10,アンティーカ,"ただ広大な世界のなかに僕らという colors荒い吐息まだ先を急ぐどこへ行こうとしている?振り上げた筆の着地点探すようにふと足を止めたけど懊悩しなくてもいいほらあの日の色永遠の絵画になって ここにいるとびきり自由に踊ってみせた瞬間が心のミュージアムに佇んでるどんな色選んでもきっと正しいよと語りかけてBe authentic!僕ら 僕達らしささえいつしか超えて見たこともないような flash and colorsそうさ 解き放とう鮮烈な濃淡がぶつかって ああ 創世の煌めきやっと分かったんだ描きたいものは踏み出す先にあること君に見せたい何かがあった叶えてもなぜ歩くの?分かりきったはずの問いかけにどうしてか歩調遅くなるけれど深慮なんかいらないだって人はみんな願望の理由など知らないでしょうただ時に荒く 時にやわく昨日と違ったタッチの僕ら突きつけたい 噛みつきそうな熱で目を見開くようなオリジナルをYes, all outYes, all out命あるかぎりBe authentic!僕ら 僕達らしささえいつしか超えて見たこともないような flash and colorsそうさ 解き放とう鮮烈な濃淡がぶつかって ああ 創世の煌めきやっと分かったんだ 描きたいものは踏み出す先に「新しさ描け」ah「自分を描け」あるよ「運命を描け」恐れずに色彩が明滅して真白になった世界で叫べ ユリイカ見つけた光でCanvas を強くつらぬけ! L'antica",,,,,,,,,,,,,,,,,,,,,,,,,,,,,,,,,,,,,,,,,,,,,
114,ハナサカサイサイ, “CANVAS” 03,2023/06/14,放課後クライマックスガールズ,浴衣で跳躍 風まかせ知ってる道路 祭り色彩々 (いえい)せいせいせいやーいえいあの子も この子もちょいと おめかし (あそれ)神秘の鳥居(ゲート)くぐり 誘いましょそわそわ 夏ゲリラ遊々 足拍子 (そらそらそら)何気にカラコン大胆 吉となれ (あそれそれそれ)憂い事 晴らすのは盆踊り? (ハイ)黒蜜バニラ? (ハイハイ)さあ (さあ) さあ (さあ) 天まで盛り上がれ(さーん はい)百花 烈火 まぶたに大花火 (ワーッショイ ワーッショイ)一歩 百歩 世界は迷路 誘う 飴色に (ワッショイ)才華 恋歌 まだ見ぬものばかり (ワーッショイ ワーッショイ)結んで 拓けよ 簪の冒険者法被姿先輩 艶やかであんな綺麗な 後れ毛なりたい(ドンド パ ドン)せいせいせいやー せい せい せい恋バナ 聞いちゃった なんてゆーか (ハイ)おごったチョコバナナ (ハイハイ)息止めて (バン) 名スナイパー (バン バン)ドロップ撃って ハイタッチ (わっしょい)くじ引きで (ハイ) ダブるから (ハイハイ)お揃い 増えていく (そらそらそら)ちりめんストラップ (ハイ)色褪せるまで (あそれそれそれ)金魚 掬い 損ねれど愛情で ギンガをすくえ (さーん さーん)(さーん はい)輪舞 乱舞 月夜に花盛り (ワーッショイ ワーッショイ)きっと ずっと 我らは見えない わたがし 絡め取り (ワッショイ)一兎 百兎 追いかけ物語 (ワーッショイ ワーッショイ)笑い 踏み出せば 魁の優勝者あっちからはエイサー (いーやーさーさー)お好み焼きか (マヨタコか)こっちからはソーラン (どっこいしょー どっこいしょー)パッパ パッパ ドーン (いえい)せい せい せい せいやーせい せいやー せい せい せーい鼻緒 踏み お揃いバンソーコー薄まった (ハイ) トロピカルサイダー (ハイハイ)さあ (さあ) さあ (さあ) 全部を刻み込め (さーん はい)(わーっしょい)百花 烈火 まぶたに大花火 (パンパンパン ドドンパドン)一歩 百歩 世界は迷路 誘う 飴色に (ワッショイ)才華 恋歌 まだ見ぬものばかり (ワーッショイ ワーッショイ)結んで 拓けよ 簪の冒険者 (もーいっちょー)輪舞 乱舞 月夜に花盛り (ワーッショイ ワーッショイ)きっと ずっと 我らは見えない (はい) わたがし (はい) 絡め取り (ワッショイ)一兎 百兎 追いかけ物語 (ワーッショイ ワーッショイ)笑い 踏み出せば 魁の優勝者街灯りに 照らされど (ほいっ)天の星は手の中に (あそれ)浴衣で跳躍 風まかせ (いよっ)知ってる道路 祭り色彩々 (いえい),,,,,,,,,,,,,,,,,,,,,,,,,,,,,,,,,,,,,,,,,,,,,
115,全力アンサー, “CANVAS” 03,2023/06/14,放課後クライマックスガールズ,(全自分 最強ノファイト)(カツテナク テンション タカイ)(超迂闊 門限ヤバイ)(全自分 最強ノファイト)(超絶未来)信じられないを信じてるヒウィゴー 物陰で 深呼吸して (突撃 突撃 突撃 突撃)高鳴り抱え 撃ちまくる (ファイヤー)プラスティックの弾に哲学を最後の一人に立つ術を描く刹那 背後奪われるサバゲー サバゲー はしゃぎ回って(ボーリング) カラオケもバトル(ノーサイド) ウィアー エバー ウィナーズ!1000字超すダイアリー素敵なフラッシュに 焚かれてさあ 一緒に集めてサマースコール 飛び出そう果てない方に透かす手は緩めないもう決してないこの時?でも何度も会える!フォトグラフ 盛りまくろうやがて 等身大は3000倍であれ (ラララ)(だから) 宝物は 何でもなくていい今 愛じゃ救えないものなんてないよ が今のアンサー(カツテナク テンション タカイ)(デ ドコマデ ハナシタッケ?)加減乗除とありおりはべりの裏で企む怪しい嘘で人ひとりを騙してニヤけるハピバ ハピバ サプライズああ 寒空の星は 綺麗だったね(憶えてなく) 笑顔ばっか思い出すスノースケイプ 踏み出そう未だ不成立ゲームは止まらない勇気 雪 ぶつけ合い どんな日でも伝わるシンガソング 生み出そうふと歌い出す度 最高潮になれ(だから) 高らかに 鼻歌混じりで思いつきの未来 思いつきのメロディ咲かせていこう よろしくね (だよね)(エビバディレツゴー)(イッセーニゴー)(張リ合ウ) 全力でバトル(ノーサイド) ウィアー エバー ウィナーズ!(オーライ) はしゃぎ飽きるまでかつてなく 全自分 突き抜け オーイエー開こう 100万ページのダイアリー (最愛がデイリー)そんな未来に 会いに行こういつか思い出すために 全力でゴーさあ 全力でゴーサマースコール 飛び出そう果てない方に透かす手は緩めないもう決してないこの時?でも何度も会える!フォトグラフ 盛りまくろうやがて等身大は3000億万倍(だから) 宝物は 何でもなくて どれも素晴らしい愛じゃ救えないものはもうなくて (だから)愛を競う未来 思いつきのメロディそれがアンサー今 全力アンサー 行け! Yeah,,,,,,,,,,,,,,,,,,,,,,,,,,,,,,,,,,,,,,,,,,,,,
116,ひめくりモザイク, “CANVAS” 03,2023/06/14,放課後クライマックスガールズ,"YeahTu-tu-ru, tu-tu-tu-tu-tu-ru-tu, tuTu-tu-ru-tu-tu, tu-tu, ru-tuTu-tu-ru, tu-tu-tu-tu-tu-ru-tu, tuどんな色が似合うのかなってベッドの上 マニキュア落として寝転がって 通話して遊んだ写真 厳選してる窓から見る町中の いろんな色180度試着途中のアティチュードうとうと 夜間飛行手をとりあって彩り 何十通り 混ぜ合って きっと喜怒哀楽で世界はもっと鮮やかなんだと気付けるから踏切越しに聴こえた ""ガンバレ"" とかどんな名前の どんな色で 表せるのかな煌めくモザイクの向こうで 分かるのかな?ひとつひとつ めくってく 指先を光らせ色を咲かせよう (yeah)Tu-tu-ru, tu-tu-tu-tu-tu-ru-tu, tuTu-tu-ru-tu-tu, tu-tu, ru-tuTu-tu-ru, tu-tu-tu-tu-tu-ru-tu, tuHoliday キメるネイル努力賞 リアクション 求ムMonday キミの星座のラッキーカラーなグミをあげるお気に入りのスニーカー色違いでもう一つあったら better色付け中の練習絵(マイ エチュード)まだまだ試験飛行 ah手をとりあってテリトリーの外に 出る度にドキドキするけど染めたくもあってその向こうに何があるのかな?ときめくほうまで 気ままに歩きながら街灯の下 語り通した 気まぐれな日とか新しいノートの一行目で しゃんとするとき未来がキラッと見えたモザイクの向こうへ 確かめにいこう yeah踏切越しに聴こえた ""ガンバレ"" とかどんな名前の どんな色で 表せるのかな?たくさんの笑顔 すれ違い 仲直りが混ざってる色だからときめくほうまで 気ままに歩きながら街灯の下 語り通した 気まぐれな日とか新しいノートの一行目で しゃんとするとき未来がキラッと見えた今日の色も 入ってるモザイクの向こうへ 確かめにいこう yeahTu-tu-ru, tu-tu-tu-tu-tu-ru-tu, tuTu-tu-ru-tu-tu, tu-tu, ru-tuTu-tu-ru, tu-tu-tu-tu-tu-ru-tu, tu",,,,,,,,,,,,,,,,,,,,,,,,,,,,,,,,,,,,,,,,,,,,,
117,メッセージ, “CANVAS” 04,2023/07/12,アルストロメリア,どんな宝石よりも美しい言葉たちまっすぐ届けたいんだあなたにとっての一番 目指しているから白い吐息がドキドキを連れてくるよ新しい挑戦を告げるようにどうしてだろう理由は分からないけどあなたが隣にいると頑張れるんだずっと追いかけていた場所にたどり着いたここから先に待ち受けてる夢と希望いっしょに叶えようよ大好きの4文字から始まる storyハートの封を開いてあなたじゃなきゃ成り立たない純粋な愛のカタチ太陽よりも暖かいメッセージ受け取ってくれませんかあなたにとっての特別 目指しているから待ちわびていた雪解けの音がするよ悲しみも苦しみも癒してゆくようにこんな風に思える自分に巡り合えた他の誰でもないあなた前を向いてゆける勇気をくれたいつも ありがとう臆病な私にだって譲れないものがあるよあなたを思う気持ちなら誰にも負けない永遠の4文字へと繋がる destiny宛名をそっとなぞってあなたなしじゃ生きられない繊細な愛のシルシ宝石よりも美しい言葉たちまっすぐ届けたいんだあなたにとっての一番 目指しているからそうだよ何度も伝えようあなたは かけがえのないひと,,,,,,,,,,,,,,,,,,,,,,,,,,,,,,,,,,,,,,,,,,,,,
118,Love Letter, “CANVAS” 04,2023/07/12,アルストロメリア,ぽかぽか陽気に嬉しくなる春キラキラ花火に楽しくなる夏ひらひら木枯らし寂しくなる秋ふわふわ降る雪愛しくなる冬うつろいでゆくそれは確かな偶然同じ場所にばかりはいられないから少しだけ違う私を受け入れてよ 受け入れてよちゃんと届けたいのは愛を通わせたいからそっと伝えたいのは愛を実らせたいからLove letterキミのために何度も書き直すOn humming音に乗せて何度も口ずさむ見た目がどんなに変わったとしても中身はそんなに変わったりしないあなたの知らない私も知らない新たなセッション感じてほしいのもっと深めたいのは愛を確かめたいからずっと守りたいのは愛を育みたいからHarmony キミといると重なりたくなるPart singing リズム合わせ何度もくり返すLove letterキミのために何度も書き直すOn humming音に乗せて何度も口ずさむ,,,,,,,,,,,,,,,,,,,,,,,,,,,,,,,,,,,,,,,,,,,,,
119,グラデーション, “CANVAS” 04,2023/07/12,アルストロメリア,Hmmm グラデーションHmmmTake a look at thatTake a look at thatHmmm グラデーションHmmm形のないものを信じ続けることは難しくて孤独美しくて凛々しいこれまでいっしょに見た景色のもっと先を見せたいんだ期待 願い 可能性待っている未来は何色だろう描こう 夢のグラデーションゆっくりと 今 始まる咲かそう ときめきの結晶膨らみだした蕾 いっぱいオリエントブロッチドロマンス悲しみや不安さえも もうミレニアムペレニアムヒストリーどれひとつ欠けちゃいけないの自分に負けそうで oh涙する日もあったそれでも前を向き確かに歩んできたどんな困難も乗り越えたい諦めたりしたくないよ希望 理想 目標掴みたい未来は何色だろう描こう 愛のグラデーション永遠に続いてゆく咲かそう きらめきの結晶開きだした花びら いっぱいオリエントブロッチドロマンス苦しみや恐れさえも もうミレニアムペレニアムヒストリーこの胸に焼き付けたいよ大好きなひとの願いを叶えよう新しい一歩を踏み出そう何度でも幸福論で満たそう勇気を出して描こう 夢のグラデーションゆっくりと 今 始まる咲かそう ときめきの結晶膨らみだした蕾 いっぱいオリエントブロッチドロマンス悲しみや不安さえも もうミレニアムペレニアムヒストリーどれひとつ欠けちゃいけないの,,,,,,,,,,,,,,,,,,,,,,,,,,,,,,,,,,,,,,,,,,,,,
120,フェアリーガール,COLORFUL FE@THERS -SHHis-,2023/07/26,七草にちか,"Let's Go！ …やっぱり、ちょっといい？見せたいものあったんだった！別にキョーミないなら来なくたっていいけど！…まあいいか！そんなもんよりなんか今日は晴れみたいね出かけなきゃもったいない！やっぱ、ねえ、そう思うでしょ？Oh Girl 頭の中 ウラウラハラハラOh Girl ハートは めちゃ熱いのたまに 驚かせたならSorry まことにソーリー思ってないことないから！Fairy Girl 見つけたら きっとうれしくなるキミは So Luckyな人ですそう、多分ねFairy Girl 追いかけちゃったら逃げ出すの取扱説明書ちゃーんと 読んでおいてLet's Walk！ やっぱサイコーだね！踏み鳴らす 靴のMusicこっちは 見ないでねたまーに見るならいいけど…なんてね！だけど Hey, Boy？ちょっと余所見しすぎじゃない？ショックなんかじゃないわムカ、ムカ、しちゃうだけですOh Girl 頭の中 エンジェルとデビルOh Girl 素顔は めちゃ正直たまに 呆れちゃったならSorry 放っておいてくれたら 静か～になりますFairy Girl 気付いたら きっと考えてるキミは So Happyな人ですうん、多分ねFairy Girl どこにでも そっと隠れてる今日もまた 世界の中で手をはばたかせてるわ後ろ側、好き目が合わないから「さみしい」 と 「お腹すいた」 は嫌―いDon't You Know？お願い…Fairy Girl 出逢えたら きっと何か起きるキミは So Specialな人ですそうでしょ？Fairy Girl 見つけたら きっとうれしくなるキミは So Luckyな人ですそう、多分ねFairy Girl 追いかけちゃったら逃げ出すの取扱説明書ちゃーんと 読んでおいて",,,,,,,,,,,,,,,,,,,,,,,,,,,,,,,,,,,,,,,,,,,,,
121,Look up to the sky,COLORFUL FE@THERS -SHHis-,2023/07/26,緋田美琴,無理して目を閉じた Break of dawn昨日と今日との境目さえ見失いそうな瞬間でもI see my dream呼吸することも 忘れちゃうほどの募る不安は誰かが作るわけじゃない窓越し差し込む Sun light解けてく Shadow yeahSo what am I waiting for？俯きたくなるような時にこそ見上げていたい 涙は落とさないように(I can make me smile)Look up to the sky今までの my way当たり前の momentその全て どれもかけがえない事と幸せを噛み締めながら 歩いていくよI never never look backほら届きそうで 届かないの always掌で溢れ落ちて消えていく希望それでもまたやり直せるわLook up！ Look up！ Look up to the...Look up to the skyThat's right！ここはそう Open worldひとりでも Not so hardどこまでも行こうただ気ままに I just open the door(Someday) 大人になって(Day by day) 自分らしさとかって無くしちゃうのねI won't be like that夜空見上げてひとつ瞬いた涙で重なる星は果てないほどThat's so beautifulLook up to the sky限界なんて No way迷わず Go straight大丈夫って信じ歩き続けていこう幸せは巡りくるから怖くないわ The future is in my hand今届きそうでそっと 伸ばした両手何度だって追いかけた青空の向こう逃さないようにいつまでもずっとLook up！ Look up！ Look up to the...歪な freedom 惑わされて余白ばかり探すよりも雲ひとつもないキャンバスに思い切り夢を描こう (I'm dreaming a dream)今までの my way当たり前の momentその全て どれもかけがえない事と幸せを噛み締めながら 歩いていくよI never never look back(Oh yeah)そう流した涙も夢を見てること I know(My life living my life)叶えていくのこれからもずっと(Oh yeah) (I will)Look up！ Look up！ Look up to the...Look up to the sky,,,,,,,,,,,,,,,,,,,,,,,,,,,,,,,,,,,,,,,,,,,,,
122,Shiny Stories,Shiny Stories,2023/07/26,櫻木真乃/七草にちか/斑鳩ルカ,"Wow wow wow…Wow wow wow…Wow wow wow…Wow wow wow…その表紙を開いた向こう""私""という登場人物書き出しの言葉をずっと探してた日々は変わるWe’ll meet here.白紙は空We are writing ""piece"".羽を走らせてAmbitious抱きしめた想いに問いかけるWhere do we go?章-Show-が始まる物語になっていくよ光と空の記録のすべてFlighting birds like sing.どこへだっていける自由の翼今は信じてる踊るように綴る気持ちも戸惑って滲む気持ちも間違いや正解なんかない書き留め重ねたら、""共鳴""するんだよ綺麗じゃない言葉だって心をつくっていく今日からの日々の幕開け",,,,,,,,,,,,,,,,,,,,,,,,,,,,,,,,,,,,,,,,,,,,,
123,Imitation Ghost, “CANVAS” 05,2023/08/09,ストレイライト,"午前0時の禊自問自答shower 駆け巡るmy head思っている異常に 表現出来ない私は誰よ？ Oh, noCrazyな浮世は 斬新なnews 貪るeveryday無情に進化して 変わりゆく世界 私は何処だ魂はfly 行き場を探して今日もまた 何度も何度も此処だよって 叫んでるのは「私」と言う名の偶像 脳裡にprogramしたからいつかの未来で彷徨ってる Imitation Ghost想いじゃ伝えきれない 完璧求めるvisionが何度も闇浮遊して 誰かに届けたいと願うの心の中まで 見えそうなskeleton 隠せない野望築いてきたimage 犠牲にしてでも 手に入れたいの存在をcry 光り輝いて魅せたいわ 最後の最後は誰よりもShiny (flash), shiny (flash)本当の自分であれ五感を超えた暴走が 心身 支配しながらControl失った私は Imitation Ghost感情の紆余曲折に 振り回されてもきっと運命を切り拓き 自分を探し出してみせる(High)(High)(High)(High)(High)(High)(High)(High)「私」と言う名の偶像 脳裡にprogramしたからいつかの未来で彷徨ってる Imitation Ghost想いじゃ伝えきれない 完璧求めるvisionが何度も闇浮遊して 私を叫びたい誰かに届けたい そしていつかユメ叶えたい",,,,,,,,,,,,,,,,,,,,,,,,,,,,,,,,,,,,,,,,,,,,,
124,BURN BURN, “CANVAS” 05,2023/08/09,ストレイライト,"It's time 時は満ちたの show me nowGet down 解き放つのよ breakout now地鳴りのような beat に揺さぶられ高ぶる胸は like a music monster駆り立てられる wild な本性スリルと快感 頂戴視線のスポットライト浴びて 輝け誰にも負けない鮮烈な舞で燃やせ burn, burn 限界突破してこうこの世は諸行無常の dance floorBurn, burn 熱く焚き付けて今この瞬間 only 二度と無いから息もできない hard なステップで表現するの everybody feel me行くところまで行けたら本望ヤバイ目つきでしょ？Get you!歓声の渦に酔いしれ 昇華して記憶に爪痕残してみせる壊せ burn, burn 理性なんて捨ててありのまま曝け出せ naked myselfBurn, burn ハードルぶち上げて後悔させてあげる 出会ったことをOh-oh レベチな rival 逆に燃えるよね 血が騒ぐわOh-oh ガチで survival もっと感じたい 最高の crazy燃やせ burn, burn 限界突破してこうこの世は諸行無常の dance floorBurn, burn 熱く焚き付けて今この瞬間 only壊せ burn, burn 理性なんて捨ててありのまま曝け出せ naked myselfBurn, burn ハードルぶち上げて後悔させてあげる 出会ったことをBurn, burn 限界突破してこうBurn, burn 理性なんて捨てて",,,,,,,,,,,,,,,,,,,,,,,,,,,,,,,,,,,,,,,,,,,,,
125,Start up Stand up, “CANVAS” 05,2023/08/09,ストレイライト,"もうどれくらい 走って来ただろう幾千の闇を抜け 降り掛かる試煉乗り越え見上げた空に真っ白な光三色の光線は 此処から何描くの？(Get up 貫け) 堅い堅い絆で(Speed up 突き進め) 永遠になれるまで(Breakthrough 懸命に) live on the stage with me100年続いてく (安泰より)伝説になれる生き様をGet readyあの日の未来追い越して 運命を手繰り寄せて光の彼方まで 創造したいから未知の不安と戦って 自信を研ぎ澄ます君の瞳に迷いは映らない (立ち向かってく)Make my mind (make my mind)Make your mind (make your mind)怒涛のpressure跳ね除けてStart up Stand up羨むような 煌びやかな世界横目で見ながら 流されはしなかったよ落ち着ける場所 そんなの要らない欲しいのは永劫に 誇れる輝きなの(Get up 貫け) 強い強い想いで(Speak out 推し進め) 記憶に刻みこんで(Break it out 懸命に) live in the world give it out(Make it, make it, make it)Just do it不屈の意志を盾にして 共に手を取り進むの摩擦も熱量に 変えてgrowing upやらずに後悔するより 燃え尽きて散る方がいい心のnoiseを掻き消し (突き進んでく)まだまだ (まだまだ) これから (これから)激動の時代彩れStart up Stand upAi to fight in my heart (ai to fight in my heart)Ai to fight in your heart (ai to fight in your heart)彷徨う光線は (紡ぎ合い)真っ白な世界で 夢に向かって挑み続けるGet readyあの日の未来追い越して 運命を手繰り寄せて光の彼方まで 創造したいから未知の不安と戦って 自信を研ぎ澄ます君の瞳に迷いは映らない (立ち向かってく)Make my mind (make my mind)Make your mind (make your mind)怒涛のpressure跳ね除けてStart up Stand up",,,,,,,,,,,,,,,,,,,,,,,,,,,,,,,,,,,,,,,,,,,,,
126,Reflection, “CANVAS” 06,2023/09/13,ノクチル,答えなんて探したって 在るはずもなくっていつだって 自分自身の心模様水面に映った空 泣き出しそうで 静かにただ覗いてた一つ二つ 波紋が色を重ねる降り出した雨 僕に潸々と 悪戯に降り注ぐ度瞬く間に景色を染めていくけど 一人じゃないから 怖くないよ暗い夜も 光る朝も 巡り巡る世界でも隣には 変わらず きみがいたんだ僕らは出会って 選んで 風を掴んで今と違った明日へ ずっと 離れないように手と手 繋いだままで気づけば あんなに泣いていた空が ほら少し笑って 見えた気がしたんだ踏み出す僕ら 街に淡々と 足音を響かせる度瞬く間に色づき始めるけど 迷わないで進め前に 行こう先へ それがどんな世界でもきみとなら 答えも 理由もいらない明日へ向かって 走って 風に乗って今と違った僕らへ ずっと 変わらないように手と手 繋いだままで,,,,,,,,,,,,,,,,,,,,,,,,,,,,,,,,,,,,,,,,,,,,,
127,夢が夢じゃなくなるその日まで, “CANVAS” 06,2023/09/13,ノクチル,初めてを見つけたあの日全部が輝いて見えたんだ手を伸ばせば届きそうなくらいにただ眩しかったかすかに胸に芽生えた思いは気づけば理由に変わっていたどんなに遠く離れた未来でも昨日より今日、今日より明日夢が夢じゃなくなるその日までせいいっぱい まっすぐに追いかけてきっと数えたらキリがないくらい何度も挫けそうになったそんなときは決まってあの日に見た景色思い出すんだ駆け出して、転んで、立って、一息そんな繰り返しの日々でも自分で選んで決めた道だからこれしかって思ってきたから誰より何より自分自身を 夢を信じ続けたいんだ ずっとどんなに遠く離れた未来でも誰かに無理だと笑われても届きそうで届かない光をせいいっぱい まっすぐに追いかけて夢が夢じゃなくなるその日までLaLaLa...,,,,,,,,,,,,,,,,,,,,,,,,,,,,,,,,,,,,,,,,,,,,,
128,青とオレンジ, “CANVAS” 06,2023/09/13,ノクチル,青とオレンジの 空の下で僕らはいつもと違う道 わざと遠回りしたりしてた今日がずっと続けば なんて思いながら青をオレンジが 包み込むまで限りあるこの瞬間を 今を 繋いで少しずつ一歩ずつ僕らは歩いてるんだ 不安も希望も連れて帰り道のない日々へと空の向こう 見えないけど今日よりもきっと明日はって そう信じながら青に手を振って笑ってまた明日始まりがあれば 終わりもきっとあって永遠じゃないから 何より大切で限りあるこの瞬間を 今を 重ねて少しずつ先へ毎日迷って泣き笑いながら 真っ白に色を付けてくように僕らは生きているんだ 不安も希望も抱えかけがえのないこの日々を空の向こう 見えなくても今日よりももっと明日はってオレンジに手を伸ばしたラララ...未来は何色にでも 染めて変えていけるそしていつの日かきっと 気づくんだ自分の色に 同じ色がないことにそれでも 同じ空の下を一緒に歩いてくんだ 不安も希望も連れて帰り道のない日々へと空の向こう 見えないけど今日よりもきっと明日はって そう思えたからきみに手を振って 笑ってまた明日青とオレンジの 空の下で僕らは昨日と違う道 オレンジが眩しかった,,,,,,,,,,,,,,,,,,,,,,,,,,,,,,,,,,,,,,,,,,,,,
129,Forbidden Paradise, “CANVAS” 07,2023/10/11,シーズ,"Where should I go from here?Oh 綺麗なものに棘があって甘いものに毒があるって言わずもがな everybody knows itだけど人は(You made a mistake againHey Are you serious?)まだ誰も見たことない(Open your eyes)楽園連れていくって alrightそんな単純な誘いならJust try someone elseI'm gonna pass'Cause I choose by myself, yeah響き渡るわ 風の声 (oh-oh-oh)誘う香りに酔いしれて (oh-oh-oh)I can feel the heat上がる heartbeat, yeah触れそうでも触れられないのねまるで夢のような placeCan't you see?Forbidden paradise, da, dala, da, da, da, dala (oh)Fight with myself, da, dala, daEvery day, every nightIt's paradise? Da, dala, da, da, da, dala (oh)I'm on the way, da, dala, da理想郷じゃないのかなんて勘違い知りたいけど近づけない危険性を秘めた果実がそう (I never touch)溢れてるわ forbidden paradiseI will move on (that's forbidden)フフフフEvery step to the best軸はブレない where I go行き先なら I know迷わずに I can go my wayIt's pure and sure (ya, ya, ya, ya)破れないこのルールだけは(Never break, ya, ya, ya, ya)私が定めた borderline揺れ動きそうな心でも (oh-oh-oh)見失う確率はゼロ (oh-oh-oh)Now I live my life 恐れなんてないわ夢と現実を混ぜないから yeahSo I can be strongThis is my zone, understand?Forbidden paradise, da, dala, da, da, da, dala (oh)Fight with myself, da, dala, daEvery day, every nightIt's paradise? Da, dala, da, da, da, dala (oh)I'm on the way, da, dala, da誘惑で舞う世界全てが so delicious?No, that's dangerous胸の中も騙す mirageOh 大事なものなら確かめるのよこの目でForbidden paradise, da, dala, da, da, da, dala (oh)Push through the haze, da, dala, daEvery day, every nightIt's paradise, da, dala, da, da, da, dala (oh)Follow my way, da, dala, da未知なる影は消えていく新しい夜明けが right now見据え続けたその先に (what can you see?)差した光魅せた paradiseThere's no wrong (no forbidden)Forbidden (when are we gonna find it?)Paradise (the real paradise)Forbidden (finally, if you find)Paradise, yeah",,,,,,,,,,,,,,,,,,,,,,,,,,,,,,,,,,,,,,,,,,,,,
130,SWEETEST BITE, “CANVAS” 07,2023/10/11,シーズ,"We can't stop the sweetest biteOvernight the moon lightひとり見上げ remember儚い淡かったあの日の fleeting love必要ないの no more advice気ままに walk walkLost in labyrinth二人きりの世界じゃ 邪魔させないわ溺れ続けてた passion of love解けることのない魔法にかかったようでもう夢中で止められないNever everSweetie, sweetie, sweetest bite (oh, oh)Just give it to me, gimme moreSweetie, sweetie, sweetest bite (oh, oh)So give it to me, gimme moreWe can't stop the sweetest biteLove is so blind分からなかった left and right甘すぎたわ my first timeWe can't stopWe can't stopSweetest biteSweetie, sweetie, sweetest bite毎分毎秒一瞬でも幸せだったのに終焉は急すぎてBaby, I can't believe何も知らない私たちはまるで Adam and EveFalling in loveWe're in loveAddicted to love恋に恋してた記憶全部 it's so blue囚われてたようなMagic feelingSweetie, sweetie, sweetest bite (oh, oh)Just give it to me, gimme moreSweetie, sweetie, sweetest bite (oh, oh)So give it to me, gimme moreWe can't stop the sweetest biteOut of my mind迷う心 upside down幼すぎて what is right?I don't knowBut I want sweetest biteSweetie, sweetie, sweetest biteWhat's the next?次の恋をすればWhat I tasteどんな味を選ぶんだろう?Sweetie, sweetie, sweetest bite (oh, oh)Just give it to me, gimme moreSweetie, sweetie, sweetest bite (oh, oh)So give it to me, gimme moreWe can't stop the sweetest biteLove is so blueクセになっても that's alright答えはないの fake or trueWe can't stopWe can't stopSweetest biteSweetie, sweetie, sweetest bite",,,,,,,,,,,,,,,,,,,,,,,,,,,,,,,,,,,,,,,,,,,,,
131,White Story, “CANVAS” 07,2023/10/11,シーズ,"Yeah, I knowEvery color tells a storyYou know thatIn our heartsAlright, start it誰ひとり同じ色ではないから重なり合ったら all around the world美しく輝かせるわOur gradation空にさした like a rainbow欠かせないよ 全てが I knowかけがえないからWe're living in colors瞳映した (everything)気づかないまま we're seeing ""RGB""Every day and nightこの光が (someday, one day)満ちた先に be the one(Shining, it's so bright)Let's start the white story色鮮やかな未来を待ったキャンバスに今Write with a melody新たに描こう見たことない わたし色でColor the way!ほら光と影交差するこの stage未知を知りつつ少しずつNow I came so farただひたすらにFinally I knowいろいろな色がきっと違い越えて輝ける place 繋がっていくWe're living in colors溢れそうな想い (can't stop it)憎む時もあるよ destinyEvery smile and tearウソつかないように (don't hurt my heart)染めない心 to the black(Shining in my mind)Let's start the white story先で待つのがどんな色だって 怖くはないPlay with your harmony旅は続いていく飾らないで君のままでColor the way!Blend colors on canvasWe'll make a brighter dayBlend colors on canvasWe'll make a brighter dayThis is our storyこの輝きはIs it like a rainbow?(It's not enough)Over memories夢の続きはこの声 乗って(Yeah, just like thisOh, maybe you feel, you right?)Let's start the white story (let's start it)希望が満ちた (it's so colorful)明日を望んだ (I want it)Canvasに今Write with a melody (just write it)ここから描こう (start from here)見たことない (oh yeah)わたし色でColor the way!Blend colors on canvasWe'll make a brighter dayBlend colors on canvasWe'll make a brighter dayColor the way!",,,,,,,,,,,,,,,,,,,,,,,,,,,,,,,,,,,,,,,,,,,,,
132,星の声,Song for Prism 星の声,2023/10/18,シャイニーカラーズ,散りばめられた星の光が 静かな夜に煌き出した それは呼び合うように 心の奥で音が響いた 小さな風がそっと吹き抜けた まるで何かの兆しのように  それぞれの色をした 星が巡り合って 生まれるんだ どんな暗闇でも 照らせる耀きが  さぁ旅立とう 虹の先へ 真っ白な地図を広げて まだ知らない 笑顔を探しに行こう 光集い 新たな空 出逢いが未来で待ってる 描いていこう この場所から 輝きのプロローグ  どうして空を見上げているの？ 何が心を突き動かすの？ 何処にゴールはあるの？ 分からないけど いつも隣に 息を切らした君がいたんだ 気づくと背中 追いかけていた  それぞれの色をした 羽根が巡り合って 生まれるんだ 憧れより高く 飛び立てる翼が  さぁ羽ばたこう 夢を超えて 無限大の好奇心で 自分らしく 明日を迎えに行こう 一人じゃない どんな時も 一緒だからこの世界が 愛おしいと 思えるんだ 光に包まれて  次のページ 捲るその度 栞を挟んでく 同じ空を目指した大切な 日々を…  「鏡に今 映るきみは 希望であふれていますか？」 星の夜に 手を伸ばした物語 君と出逢い 手を重ねた その瞬間(とき)芽生えた軌跡を 紡いでいこう その名前が 奇跡に変わるまで  手を伸ばした 未来に届くまで,,,,,,,,,,,,,,,,,,,,,,,,,,,,,,,,,,,,,,,,,,,,,
133,無自覚アプリオリ, “CANVAS” 08,2023/11/08,コメティック,コペルニクスもびっくり 革命 脳内戦争暗にずっと 気づいてた無限の可能性 ファンタジー 如何様崩壊間近でも 夢を見せる一丁前に大声で 高らかに理想掲げああしなさい こうしなさいって勘違いが もう笑える 心配です嘯いても 頭はパパパラパー悲しいくらい 刺さらないまあ それじゃ 話だけはとりあえず 聞いてあげましょうああ さあさあ 群れ成しましょう 有象無象よいっそ もっと 自分を隠し通せ多様性出せ？ でも列乱しちゃダメ？何様 今更 どうすりゃいいんだ散々 振り回され どうぞアンチノミーどうせ きっと 名前も知らないくせに過干渉じゃない？ 好きにすればいいじゃないあなたはそのまま お気に召すまで子供の頃に よく言われた痛い イタイ 痛いの 飛んでゆけ傷つくことから 逃げる癖はやっぱ ずっと 直らない子丑寅卯辰巳午未 サルにも及ばないと思うのまあ だけど 話だけはとりあえず 聞いてあげましょうだって 皆んな ご都合主義好き勝手言えば 満足でしょうああ さあさあ 連れ出しましょう 烏合の衆よ何回だって 言葉を 飲み込んだんだろう多様性出せ？ でも列乱しちゃダメ？殊更 神業 お手本見せてよ散々 繰り返され 性懲りも無くどうせ きっと 押しつけ 知らぬ存ぜぬ無責任じゃない？ 好きにすればいいじゃないあなたはそのまま お気に召すまで此のまま 此処には居られない此のまま 此処には居られないけど何処かに 向かっていくにはあまりにも ヒントが少ない此のまま 此処には居られない此のまま 此処には居ちゃダメだと誰かに諭されるのも うんざりしてんだよさあさあ 群れ成しましょう 有象無象よいっそ もっと 自分を隠し通せ多様性出せ？ でも列乱しちゃダメ？何様 今更 どうすりゃいいんだ散々 振り回され どうぞアンチノミーどうせ きっと 名前も知らないくせに過干渉じゃない？ 好きにすればいいじゃないあなたはそのまま お気に召すまで,,,,,,,,,,,,,,,,,,,,,,,,,,,,,,,,,,,,,,,,,,,,,
134,くだらないや, “CANVAS” 08,2023/11/08,コメティック,どうやら 大概 曖昧トーク 誰ガ為おんなじ表情 脊髄反射で量産体制 一丁上がりだが？ダイジョブそ？ 笑える理論武装したって キホン 地蔵黙ってやりすごすことばかりチャンチャン おめでたいな踊れ 踊らにゃ損だって フィルターして嫌になっちゃうな 歪み発見だ頭ん中 空っぽにして覗いても馬鹿になっちゃうな 虚勢張ってんのバレバレだって タッタラーまあ くだらないや存在の証明は 単純明快 鮮明本懐の肯定を 案外 痛快 清清存在の証明は 単純明快 鮮明モウマンタイ キミも本音ではメーデー今日とて徘徊 倍々ゲームさながら結果は上々 かりそめのハート冗談だって ちょっと萎えるんだが？ダイジョブそ？ 笑えない期待 依存しちゃって 自問自答 怠ってハリボテのスマイルで バイバイ また明日ね後ろ指 指されないよう リフレインして嫌になっちゃうな 正解待ってんの100点の解答なら さぞ満足でしょう駄目になっちゃうな 依然 劣勢だああ しょうがないか タッタラーまあ つまらないやハウバーチュー 誰かの借り物じゃないハウバーチュー 言葉を聞かせてみせてハウバーチュー 理解ってるたぶん 無理だろうね嫌になっちゃうな 歪み発見だ頭ん中 空っぽにして覗いても馬鹿になっちゃうな 虚勢張ってんのバレバレだって タッタラーまあ くだらないや存在の証明は 単純明快 鮮明本懐の肯定を 案外 痛快 清清存在の証明は 単純明快 鮮明モウマンタイ キミも本音ではメーデー,,,,,,,,,,,,,,,,,,,,,,,,,,,,,,,,,,,,,,,,,,,,,
135,平行線の美学, “CANVAS” 08,2023/11/08,コメティック,断線間近の憂鬱を 耐えきってつぶやくどうせ期待を越えない 予定調和だって私は違うって乱れない隊列自己主張はめいっぱいそんなもんだよ、誰かが言う「気にしすぎてるんじゃない？」違うって言う私がおかしいみたいなるほど 尊重すべきは個性で転ぶように罠はって失敗は餌になって糧になりがちなんだねそれで誰か幸せになるんですか？あぁ やなかんじだ独りぼっちが恋しくってさ呼吸するように相槌をうつ私はいらないな余白が嫌いな原因は自分がないからそれならまっさらなまま息をしていたい反抗って恒例の定期行事みたい理解は特にいらない難しいことなんてないよただそこにあるだけ達観じゃなくてありのままあるだけ一般のキャパシティ 多種多様なカテゴリ君が「そう」なら「そう」だ「君が知りたい」言われてもね きっとねキャパオーバーだね嫌いな訳じゃなくて虚しいんだあぁ やなかんじだ私は私でありたい君は君でいればいいそれでいいねどこにも存在しない色が私の中に息づいているはじまりは誰だって独り知ってて手を伸ばしたんだ真っすぐは斜めに負けて曲がらない曲がらない線と線は交わらない並走して触れ合う テリトリーの中で手を繋げたならいいねあぁ まだやなかんじだ次は何を諦めますか？張り付きがちな笑顔そんな子じゃなかった だなんて見え透いた答えだねそれも全部予想してたんだ空想上の私ならもうそこにいない透明な自由 それはきっと誰の中にも息づいている借り物は全部返すよ何の意味もない優劣を競うのに疲れたんだ,,,,,,,,,,,,,,,,,,,,,,,,,,,,,,,,,,,,,,,,,,,,,
136,裸足じゃイラレナイ,Song for Prism 裸足じゃイラレナイ / 明日もBeautiful Day,2024/01/24,放課後クライマックスガールズ,そっと ぽつんと 見慣れない空の窓際喋ったことない君に 小さな勇気を見せた音楽 映画 好きなものも 噛み合わなかったねそれでも 今じゃ一番の 親友と呼んでる踏み出す一歩で 世界に光 溢れ出すことみんな きっと 知ってくんだね駆けていくんだねYou ready? Go!勇敢にストーリーメイカー大胆にスニーカーライナー解き放った ひと筆 描いてこう走ってゆこう逆光のカーテン開いて感情がブレながら思い切って 飛び込む景色は裸足ではいられない夕立よけた 庇の下に 君がいた今は喧嘩中なのに ごめんねと言ってくれたどうして こっちから 素直になれなかったんだろう君はどれだけ飲み込んで 振り絞ったんだろう向き合う一歩で ズキンと痛んで気付けることきっと ずっと たくさんあるね雨は光るねWe gotta go!晴天のナーバスランナー涙腺とスパークリングウォーター弾けそうな 胸にきゅっと沁みるこぼれてく成長は順番じゃない感情が増えてくんだ眩しくって 透かした 手のひら掴むにはまだ早い踏み出す一歩で もしかして君が迷ってるならずっと ずっと ここにいるから 負けるなガンバレYou ready? Go!勇敢にストーリーメイカー大胆にスニーカーライナー解き放った ひと筆 描いてこう走ってゆこう逆光のカーテン開いて感情がブレながら思い切って 飛び込む景色は裸足ではいられない靴紐 ムゲン エガケ,,,,,,,,,,,,,,,,,,,,,,,,,,,,,,,,,,,,,,,,,,,,,
137,明日もBeautiful Day,Song for Prism 裸足じゃイラレナイ / 明日もBeautiful Day,2024/01/24,アルストロメリア,トゥルリ トゥルラ トゥルルトゥルリ トゥルラ トゥルル(毎日大変そうだね一生懸命なところはとっても素敵だよ でも頑張りすぎないでほしいなって)うっかり居眠りときどき可愛い寝顔にドキドキ(ここのところずっと 遅いみたいだから心配してるんだからね)他の誰よりも真面目な姿が美しい無理はせずに たまには力抜いて休憩しましょうテーブルの隅の一輪のようにあなたを優しい光で照らしたい悲しみの雨が降り出したならそっと包み込んであげたいちゃんと見守ってるから 大丈夫明日も beautiful dayトゥルリ トゥルラ トゥルル(あなたっていつも前向きで尊敬してるんだ完璧だなぁって でも完璧じゃなくたって大好きだから)休みはソファでうだうだ朝から夜までぐだぐた(隠す必要なんかないよもっと意外な一面を見せてほしいなって思ってる)カッコつけないで素顔のまんまが愛おしい良いところも ダメなところも 全部分かち合いましょう日陰に芽吹いた新緑のようにあなたに勇気と希望を与えたい苦しみの夜が訪れたなら一晩中寄り添いたいいつもそばにいるから 大丈夫明日も beautiful dayテーブルの隅の一輪のように日陰に芽吹いた新緑のようにテーブルの隅の一輪のようにあなたを優しい光で照らしたい悲しみの雨が降り出したならそっと包み込んであげたいちゃんと見守ってるから 大丈夫明日も beautiful dayトゥルリ トゥルラ トゥルルトゥルリ トゥルラ トゥルル,,,,,,,,,,,,,,,,,,,,,,,,,,,,,,,,,,,,,,,,,,,,,
138,ホムラインビテーション,ホムラインビテーション,2024/02/23,ストレイライト/シーズ,（辛うまのユッケジャンの味(うぇい)！日清炎メシの味(うぇい)！Go!）（辛うまのユッケジャンの味(うぇい)！日清炎メシの味(うぇい)！）×2ロスタイムなんて無いよボッ！と沸かせほら刻一刻待ち遠しいねお腹空かせれば注ぐ熱湯日清からベストアンサー垂らせ！Go!オイルで優勝！辛うま炸裂炎メシ！（辛うまのユッケジャンの味(うぇい)！日清炎メシの味(うぇい)！）コチュジャンと牛 3種の唐辛子がいいんだ！「あーもうパッケージみるだけで…！」食欲グングンGood!わお！食した者だけが知れるそこのあなたも食べてみて？Hiお待たせ、5分で速攻うまうまohガーリックオニオンでコクましましオイルも混ぜ混ぜ超絶で絶好を手に取れ炎！いつでも炎メシ美味しい炎メシ叶えて炎メシ日清月歩備えて炎メシ隙間に炎メシとにかく炎メシ満たしてよ素敵なライフのお供に日清Go!（辛うまのユッケジャンの味(うぇい)！日清炎メシの味(うぇい)！)×2ブーム到来？pick up foodカップ1つでどこまでも猛進ライフハックでライズアップかスパイスで汗流せば代謝アップ！香りも食欲をグッとそそるそこのあなたも食べてみて？Hiお待たせ時間は取らせないAnswerohユッケジャンのフレーバーで誘うシズルスプーンでかき混ぜるだけでfinish!手に取れ炎！お湯かけて待ち時間5分だなんて忙しない日々の中で寄り添うぜマイバディ愛される理由は拘りだって食べれば食べるほど知れば知るほどに分かる近くに炎メシ美味しい炎メシそばには炎メシ一切合切心に炎メシ愛して炎メシ絶やすな食の炎の灯りを「唯一無二を」いつでも炎メシ美味しい炎メシ叶えて炎メシ日清月歩備えて炎メシ隙間に炎メシとにかく炎メシ満たしてよ食べてみて素敵なライフのお供に日清Go!（辛うまのユッケジャンの味(うぇい)！日清炎メシの味(うぇい)！) ×2 Yes!,,,,,,,,,,,,,,,,,,,,,,,,,,,,,,,,,,,,,,,,,,,,,
139,青空,Song for Prism ハナムケのハナタバ / 青空,2024/04/03,ノクチル,見渡せば ほら 溢れてる小さなカケラが 毎日の中に一つずつ拾い集めてそれぞれの夢のカタチになる上手くいかないこともあるよ (この先)雨が降り出す日もある (それでも)きっと変わらず明日が来てまた一歩 少しだけ 進むんだ空が笑えば 水溜りに 七色の虹が映るどんな時でも 顔を上げて 歩いて行こう道端に咲く花もお店に並んだ花も いつの日か誰かが見つけてくれる初めて出会ったあの日のように当たり前が特別へと (変わって)ケンカだってする日もある (それでも)ずっと変わらず側にいて未来へと足跡を残して進むんだ凸凹な道 そんな日々も 太陽が隠れる日も笑い飛ばして 顔を上げて 歩いて行こう 青空の下Yeah,,,,,,,,,,,,,,,,,,,,,,,,,,,,,,,,,,,,,,,,,,,,,
140,ハナムケのハナタバ,Song for Prism ハナムケのハナタバ / 青空,2024/04/03,コメティック,"ワタシが見ていた世界アナタが見たアナタの世界サヨナラの瞬間 胸に咲いた言葉ハナムケのハナタバに隠したどうしてすれ違っちゃうんだろうどうして困らせちゃうんだろう繰り返す自問自答 答えがない「じゃあ またね」って手を振ったその後に残る余白それはきっと そうきっと一人きりじゃ埋まらない隠し事はなしだよ なんでも話してよね優しさ それは時にチクりと痛むあぁ また 無駄に我慢しちゃってるって見透かすんだ 絶対 嘘は下手だったねワタシが見ていた世界アナタが見たアナタの世界硝子のように脆くてだけど とても綺麗なものアタタカイ気持ちがまた溢れそうでそっとうつむいたサヨナラ ワタシとアナタの世界はもう交わらないけど そっとハナムケのハナタバを贈るよ期待だけで過ぎる時間それはとても幸せ怖くない 脆くない 言い聞かせてたい「まだ嫌だ」なんて子供じみた願いは仇になるチクチクタクタクと再び時はまた刻みだす頭に浮かんで消える ダメだったワタシ全部いっそ無かったことにそんな風に簡単に片付かないあれこれはそれはきっと そうきっとワタシだけの宝物全然変わらないね 偶然にまた出会っていつも通りに笑えたらいいなそんな空想 そっと 空に放り投げたワタシに見えない世界アナタだけに見えてた世界教えてくれなかったよねちょっとだけ寂しかったぼやけて見えない未来そっとぬぐって笑ってみたそれぞれ歩く別々の歩幅がちょっとずつ離れてく胸にハナムケのハナタバを抱いてLa la la, la la la, la la la la la la laLa la la, la la la, la la laなんで別れは来るの? このままじゃいけないの? いつかじゃない答え 今知りたくってもう間に合わないと知ってても駆け出した夜明け前の街星屑消えてく空 ブルーとオレンジ ワタシ一人振り返ったらそこにアナタが笑ってる気がしてサヨナラ ワタシたちが笑ってた世界だけどきっと心に焼き付いて離れない残像ワタシたちの笑顔をずっと忘れたりなんかはしないからそっと ハナムケのハナタバを贈るよ",,,,,,,,,,,,,,,,,,,,,,,,,,,,,,,,,,,,,,,,,,,,,
141,ツバサグラビティ,アニメ　ツバサグラビティ,2024/04/10,シャイニーカラーズ,"Believe my sky, believe my dream 見つけにいくよアザヤカな世界 shiny stage透明のフレームで切り取る空の向こう瞬間のプリズムに翼のカケラ (キラめいて)きっとはじまってる 呼ばれた気がしたんだ輝きが道しるべ どうか待ってて(Step by step)ちゃんとチカラにしたい(Step by step)ちゃんと育てたいよだって君が信じてくれた可能性最初の勇気だねBelieve my sky, believe my dream 憧れはもう走り出してる (未来へ) 惹かれあうグラビティCatch my wish, catch my wind 探していたねさあ 自分らしい色になれる空へ 一緒にいこうよきっかけと言うには頼りない予感だけどうしてだろう神様も驚くくらい(逸らせずに)大胆な運命 この胸にかさなった昨日ごと抱きしめる強い引力(Breath by breath)全部つながってく(Breath by breath)全部わたしだった""ここではないどこか"" じゃなく ここから(Step by step)どんな自分だって(Step by step)ちゃんと連れていくよ愛しくなる今日のとなりにいつだって眩しい君がいるFly in my sky, fly in my dream 夢見てた時間翼に変えて (自由に) 飛び立てばグラビティFeel my wish, feel my wind 光の彼方ねえ ひとつになる輝きがうれしい 出会いにきたんだドキドキしてる瞳 並んだ空のシンパシーさあ 見たことない景色いっぱい映そうひとりじゃ通り過ぎた 心のグラデイション愛しくなる 勇気にできるこの日々がわたしを動かすいつだってBelieve my sky, believe my dream 信じているよ君とならどこまでもBelieve my sky, believe my dream 憧れはもう走り出してる (未来へ) 惹かれあうグラビティCatch my wish, catch my wind 探していたねさあ 自分らしい色になれる空へ (空へ)自由に (羽ばたけ)アザヤカな世界で出会う shiny stageFly in the skyFly in the dream",,,,,,,,,,,,,,,,,,,,,,,,,,,,,,,,,,,,,,,,,,,,,
142,輝きにかわる,シャイニーPRオファー vol.1,2024/04/17,大崎甘奈/市川雛菜/田中摩美々,深く色づいた唇、馴染んでく変わり映えのしない生活に少しの背伸びと大きな一歩笑い方真似しては照れてしまう夜慣れない部屋に慣れないベッド慣れきって飽きた垢抜けない顔とか細い暮らしに自信の余地はないお気に入りメイク丁寧にしてそれさえ変わってゆくのは大人への螺旋階段を登ってる証拠です深く 色づいた唇、馴染んでく変わり映えのしない生活に少しの背伸びと大きな一歩幼くみえる悩みすら今に不安ごと輝いてしまうおまもりだよ あの日のアイシャドウ輝きに変わる、愛してゆける自信の裏側にいる私さえもみんな上品で綺麗に見えた１つ下なだけなのに自覚していくコンプに苛まれている上手くいかない時は泣きながらお風呂に浸かるパーソナルカラーを恨む裏目すらも真似て超える積み重ね人生変わるねぇ調子はどう？ってリップ変えた？似合ってんねって大優勝！日々にグリッター近づいてきた、道のりごと輝かして！流行り廃りの流行りの中で生きる似合わなくてもドキドキしているいつもと違う自分になれる気がしている美しいを心から楽しみたい少しずつでいい、叶えていくから服、髪、似合うものが変わって鏡を見れば華やいで初めはどれも怖いけど踏み出せばつまづいても泣きたい夜でも輝きに変わっていく私を愛してゆけるから,,,,,,,,,,,,,,,,,,,,,,,,,,,,,,,,,,,,,,,,,,,,,
143,ONE STAR,シャイニーPRオファー vol.2,2024/04/17,小宮果穂/黛冬優子/和泉愛依,途切れた雲の隙間に流れる ひとつの星消せない 光紡いでいくよ立ち止まっていた時間（とき）が瞼に重くのしかかる中で見えたあの光に 思い馳せる羊を数えるように飲み込んだ涙 足元の羅針盤沈黙から空へ ほら心が揺れた「行っておいで」と風が舞う進め 進め また僕が始まる続けと願った夢途切れた雲の隙間に流れる ひとつの星消せない 光紡いでいくよ揺るぎない世界の歌変わり果てて 隔てられていく真っ黒い音符の群れ 窓の向こう側で不協和音の往来押し込んだ言葉 本当の鍵穴混沌から先へ 闇振り解いて「行ってくるね」と胸が鳴る進め 進め また僕が始まる続けと願った夢途切れた雲の隙間に流れる ひとつの星消せない 光紡いでいくよ「行っておいで」と風が舞うもう迷わないよ真っ直ぐ応えたい瞼の裏の銀河に見たのは 僕の未来開いた 扉進め 進め また僕が始まる続けと願った夢途切れた雲の隙間に流れる ひとつの星消せない 光想いの かけら紡いでいくよ,,,,,,,,,,,,,,,,,,,,,,,,,,,,,,,,,,,,,,,,,,,,,
144,GOTCHA,シャイニーPRオファー vol.3,2024/04/17,芹沢あさひ/八宮めぐる/西城樹里,Now this one dedicate fi ears君の耳に今1番心地良いsound お届けAlright let's goG.O.T.C.H.Aいつものスタンス変わらないバランス後にも先にもないくらいスマイルでお届けしちゃうアナタのmeワタシのyouまとめてgrooveG.O.T.C.H.Aどこまでもサバイブ左手にmic 右手は hands up皆バンザイ楽しみたくてしょうがないのはお互い様じゃんG.O.T.C.H.A夢も現もわからない世界私達いつまでも高め合いたいこのままずっと果てまで突っ込む見た事行った事ないパラダイス大盤振舞い 振舞い 振舞いOn the mic 1振舞い 振舞い 振舞いOn the mic 2振舞い 振舞い 振舞いOn the mic 3三位一体で gotchaFollow me now massive and crew 皆 sey ほっとけないとか言ってくれるけどワタシの方こそ言っとくね皆んなの声聴こえたら輝くのFollow me now massive and crew Me seen ただ 一緒に踊れるだけでアナタの方から問いかけてくれるならいつまでも come againG.O.T.C.H.AI gotta power men 吹き飛ばすハリケーン内なる滾りがさらにエスカレート全て巻き込んで舞い上げるまだまだagain&againG.O.T.C.H.A何を得る？何を観る？何を知る？わからなくても突っ走るてんで物足りない全てにfeelし尽くして楽しむG.O.T.C.H.A放たれたsound 高らかにjump剥き出しの言葉達と踊れbounce抑えきれないこの衝動どうぞ受け取ってexplosion大盤振舞い 振舞い 振舞いOn the mic 1振舞い 振舞い 振舞いOn the mic 2振舞い 振舞い 振舞いOn the mic 3三位一体で gotchaFollow me now massive and crew皆 sey ほっとけないとか言ってくれるけどワタシの方こそ言っとくね皆んなの声聴こえたら輝くのFollow me now massive and crew Me seen ただ 一緒に踊れるだけでアナタの方から問いかけてくれるならいつまでも On the beats で もう上がっちゃうとっくにドップリ 超ハマっちゃうだからいつでもどこでも watch outもう戻れない アナタと gotcha On the beats で もう上がっちゃうとっくにドップリ 超ハマっちゃうだからいつでもどこでも watch outこれからも私達と gotcha,,,,,,,,,,,,,,,,,,,,,,,,,,,,,,,,,,,,,,,,,,,,,
145,枕木の歌,Song for Prism Happier / 枕木の歌,2024/05/22,イルミネーションスターズ,枕木の歌声に ぼんやり身をゆだねて広がる小さな空 君のことを想っていた余白のない小説が 強い風でめくれるように駆け足で時は 何もかもすべて 過去にしてしまうだけど離れても出逢えた日や 過ごした日々は消えたりしない記憶の中でぬくもりに手をかざすよまた会える時まで同じ場所 同じ時間に 同じ景色を見てさえ同じ気持ちになる 保証はないからたくさん言葉を交わしてずっと ずっと 会いたい 気持ち伝えたいどこまでも真っ直ぐな 線路じゃ重ならなかったね遠回りしても 回り道しても 間違いなかったもしも寂しさが笑顔を飲みこむ日は そっと窓を開いてどこか懐かしい風が導いてくれるまた会える時までゆらゆらと揺れながら それぞれの心が秘めた想いを 包み込むように 向かう明日へ その先へ離れても出逢えた日や 過ごした日々は消えたりしない記憶の中でぬくもりに手をかざすよまた会える時まで枕木の歌声余白のない小説記憶のぬくもりまた会えるその時まで同じ場所 景色と懐かしいあの風秘めている想いまた会えるその時まで,,,,,,,,,,,,,,,,,,,,,,,,,,,,,,,,,,,,,,,,,,,,,
146,Happier,Song for Prism Happier / 枕木の歌,2024/05/22,シーズ,"HeyHeyOoh, pa pa, pa pa paPa la pa pa la paOoh, pa pa, pa pa paPa la pa pa la paWhat is this? この feeling久々だわ ドキドキしてるのちょっと目が合っただけじゃない挙動不審全開ねもう正直言っちゃってよこれが恋なんでしょバレバレ過ぎ 赤く染まる my cheekちょっと待って落ち着いてよ大事なのは駆け引き非常事態なのよ自分で自分が制御不能私なりの“いろは”を説いた恋愛の教科書今見せてあげるわPromise you, happier, happier, happier, happier伝えたいわ甘い甘い甘い甘い言葉 like magic恋の口溶け教えてほら見つめ合うその瞳でOoh, pa pa, pa pa paPa la pa pa la paOoh, pa pa, pa pa paPa la pa pa la pa振り向かせるぐらい堂々としていつも proud of yourselfこのままじゃダメだって頭では分かるのよもうどうしてそんなに直球?恋は戦略勝負私の辞書 そんな言葉ないわムリムリ全然ついてけない 男心何なの!深く深呼吸して大事なのは平常心好きというこの気持ち隙あれば届いて欲しい想いがはちきれそうPromise me, happier, happier, happier, happier恋の味は甘い甘い甘い甘いだけじゃ no, no, no火照り出しそうな心もバレないように笑顔見せてホントは触れられるだけで溶けてしまいそう焦りは禁物よ タイミングとインパクト狙い定めたなら今One, two, three, happier, happier, happier, happier迷わないわ甘い甘い甘い甘い言葉 I love it恋の口溶け二人でほら確かめ合いたいからOoh, pa pa, pa pa paPa la pa pa la paOoh, pa pa, pa pa paPa la pa pa la pa",,,,,,,,,,,,,,,,,,,,,,,,,,,,,,,,,,,,,,,,,,,,,
147,文明開花輪舞 -シティ・ハレルヤ-,ECHOES 02,2024/06/12,アンティーカ,配管が空へ羽を伸ばしてる尖塔の先では舟が出航の合図活気づく此処は 機械仕掛けの街 バベルシティいつの間にか消えてた陽は射して笑顔の振り子 今日を刻んでるあの日の廃墟は不滅の輝きを手に入れ時は進化 今やハイカラフレイム・オブ・ザ・ソング「ウタよ在れ」願い永劫に胸のなか燃えるから終わりなき鼓動の在処で 私は口ずさむハレルヤさあ華やかに 魅せてドラマ蒸気の摩天楼 舞台にして貴方と出会ったこの街はいつだって 焔を抱いて眩しいもの鉄と祈り継ぎ足して綴った滅びかけていた街の新しいペェジ真鍮のテラス横切る 螺子巻きの白ウサギ風受けた翼 泳ぎだして優雅なティヰパァティ 飛行艇のなかで揺らいでるガス灯 思ってる 愛おしいって見下ろす景色の名をどう付けようかフレイム・オブ・ザ・ソング「聞こえますか?」声は蓄音(フォノグラフ) どこへだって届くよ煤煙の空 気づけばユウトピア終末を超えた先の未来希望載せて 廻れタァビン今日も変わらない 日々の為に貴方が歩くこの街よ着飾って命の限り美しくあれ嗚呼! 私たちが覚めない夢の礎ならなんて幸せ 毅然とウタってたい永久機関を奏でて 朽ち果てたい-シティ・ハレルヤ-フレイム・オブ・ザ・ソング「ウタよ在れ」願い永劫に胸のなか燃えるから終わりなき鼓動の在処で 私は口ずさむハレルヤをとびきり華やかに 魅せてドラマ蒸気の 摩天楼 まさに文明開花して踊っている輪舞曲(ロンド)貴方がいるこの街はいつだって 焔を抱いて眩しいもの,,,,,,,,,,,,,,,,,,,,,,,,,,,,,,,,,,,,,,,,,,,,,
148,秋の終わり、僕の記憶,ECHOES 02,2024/06/12,アンティーカ,冷たい秋風頬を撫でて去ってゆくこの世に平等などないと教えるかのよう愛が救いだすものなんて綺麗事だけだと言ってどうしようもないこの感情すべて消してYou and I交わらぬまま片割れのまま生き抜けばよかったのかYou and I瞳交わせば走る痛みが二人を苛んでゆく ahこれを恋と呼ぶのならばなんて残酷で眩しい想いか街ゆく馬車へと傅く僕の前車窓から憂いの目君は通り過ぎるそんな関係だったのになんで宵に紛れ手を繋いだ滲み出すその表情すべて欲してYou and I絶望のなかそう君となら呼吸を繋ぎ合えたYou and Iでも分かっていた未来の扉決して開かないこと ahこれを恋と呼ぶのならばなんて切なくて眩しい想いか世界は理不尽で塗れ今日も回り続ける例えば輝きが尽きてゆく瞬間を選べないようにYou and I交わらぬまま片割れのまま生き抜けばよかったのかYou and I瞳交わせば涙の君が愛の言葉溢した ahじわり迫る終わりが近づいて生まれ落ちて初めて腑に落ちたこれを恋と呼ぶのならばなんて幸せで眩しい想いだ,,,,,,,,,,,,,,,,,,,,,,,,,,,,,,,,,,,,,,,,,,,,,
149,放課後マギア,ECHOES 03,2024/07/10,放課後クライマックスガールズ,"学園に フルムーンの夜亡霊 騒ぐ との噂まかせて! (let's go)優等生の名において「光よ!」廊下の奥 風の笑い声おやつのポーション緊張が解けるプラシーボ学生には (oh oh) 限界があるという而して 無限大の何かが あるともいう迫る 謎の影あちこち (wow, wow) 囲まれ (wow)ワンツースリーで 反撃だ月闇 (wow, wow) 深呼吸 (wow)輝きよ 導け!Love in a glimmer spell (hey)疾れ 星屑さあ (hey) 出でよ 可能性剣よりも ちから呼ぶ (light! Shadow!)不思議な風 それはね勇気 (hey)奇跡なんかより ずっと (hey) 無限なんだから見習いが 最初に逢う魔法一歩で 変わる未来が 待ってるよルビウス ティグレイユ闇よ退りぞけエメロード ルベライト サフィール (V!)ところが 亡霊どこにもいない (んっ?)代わりに 踊り場の鏡 (え? 私たち?)そういえば (こっそり) その日深夜の お茶会で 騒いでたのは(まさか正体は) あなたたちね?「はーい」ところが ゴーストはますます (wow, wow) 現れる (wow)老若男女なく悩める (wow, wow) 人の数 (wow)真実を勝ち取れ! (let's go)Love in a glimmer spell (hey)自分の影を 見つめ (hey) 恐れないことは誰だれでも できるほど (light! Shadow!)簡単じゃない だけどね 勇気 (hey)振り絞れたら きっと (hey) 光にできるホウキ乗り 箒星 追いかけ希望へ 突き進むような 君とゆこう「あ あれは!」「私たちの 闇の分身?!」「呪われた大鏡が」「人の迷いを魔物に!?」「みんな! 浄化の呪文を せーの!」""スクマイラ・クォグーカ・ホー""Yah!結界(バリアー)! 魔法薬(ポーション)!使魔(ビースト) go! 雷撃(サンダー)!超大魔導書落とし(ジャイアントグリモアスタンプ)!Love in a glimmer spell呪いが晴れて一層 朝日の映える 鏡に映るのは笑顔が一番さ (やったぁ!)私たちきっと (hey)目に映らない 愛と (hey) 迷いを連れて果てなく 歩いてく (light! Shadow!)全部愛して それがね 勇気 (hey)奇跡なんかより ずっと (hey) 無限なんだから見習いが 最初に逢う魔法一歩で 変わる未来が 待ってるよ(Hey hey) 続いていく(Hey hey) 光る道 走れ(Hey hey) いつも通り 鐘が響くその前に その前に その先に 走れ(Do you believe in magic? Hey!)",,,,,,,,,,,,,,,,,,,,,,,,,,,,,,,,,,,,,,,,,,,,,
150,パーティーマジックデザイナー,ECHOES 03,2024/07/10,放課後クライマックスガールズ,"約束通り 会えないでいたり忙しくて 久しぶり活躍ぶりを 褒め称え合ったり会えた 今日は お楽しみ歴代の 校長センセの真面目な 肖像画を ちょちょいのパッパッニコニコさせたらッタ""ゴマゴマ! ひらけドア!""ほら ほら キラ キラ キラ秘密の小部屋!マジカ・ムジカ・レ・パリナイ今夜は のんびりと続くパーティー100年サイズの砂時計 止めたら自由に カンパイ yeah!いつの日か妖精が見えなくなっても 変わらずパーティー期待してよ (yo!) 新しい魔法 (ho!)きっと驚くから見ていてね fly!魔導書に描いた パラパラ漫画のドラゴン 喚び出し 背中乗り空飛ぶお城 謎解きをしたり冒険のお礼に 掃除したり想い出で いっぱいあって水晶玉に 次々 映しだして見ちゃダメ ngシーン!""ゴマゴマ! ひらけドア!""あら～ イヤ～ 待って～ ダメ～ ほら～いつもハチャメチャほうきの先も硬くて失敗だらけだった頃からのパーティー得意な魔法が見つかると 一人で歩きもするけど久しぶりに会う日は宝箱 見せ合うようなパーティー今日も見せよう(yo!) とっておきの魔法 (ho!)終わらない夢を みんなでHey magic designers!歌い 語り明かすようなサーカスと化すようなWakin' 合成錬金製ディスコ踊ッタリ 歌ッタラッタ 笑ッタラリ 唱エタラッタトゥルリ タラリ タッタリ トゥリラ yeah!マジカ・ムジカ・レ・パリナイ今夜は のんびりと続くパーティー100年サイズの砂時計 止まらなくても 続けていくマジカ・ムジカ・レ・パリナイ五ツ葉のクローバーがふりそそぐパーティー誰も見たことない魔法これからもずっと描こういつの日か妖精が見えないなら 胸に宿ったから! パーティー!期待してよ (yo!) 新しい魔法 (ho!)終わらない夢を みんなできっと驚くから見ていてね fly!La la la la la yeah!",,,,,,,,,,,,,,,,,,,,,,,,,,,,,,,,,,,,,,,,,,,,,
151,時限式狂騒ワンダーランド,Song for Prism 時限式狂騒ワンダーランド / LINKs ,2024/07/24,アンティーカ,"(Hey, make some noise!)(Hey, make some noise!)(Hey, make some noise!)(Hey, make some noise!)(Hey, make some noise!)(Hey, make some noise! oh!)なんて日常ため息を吐いてみても何も変わらないこの世とは灰色の牢獄囚われ姫状態息を継ぐため追従笑いHello, hello ほら hello hello社交辞令で溺れそう哀れ言いなりどさくさの修羅シティ魂と引き換えに演じているけれど本当はいっそ踊るなら desperate!嘘は一切合切 hide or delete!本音で生きたい masquerade!開けかりそめの night!ここは壮麗なダンスホールおいで ladies and gentleman仮面たちがさざめき合って踊りだすキミの手を取りましょう素顔など知らないけれどきっと同じよう逃げ込んで来たんでしょう? 瞳と瞳 溶け合って shangri-laどうかこのままでひとときワンダーランド最低日常面と向かってるのに ねえ何故何故 ほら 何故何故目が合う気がしないんだろう虚像の平穏守ってる門番を罵倒して駆け出したい本当は迎合のふりは cut it out!今日かぎりで運命 change and change it!ハートを晒して fallen love!急げかりそめの night!踊る極彩色その中髑髏でも構わないシャンデリアの下でステップ踏みましょうキミが笑ったようなそんな気がしたモーメント喜びという感情を思い出したの歌と靴音響きあうテレパス世界の片隅秘密のワンダーランド(Hell around!)鐘の音が迫ってる (pon)終幕が迫ってる (pon)手ぐすねを引くように (pon)今か今かと待ってる (three, two, one, go!)""どうせ終わってしまうのに (pon) 逃れてなんになるの? (pon)""雑音蹴飛ばして!(Time's up!)ここは壮麗なダンスホールおいで ladies and gentleman仮面たちがさざめき合って踊りだすキミの手を取りましょう素顔など知らないけれどきっと同じよう逃げ込んで来たんでしょう? 瞳と瞳 溶け合って shangri-laここを立ち去れば虚ろな日々へ戻る私たちそれでもいいひとときワンダーランド(踊れ wonderland!)(踊れ wonderland!)(踊れ wonderland!)",,,,,,,,,,,,,,,,,,,,,,,,,,,,,,,,,,,,,,,,,,,,,
152,LINKs,Song for Prism 時限式狂騒ワンダーランド / LINKs ,2024/07/24,ストレイライト,"何処かでいつも 繋がっている願いを紡ぐ それぞれの光彷徨いながら 夢を見ながら輝く瞬間(とき)を 目指して遥かな世界 旅を続けて立ち向かってく 見えない明日へ躓きながら 傷つきながら険しい(えらんだ)道を 進んで揺るぎない心 煌きを持ち寄って同じ stage(舞台)で逢おう幾千の刻(とき)の中で 織り成していく prism散り散りの光たちが 思い繋げて強くて儚い希望と 熱くて冷たい野望で心燃やして征く 天(そら)を照らして征く迷える時は 思い出すんだ喜びよりも 摩擦した日々を戸惑いながら 確かめながら自分の道を 信じてるもっと高くまで 突き抜けていくために共に戦い 共に認めて これからも幾千の闇の中で 何度でも起こす miracle磨かれた光たちが 力束ねて描き続ける理想と 突き付けられる現実胸に刻みながら 壁を乗り越えてく誰にも譲れない 誰にも負けられないそれぞれの気持ちを貫こう今よりも眩しく 今よりも激しくお互いの光を照らし続けていこう(Oh, yeah, yeah)(Oh, yeah, yeah)幾千の刻(とき)の中で 織り成していく prism散り散りの光たちが 思い繋げて強くて儚い希望と 熱くて冷たい野望で心燃やして征く 天(そら)を照らして征く",,,,,,,,,,,,,,,,,,,,,,,,,,,,,,,,,,,,,,,,,,,,,
153,アスタラブビスタ,ECHOES 04,2024/08/07,アルストロメリア,Fra poco sorgera il soleドレスアップは退屈だわ あくびが出そう部屋を抜けだして出かけよう 賑やかな街へ長い階段の下で 泉を眺めて願い事にコイン2枚 気づけばもう午後アスタラブビスタ 花園から飛び出そう知らない場所で 素敵な出会いがあるから優しい 嬉しい 愛しい夢を見れば自由になれるなんだか単純だけどそれが女の子だから公衆電話 向かい側のジェラート屋さん新作の味を さっそくシェアして食べよう雑貨店のウインドウ 目移りしちゃうな可愛いもの あれも これも 買いすぎ注意報ラビリントロメリア 花言葉を唱えようひとつひとつが 大事な思い出に変わる美味しい 楽しい 眩しい目いっぱいにときめきたいのとっても欲張りだけどそれが女の子だからおしゃれなカフェ コーヒーの香り甘くて少し苦い現実的な 非現実のひと時アスタラブビスタ 鳴り響くよ 鐘の音がそろそろ帰らなきゃ お城のみんなが待ってる優しい 嬉しい 愛しい夢を見れば自由になれるなんだか単純だけどそれが女の子だから,,,,,,,,,,,,,,,,,,,,,,,,,,,,,,,,,,,,,,,,,,,,,
154,DAYDREAM LOVE,ECHOES 04,2024/08/07,アルストロメリア,天気予報 晴れマーク 日曜いたずらに吹く風がくすぐった茶色い髪目が離せないまま教えて (教えて) ほしいよ他のひとにもそんな笑顔を見せるの?太陽が (眩しくて) なんだか意地悪キミと瞳を (もっと) 合わせてたいのにつないだ手 (少しだけ) きゅっとしてみたら嬉しさが (どくん) 魔法をかけたDaydream love飛行機雲 見上げながら歩くただのおしゃべりだって私には特別なの幸せな瞬間続けて (続けて) ほしいよ他のひとが知らない秘密を知りたいお月様 (顔出せば) 私は不機嫌ねえどうして (すぐに) また会えるのにねさよならを (言う前に) 目を閉じてみたら寂しさが (ちくん) 魔法をといた飾られた部屋でドレスアップしてもキミなしじゃ綺麗になれない今日はただの女の子でいたい太陽が 眩しくてなんだか意地悪Love you moreお月様 (顔出せば) 私は不機嫌ねえどうして (すぐに) また会えるのにねさよならを (言う前に) 目を閉じてみたら寂しさが (ちくん) 魔法をといたDaydream love,,,,,,,,,,,,,,,,,,,,,,,,,,,,,,,,,,,,,,,,,,,,,
155,Cyber Parkour,ECHOES 05,2024/09/11,ストレイライト,"你准备好了吗? 好戏开场了 急げ! Run run run run cyber parkour (yey)Jumpin'up jumpin'up一 二 三 茄子 Jumpin'up jumpin'upPurple haze 漂う 不夜城(まち)は galaxy天を仰ぐ higher 摩天楼難攻不落 秩序の gatewayへ縦横無尽 駆けるよ foo fighter電線は蜘蛛の巣 ネオンは bug trap 油断大敵Oh ギリギリをギリギリ 滑り込め(快点快点)猛突進(ダッシュ)でjackするよ safety zone是が非でも滑り込んで したり顔 (do-da!)It’s alright 斜に構えて あさましくでも 奔るよ奔るよ ひたすらyeah (go go go!)無情にも鳴り響く buzzer beater 掴み取れ急げ! Run run run run cyber parkour (yey)Jumpin'up jumpin'up一 二 三 茄子Jumpin'up jumpin'upProjection横目 ゆとりvisionary善も悪も幻想の spin off大胆素敵 自画自賛しながら絶対絶命 背水の emergency不条理だと嘆くその前に ルールは鮮明No ジリジリとジリジリ 迫る制限時間(快点快点)全力でslidingしてoutなら無我夢中でgetするのさ 免罪符 (so-da!)It’s okay 窮地(いま)切り抜け 未来(あす)へ往くさぁ 前だけ前だけ 見つめて yeah (go, go, go!)この世は systematic every morning やって来るそして run run run run cyber parkour (yey)猛突進(ダッシュ)が疲れた時には少しだけ出発(とき)を早めようだけど それじゃ私らしくないギリギリを攻めて生きたい邀您进入网络奇幻世界你愿意和我一起享受刺激吗?猛突進(ダッシュ)で jack するよ safety zone是が非でも滑り込んで したり顔 (do-da!)It’s alright 斜に構えて あさましくでも 奔るよ奔るよ ひたすらyeah (go go go!)無情にも鳴り響く buzzer beater 掴み取れ急げ! Run run run run cyber parkour (one more)Run run run run cyber parkour (yey)Jumpin'up jumpin'up一 二 三 茄子Jumpin'up jumpin'up yey",,,,,,,,,,,,,,,,,,,,,,,,,,,,,,,,,,,,,,,,,,,,,
156,LIVE LIVE LIVE!,ECHOES 05,2024/09/11,ストレイライト,"Everybody!Wow (wow) hey wow (wow oh)(Get down, let it go 思いのままに take off)(Get down, leggo, baby, open your mind!)電磁の網に jackされた sekai(退屈だったら breaking ぶちかまそうぜ shooting)憂き世とまやかしに取り憑かれた 概念なんかひっぺがして(Brand new myself 探しに行こう brand new yourself 迎えに行こう)もっと 抗えば上等もっと 突き抜けて上々シャシャレ(千里の道を疾れ go on 万里の闇を溶かせ go on, are you ready? Everybody!)Live live live! 飛び出せばいい 全霊捧げ (drive me up)L-L-Live live live! 解放せよ 本能晒せHey! Wow (wow) 始めよう crazy(絶対なんてない? だとしたら 見たい最高 だからさぁ行こう)Hey! Wow (wow) you just follow me, you just follow meRide on!Wow (wow) hey wow (wow oh)(節操がないなら 出直して カッコつけて飾らないで そんなんじゃ洒落臭い)きっと誰もがどうかしてたんだ(流行りと廃りに get swayed なんとなくでも satisfied)正しさとは何か解らなくて 無理矢理型にはめてたんだ そうでしょ? (Brand new myself 信じていいよ brand new yourself それが答えだ)Live live live! 壊せばいい 転生 it’s alright (drive me up)L-L-Live live live! 時空(とき)を超えて 共鳴するのHey! Wow (wow) 暴れよう party(絶好調だね paradise ココは hyper みんな fever)Hey! Wow (wow) you just follow me, you just follow meRide on!(Get down, let it go 思いのままに take off)(Get down, leggo, baby, open your mind!)(限界がないならば endless 挑戦)(全開で飛ばそうぜ dangerous な world) (hi)(Rise up, rise up ジャンジャンいくよ果てるまで jump)(Rise up, rise up 止まらない heart beat) (hi)(Everybody, baby, ride on time, yeah)(Everybody, baby, ride on time, yeah)もっと 抗えば上等もっと 突き抜けて上々シャシャレ(千里の道を疾れ go on 万里の闇を溶かせ go on)その声が 枯れるまで(Everybody!)Live live live! 飛び出せばいい 全霊捧げ (drive me up)L-L-Live live live! 解放せよ 本能晒せHey! Wow (wow) 始めよう crazy(絶対なんてない? だとしたら 見たい最高 だからさぁ行こう)Hey! Wow (wow) you just follow me, you just follow meRide on!Wow (wow), hey wow (wow oh)",,,,,,,,,,,,,,,,,,,,,,,,,,,,,,,,,,,,,,,,,,,,,
157,想像のつばさ,アニメアソビストア特装版 Blu-ray COMPLETE BOX,2024/09/20,櫻木真乃,遠い空の果て 星はそっとながれてく 小さな光跡が 咲く一瞬が とても眩しい 朝が来たって まぶたの裏に残る そんな煌めきを 追いかけたいよ 見えないつばさで はばたける風が もしも吹くのなら 見上げた彼方へ 飛び立ちたいよ どこまでもずっと 晴れ渡る世界 探しにゆくから 想像のつばさを さあ 広げて 真っ白な鳥が 高く舞い上がってゆく 自由へと向かう その頑張りが とても眩しい 遠い未来じゃない この心が感じる 願いへ導く風が吹くのは いつも今日だね もしも輝ける世界があるなら 迷わないで 今 飛び立ちたいよ 本当の自分と 手を取り合えたら そのぬくもりから 可能性のつばさは織り成す きっと輝ける世界が待ってる 迷わないで ほら 飛び立つときさ 今を変えてゆく夢が在ることを 信じているから 創造のつばさを さあ 広げよう,,,,,,,,,,,,,,,,,,,,,,,,,,,,,,,,,,,,,,,,,,,,,
158,mellow mellow,Song for Prism After Run / mellow mellow,2024/09/25,アルストロメリア,mellow mellowフロアの温度高まってシンコペーションしているわステージに舞う私たちをつかまえるまで追いかけてねBPMベースラインは心地よいアプローチでも2ステップしているあいだは日常を忘れたいのねえ 毎日 毎日同じことばかりじゃつまらない想像してる以上に女の子はたくましいnarrow narrowスコアにない音符だってインプロビゼーションだからステージに咲く私たちの未来をちゃんと見届けてねパーカッシブリズムパターン絶妙な変拍子かもサンプリングしたくなるようなやりとりに溺れたいのねえ どうして どうして新しいものはなぜか眩しい没頭してるときこそ女の子は美しいmellow mellowフロアの温度高まってシンコペーションしているわステージに舞う私たちをつかまえるまで追いかけてね早くなるビートに同期する鼓動は騒がしいけど止まらない・・・キミについてきてほしい！narrow narrowスコアにない音符だってインプロビゼーションだからステージに咲く私たちの未来をちゃんと見届けてねサンプリングしたリズムパターンパーカッシブな2ステップのベースラインとBPM逆再生で追いかけてね,,,,,,,,,,,,,,,,,,,,,,,,,,,,,,,,,,,,,,,,,,,,,
159,After Run,Song for Prism After Run / mellow mellow,2024/09/25,シーズ,Finally here we are nowWe've run so farWhat should we do after the run?We're already ready for thisDon’t know why 距離を置くのがそう得意でI'm alright 一人歩んでいたそうあの頃は手探りで進んだ 始まりの場所ならOh yeah I know I remember it well忘れられはしないのこれまで半端じゃないものふたり創ってきたでしょ背中見つめ続けた All day and all nightYou're the one完璧で示す存在価値自分の全て魅せてきたわ With a cheerMy only one走り続けていた日々もYou were always by my sideAfter the run 新たに広がる世界だけど辿り着いたわけじゃない今は“Run after the run”ここからね Now I understandShow you the one時を越えて揺るぎない二人の絆で結ぶ未来共に“Run after the run”続いてくRound and round and roundWe never stopRun behind 道を切り拓いてくれたね Borderline 遥か遠く感じていた Distance自分を信じてれば見える場所があるのOh yeah I know you told me what to do可能性は無限だわ喜びも悲しみもふたり分け合ってきたね背中を押してくれた All day and all nightYou're the oneたとえ虚勢だって構わない視線下げずに追いかけられたよ DreamMy only one夢中で駆け抜けた日々もYou were always by my sideAfter the run 長居するほどAin't no time同じ場所にいるつもりもないすぐに“Run after the run”怖れないわ 今更More than the sun誰もが驚くほど本当の輝きを持つのよ覚悟があるから迷わずにThat's why I can standWe gotta go積み上げたものが崩れ落ちたとしてもそこで終わりじゃないDo it do it do it again この手で夢掴むまでは立ち止まれないNever leave it to luckNow don't look back (Now don't look back)Don't look the past (Don't look the past)I’m Ready alright!After the run 閉ざされたままじゃ Your eyes時がただ過ぎゆくだけのLifeI wanna run after the run 見つけ出すAnswer one by one Show you the oneもう準備は出来たの更なる景色へとwe gotta goI wanna run after the run どこまでもRound and round and roundWe never stop,,,,,,,,,,,,,,,,,,,,,,,,,,,,,,,,,,,,,,,,,,,,,
160,いつかのキミへ,ECHOES 06,2024/10/09,ノクチル,ずっと眺めていた 窓の外の景色遠く離れた空の下巡る季節のように 揺れる花のように瞬く間に色を変えていく何かを望めば 何か失うそれでも行こう 振り向かずに旅立つんだ 風に乗って 誰も知らない空の向こう海を越えて 夜を越えて いつか出会える日まで変わってく今に 星もない静寂に鳴り響いた この鼓動が 明日を自分の色で染めていくずっと気づいていた 窓に映るドアに初めから鍵なんてなかったことこの手を伸ばせば もう戻れないそれでも行こう 振り向かずに翔び立つんだ 鳥になって 誰も知らない路を辿り海を越えて 夜を越えて いつかに届く日まで月の光に 星が溶けてくように溢れ出した この想いが 目指した空を照らし染めていく聞こえる? (小さな音は願いに変わり)届いてるよ (いつかそれは声になる)もう行かなくちゃ (ひとりの声は誰かを伝い)未来で会おう (幾つもの夜を越えて響いた)旅立つんだ 風に乗って 誰も知らない空の向こう海を越えて 夜を越えて いつか会えると信じて変わってく今に 星もない静寂に鳴り響いた この鼓動が 明日を自分の色で染めていく(小さな音は願いに変わり いつかそれは声になる)風に乗って 海を越えて 明日を自分の色で(ひとりの声は誰かを伝い 今ひとつの歌になる)鳥になって 夜を越えて 空を目指し染めていく(いつかのキミへ届けに行くよ 小さな音響かせて),,,,,,,,,,,,,,,,,,,,,,,,,,,,,,,,,,,,,,,,,,,,,
161,365日のストーリー,ECHOES 06,2024/10/09,ノクチル,今日もまた変わらず 日は昇り沈む教科書になんて書いてない (アレもソレも全部)正解も公式もない (どうしよう……まぁいっか)だっていつか (きっといつか) 見つかるから (出会えるから)コレかもって思えるものに眩しいくらいに全力で なりふり構わず真っ直ぐな根拠のない 自信で溢れてるくだらないことで笑って (一日中) 夢中になると周りが見えなくなるそんな日々が僕らの (毎日で) たった一度きりの 365日のストーリー今日もまた変わらず 日は昇り沈む明日も明後日も 日は昇り沈む月火水木、憂鬱 (またはじまった一週間)金曜日だけはご機嫌 (土日は何しよう！)放課後に響いた チャイムの音は待ち侘びてたはずなのに なんだか少し切なくて上手く言えない 矛盾で溢れてるくだらないことで悩んで (一晩中) だけど寝て覚めたらすっかり忘れてるそんな日々が僕らの (毎日で) たった一度きりの 365日のストーリー一人涙した日本音で語り合った日一緒に見た夕日目を閉じれば過ぎて行くくだらないことで笑って くだらないことで悩んで 日が暮れるそんな日々が僕らの (毎日で)未来に続く道 365日のストーリー 空のように今日もまた変わらず 日は昇り沈む明日も明後日も 日は昇り沈む泣いて笑って悩んで 日は昇り沈む365日 僕らだけのストーリー,,,,,,,,,,,,,,,,,,,,,,,,,,,,,,,,,,,,,,,,,,,,,
162,プリズムフレア,アニメ　プリズムフレア,2024/10/09,シャイニーカラーズ,どこに向かう途中だろう飛び込んだ光のなかでわからないまま手を伸ばした風を探す翼のように—枚ずつ (my shiny feather)違う色で (my shiny color)輝きを重ねあわせたね羽ばたき続けるわたし達の空が辿り着く未来でなりたい自分になるんだキラめいて shiny ray もっと広い空へ鼓動が指差すプリズム焼きつける瞳にあつめてどこまでも行くようらやましかったのかな心のスピードは違うから並ぶ君は憧れだしいつでもチカラになりたい毎日を (your shiny feather)選んでいく (your shiny color)果てしない空を描いて羽ばたき続けよう可能性の翼映し出す未来の見え方は自分次第だねそれぞれの shiny dream 育つ夢の途中今生きている輝きで惹かれあう瞬間を何度でも一緒に歌おう明日に追いつく前に何ができるかな強く抱きしめた今日の光希望って呼べる (ありがとう)忘れないでいよう羽ばたき続けるわたし達の空が辿り着く未来でなりたい自分になるんだおわらない shiny dream 育つ夢の彼方鼓動が指差すプリズム焼きつける瞳にあつめてどこまでも行くよキラめいて shiny ray,,,,,,,,,,,,,,,,,,,,,,,,,,,,,,,,,,,,,,,,,,,,,
163,ねぇ、ねぇ、ねぇ,アニメ　Happy Surprise Trick!,2024/10/30,櫻木真乃/幽谷霧子/園田智代子/桑山千雪/黛冬優子,ねぇ心躍る 小春日和 陽だまりと待ち合わせ背伸びして見上げた空なんか みんなに会いたくなったふわり ふわりと虹を連れて揺れるシャボン玉飛び乗って幸せを届けに行こうねぇねぇねぇ ねぇねぇねぇ素敵なものを見つけるとみんなの笑顔 思い出してすぐに話したくなるのねぇねぇねぇ ねぇねぇねぇ「ありがとう」じゃ足りないくらい私の気持ち 溢れてるから伝えたいの ねぇねぇねぇ雨上がりの煌めきシャワー水たまりに青空ススキの穂くすぐったらほらね 世界が微笑んでるさらり さらりといつの間にか時は過ぎるけどいつだって瞬間を届けに行くよあのねあのね ねぇねぇねぇ嬉しいことがあるとまたみんなの笑顔 思い出すのはどうしてかな? ねぇねぇねぇねぇねぇねぇ ねぇねぇねぇ素敵なものを見つけるとみんなの笑顔 思い出してすぐに話したくなるのねぇねぇねぇ ねぇねぇねぇ「ありがとう」じゃ足りないくらい私の気持ち 溢れてるから伝えたいの ねぇねぇねぇあのね ねぇねぇねぇねぇ,,,,,,,,,,,,,,,,,,,,,,,,,,,,,,,,,,,,,,,,,,,,,
164,OPEN the New world,アニメ　Happy Surprise Trick!,2024/10/30,風野灯織/月岡恋鐘/有栖川夏葉/芹沢あさひ,"Wake up アクセルは full throttleMove on のっけから high tensionJump in 理性なんて shake it, shakeBreak out とびきりの party night (yeah)準備はOK? 飛ばすよ c’mon everybodyCrazy で上々 alright!時間を止めて 日常(げんじつ)を忘れNow(いま)を楽しもうOpen the new world始まる 最高の show time見たこともない景色(セカイ) 魅せてあげる巻き起こそう 歓喜の渦を音と光の中 キミと私たちで此処じゃ全てが live だから (hey)予測不能な 自分に逢えるよ遠慮しないで 楽しんだもん勝ち (yeah)何が起きても 受け止めてねマダマダこれから ガンガン突っ走って行こうReady go now ready go nowYeh yeh yeh yeh拳上げて 感情で叫べ心(ハート)を燃やすのOpen the new world高鳴る 鼓動は speed upトキメキの数だけ 笑顔になる駆け抜けよう 奇蹟の夜をキミと私たちで これはユメじゃないよ闇が辺りを包んだ スモーク立ち籠める空間にありったけのパワーを集め 生まれ変わるAmazing new world 輝いてOpen the new world始まる 最高の show time見たこともない景色(セカイ) 魅せてあげる巻き起こそう 歓喜の渦を音と光の中 キミと私たちでOh yeh",,,,,,,,,,,,,,,,,,,,,,,,,,,,,,,,,,,,,,,,,,,,,
165,Midnight parade!,アニメ　Happy Surprise Trick!,2024/10/30,田中摩美々/白瀬咲耶/杜野凛世/大崎甜花/和泉愛依,"La li la la la li la さあ (hi, welcome)La li la la la li la おいでLa li la la la li la 今La li la la (hey, baby come here)Myao 鳴いた黒猫 そばには 擦り寄るファントムどうぞランタンのカボチャ 蠢く 秘密のパーティーへLa li la la la li la さあ (hi, welcome)La li la la la li la おいで笑う月 燃える空 (oh oh)めくるめく 未知の世界 (oh oh)Ah 常闇の国で show time(Midnight parade! 迷い込めば) 逃げられない(奇っ怪な狂騒サバト) scary world(Midnight parade! 此処で踊ろう) 心ゆくまで(そう夜明けまでともに)宴は始まったばかり今宵は はぐれワルプルギス (yes)(悪戯して demon 驚かして monster)今宵は 恐怖を楽しんで (yes)(起き上がって zombie にじり寄って spider)もう見てみぬふり出来ない (alright?)You扉に気づけばあとは真っ逆さま!(Midnight parade! 私たちと) 遊びましょう(百鬼夜行より trick or treat) spooky world(Midnight parade! 髑髏連れて) 浮かれ騒いで(そう夜明けまでともに)遊宴の日は 続いてくかかる魔法雷鳴響き 滴る血きみは訪れたばかりLa li la la la li la さあ (hi, welcome)La li la la la li la おいでLa li la la la li la 今La li la la (hey, baby come here)",,,,,,,,,,,,,,,,,,,,,,,,,,,,,,,,,,,,,,,,,,,,,
166,CANDY UNIVERSE,アニメ　Happy Surprise Trick!,2024/10/30,八宮めぐる/三峰結華/小宮果穂/西城樹里/大崎甘奈,パラシュート 大ピンチ 脱出?発明家 ロケット 発射?一番のドキドキは 何処だここだ! 今すぐ jumpin’ clappin’サーチライト ドロボーをキャッチ盗まれた ミュージック 復活ドロボーも 踊ろうよロックンロール行こう クラッカー抱えてでっかいキャンバスに描きたい絵が無いなら泣いちゃ ダメダメココロの クレヨンばら撒け! (Hi hi hi hi)Candy love世界は遊び場寂しがりは誰だ?シャングリラに門限は無いHi hi welcome (hi hi hi hi)Candy bitesかじるのも愛だねハッピーエンドへ 誰も 置いてったりするわけないオール・フォー・ワンダフォー 大コーラスEnjoy universe let’s party jackひょんなことで目覚めるサイキック?銀河系のあっちこっちジャーニー?最強の明日は何処だ探せ! みんなで searchin’ walkin’デシベルが満タンなスピーカーキャラメルとポップコーンがフォーリン・ラヴもっと 夢はまだ足りない行こう 腹ペコモンスターズもう一度 キャンバスに描きたい絵ができたら下手っぴでもね楽しく ラクガキばら撒け! (Yah yah yah yah)Candy way星々とオールナイトドレスコードはスマイルユートピアにガイドは無いYah yah freedom (yah yah yah yah)Candy lei煌めき繋げようこの宇宙はキャラバン神様 振り回せUFO ビューティフォー be membersShall we sing a song let’s party jack立ち止まるなら今でも踏み出そう おいで (hi hi hi hi)Candy love世界は遊び場寂しがりは誰だ?シャングリラに門限は無いHi hi welcome (hi hi hi hi)Candy bitesかじるのも愛だねハッピーエンドへ 誰も 置いてったりするわけないオール・フォー・ワンダフォー 大コーラスEnjoy universe let’s party jack,,,,,,,,,,,,,,,,,,,,,,,,,,,,,,,,,,,,,,,,,,,,,
167,Poison Berry Daughters,アニメ　Happy Surprise Trick!,2024/10/30,シャイニーカラーズ,"アクマは思い出してる""キミの悲鳴は最高""もう一度 聴きたいな (聴きたいな)ガブリと噛みつきに行こうパンプキン 山盛りで押し寄せ 逃げられるかい?吸血ガール 灰なテンションサダメ? (no!) オキテ? (no!) 知らないもん今宵は真紅のアルビレオ求めよ イタズラな poison berry daughtersハートに歯形を授けましょう仲間に招待 キミごと頂戴100万年だって one more time驚かし合えば終わりはない幸せならスクリーム (woi) 一緒にスクリーム最高級のスクリーム (woi) 最高級のスクリーム笑顔に頬張れ (ケラケラ ケラケラ)今日もパーティーは片付けない毎日サプライズはある よく見て明日 朝 顔洗うキミには 牙があるからね罪のリンゴ 流行(バズ)らせみんなで楽園脱走革命の行軍だ (行軍だ)昇り出すピンクの太陽讃美歌 ポップチューンでグラマーな ホーンセクション世界 コラージュしてルール? (no!) モラル? (no!) 美味しいの?シリウスまがいのセルロイド夜空をすり替えろ poison berry daughters不揃いだらけがエルドラドキミこそ招待 告げない詳細100万マイルの ランタンダンス居てくれないと繋がらない胸の奥のスクリーム (woi) 一緒にスクリーム未体験のスクリーム (woi) 未体験のスクリームかじり合うパレード (ケラケラ ケラケラ)年に一度なんてもったいない毎晩 急接近できる 信じて振り向いて 見えなくてもいつでも 側にいるからね(Gothic suspense thriller)カボチャに詰め尽くせ(Joker spooky specters)がっぷん (ズキュン)月砂(レゴリス) 哭き声 魔女の爪誰もが手を伸ばす 奇跡を調合一夜も無限さグレゴリオ終わらぬ show time 果てなきオールナイト100万年だって one more time驚かし合いに終わりはない幸せならスクリーム (woi) 一緒にスクリーム最高級のスクリーム (woi) 最高級のスクリーム笑顔に頬張れ (ケラケラ ケラケラ)今日もパーティーは片付けない毎日サプライズはある よく見て明日 朝 顔洗うキミには 牙があるからね",,,,,,,,,,,,,,,,,,,,,,,,,,,,,,,,,,,,,,,,,,,,,
168,Monochromatic,ECHOES 07,2024/11/13,シーズ,"Ey! It's monochromaticOh yeahAlright, what sight's captured in your eyes?We can feel it so specialHave fun! BoomOnly one, ooh, oohBe two as one知らないなんて um今更言わせないわYou know who we areYou know what we areAnd what's our color合わさって輝いたならYou got it誰もが羨むほどただ唯一無二になるのよ一度目にしただけでほら心に棲みついてしまうわどんな闇にも染めれないの着飾らなくてもありのままで惹かれる運命Listen to the reason whyBe two as oneSimple but it's so special (特別な)誰かじゃ出せないこの色でHo-ho-ho, whole this world 描いた未来はYeah, it's monochromatic (only one)高貴で混じり気のない style (style)疑いようないでしょ we're primeSho-sho-sho-show you now魅せられた世界はYeah, it's monochromaticBe two as oneMore and more colorful? (Colorful)他人の正解や (the rules)枠に囚われていたら息もできないもうそんな次元の話なら興味ないわ say goodbye, hoo鏡に問わなくたって美しさ決めるのは myself狂わすほどの魅惑は like goldThat's true, hoo歩んだ道は私にしか見えないとしてもそう近道じゃない 遠回りでもないMaybe you know how I climbBe two as onePure and bright, it's so special (これまでの)過去や涙が導いたLo-lo-lo-long our time 辿り着いた世界はYeah, it's monochromatic (only one), oohOnly one, oohBe two as oneHave fun!Simple but it's so special (特別な)一番眩しいその色でHo-ho-ho, whole this world全てを染めればYeah, it's monochromatic (only one)常識じゃ測れない style (style)虜にさせちゃう typeSho-sho-sho-show you now輝く未来はYeah, it's monochromaticBe two as oneDa, da-la, da-la, da, da, da-la, da-laDa, da-la, da-la, da (you know our color what?)Da, da-la, da-la, da, da, da-la, da-laDa, da-la, da-la, daSho-sho-sho-show you now",,,,,,,,,,,,,,,,,,,,,,,,,,,,,,,,,,,,,,,,,,,,,
169,Snowflake,ECHOES 07,2024/11/13,シーズ,"Um, ha, no-no-no-no-noThe wind is blowing nowBringing a new season, ohWaiting for街に降る初雪が窓の外 徐々に世界を優しく包むように falling (falling)白に染めあげていくの吸い込んだ息も冷たくてFeel like I'm freezing(I’m so freezing)それでも君のくれる温もりPrecious to me心の中へ広がる愛で寒さも溶けるのStart the magic季節が来たわ haLet the snow fallLet it snow more光集めてキラキラと踊るように 降り注ぐYou make me glowI won't feel cold君がいるからこの心輝くの ずっとJust like a snowflake儚く瞬くこの snowflake夜空を照らすそう星のようで届きそうで 届かないね一緒に見上げていた夢のひとかけらが降り積もる my heart消えないように umLet the snow fallLet it snow more冬がささやくヒラヒラと舞う雪に 期待寄せてFeel you so closeWait for your voice君を想うたびほら笑顔になれるの ずっとJust like a snowflakeOh いつかこの雪もIt won't last foreverOh 溶けてしまうことI know, but even so次の季節来てもきっと二人は変わらない信じてるけど 今だけはLet it snow moreI just want moreお願い やまないで冬の魔法とけないよう 願いかけてNow sing this songI'm not alone何も怖くない叶うならこの瞬間はずっとDon't stop it nowLet the snow fallLet it snow more光集めてキラキラと踊るように降り注ぐ (fall down)You make me glowI won't feel cold君がいるからこの心輝くの ずっと (um, snowflake)Just like a snowflake (snowflake)Snowflake, snowflake, snowflakeSnowflake, you can shine on meSnowflake, snowflake, snowflakeOh baby, you're like a snowflake",,,,,,,,,,,,,,,,,,,,,,,,,,,,,,,,,,,,,,,,,,,,,
170,C'mon! Join Us,Song for Prism C’mon! Join Us / 愛なView / サマーサマーオーシャンパーリィバケーション,2024/11/20,シャイニーカラーズ,"Ooh, yeahOh みんな集まれ!Come on (join us)Dance 一緒に踊ろうよ whoa-whoaDance メロディ口ずさみ (yeah-yeah)Dance もっと輝いて ah始めよう!（foo）(Here we go) リズムと session アガるよ tensionようこそここはパラダイス（楽しもうね）みんなの beat リンクする my heart新しいドアを 叩いてるそれぞれの my color色々あるけど ココでは気にしnothing!ヤなことなんてバイバイ忘れちゃえ 新・呼吸! (So so) 手を叩いてみんな輪になって dance, dance, dance, whoa思い思いに (カラフル) 描こうそして世界を make happyなんでも出来る ララララ 夢みて(No kidding) 本当はちょっと メチャメチャ結構シャイなキミも 勇気をだして! (心配しないで)ほらね不思議 みんなと踊れば新しい自分に 逢えるからひとりじゃない color分かち合える時間 キヅキになる実感を胸に抱きしめて踊りましょ 何度でも (sa sa) 手を叩いてみんな輪になって dance, dance, dance, whoaため息なんて (笑顔で) 塗り替えそして明日に make magic信じてみようよ ララララ未来へワン ツー スリー ワン ツー スリー step in stepClap my hands, clap your hands (say yeah)此処に来れば最高になれるよネテモサメテモ shall we dance? （もう一回!） come on! Join usみんな輪になって dance, dance, dance, whoa思い思いに (カラフル) 描こうそして世界を make happyなんでも出来る ララララ 夢みてDance 一緒に踊ろうよ（oh）Dance メロディ口ずさみ (yeah-yeah)Dance もっと輝いて ahさぁみんなで ララララ 未来へ",,,,,,,,,,,,,,,,,,,,,,,,,,,,,,,,,,,,,,,,,,,,,
171,愛なView,Song for Prism C’mon! Join Us / 愛なView / サマーサマーオーシャンパーリィバケーション,2024/11/20,シャイニーカラーズ,"愛な view!! Yah!!(Ooh la la la la la la la la la) 謳おう 歌おう みんなで(Ooh la la la la la la la la la la)(Ah)もしトキをトワに変えられるなら「ありがとう」を永遠に伝え続けたい気分もしも明日で世界が終わるのならそれでもやっぱり「ありがとう」伝えるでしょうクリスタルクリアの心素直に見せ合えるこの景色を今謳おうLove 愛を届けたくて葉や音や光を 私達は創り出しているLove 想いが集まって雲に隠れた真昼の月まで照らし出すようなこの場所はとっても 愛な 愛な view!! 同じ幸せを泳ごう(Ooh la la la la la la la la la) (Ooh la la la la la la la la la la)(Ah)湧き上がる泉の水のように止める術もないままに気持ちが溢れているみんなと出逢う前の私はどんな色や服が好きだっただろう 思い出せないクリスタルクリアの空気思い切り吸い込んでねぇ 笑顔で今歌おうLove 愛を届けたくて手を振り声を合わせて 私達は描き出しているLove 想いが集まって深淵に咲くさな花まで照らし出すようなこの場所は何より 愛な 愛な view!! 同じ幸せに浮かぼうLa la, la la, la la 愛な viewLa la, la la 愛な viewLa la, la la, la la 愛な viewLa la, la la 愛な viewどんな君も心の支えになるの I love you! (I love you)Love 愛を届けたくて葉やや光を 私達は創り出しているLove 想いが集まって真昼のも照らし出すくらい輝いているこの場所はとっても 愛な 愛な view!! 同じ幸せを泳ごうLa la, la la, la la 愛な viewLa la, la la",,,,,,,,,,,,,,,,,,,,,,,,,,,,,,,,,,,,,,,,,,,,,
172,サマーサマーオーシャンパーリィバケーション,Song for Prism C’mon! Join Us / 愛なView / サマーサマーオーシャンパーリィバケーション,2024/11/20,"八宮めぐる/三峰結華/小宮果穂/大崎甜花
/黛冬優子/福丸小糸/緋田美琴/郁田はるき",(Yeah uh wao)ラララ キラ キラリ ラララ キラ キラリ ラララ キラ キラリ(Yeah ギラギラ ゴー)ラララ キラ キラリ ラララ キラ キラリ ラララ キラ キラリ目が覚めたら無人島?!「何か一つ 持ってけたら?」って本気で考えてたのに (wao!)持ってるのは 水着なの?光る渚 (ほうら)踊る心 (ほうら)ハンモックにこもれびシャワー (yeah yeah yeah yeah)はしゃぐための奇跡だ (fu wa fu wa)準備しないで? やんちゃに ゴー(Uh we gotta ギラギラ let it go!)サマーサマーオーシャンパーリィバケーション (say yeah)想定外のしぶき浴び大爆笑 (oh yeah)ずぶ濡れほど 笑う太陽 (もっと ずっと) よーいドンで 裸足のレガシー (uh let’s go)透き通る空に 燦々々 (say yeah)キミの顔に雫が伝うとき (oh yeah)素敵だね 何もかもが (もっと ずっと)世界一の楽園だから (yeah)ラララ キラ キラリ ラララ キラ キラリ ラララ キラ キラリ(Yeah ギラギラ ゴー)ラララ キラ キラリ ラララ キラ キラリ ラララ キラ キラリビーチバレー いっちょまえ ナイスプレー(ウェイウェイウェイウェイ jump)スイカ割りな騎馬戦 war水鉄砲 飛び交う八方ビッグウェーブ! え〜?見事にサーフィン yeah あのね海! 空! 一面アオ!目が覚めたら (ほうら)ベッドの中で (ほうら)日常 元通りで (yeah yeah yeah yeah)日焼けだけ 残ってる (fu wa fu wa)そんな展開 いってみよう?(Uh we gotta ギラギラ let it go!)サマーサマーオーシャンパーリィバケーション (say yeah)イルカに乗れるかの大ミッション (oh yeah)みんなみんな 掛けてあげよう (もっと ずっと)ハイビスカスとひまわりのフラワーレイ (uh let’s go)砂に描いたのはS.O.S? (say yeah)じゃなくて大きなハートマーク (oh yeah)届くよね ここに居るよ (もっと ずっと)世界一の王国だから (yeah ギラギラ ゴー)飛び込めジャンプ 波間にジャンプ本気のジャンプ (yeah ギラギラ ゴー)おどけてジャンプ 未知なるジャンプもぎたての時間がトレジャーお日さまの色が鮮やかですね (yeah)サマーサマーオーシャンパーリィバケーション (yeah say yeah)想定外のしぶき浴び大爆笑 (oh yeah)ずぶ濡れほど 笑う太陽 (もっと ずっと)よーいドンで 裸足のレガシー (uh let’s go)透き通る空に 燦々々 (say yeah)キミの顔に雫が伝うとき (oh yeah)素敵だね 何もかもが (もっと ずっと)世界一の楽園だから (yeah)(キラキラ perfect blue blue)ここから これから (yeah yeah)どんなキラキラ 見つけに駆けてこうか (yeah)ラララ キラ キラリ ラララ キラ キラリ ラララ キラ キラリ(Yeah ギラギラ ゴー)ラララ キラ キラリ ラララ キラ キラリ ラララ キラ キラリ,,,,,,,,,,,,,,,,,,,,,,,,,,,,,,,,,,,,,,,,,,,,,
173,グッバイ,Song for Prism Heads or Tails？ / グッバイ,2024/11/27,ノクチル,誰よりも近くに いると思っていたんだだけどほんとは誰よりも 僕は遠い存在で君に気づかれないように 冗談ぽく笑ってみせた友達以上 恋人未満 僕らは出会った日からきっと ずっと特別から当たり前に 変わってゆく君だけが僕を残して誰よりも近くに いたから分かっちゃうんだ君のその視線の先に いつも僕じゃないあの子平気なふりをしてみても 強がり気づいてほしかったそんなふうに笑うんだね あの子の前だと ねぇ僕の知らない君の笑顔 眩しくてさ苦しくてさ 焼き付いて離れないんだこの気持ちを言葉にして 伝えてしまったら ねぇきっと 全部音を立てて壊れてしまう だから鍵をかけたんだ 綺麗なままで大好きだよ 大好きだよ グッバイ,,,,,,,,,,,,,,,,,,,,,,,,,,,,,,,,,,,,,,,,,,,,,
174,Heads or Tails？,Song for Prism Heads or Tails？ / グッバイ,2024/11/27,コメティック,"長いものに巻かれて 手の平返してそれが出来ない存在は it's game over昨日までの白(せいかい)も 今日には黒(ふせいかい)時代の速度に乱高下Hey 右向け右で 手を取り合って 揚げ足取り合いHey 右脳左脳で 右往左往で くるりもご作法?Hey 些細な中傷 気づけば重症 皮肉な引力その悲劇の結末知ってる?人生なんて謂わば リアルなごっこ遊び使い捨ての正義 (皆演じてる)居場所奪い合う こんな世界でも「信じたいものがある」されど疑って (じゃあ これもらい)我を失って (踊らされてく)憐れなキングに (私はならない)油断しちゃ bad end余所行き顔の”シアワセ” 踊るタイムライン比較対象だらけで I know 才 noふと画面に反射した 左右が反転の自分まるで他人で 「Who are you?」Hey 人と違ったもの欲しがって 嘆いてるくせにHey 人と違うとどこか不安で 落ち着かない矛盾Hey 正しさだけじゃ割り切れやしない “あまり”みたいな自我抱えながら 呼吸をしている物分かりの悪い 自分を飼い慣らしまともなフリして (皆生きている)正解だらけで囲まれた現代を 足掻いて歩いてく時に啀み合って (哀に気づいて)時に寄り添って (愛に気づいて)誰もがそうやって (繰り返しながら)待ってる happy endああだこうだ溢しながら 生きていきゃ okay(いや無理だって それキツいって 愚痴吐いて)塵を散らしながら走る 彗星のように(余計な感情 喰らって燃焼 そうやって)光ってくんだHey 罪・無罪 自由自在 時代次第さ そう一切合切Hey, lie? Cry? Alright! 暗い未来 洗いざらい 飲み込みHey 愛も哀も 快・不快も なんもかんも そう燃やして闇の中で 瞬き爆ぜたい人生なんて謂わば リアルなごっこ遊び使い捨ての正義 (皆演じてる)居場所奪い合う こんな世界でも「信じたいものがある」されど疑って (じゃあ これもらい)我を失って (踊らされてく)憐れなキングに (私はならない)油断しちゃ bad end",,,,,,,,,,,,,,,,,,,,,,,,,,,,,,,,,,,,,,,,,,,,,
175,神様は死んだ、って,COLORFUL FE@THERS -CoMETIK-,2024/12/04,斑鳩ルカ,あぁ 嫌い憐れむみたいなその眼があぁ 嫌い何様気取り?あぁ 嫌い綺麗事の刃で流れた血の黒さも知らずにイバラの中に落とされた体絡まって 痛くて 泣いて 裂けて 傷だらけいっそ死んでしまいたいなって抉り出された劣等感がズキズキ ズキズキ 毎日うるさいの 厭(Oh my god! 紛い物の救済 楽園はどこにもない満たされない渇き 病める子羊)最低 最低 最低 なにもかも絵空事 御飯事こんな世界ごと今壊して 壊して もう終わらせて救えない祈りを あぁ あぁ神様は死んだ ってあぁ 厭心を探る太陽があぁ 厭目が焼けそうだあぁ 厭月も星も憂鬱ぶって照らさないでよ居場所を奪わないで ねぇ大事だった愚かな祈りが信じ込んだ偽の福音がこの悔いが この罪が この罰が この痛みだけが私の全部(罪人たちの冠 楽園はどこにもない満たされない渇き 病める子羊)誰か福音なんていらない偶像も崇拝もいらないたった一つだけ教えてもがき苦しんで生きてゆく理由を(いつか消えて失くすのにきっと誰も彼もみな 忘れるのにこの胸の痛みだけが 私の永遠(Oh my god! 紛い物の救済 楽園はどこにもない満たされない渇き 神の嘘つき)最低 最低 最低 何一つ変われない 満たせないこんな私ごと今壊して 壊して おかしくなるまで叫び続けている誰かのための絶望じゃないんだ綺麗事 もう沢山だありものの言葉で救おうとなんてしないで全てをもう終わりにさせて あぁ あぁこの夜のどこかで あぁ あぁ神様は死んだ って,,,,,,,,,,,,,,,,,,,,,,,,,,,,,,,,,,,,,,,,,,,,,
176,無垢,COLORFUL FE@THERS -CoMETIK-,2024/12/04,鈴木羽那,透明な自画像 心のあるがままに強く刻んでく 怖いものなんて ない全部を分かりたいって気持ちはいけないことじゃないよね悲しい事は悲しいままじゃきっとダメだから素直な気持ちのまま素直に伝え合えたらいい結末はハッピーエンドで それ以外知らない「A」と主張する人がいてでも「B」もいいよね とどちらともなく歩み寄れるそんな気がしてる取捨選択は二者択一じゃないどこかで交わるはず そう信じてたい嘘みたいに眩しいこの空を私のまま泳いでみたい差し出された優しいあの日の手みたいに私も誰かを照らしたいけして曇らない あるべき輝き放つの何も壊れない 優しい世界がここにあるよ報われないなんて想像すら越える真っ直ぐな言葉よどうか鳴り続けて素晴らしいはずの毎日を何も疑うことなく受け入れるのはおかしくなんてないって思うんだ表には表しかない大丈夫心配いらないちゃんと知ってる双方向以上の善意だってあるよ見返りなんて私 欲しくない懸念事項は懸念のまま消えて行くの上手くいくよ何もかもけして濁らない 無自覚透明な結晶君もそうだって だからこの手を掴んでよ絶対の意味に今届かなくても真っすぐな私はいつか辿りつくの きっと満たされてたよ ずっとずっとだけど 呼ばれたんだ私がまだ知らない世界の中にでも輝ける場所があったよもっと透明に もっと深く深く光も折れない淀みないこの声が届きますように 響きますように私のままで在りますようにここを選んだあの日の私には気付けなかった可能性 私の中で眠る私知らない空の下でまた私というハナが今芽吹き始めてるけして曇らない あるべき輝き放つの何も壊れない 優しい世界がここにあるよ報われないなんて想像すら越える真っ直ぐな言葉だけを胸に抱いて無垢な想いよどうか 君に届け,,,,,,,,,,,,,,,,,,,,,,,,,,,,,,,,,,,,,,,,,,,,,
177,夢模様キャンバス,COLORFUL FE@THERS -CoMETIK-,2024/12/04,郁田はるき,いらないよ one two three 予定調和いつまでも ドキドキしたい箱庭のファーム 狭すぎるんだよ可能性 試したい聞かないよ ハウツー論 初見 謳歌飛び込んで ワクワクしたい自由にまだ知らない世界の 環状線 突き破れ(Brand new empathy)誰だって 思い思いの (Brand new empathy)引力 魅せられ(Brand new empathy)出会ったんだ 困難も後悔はしないよ直感的に デタラメなスケッチキャンバス 広げて 夢模様直球勝負 気まぐれなステージ感覚のままに 塗り替えるクラクラしちゃうような 色彩もいっさいがっさい 残さずにいっせーのせで 連れ出してあげるとりとめのない パレットがパスポートだよ繰り返し one on one 情報精査少しでも ドキドキしてね私だけが見つけた世界を 大発表 伝えるよ(Brand new empathy)いつだって 曖昧で脆い (Brand new empathy)好奇心だけど(Brand new empathy)誓ったんだ 簡単に後退はしたくないよ目に映るものだけが 全てだと諦めた日には 戻らない直感的に デタラメなステップ巻末のない 夢の先直球勝負 描き出すイメージ間髪入れずに 塗り替えるフワフワしちゃうような 足取りは実際 厄介 悩むけどいっせーのせで 吹き飛ばすような色とりどりの 足跡を残そうクラクラしちゃうような 色彩も全部 まるごと 味方につけいっせーのせで 連れ出してあげるとりとめのない パレットがパスポートだよ,,,,,,,,,,,,,,,,,,,,,,,,,,,,,,,,,,,,,,,,,,,,,
178,1/3,COLORFUL FE@THERS -CoMETIK-,2024/12/04,斑鳩ルカ,時を重ねるたび余計な荷物ばっか増えてく過去の過ちとか大抵想像つく行く末とか塞がったこの両の手じゃ何も掴めやしないよな呼吸するたびに そう人は何かを得て失くして当てどない脈拍を走らせ続けてる生き物で全ては通り過ぎるだけ振り返らず もう進むよ未来の青写真を剥いで 過去 使い捨てて現在だけ抱いて走れたらこの痛みだって 1/3でいいはずだろう笑える吸った息 ただ吐くように 「久しぶり」なんて過去へと笑って言えたら止まってた時間も 脈を打つように動いてくここから,,,,,,,,,,,,,,,,,,,,,,,,,,,,,,,,,,,,,,,,,,,,,
179,泥濘鳴鳴,ECHOES 08,2024/12/11,コメティック,"ぼんやり 単純な指計数 あんまり 意味ないかもね100万ボルトの 羊を数えて 今夜も眠りにつく淡々とワンツースリー ワンツースリー何匹だ？ そりゃそうかみんな似た表情(かお)してるもんね万々歳 曖昧な采配で 雲隠れフロイトだって から騒ぎですもう末期なんだ 手遅れださあ 真っ黒なシープ 讃美やっと到来 前のめり寄り添って 推せるだけ推せおやすみ バイバイしなくちゃどうしよう夢さえ見れないや泥濘 鳴鳴 礼を持って終わんない 喝采 愛をどうぞ""同じ""だって 心 委ねたならジリリ インスタント覚醒泥濘 鳴鳴 だって だって理解んない さんはいっ せーの 敬礼どうでもいいって 思われてるって気づいてる？ めでたいね情緒の ダイヤルを合わせてマエナラエが 上手ね キミもようこそ 輝くディストピアあの手で この手でがんじがらめの 品揃えは さながら馬鹿になる デパートだ 食べ放題感情的なフリも 上手自分に酔って 空まわりです身勝手なんだ 出遅れてまた 真っ黒なシープ 讃美ずっと憑依 マイノリティすり寄って 推せるだけ推せおやすみ 再会しなくちゃ本当の 私らしさ まあ いっか命令 ねえ メイユービーハッピー止まんない 乾杯 愛をもっと病的だって 心 委ねないと地獄 エスケープさせて精精 鳴鳴 だって だって如何んせん 難解 迷子なんだなんでもないよ 期待してない気づいてる？ めでたいね重力のない瞼 閉じ他人(ひと)が見た 景色を焼き増す私のパノラマに映る 色彩は何色だろう教えてよ泥濘 鳴鳴 礼を持って終わんない 喝采 愛をどうぞ""同じ""だって 心 委ねたならジリリ インスタント覚醒泥濘 鳴鳴 だって だって理解んない さんはいっ せーの 敬礼どうでもいいって 思われてるって気づいてる？ めでたいね",,,,,,,,,,,,,,,,,,,,,,,,,,,,,,,,,,,,,,,,,,,,,
180,Clean.Clean up,ECHOES 08,2024/12/11,コメティック,"Slow down 焦らないで静かにしてるんだよ？Slow down 見つからないように痕跡までClean up無数にある見せかけの選択肢飛び出した一枚引かなきゃ空気読めないって言うんでしょ「勘違いキャラ違いはご法度」嫉妬ですか？同じこと繰り返してるうちに合ってると思いたくなるきっとそうやってみんな大人になる、とかなっちゃった、の間違いかな？笑えないくらいに饒舌 昔話美化して盛ってかしましい「あなたみたいになりたくない」って誰もが言ってたらしい 大概が焼き直し競うように奪い合う既存のPieceSlow down 大丈夫だよそれに救いはないHold upはぁ漏れ出たため息だけで弱者ですか時代錯誤という言葉すらもメタになりました何視点？神視点？滅相もない ただの私ですそれ以外は求めないで多すぎるテンプレに迷って思考停止の甘い罠一度味をしめたらもう終わりほら聴こえるでしょ終末のFill笑えちゃうくらいに完璧 偽装三昧過去の無常も帳消し非のない所に煙は立たない誰か教えてあげて 好きでしょ？正しいの笑顔以上恍惚未満Thank you,Congratulations!上げた口角防衛本能朱に交わらず 個に溺れることなく真正面から組むと心が折れちゃうんだか弱いからね Sir,Yes,Sir悲しいくらいに狡猾 余裕だらけって思ってなきゃダメ？自己肯定しすぎて事故ってるよ鏡に映る自分は許されてますか？笑えないくらいに饒舌 昔話美化して盛ってかしましい「あなたみたいになりたくない」って私も言っちゃうらしい 染まっちゃうらしいんだ縋りついても所詮一瞬の安息共同幻想に蝕まれて行くSlow down 焦らないで静かにしてるんだよ？Slow down 見つからないように痕跡までClean up",,,,,,,,,,,,,,,,,,,,,,,,,,,,,,,,,,,,,,,,,,,,,
181,アイ NEED YOU（FOR WONDERFUL STORY）,アイ NEED YOU（FOR WONDERFUL STORY）,2024/12/11, BRILLIANT STARS,"キミと一緒に歩いてきたこの世界はどんな時だってアイが溢れているよまた紡ぎ出そうストーリー振り返るとキミは立ち止まった時も同じ時間を 過ごしてくれた仲間だった沢山の願いと沢山の涙を重ねる度に 季節は巡り巡ってゆくきっと出会いは偶然だけどずっと会えれば必然だったよねもっと探そう笑顔のメモリー大切な宝物Shall we meet? キセキ振り返って楽しい shall we talk?いつまでも語り合おうShall we go?さあ ほら立ち上がって手を繋ごう夢の欠片探しながらこの旅路は続いている諦めないでずっと駆けてきたから今ココにいるキミと一緒に歩いてきたこの世界は so wonderful でアイが溢れているよもっと紡ぎ出すストーリー変わらない想いと変わってしまう時を胸に刻んで 未知の轍を進んでゆく見えなくても悩まなくていい疲れたなら目を閉じればいい大事なのは手を離さずに一緒に目指すことアイ need you! これからもヨロシク!それとも アイ like you!いつだって素直に言ゆうよアイ miss you!どこだってキミとなら勇気出せるよ星の標求めながらこの旅路は続いている迷わないでずっと信じてたから今ココにいるみんなで一緒に創ってきたこの世界は so wonderful でアイが溢れてゆくよもっと (もっと) 紡ぎ出すストーリーねえ遥かな道を 同じ世界をああ終わらぬ現在をこのまま このまま このまま過ごせたら ずっと夢の欠片集めているこの旅路も続いている諦めないでずっと駆けてきたんだだから輝こう!みんなで一緒に歩いてきたこの証にそうアイを歌おうさあメロディーよ響け世界に届くようにLa-la, la-la-la, la-la-la, la-la-laLa-la-la, la-la-la, la-la-la-la-la-laLa-la-la-la-la, la-la-la, la-la-la-la-la-laLa-la, la-la-la-la-laLa, la-la, la-la-la, la-la-la, la-la-laLa-la-la, la-la-la, la-la-la-laアイが溢れてゆくよSo wonderful な仲間たちと世界中で歌おうずっとまた (また) 紡ぎ出そうストーリーSo wonderful story",,,,,,,,,,,,,,,,,,,,,,,,,,,,,,,,,,,,,,,,,,,,,
182,星の数だけ,アニメ　Over the prism,2024/12/25,イルミネーションスターズ,"どんな日も 迷い道の今日も ムダではないよね今はただ 踏み出そうって心の声が聞こえるLa-la-la, la-la, la, la, laLa-la-la, la-la, la, la, laひび割れた 歩道の隅誇らしそうに咲く花はただここで 咲く未来をずっと信じていたんだね雨が降らない日もあるから保証なんてないけれど繰り返しじゃないから進んでいよう 行こう!いつだって 始まりを思えば 今が輝く目を閉じて 聞いているの自分の心の言葉をいつの日か迷い道が ぱっと拓けてまた夢に近づいてるそんな日が来る 来るからLa-la-la, la-la, la, la, laLa-la-la, la-la, la, la, la遠ざかる 飛行機雲空に描く 儚い道だからこそ 出逢えた時人は嬉しくなるんだね夢の着陸地はどこだろう時々ふと思うけど私を導くのは 色とりどりのライトどんな日も 迷い道の今日も ムダではないよね自信はそう 臆病者後ろからついて来るものどうなるか分からないって ダメではないよね可能性は無限にある星の数だけ 信じよう時の鼓動が チクタク夜を明かしてゆく見えなくたって 星達はいつもそこにあるいつだって 始まりを思えば 今が輝く目を閉じて 聞いてみるの自分の心の言葉をいつの日か迷い道が ぱっと拓けてまた夢に近づいてる星の数だけ 信じよう星の数だけ 何度もLa-la-la, la-la, la, la, laLa-la-la, la-la, la, la, la",,,,,,,,,,,,,,,,,,,,,,,,,,,,,,,,,,,,,,,,,,,,,
183,橙より未来,アニメ　Over the prism,2024/12/25,アンティーカ,ひとりぼっちじゃ抱きしめるだけになる夢があるんだろう立ち竦んでる誰かの胸に寄り添うように僕ら立ってみたい眩しい夕焼けに心焼き付けた世界中を包み込む雄大な空のような途方もない願いさえも叶えてゆける友情-うなずき-は瞬きの合間にそっと交わした橙のなか 鮮明になる小さな未来の肖像どこまで行ってみよう?笑い さざめいたTo my beloved自分しか知らない望みよりも強い光放つものどこかでもし見つけ出せたら君も巡り逢えるはずだよ夕影さえ 霞むほどの一瞬にほら きっと世界中を包み込む雄大な空のような途方もない願いさえも 叶えてゆける友情-うなずき-は瞬きの合間にそっと交わした橙のなか 鮮明になる小さな未来の肖像どこまでだって行こう笑い さざめいたTo my beloved,,,,,,,,,,,,,,,,,,,,,,,,,,,,,,,,,,,,,,,,,,,,,
184,さあ舞い上がれ,アニメ　Over the prism,2024/12/25,放課後クライマックスガールズ,"それに気付いた心は正解なんて 気にしない世界一かもしれない溢れたなら 二度と しまえない頑張ってって声で最高潮になれるその訳を知る風に 舞い上がれWake up この胸の未来Wake up 呼び起こす今永遠くらい大袈裟な 無限も叶えるBelievers 自分だけのドアBelievers 側にあったんだ勇気付けたい気持ちを 勇気にして さあWake up 聞こえた believers その声""Don't worry, don't worry""""その夢に 走れ!""それを ただ 追いかけるだけで何もないのに 落ち込んだりね世界一躓いたら世界一の優しさ 沁みるんだ""大丈夫!""って声で大丈夫になっちゃうこの不思議 返したい咲き誇れLook up 笑顔と言葉Look up 分けっこし合えば永久の如きサイクルに 願いが増えてくPrayers 別れ道でもPrayers 進んでくんだからガッツポーズ喜怒哀楽を 季節ごとに さあLook up 一緒に prayers 誰かに""Stand by me, stand by me""どこまでも 響け見えた (出会えた)感じた (弾けた)その訳を知る風に 舞い上がれWake up この胸の未来Wake up 呼び起こす今永遠くらい大袈裟な 無限も叶えるBelievers 自分だけのドアBelievers 側にあったんだ勇気付けたい気持ちを 勇気にして さあWake up 聞こえた believers その声""Don't worry, don't worry""""その夢に 走れ!""一つだけを みんなで胸に込めて 開け何処にいても 一緒に高く 舞い上がれ (さあ)",,,,,,,,,,,,,,,,,,,,,,,,,,,,,,,,,,,,,,,,,,,,,
185,With you,アニメ　Over the prism,2024/12/25,アルストロメリア,分かっていて欲しいなんて一方的すぎるオピニオン素直になれたらいいのに単純なことを邪魔するプライド大事にしたいと思ったり喜ばせてあげたいと思ったり特別だって気づいたら言葉にしてあげなくちゃYou’re the one あなたは私の太陽You’re only one 私はあなたの太陽どんなときも優しく照らし合おうよ届けるためのプリリィクエルこれから始まる未来のすべてが楽しいことばかりじゃないとしても手をつないだら歩き出そうずっとだよ with you この愛を信じてる感じとってくれたのなら急上昇 上がるよバイタル思いやることで初めて伝わってゆくよ僅かなシナプス支えてほしい日があったりただ そばにいてほしい日があったり大好きだって気づいたら声に出してあげなくちゃ be with youYou’re the one あなたが私といることYou’re only one 私があなたといること何年先もとなりで笑い合おうよ続けるためのトリリィロジーいっしょに見つけた小さな希望がいつの日かカタチを変えていっても寄り添いながら探してゆこう大丈夫 with you この愛は変わらない何かを恐れていたの?不安になっていたの?傷つきたくなくて 尖って守りたくて 隠してだけどね今なら理由が分かるよ迷わない 見失わないようにありのままでいい 心は能動きっとね これはね 運命だよYou’re the one あなたは私の太陽You’re only one 私はあなたの太陽どんなときも優しく照らし合おうよ届けるためのプリリィクエルこれから始まる未来のすべてが楽しいことばかりじゃないとしても手をつないだら歩き出そうずっとだよ with you この愛を信じてる,,,,,,,,,,,,,,,,,,,,,,,,,,,,,,,,,,,,,,,,,,,,,
186,Future Designer,アニメ　Over the prism,2024/12/25,ストレイライト,"記憶に映る silhouette 割り込む蒼い regretRealと対峙しながら ピントを合わせてきた現状維持はアレルギー 逆境ならばエネルギー過去の⾃分を認めて 鎖を断ち切って outbreakDesire淀みなき感情 手に入れた brave soul今 狼煙をあげるよ時代は変わり続けても ⾃分の道は⾃分が決める覚悟は運命を超えて 闇を切り拓いてく想像の向こうまで私という名の story 迷い悩んだ memory何度も絡み合って 幻界(ビジョン)を⾏き来してた⽇毎待ち受ける試練 鳴り響いてるサイレン突破する答えなら ⼼に⼀つだけ believeDetermined込み上げるマグマ 型破り burning heartもう誰にも⽌められないから未来は待つものじゃなくて 夢を掲げ創る世界無限の経験を抱いて levelを突き上げてく時空(とき)を駆け抜けるのさMy way 果てしない旅路(みち)へ your way 遥かなる未知へ何処までも続いてく 意志あるところにヒカリを照らしながら next 追い求めて speed up, yeah時代は変わり続けても ⾃分の道は⾃分が決める覚悟は運命を超えて 闇を切り拓いてく想像の向こうまで",,,,,,,,,,,,,,,,,,,,,,,,,,,,,,,,,,,,,,,,,,,,,
187,未来へのSign,アニメ　Over the prism,2024/12/25,ノクチル,寄せては返す波を きみは眺めながら「この先 僕らはどこへ行くんだろう?」心の中で不意に 揺れ動くコンパスまだ地図さえないのに踏み (出す) 理由なんてさ (今は) なくてもいいさぁ行き先のない旅に出かけよう真っ白なままの世界へ 何も持たずにその途中で見つけた気持ちを ポケットに詰めて一歩ずつ前に進もう 寄り道をしながらきみとただ いつまでも予報外れの雨に 夢中で駆け出した 傘も差さずにこの胸の鼓動は どこを指し示してる?始まりに出会う旅は続く 今日も真っ白なままの彼方へ 描いていこう通り過ぎていく景色に ほら 印をつけて一歩ずつ線で繋げば 遥か遠くに在る僕らまで 届くかな?見慣れたいつもの (背中が) ほんの少しだけ色づいて見えた気がしたんだ真っ白なままの世界は いつかどこかで一人一人それぞれの色に 染まっていくけど今を笑って悩んで 書き記していこうきっとただ どこまでも僕らが見上げた 空に名前がつくまで,,,,,,,,,,,,,,,,,,,,,,,,,,,,,,,,,,,,,,,,,,,,,
188,STARRY PLACE,ECHOES 01,2025/01/22,イルミネーションスターズ,夜空を指でなぞるたびに瞬き響き合うストーリー紡いで行くほど物語は出逢いを運んでくるそれでも一番に眩いStar を探せばいつでも両手で差し合う 人差し指繋がる三角星当たり前にした 奇跡を全部憧れと未来で 出逢うために遥か 遠くへ 遠くへ「輝きをみんなに届けよう」合言葉はいつしか約束になって守るたび 永遠を作れそうで一瞬を 集めていこう魔法使いにはなれないけれど私達はいつでも 想いを運ぶの手のひらからキラリ starry place心は宇宙より広くて照らされる場所が違えば星のない空に浮かぶような静けさが隠れてるそっと柔らかく 包み込めたらそのままを暖めて あげられたら灯は織り重なるほど 真の輝きと巡り成る「できるかな」「できるかも」「できるよ」今日を今を 光にしてどこまでも 遠くへ 遠くへ想いはゆっくりと舞い上がる私達とあなたを結んだ線から幾つもの物語が生まれて行く everlast!そう遥か 遠くへ 遠くへ「輝きをみんなに届けよう」合言葉はいつしか約束になって守るたび 永遠を作れそうで一瞬を 集めよう 繋げよう魔法使いにはなれないけれど私達はいつでも 想いを運ぶの手のひらからキラリ starry place,,,,,,,,,,,,,,,,,,,,,,,,,,,,,,,,,,,,,,,,,,,,,
189,晴れのちバルーン,ECHOES 01,2025/01/22,イルミネーションスターズ,"Hey! Are you ready to dance!?バルーンネーション! セレブレーション!予報は 晴れのちバルーンイルミネーション! セレブレーション!本日 晴れのちバルーン3,2,1で blow up! 赤青黄色疲れた街並みにちょっとサプライズ受け取ったらたちまちウキウキ踊りたくなるでしょう？希望をひとしずく 勇気をひとひらふぅっと 元気も詰め込んでカラフル ミラクルあふれる 街になれ ハッピータウン!風船が降り積もってニュースでは大騒ぎでエライ人も不思議顔だけどふわふわで踊りましょうドキドキも誘いましょうあなた色の 笑顔が見えたらう～ん なんか 幸せだなぁそんな気持ち分かち合える一人の日も孤独じゃない強い絆できちゃうよ ね! Celebrate!バルーンネーション! セレブレーション!天気は スマイルのちバルーン3.2.1でJump up!! 一緒に跳ねてパシャリとハイチーズ 風船ジャーニー同じ道を辿った分だけ似てくるのが嬉しいねありがとう だいすき たった9文字でAll day 過ごす日にしようか華やぐ ポジティブ膨らむ 今日になれ ハッピーデイ!幸せを映すアイズ幸せが繋ぐピース楽しむほど楽しくなるんだね大切な人を呼んで肩と肩触れる距離で同時に手を高く伸ばしたらはぁ～ なんか うららかだなぁそんな気持ち感じ合えるよたくさんの人がいたらたくさんの想いがある今もきっと きっとそうだけど風船が飛んで来たら少しだけ空を見れるかなLet’s dance!風船が降り積もってニュースでは大騒ぎでエライ人も不思議顔だけどふわふわで踊りましょうドキドキも誘いましょうあなた色の 笑顔が見えたらう～ん なんか 幸せだなぁそんな気持ち分かち合える一人の日も孤独じゃない強い絆できちゃうよ 私がいるよバルーンネーション! セレブレーション!予報は 晴れのちバルーンイルミネーション! セレブレーション!本日 晴れのちバルーン yeah!",,,,,,,,,,,,,,,,,,,,,,,,,,,,,,,,,,,,,,,,,,,,,
190,Migratory Echoes,ECHOES 09,2025/01/22,シャイニーカラーズ,今いる場所がどんな場所だとしたって遥か遠くへいくって心が騒いでる海を渡る翼をひらいて あの光の先まで飛ぶんだ止まり木にしか安らぎはなくたってそこから新しい景色は描けない飛び去ってく旅路も切掛も 自分が選ぶしかないんだ晴れだけ期待して勝手に諦めるそんな拙い想像力じゃどこにもいけない願いのように (一緒に歌おう) 想いをこめて (一緒に歌おう)歌っていこう 海を越え届く羽で声はきっと羽ばたき続ける (一緒に歌おう) そのechoを 信じていられるよ青の向こうの世界を 目指して飛び立った歌はまた出逢えるどこにいるのかわからなくなる夜も吹き付けてくる風に進めなくなっても澄ます耳に遠くで聴こえる 歌が前を見つめさせるんだ自分にだけしか鳴らせない響き一つ一つ重なるほど 光景を彩る向かっていると (一緒に歌おう) 届いていると (一緒に歌おう)歌っていこう 果てなんてなくって たどり着けないとしたって構いはしない(一緒に歌おう) そのechoが (響き渡るように)青の向こうの世界で 必ず旅立った君とまた出逢える声を聴かせて (oh oh oh) この歌が聴こえたなら (届いてるよ)翼は集まっていく願いのように (一緒に歌おう) 想いをこめて (一緒に歌おう)歌っていこう 空を広げれば 渡る声はきっと羽ばたく歌っていこう (一緒に歌おう) 歌っていこう (一緒に歌おう)歌っていこう 果てはなくたっていい 高い空で歌を響かせあうんだ(一緒に歌おう) そのechoが 聴こえ続けるから青の向こうの世界で 必ず旅立った君とまた出逢えるきっと 自分だけの歌で 遥か彼方へいこうきっと 響かせあって 遥か彼方で逢おう,,,,,,,,,,,,,,,,,,,,,,,,,,,,,,,,,,,,,,,,,,,,,
191,Migratory Echoes (イルミネーションスターズ Ver.),ECHOES 09,2025/01/22,イルミネーションスターズ,今いる場所がどんな場所だとしたって遥か遠くへいくって心が騒いでる海を渡る翼をひらいて あの光の先まで飛ぶんだ止まり木にしか安らぎはなくたってそこから新しい景色は描けない飛び去ってく旅路も切掛も 自分が選ぶしかないんだ晴れだけ期待して勝手に諦めるそんな拙い想像力じゃどこにもいけない願いのように (一緒に歌おう) 想いをこめて (一緒に歌おう)歌っていこう 海を越え届く羽で声はきっと羽ばたき続ける (一緒に歌おう) そのechoを 信じていられるよ青の向こうの世界を 目指して飛び立った歌はまた出逢える「何処にいるか」じゃなくて「誰といるか」濃い霧の中でも それだけは分かるの耳澄ませば 違う航路から やって来る翼の音がする自分が時々 小さく見えてもきっと一歩進む姿 誰かが見てるそばにいたら（一緒に歌おう）離れてても（一緒に歌おう）一枚ずつ 羽根が増えるたびもっともっと遠くへ行けそうだよね（一緒に歌おう）このEchoが 抱きしめてくれるよ夢で繋がる世界で 生まれた大切な歌はほら輝く声を聴かせて（Oh Oh Oh）この歌が聴こえたなら（届いてるよ）翼は集まっていく願いのように（一緒に歌おう）想いをこめて（一緒に歌おう）歌っていこう 空を広げれば 渡る声はきっと羽ばたく歌っていこう（一緒に歌おう）歌っていこう（一緒に歌おう）歌っていこう 果てはなくたっていい 高い空で歌を響かせあうんだ（一緒に歌おう）そのEchoが 聴こえ続けるから青の向こうの世界で 必ず旅立った君とまた出逢えるきっと、自分だけの歌で 遥か彼方へいこうきっと、響かせあって 遥か彼方で逢おう,,,,,,,,,,,,,,,,,,,,,,,,,,,,,,,,,,,,,,,,,,,,,
192,Migratory Echoes (アンティーカ Ver.),ECHOES 09,2025/01/22,アンティーカ,"今いる場所がどんな場所だとしたって遥か遠くへいくって心が騒いでる海を渡る翼をひらいて あの光の先まで飛ぶんだ止まり木にしか安らぎはなくたってそこから新しい景色は描けない飛び去ってく旅路も切掛も 自分が選ぶしかないんだ晴れだけ期待して勝手に諦めるそんな拙い想像力じゃどこにもいけない願いのように (一緒に歌おう) 想いをこめて (一緒に歌おう)歌っていこう 海を越え届く羽で声はきっと羽ばたき続ける (一緒に歌おう) そのechoを 信じていられるよ青の向こうの世界を 目指して飛び立った歌はまた出逢える瞳交わして頷けば速度上昇透き通った空には指標なんかないけど怖くはない眩しいアルカディアそこへの道は一つじゃないから何度でも fiamma ハートで抱きしめて永劫 先へ翔けてゆくよ夜を脱ぎ捨てて未来のために（一緒に歌おう）夜明けを見て（一緒に歌おう）たどった軌跡 ただ一つだけの宙を拓く夢に変えてさ このウタ（一緒に歌おう）ずっと echo が 勇気をくれるから進む僕らの鼓動もどこかで 絶対の灯火になりたい声を聴かせて（oh, oh, oh）この歌が聴こえたなら（届いてるよ）翼は集まっていく願いのように（一緒に歌おう）想いをこめて（一緒に歌おう）歌っていこう 空を広げれば 渡る声はきっと羽ばたく歌っていこう（一緒に歌おう）歌っていこう（一緒に歌おう）歌っていこう 果てはなくたっていい 高い空で歌を響かせあうんだ（一緒に歌おう）その echo が 聴こえ続けるから青の向こうの世界で 必ず旅立った君とまた出逢えるきっと 自分だけの歌で 遥か彼方へいこうきっと 響かせあって 遥か彼方で逢おう",,,,,,,,,,,,,,,,,,,,,,,,,,,,,,,,,,,,,,,,,,,,,
193,Migratory Echoes (放課後クライマックスガールズ Ver.),ECHOES 09,2025/01/22,放課後クライマックスガールズ,今いる場所がどんな場所だとしたって遥か遠くへいくって心が騒いでる海を渡る翼をひらいて あの光の先まで飛ぶんだ止まり木にしか安らぎはなくたってそこから新しい景色は描けない飛び去ってく旅路も切掛も自分が選ぶしかないんだ晴れだけ期待して勝手に諦めるそんな拙い想像力じゃどこにもいけない願いのように（一緒に歌おう）想いをこめて（一緒に歌おう）歌っていこう 海を越え届く羽で声はきっと羽ばたき続ける（一緒に歌おう）そのEchoを 信じていられるよ青の向こうの世界を目指して飛び立った歌はまた出逢える宇宙一だなって 確信が止まらなくて宇宙を知らなくても夢中を知ってるから誰だって一番を譲らない空は遠目には輝く 連隊飛行全方位に縦横無尽千の夢 巻き込んで星に海に君に永遠（とわ）に響かせながら風の中で（一緒に歌おう）無限の空で（一緒に歌おう）上には上がいるという衝撃の中で笑顔こぼれるような皆だから（一緒に歌おう）このEchoは 全ての壁越えて遠い光も巻き込む 届いてもう一度 無敵の君の声を声を聴かせて（Oh Oh Oh）この歌が聴こえたなら（届いてるよ）翼は集まっていく願いのように（一緒に歌おう）想いをこめて（一緒に歌おう）歌っていこう 空を広げれば渡る声はきっと羽ばたく歌っていこう（一緒に歌おう）歌っていこう（一緒に歌おう）歌っていこう 果てはなくたっていい 高い空で歌を響かせあうんだ（一緒に歌おう）そのEchoが聴こえ続けるから青の向こうの世界で必ず旅立った君とまた出逢えるきっと、自分だけの歌で遥か彼方へいこうきっと、響かせあって遥か彼方で逢おう,,,,,,,,,,,,,,,,,,,,,,,,,,,,,,,,,,,,,,,,,,,,,
194,Migratory Echoes (アルストロメリア Ver.),ECHOES 09,2025/01/22,アルストロメリア,今いる場所がどんな場所だとしたって遥か遠くへいくって心が騒いでる海を渡る翼をひらいて あの光の先まで飛ぶんだ止まり木にしか安らぎはなくたってそこから新しい景色は描けない飛び去ってく旅路も切掛も 自分が選ぶしかないんだ晴れだけ期待して勝手に諦めるそんな拙い想像力じゃどこにもいけない願いのように (一緒に歌おう) 想いをこめて (一緒に歌おう)歌っていこう 海を越え届く羽で声はきっと羽ばたき続ける (一緒に歌おう) そのechoを 信じていられるよ青の向こうの世界を 目指して飛び立った歌はまた出逢える一人じゃ不安で勇気が出ないとき周りと比較して自信をなくしたとき悔しくって涙が出るとき 前を向かなきゃ何も変わらない素直な気持ちがみんなに伝わる強がるよりも真っすぐな花を咲かせたい愛のために（一緒に歌おう）夢のために（一緒に歌おう）ひとつひとつ それぞれの色で蕾がまた開いたら重ねながら（一緒に歌おう）そのechoが そっと寄り添うとき絶対叶えられるから 願おう 大好きなひとの幸せを声を聴かせて（oh oh oh）この歌が聴こえたなら（届いてるよ）翼は集まっていく願いのように（一緒に歌おう）想いをこめて（一緒に歌おう）歌っていこう 空を広げれば 渡る声はきっと羽ばたく歌っていこう（一緒に歌おう）歌っていこう（一緒に歌おう）歌っていこう 果てはなくたっていい 高い空で歌を響かせあうんだ（一緒に歌おう）そのechoが 聴こえ続けるから青の向こうの世界で 必ず旅立った君とまた出逢えるきっと、自分だけの歌で 遥か彼方へいこうきっと、響かせあって 遥か彼方で逢おう,,,,,,,,,,,,,,,,,,,,,,,,,,,,,,,,,,,,,,,,,,,,,
195,Migratory Echoes (ストレイライト Ver.),ECHOES 09,2025/01/22,ストレイライト,今いる場所がどんな場所だとしたって遥か遠くへいくって心が騒いでる海を渡る翼をひらいて あの光の先まで飛ぶんだ止まり木にしか安らぎはなくたってそこから新しい景色は描けない飛び去ってく旅路も切掛も 自分が選ぶしかないんだ晴れだけ期待して勝手に諦めるそんな拙い想像力じゃどこにもいけない願いのように (一緒に歌おう) 想いをこめて (一緒に歌おう)歌っていこう 海を越え届く羽で声はきっと羽ばたき続ける (一緒に歌おう) そのechoを 信じていられるよ青の向こうの世界を 目指して飛び立った歌はまた出逢える解き放たれた闇で彷徨いながら得体のしれぬ shadowに心削られても意志のヒカリ消せやしないから どんな壁も飛び越えて魅せるRival(なかま)がいるから 加速していけるもっと遠くもっと高い stage(ばしょ)を目指して挑んでいくよ (一緒に歌おう) 磨いていくよ (一緒に歌おう)迷ったら try 高鳴る鼓動と 熱い信念(おもい) 貫いて生きたいんだ(一緒に歌おう) この echoが 輝き放つように雲を蹴散らし突き抜け 見果てない世界広がってる未来へ go声を聴かせて (oh oh oh) この歌が聴こえたなら (届いてるよ)翼は集まっていく願いのように (一緒に歌おう) 想いをこめて (一緒に歌おう)歌っていこう 空を広げれば 渡る声はきっと羽ばたく歌っていこう (一緒に歌おう) 歌っていこう (一緒に歌おう)歌っていこう 果てはなくたっていい 高い空で歌を響かせあうんだ(一緒に歌おう) その echoが 聴こえ続けるから青の向こうの世界で 必ず旅立った君とまた出逢えるきっと 自分だけの歌で 遥か彼方へいこうきっと 響かせあって 遥か彼方で逢おう,,,,,,,,,,,,,,,,,,,,,,,,,,,,,,,,,,,,,,,,,,,,,
196,Migratory Echoes (ノクチル Ver.),ECHOES 09,2025/01/22,ノクチル,今いる場所がどんな場所だとしたって遥か遠くへいくって心が騒いでる海を渡る翼をひらいて あの光の先まで飛ぶんだ止まり木にしか安らぎはなくたってそこから新しい景色は描けない飛び去ってく旅路も切掛も 自分が選ぶしかないんだ晴れだけ期待して勝手に諦めるそんな拙い想像力じゃどこにもいけない願いのように (一緒に歌おう) 想いをこめて (一緒に歌おう)歌っていこう 海を越え届く羽で声はきっと羽ばたき続ける (一緒に歌おう) そのechoを 信じていられるよ青の向こうの世界を 目指して飛び立った歌はまた出逢える音が聴こえる どこからか風に乗って水平線の先 ずっと向こうの空気づけば手を伸ばしていたんだ 君に呼ばれた気がしたから目指した未来が今は違っても僕らはまた巡り逢える 同じ未来で描いていこう (一緒に歌おう) 音を重ねて (一緒に歌おう)どんな時も きっとそれだけで繋がっている 僕らの見上げた空は(一緒に歌おう) そのechoが 明日への道標いつか辿り着く日まで 未来へ 君まで 声を風に乗せて声を聴かせて (Oh Oh Oh) この歌が聴こえたなら (届いてるよ)翼は集まっていく願いのように (一緒に歌おう) 想いをこめて (一緒に歌おう)歌っていこう 空を広げれば 渡る声はきっと羽ばたく歌っていこう (一緒に歌おう) 歌っていこう (一緒に歌おう)歌っていこう 果てはなくたっていい 高い空で歌を響かせあうんだ(一緒に歌おう) そのEchoが 聴こえ続けるから青の向こうの世界で 必ず旅立った君とまた出逢えるきっと 自分だけの歌で 遥か彼方へいこうきっと 響かせあって 遥か彼方で逢おう,,,,,,,,,,,,,,,,,,,,,,,,,,,,,,,,,,,,,,,,,,,,,
197,Migratory Echoes (シーズ Ver.),ECHOES 09,2025/01/22,シーズ,"今いる場所がどんな場所だとしたって遥か遠くへいくって心が騒いでる海を渡る翼をひらいて あの光の先まで飛ぶんだ止まり木にしか安らぎはなくたってそこから新しい景色は描けない飛び去ってく旅路も切掛も 自分が選ぶしかないんだ晴れだけ期待して勝手に諦めるそんな拙い想像力じゃどこにもいけない願いのように (一緒に歌おう) 想いをこめて (一緒に歌おう)歌っていこう 海を越え届く羽で声はきっと羽ばたき続ける (一緒に歌おう) そのechoを 信じていられるよ青の向こうの世界を 目指して飛び立った歌はまた出逢える周りの評価や言葉たちは I don't careどう見られてるかより何を見せたいのかYou know our 'red and green' 待つは青い空 重なり一番輝く光過去の voice 混ざる noise 全ては道標響き渡りほら未来へ 繋がっていくのLet's make it together (一緒に歌おう) I'm ready for whatever (一緒に歌おう) 願う夢は心を震わす音に乗せて 伝えていくから forever (一緒に歌おう) その echoが 空気さえ揺らすの誰も知らない世界へと here we go now ここから紡いでいくわ history声を聴かせて (oh, oh, oh) この歌が聴こえたなら (届いてるよ) 翼は集まっていく願いのように (一緒に歌おう) 想いをこめて (一緒に歌おう) 歌っていこう 空を広げれば 渡る声はきっと羽ばたく歌っていこう (一緒に歌おう) 歌っていこう (一緒に歌おう) 歌っていこう 果てはなくたっていい 高い空で歌を響かせあうんだ (一緒に歌おう) その echoが 聴こえ続けるから青の向こうの世界で 必ず旅立った君とまた出逢えるきっと 自分だけの歌で 遥か彼方へいこうきっと 響かせあって 遥か彼方で逢おう",,,,,,,,,,,,,,,,,,,,,,,,,,,,,,,,,,,,,,,,,,,,,
198,Migratory Echoes (コメティック Ver.),ECHOES 09,2025/01/22,コメティック,"今いる場所がどんな場所だとしたって遥か遠くへいくって心が騒いでる海を渡る翼をひらいて あの光の先まで飛ぶんだ止まり木にしか安らぎはなくたってそこから新しい景色は描けない飛び去ってく旅路も切掛も 自分が選ぶしかないんだ晴れだけ期待して勝手に諦めるそんな拙い想像力じゃどこにもいけない願いのように (一緒に歌おう) 想いをこめて (一緒に歌おう)歌っていこう 海を越え届く羽で声はきっと羽ばたき続ける (一緒に歌おう) そのechoを 信じていられるよ青の向こうの世界を 目指して飛び立った歌はまた出逢える偶然見えた 夜空を駆ける星は命燃やして世界を 染め上げ消えてった行き着く場所 なんて分からない今は前に 進むしかないんだ""情""に絆されるより ""全感情""燃焼し歌い続け走る日々が 翼に変わる夜が明けるまで (一緒に歌おう) 未完のままで (一緒に歌おう)足掻いていこう 暗い場所からでしか 捉えられない そんな光があるから (一緒に歌おう) この echoの 引力に委ねて不揃いの想い燃やして 閃光のように 今をただ駆け抜ける声を聴かせて (oh oh oh) この歌が聴こえたなら (届いてるよ)翼は集まっていく願いのように (一緒に歌おう) 想いをこめて (一緒に歌おう)歌っていこう 空を広げれば 渡る声はきっと羽ばたく歌っていこう (一緒に歌おう) 歌っていこう (一緒に歌おう)歌っていこう 果てはなくたっていい 高い空で歌を響かせあうんだ (一緒に歌おう) その echoが 聴こえ続けるから青の向こうの世界で 必ず旅立った君とまた出逢えるきっと 自分だけの歌で 遥か彼方へいこうきっと 響かせあって 遥か彼方で逢おう",,,,,,,,,,,,,,,,,,,,,,,,,,,,,,,,,,,,,,,,,,,,,
199,Shower of light,Song for Prism Shower of light / 快盗Vを見逃すな,2025/01/29,イルミネーションスターズ,"Shower of lightShower of happinessShower of light生まれた時は頼りなくて小さなものでぶつかり弾かれたりしてやがて飛び出す宇宙の最大速度で高まって行く 突き抜けてく海のきらめきとか 空の青さ暗い闇ではそう見つけられない私らしくいるならあなたが必要なんですその笑顔は 輝きのシャワーあなたが笑えば 湧いて溢れるエネルギー振動鼓動 躍動する希望で満ちる 心の奥まですっとなりたい 私になる太陽の方を向いて 花は咲くものFor you姿が見えなくても朝も 昼も 夜も いつも世界の色を絶やさずに照らし出してるあなたみたいになりたくて足りないことばかり数えてた反射するしか出来ないんじゃない反射するのがほら得意なんだよ私らしさをやっと好きになれると思えているあなたは太陽なんですShower of light (shower of light)Shower of happiness (shower of happiness)Shower of light (shower of light)降り注ぐ光 体中でShower of light (shower of light)Shower of happiness (shower of happiness)Shower of light (shower of light), oohねぇ笑って ねぇ笑顔見せてそれだけなんだもん 私がここにいる理由振動鼓動 躍動する希望で満たされて行く 心が今その笑顔は 輝きのシャワーあなたが笑えば 湧いて溢れる熱いエモーション振動鼓動 躍動する希望で満たされて行く 心がすっとなりたい 私になる太陽の方を向いて 花は咲くもの私は咲くのShower of lightShower of happinessShower of light",,,,,,,,,,,,,,,,,,,,,,,,,,,,,,,,,,,,,,,,,,,,,
200,快盗Vを見逃すな,Song for Prism Shower of light / 快盗Vを見逃すな,2025/01/29,放課後クライマックスガールズ,"""最高のショーの始まりだ"" (yeah)絶対 タラッタ よりどり さあかっさらった(V! V!)絶対 狙ったエモノは そうゲッチュー絶対 タラッタ よりどり さあかっさらった(V! V!)絶対 狙ったオタカラ 奪い chu三日月指した 摩天楼の先に キメキメポーズで (oh)時計の針 時刻はvの字 V! V! (V!)5! 5!(Go!) ゴールデンタイムだ飛び移れ(ウォンチュー) ビルの合間(ゲッチュー)パルクールでくぐるセンサー お手のもの(bye chu)忍び込め(ウォンチュー)あくびの隙間(ゲッチュー)ドーベルマンだって2秒で いい子いい子チキチキ 鍵を開けて目指す 歴代の 最頂点 (yeah)あるべき物が 欲しいだけバリバリ デコってみた予告状(V!)囮の花火が 派手過ぎて目が光る街中に メガホン握り締め(V!)""諸君!(V!)退屈してたかな?""""最高のショーを見逃すな""(yeah)絶対 タラッタ よりどり さあかっさらった(V! V!)絶対 狙ったエモノは そうゲッチュー絶対 タラッタ よりどり さあかっさらった(V! V!)絶対 狙ったオタカラ 奪い chuマンホール抜けて 社交界の中へ キメキメウォークで (oh)指名手配のイケてない写真も 当然(V!)作戦(go!) カムフラージュだね""天地の裂け目に隠されようと""""まだ見ぬキラメキ奪ってみせる""大胆に 鮮烈に 野次馬 カモンカモン「今宵 諸君からハートの赤玉をいただく」By 快盗クライマックスガールズ (V! V!) wanted! Wanted!ジグザグ パスこぼしてヤバい 今にこそ 大覚醒(クライマックス) (yeah)あるべき場所に 返すだけあの名画も君が描いたもの(V!)世にも綺麗な妖精だってショーケースから逃せば どんな輝くだろう(V!)さあ(V!)憂鬱も涙も我らが根こそぎかっさらおう (yeah)本当の宝物は(君の)君の瞳の輝きだから まぶた 閉じてその隙に おさらば!懸賞金にゼロ足して燃え上がるオペラを踊りましょうドレスの下はローラーシューズ最高のチェイスで 奮える恋をしよう(V!)さあ(V!) 行こう yeahあるべき物が 欲しいだけバリバリ デコってみた予告状(V!)サーチライトにポーズ キメて目が光る街中に メガホン握り締め(V!)""諸君!(V!)退屈してたかな?""""最高のショーの始まりだ""(yeah)""最高のショーを見逃すな""(yeah)",,,,,,,,,,,,,,,,,,,,,,,,,,,,,,,,,,,,,,,,,,,,,
201,THE LAST PRIDE,Song for Prism Real Mind Shakes / THE LAST PRIDE,2025/03/26,アンティーカ,"Ah 闇にさらわれそうな世界喉を刺す煙立ち込めてAh それでも遂にここに来たと心を奮い立たせてる（The end stage）いくつの笑顔消えていった悪夢の果て（The end stage）狙うは魔物 -bad reaper-悲劇はもういらないんだ明日を変えようーーー今We’ll never surrender（go! fight!）無謀だって構わない大いなる者、挑もう僕たちでHearts won't disappear（go! fight!）振り翳せミライへたった一つの約束、夜空に放てAh 幾度見送っただろう my dear途上で砕かれ散った魂 -おもい-Ah 潤む視界の向こう征けと雨降る空から聞こえた勇者たちが旅しながら見つけた光は遠い日に手折られたもの消えぬものそっと全てを覚悟に変えてーーーさあWe’ll never surrender（go! fight!）どこまでも進みたいもし地獄の業火に灼かれてもHearts won't disappear（go! fight!）つらぬいて祈りを永遠の destroy 許すな世界のために最後の力みんな振り絞った強くなる咆哮へ目と目合わせ繋ぎ合ったLAST PRIDE詠唱 -こえ- 合わせて（one by one heart）立ち上がって（one by one heart）もしも僕ら星屑になっても（yes, yes）果たしたい願いのために生きるよWe’ll never surrender（go! fight!）倒れても揺るがないピリオドへと、とどめを撃ち放てHearts won't disappear（go! fight!）叶えるよミライへたった一つの約束、夜空に咲かせ",,,,,,,,,,,,,,,,,,,,,,,,,,,,,,,,,,,,,,,,,,,,,
202,Real Mind Shakes,Song for Prism Real Mind Shakes / THE LAST PRIDE,2025/03/26,ストレイライト,"見え透いた言葉に落ちるShadow染み出した毒みたい（Going Crazy）No誰かの声が Disturb 蝕む心So mad 疑心暗鬼だ すべてが敵に見え Fear（Flash Back）嘲笑う（Flash Back）耳鳴りが...（Flash Back）不安定なMental Break my soul世界中が狂気になる 歪んでいく何もかも幻覚が掻き乱した 理性と理想抗ってEverything, Real Mind Shakes指先まで震えるほど 猜疑心恐怖に変わり鬩ぎ合う 本能と（Crash Crash）自尊心か（Crash Crash）自己保身か（Crash Crash）壊れそうな正義 In my head裏切りって叫びながら 深い闇へ堕ちてゆく見失った、道徳さえ 自制できず踠いてるNo more rules, Real Mind Shakes（もう）どうしようもないくらい （苦しい苦しい Shout it out）（ああ）引きずり込まれそう （それでもそれでも Shake it up）青ざめてく 薄れていく そして生まれ変わっていくCraze 掻き乱した 理性と理想抗って真実は胸の中Everything, Real Mind Shakes",,,,,,,,,,,,,,,,,,,,,,,,,,,,,,,,,,,,,,,,,,,,,
203,Pioneer Impact,"""円環 -Halo around-"" 01",2025/06/04,アンティーカ/シーズ,"底なしの沼のような same empty 浸かり愚かにもただ日々を slow walk 彷徨ってそんなルーティンにお別れ涙なんて見せない見くびらないで私たちレディメイドの出口なんていらない 世界は拓くもの覚悟こそ answerFly! (fly) faraway, faraway 夜明けを待たないわImpact 自分次第でしょ今すぐに停滞脱ぎ捨てそう手に入れる羽で選んでゆける未来 we will have no limits 飛べ躊躇いを蹴飛ばし先へ挑戦の手を取り空へ星追い越してキミの瞳へと魅せつけて躊躇いを蹴飛ばし先へ挑戦の手を取り空へ (ah)ぶつかり合って now spark and draw the archやたらと窮屈息詰まりそう but yet膝つくほどじゃないの艶然と笑って bring it on 挑戦的にアプローチ孤独じゃ開かない door 地獄を這うような永遠変えてくために my dear 預けるのは magmaたとえ誰かの不正解でもいいの正しいと思えたら貫ける answerFly! Faraway, faraway 虚空を切り裂くまでImpact 一途なままルールとか阻んだ鎖すべて解き放ち望んだ色に染まれ we will have no limitsDo it, do it どんなバイアスもDo it, do, it shh 跳ね除けてDo it, do it もっと L'AnticaDo it, do it ただ遠くへとFly! (fly) faraway, faraway 夜明けを待たないわImpact 自分次第でしょ今すぐに停滞脱ぎ捨てそう手に入れる羽で選んでゆける未来 we will have no limits 飛べ常識を疑い先へ円環を抜け出し空へ星追い越してキミの瞳へと魅せつけて常識を疑い先へ円環を抜け出し空へ (ah)ぶつかり合って now spark and draw the archAh 迷わない想像の果てへ光刻みつけ now spark and draw the arch",,,,,,,,,,,,,,,,,,,,,,,,,,,,,,,,,,,,,,,,,,,,,
204,ブレイク・アウト・セレンディピティ,"""円環 -Halo around-"" 01",2025/06/04,アンティーカ,"陰鬱な回廊で 足取りは重くて拭えない倦怠感と 明けない暗がり果てしなく 続いている黄泉路Hope is gone, all hope is goneそう 息を吸って吐くだけの労働者なんて風に自分のことを 定義して嫌悪夢もなく 地獄にいるけれどHope is gone, all hope is goneWhat we know, what we knowWhat we know, what we know now目覚めろ grim reaper 明日は up to us挑戦してない 踏み出してない ""無理""なんて早計 天命を変えろ brave it out壊して今 螺旋に続く日々の何もかもを 穿て全力で光の射さない地に 生まれた運命 -さだめ- でも足掻いてみたい 望みのなさに手足もがれようとも 心で飛べ世界のどこか存在する 「空」見るために 旅立て冥府の神 曰うは 死を司るかぎり幽界に住まう者 陽は見れぬずっと 諦めを飼い続けて来たでもね 信じないWhat we know, what we knowWhat we know, what we know now孤独な grim reaper 本当は ひとりじゃない絶望したって 手を伸ばして 共鳴して停滞 day and day 超えろ so break out過去へと一掃 円環 -ループ- を繰り返してる何もかもを 捨てて未来へ誰かの呼び声で 抗おう 運命 -さだめ- へと挑んでみたい 地上のその向こうにある場所まで 想い抱いて命を狩るだけの生そう思っていたけどもう 嘘をつかずにいたいから天を衝け 牙を剥け惰性の今日を脱け出して鍵を廻せ迷いはもう無いたとえ神が 罰を下しても大丈夫 黒い翼で行こう見上げて今 微かに漏れる日差し あの彼方へ闇と地を蹴って傀儡なまま生きてちゃ 近づけないセレンディピティ 手にするためGet set go!壊して今 螺旋に続く日々の何もかもを 穿て全力で光の射さない地に 生まれた運命 -さだめ- でも足掻いてみたい 望みの方へ 何度阻まれても 心で飛べ世界のどこか存在する 「空」見るために 旅立て",,,,,,,,,,,,,,,,,,,,,,,,,,,,,,,,,,,,,,,,,,,,,
205,Break Chain,"""円環 -Halo around-"" 01",2025/06/04,シーズ,"Gotta tick-tockどんな時もnever switch off止まれないからじっとすることでさえも避け続けていたわ先へ進むことだけ強く囚われた my way結果同じ道なぞっていたこと気付けないまま I can't turn back繰り返す day by day無意識に held by chain音も立てず近づく like a trapSo now I can't take a step抜け出す方法をずっとあれこれ探るよりもいっそBreak chainNo more refrainBreak chainNo pain no gain断ち切るわ代わり映えない cycle解けない鎖なんてないのここで prove the differenceSo it’s a new world常識も限界も超えていくから心配しないでいいよI’ll break the chain閉ざされたなら knock the doorそびえ立つなら kick the wall信じる自分のやり方できっとI'll pave the wayNever escape過去見た景色が refrainデジャブだって don't afraid答え合わせに意味なんてない今だけ刻んでその場で何度も足踏みして悩むよりもいっそBreak chainNo more refrainBreak chainNo pain no gain途切れないわ時が描いた circle塞がれた未来は存在しないCause I claim freedomSo it’s a new worldルールや過去でさえも思うまま rewrite it, fight it何度だって break the chain傷ついて癒えてきっと徐々にでも I'll be strong痛みだって未来のため乗り越えてくわ it's alright!断ち切るわ代わり映えない cycle解けない鎖なんてないのここで prove the differenceSo it’s a new world常識も限界も超えていくから心配しないでいいよI break the chain見えない出口 stuck on the loop焦らないでただ keep on the move (no pain)新たな道を write in the book囚われないのが it's my rule (no gain)見えない出口 stuck on the loop焦らないでただ keep on the move (break chain)新たな道を write in the book今この手で break chain",,,,,,,,,,,,,,,,,,,,,,,,,,,,,,,,,,,,,,,,,,,,,
206,迅雷鉄火,"""円環 -Halo around-"" 02",2025/07/02,放課後クライマックスガールズ/ストレイライト,"Hey gods! Deja vu 雷気 爆砕Hey gods! Deja vu 芥 礫層Hey gods! Deja vu 雷気 爆砕Hey gods! Deja vu 霹靂 烈轟Exodus! 結エバ 八傑 exodus!レッツゴー! 出口を探せ足跡にも 花咲かせ五輪咲(ごりん)駆動の100万馬力で円軌道も ドーナツパーティーだ檄 飛ばし 断ち足掻(あが)れ 独壇場見よ 三人格の是を 無頼多勢に無勢なんて誉れ(ファビュラス)囲い出す destiny ご制圧円環無限に 決断を(Go, go! キラメケ go, go! キラメケ)従順に暮らすのはお人形(Go, go! キラメケ go, go!)明日に今日がまた 待ってるなんてあーでもこーでもゆって 脱線するべき目指す場に場に 脱兎も窮鼠も let me fly(威電 爆想の 烈炎雷意)赤裸々! 届いた世界赤裸々! 応えてyes/no光 空 風 星 愛と試練は あるかい? (勿論さ!)赤裸々! 夢は有限赤裸々! だから限界へ走る (手伸ばせ)解けない 果てない 永遠はここまでExodus! 結エバ 八傑 exodus!Hey 声の切先は射程内喰らわすは 絵図引きの 天上者戦さ場 征く様 oh 羅羅羅羅羅初期化ボタンに 指寸前(ダモクレス) (oi!)靴紐は? おべんとは? (オッケー!)戸締りは? お土産は? (ナイナイナイ!)どこに巻き戻っても 笑顔だったねもう全会一致で ""戻らない""天に 五光差す 明日へ行こう(三矢一束じゃ 燃えりゃ 灰(ash))灰を咲かすのも循環(三矢 競り合うが 本意(yeah))花は枯れてこそ なんて言葉ループが続くなら 失くなる 有様(ゲシュタルト)伊達も火花も 君と 君と give me dawn(合わす 調和じゃ無い)赤裸々! 未来の終点赤裸々! 私の証明写真 歌 羽根 影 在った証は あるかい? (絶対さ!)赤裸々! 渡った世界赤裸々! 残してきた千のメロディ (奏でて)届け 先へ 全てはこれからHey gods! Deja vu 雷気 爆砕Hey gods! Deja vu 芥 礫層Hey gods! Deja vu 雷気 爆砕Hey gods! Deja vu 霹靂 烈轟 yeahExodus! 結エバ 八傑Exodus! 結エバ 八傑少し 今よりもう少し 大人になった声で君の胸の糸を 震わせたいさあ オフェンスに全振りで飽和した時空(そら)を 秒針で穿て伊達も火花も 君と 君と give me dawn赤裸々! 時 放とう赤裸々! ねえ 未来よ意志(ひかり) 歳月(そら) 機会(かぜ) 目標(ほし)愛と試練は あるかい? (勿論さ!)赤裸々! 夢は有限赤裸々! だから限界へ走る (手伸ばせ)ほつれ果てた造花もきっと 果てまで生きたんだろう (生を)届け 先へ 全てはこれから 烈炎雷意Exodus! 結エバ 八傑Exodus! 結エバ 八傑Hey gods! Deja vu 霹靂 烈轟Hey gods! Deja vuアラガウ・クラ・スト・乱",,,,,,,,,,,,,,,,,,,,,,,,,,,,,,,,,,,,,,,,,,,,,
207,進路は超銀河,"""円環 -Halo around-"" 02",2025/07/02,放課後クライマックスガールズ,Go go!改札 (go!) レール越えて カシオペアもっと先へ (キラキラリ キラキラリ)食パン 咥える 登校中 (で?)パンくずを 落としていけばループしてるか 一目瞭然で (おぉ〜?)なワケないって (あぁ)とはいえ何千光年 過去の光へ未来を感じてるあれれ この話 何度目だ?「いつかね」って返しちゃうのは君とここに居たいからででもね けどねあ〜 まるで反抗期だ (抜け出せピュン!)非科学勇気 示さなきゃ思いっきり髪を切るくらいの(なーに?) 冒険! (オッケー)それは 彼方の銀河旅行10年後に想定した宇宙制覇 逆算したら(なーに?) 行くよ! (オッケー)今日が 旅立ちの日なんだ (ゴー)頬杖 (go!) 夏を越えて サジタリウス届くから (キラキラリ キラキラリ)学校 サボる 平日のときめき (発車しまーす)がらんとした 環状線で どこへ行く?「どっか行こう 遠く行こう」「銀河!」通りすぎた駅に 昨日までの私がいた遠ざかる背中 バイバイこの夢は ゆりかごじゃ 溢れる行くぞ! 鉄道 ジェット形態!フリダシには戻らない降り出す星を線路にする先生 あのね進路 決まりました (抜け出せピュン!)力学 定理 突破しなきゃ星を噴き出すブースター セットして(なーに?) 発進! (オッケー)課外授業は銀河旅行流れ星の内部構造知らないけど こんなに揺れるなんて(なーに?) 最高! (オッケー)いいね! じゃあ いっちょ騒ごう(え〜 本日の 記念すべき門出を)(私たち自身で祝いましょう)見よう見まね 校長先生して宇宙で あげ合う 卒業証書「どっか行こう 遠く行こう」「銀河!」円の世界をピュンと超えて「どっか行こう 遠く行こう」「銀河!」円の世界をピュンと超えた景色へ非科学勇気 示さなきゃ思いっきり髪を切るくらいの(なーに?) 冒険! (オッケー)それは 彼方の銀河旅行星座 なぞり 通学する星と浮かぶ 学園を創って(なーに?) 君と! (オッケー)ちょっと 授業 抜け出したり(なーに?) ずっと! (オッケー)そんな 満天の夢 見よう (go go!)改札 (go!) レール越えて カシオペアもっと先へ (キラキラリ キラキラリ),,,,,,,,,,,,,,,,,,,,,,,,,,,,,,,,,,,,,,,,,,,,,
208,GET OVER,"""円環 -Halo around-"" 02",2025/07/02,ストレイライト,"Speak up(Gimme higher, I wanna get out of here now)(Gimme fire, never give up, no matter what)此れじゃない 此処じゃない 私が目指してきた世界は現状維持? 繰り返しなんて 色褪せてくだけ no more未来は拓かれてく 挑んでいく意志の向こうへまだまだそれぞれ 駆け抜け faraway停滞(いま)を get over, so get over この手で打ち破るの壁なんて (hey) break (hey) 乗り越えるためにあるんだ (運命が導く方へ)困難も make it through, go make it throughもっと輝ける場所へ 飛び立っていく永遠になる日まで 闇の空を(Gimme higher, I wanna get out of here now)(Gimme fire, never give up, no matter what)歴史は繰り返すものじゃなく 新たに進化を遂げてくものだきっと先人たちだって 命を燃やして 挑み続けた震えながらこの世の果てには どんな景色が待っているのそこに rival(なかま)がいると 信じて進むよ過去も get over, so get over 縛られていたくない栄光は (hey) break (hey) 塗り変えるためにあるんだ (不可能なんてない)強く make it through, go make it throughきっと激動の向こうは 見果てない眩い世界が 待ってるからあの雲を越えた先で ヒカリが交わればゆるぎない 絆になる停滞(いま)を get over, so get over この手で打ち破るの壁なんて break 乗り越えるためにあるんだ困難も make it through, go make it throughもっと輝ける場所へ 飛び立っていく永遠になる日まで見果てない眩い世界が 待ってるから(Gimme higher, I wanna get out of here now)(Gimme fire, never give up, no matter what)",,,,,,,,,,,,,,,,,,,,,,,,,,,,,,,,,,,,,,,,,,,,,
209,リフレインブレイン,"""円環 -Halo around-"" 03",2025/08/06,アルストロメリア/コメティック,"ラミー 愛してよ ラミー自滅しそう なんだったら 支離滅裂 アグライア考えるだけ ふわふわって わかりきってるのいつか花ひらくと 枯れていった 蕾の数でアウグリム 数えるの やめたいんだ頭をカラにして スクロール さあ嘘みたいな世界 酔ってダンス何度も同じ イメージ見てるオキシン不足の ねぼけたポエム待って 待って 待って 待ってよいつまで 繰り返すつもりなのジリジレジル イテレーションなんだイテレーションなんだ 思考停止女の子は欲張りが ちょうどいい誰かのいいなりじゃ イテレーションなんだイテレーションじゃ もったいない味わいつくしましょう ヒルティズムアエテルニタス ヒリヒリと チクチクと押し寄せる 焦燥感 泣いても 笑っても帰結してしまうなら いっそラララララ ラビラビ ラミーまたリスクヘッジだって 言い分聞き飽きた ご立派な リーズンがんじがらめで 動けないって正直になれないの なんで こたえて変わることは こわくないよリアリズム 立ち向かうよまだまだ たりないよ フルコース さあ嘘みたいな世界だって 実際""見たことない""で 溢れてる斜に構えないで 魔法のヴェルバだって だって だって 言ってさいつまで 繰り返しても此処からは 逃げられないの心拍数はプレスト 難攻不落なクエストとろけるような 甘いアモーレはないんだよビターシェイク 混ぜて 混ぜてひとくち残さずに 全部 召し上がれクラクラのブレイン 飽くまでリフレイン ラビノンシュガー エスプレッソ飲み干して 受け入れてみようグッと 喉まで 熱くなるよふりだしに戻る 苦みも愉しんでいこうね浅ましかった やさしいポエム待って 待って 待って 待ってよいつまで 繰り返すつもりなのジリジレジル イテレーションなんだイテレーションなんだ 思考停止女の子は欲張りが ちょうどいい誰かのいいなりじゃ イテレーションなんだイテレーションじゃ もったいない味わいつくしましょう ヒルティズムアエテルニタス ヒリヒリと チクチクと押し寄せる 焦燥感 泣いても 笑っても帰結してしまうなら いっそラララララ ラビラビ貰うより 与えたいよ いっそラララララ ララララ ララララ ラビラビラビュー",,,,,,,,,,,,,,,,,,,,,,,,,,,,,,,,,,,,,,,,,,,,,
210,ルピラ,"""円環 -Halo around-"" 03",2025/08/06,アルストロメリア,ありふれた始まり よくある展開言われなくても分かってる原状維持はまわりじゃないってハートの底がすり減ってるまだまだ 完璧じゃないから 満足しない戦える チャレンジできる「やってみようよ」そんな調子でできること したいこといっこいっこ増やそうルピラ知らない世界にドキドキしていたい同じようだけど違うものを届けたい夢の花 ひとつ咲いたら次の目標の種を蒔こうくり返される命は輝きさらに新しい進化論を説いてゆく変わり続ける 変わらないものその幸福論を提唱しましょうあれれ 私だけを見ててくれないの？やだやだやだやだ 知らないぞ なんてねクオリティアップしてみせるから熱くなりすぎには要注意 気をつけてね自分を大事にしなきゃ始まらないオリジナルカラーでハッピーとラッキーを満開にさせようルピルいつでも無邪気にワクワクしていたい不思議 それだけで可能性は無限大大人になると忘れちゃうこともう一度私と思い出しましょう昨日よりも今日が素晴らしい今日よりも明日はもっと素敵そうやって思えることが他のなによりも美しい それだけで誇らしいルピラ知らない世界にドキドキしていたい同じようだけど違うものを届けたい夢の花 ひとつ咲いたら次の目標の種を蒔こうくり返される命は輝きさらに新しい進化論を説いてゆく変わり続ける 変わらないものその幸福論を提唱しましょうルピラ ルピル ルピロトウィードゥル リルリリルピラ ルピル ルピラロ,,,,,,,,,,,,,,,,,,,,,,,,,,,,,,,,,,,,,,,,,,,,,
211,似セ者,"""円環 -Halo around-"" 03",2025/08/06,コメティック,"Yes-man(ハイハイ)すんのやめて 立ち上がったあの日躓く覚悟決めたはずが 気づけばまた安牌な日々に ご安住してご臨終?Copy & paste(コピペ)した daysを ただこなしていく安定感と諦観 飼い慣らし虚無っては砂時計を返すように 昨日擬きの今日 ループする二足歩行の抜け殻あぁ灰同然? はい どうせ?冷めたふりをして全衝動 はい 消灯眠ったように生きて(今日も) 既視感だらけ(Noも) 見て見ぬふりで(No more) ""似セ物""だらけの世界はい せーの I say ""No""紛い物のリアル本能に 順応し停滞に抗って(Break off) 永劫の回帰を(無礼講) 螺旋のように(Take off) 駆け上がってくハリボテは no thank you借り物競走始め幾星霜?誰かの正解 重ね着しては派手に着飾って顔のない正論が 跋扈してるこの世界でどれ着ましょっか?誰もに好かれようとするたび 自分嫌いになって自己嫌悪→K.O. ゆえにまた体裁繕って→自己 end負のスパイラルに落ちてく量産型の 着せ替えドールちゃんさぁ付和雷同 そう ride on本音押し殺して""I"" 献上 即 便乗0人称だらけ(今日も) 顔色伺い(Noも) 誤魔化し生きる(No more) ""似セ者""だらけの世界はい せーの I say ""no""生命(いのち)震わせてテンパって はい ××打ちのめされながら(Break off) heartの BPM(無礼講) バグらせ続け(Take off) 踊らされずに踊るだけそう I am who I amキレイゴト御中 「誰か救えましたか?」""そんな甘くないの"" ""皆我慢してるの""キライゴト want you 正体現しなよ""イイな""以外には ""否""を突き付け生きてこう全能感? 劣等感?指先ひとつで炎上も enjoyし正義語れる時代灰同然? はい どうせ?冷めたふりをして全衝動 はい 消灯眠ったように生きて(今日も) 既視感だらけ(Noも) 見て見ぬふりで(No more) ""似セ物""だらけの世界付和雷同 そう ride on本音押し殺して""I"" 献上 即 便乗0人称だらけ(Yes) 顔色伺い(Noも) 誤魔化し生きる(No more) どこもかしこも""似セ者""だらけ and you?永劫もエゴも (全部)丸ごと抱いて (イ・アー)さぁ駆け上がれ贋は no thank you",,,,,,,,,,,,,,,,,,,,,,,,,,,,,,,,,,,,,,,,,,,,,
212,愛しき日々,Song for Prism 愛しき日々 / Fading Stars / Future Transit / KoiKyun！,2025/09/03,ノクチル,"明日なんて知らない 不確かな未来とか ずっと先の自分とか何かになりたいんじゃないんだ 僕らはたったひとつ何かがほしいだけなんだ言葉に出来なくて でもちゃんと伝えたくて君と見上げた空は どこまでも青く眩しくて 気が付けば 届けって 叫んでいた時にはぶつかって 寄り添って 今を共に刻もう 心にOh yeah, ah, oh yeah背伸びなんていらない 特別じゃなきゃだとか ないものねだりのエブリデイ誰かになりたいんじゃないんだ 誰かに 本当は見つけてほしいだけなんだ素直になれなくて 傷つけ傷つけられてひとり見上げた空は どこまでも遠く眩しくて 気が付けば 届けって 手を伸ばした何度も間違って 抗って ひとつじゃない正解を この手に声が枯れたっていい 後悔したっていい 青い季節の真ん中で 僕ら泣き笑って 胸を打つ 初めて知る 痛みもあの日の悔しさも 傷だって 全部 全部がきっと ずっとかけがえのない 忘れられない 愛しき日々だ何度もぶつかって 寄り添って 今を共に刻もう 未来へOh yeah, ah, oh yeah",,,,,,,,,,,,,,,,,,,,,,,,,,,,,,,,,,,,,,,,,,,,,
213,Future Transit,Song for Prism 愛しき日々 / Fading Stars / Future Transit / KoiKyun！,2025/09/03,シーズ,もうなんでこの瞬間はそういつだって長く続かないどうだっていいことのほうが時間は永遠のように感じるのはなぜ流れ星みたいね消えたりはしないで輝き続けてくれればいいなんて(I know) こんな願いは(I know) 無意味だって(I know) 分かっているけどThat star is fading夢のように fading記憶から fading悪い冗談みたいThat star is fading最後くらい baby見せて鮮明になんて本望じゃない嘘でいいから (alright)せめてこのまま (that's fine)終わりが来ることだってわかっているけどまだ少し夢見させてこの切なさすべて消え去るまでI wish upon that fading star一瞬でもそう喜びに気付くと失くすことが怖いの「だったらわたし幸せなんて欲しくない」強がっても I wantThat star is fading暗闇に fading溶けながら fading戻らなくてもThat star is fading輝きは babyずっと鮮明に忘れないから涙はいらない (alright)ここからは I smile (that's fine)終わりはすぐそこまでやって来るけど色褪せることはない memories消えない流れ星夜空見上げI wish upon that fading star途切れた会話みたいね答えはもう聞けないから曖昧な心はずっと彷徨ったまま夢の中 夢と分かる感覚を抱えながらずっと瞳閉じているの(I want) そう続きを(I need) 見れること(I wish) 期待するからThat star is fading夢のように fading霞むように fading見えていなくてもBut it's still shiningその場所で shining変わらずに shining忘れないから暗闇も right now (alright)恐れはしないわ (that's right)再び巡り会えるその時まで一目で見つけられるようになるわ一番星だからここでI just promise that fading star,,,,,,,,,,,,,,,,,,,,,,,,,,,,,,,,,,,,,,,,,,,,,
214,Fading Stars,Song for Prism 愛しき日々 / Fading Stars / Future Transit / KoiKyun！,2025/09/03,イルミネーションスターズ,「キラキラするためには」今日のテーマですご意見ある方からお聞かせくださいハイ! アイシャドウを使うのはどうでしょうかなるほどでは試しましょう!楽ちんなパジャマでヘンテコなメイクして頑張るほど迷宮入りでも心は恋よりも濃いキュルンそばにいるとキュン キュルン切ないくらい私の居場所だなって 感じてるよ濃いキュン キュルン空気が鳴るキュン キュルンあの頃の私に教えてあげたい こんなkoikyun!One and only イルミネ!（One and only イルミネ!）One and only イルミネ!（One and only イルミネ!）大体会いたい毎日 yes!毎回ワイワイしちゃうのです恋だけのものじゃないよキュルン キュルン もうキュンキュンキュン!チョコは我慢しようかさっきプリン食べたしだけど3人で1つならアリなのでは?真面目さにキュン キュルン優しさにもキュン キュルンねぇあなたの知らないあなたにだって 会いたいんだよ濃いキュン キュルン心弾くキュン キュルン守りたい 私のすべてを賭けて この先も大きなあくびみんな うつって同じ夢を見られそうな予感恋よりも濃いキュルンそばにいるとキュン キュルン切ないくらい私の居場所だなって 感じてるよ濃いキュン キュルン空気が鳴るキュン キュルンあの頃の私に教えてあげたい こんなkoikyun!,,,,,,,,,,,,,,,,,,,,,,,,,,,,,,,,,,,,,,,,,,,,,
215,KoiKyun！,Song for Prism 愛しき日々 / Fading Stars / Future Transit / KoiKyun！,2025/09/03,ストレイライト,視線を奪った 煌びやかな vision も移り変わって 過去の fashion過剰な情報 世界を飛び交っていく巻き込まれ絆され 翻弄されてく人々でも止まらない 抗うこの意志(こころ)信じた未来が 呼んでるSo high 目眩く時代を 飛び越えてくHigh 天高く拳を突き上げるの流される安堵よりも 逆らえる感度を胸に宿していたいFuture transit 夢の途中Ah 進化に病めることは大禍だ (no)目覚ましく目紛しい bounce bounce back (yeah)Oh 立ち上がれよ go 立ち向かえ驕れる者は久しからず feel my heart beatNo limit なアラクレモノたち 解放牙を剥くのさAll right 有耶無耶な気配は 蹴散らすのさRight 魂(ヒカリ)が指す方へ進んで行け群衆を掻き分けて 磁界を彷徨っていつかは辿り着くよFuture transit 夢の先へ(通り過ぎ行く) 流行りの趨勢と(刻まれていく) identitySo high 目眩く時代を 飛び越えてくHigh 天高く拳を突き上げるの流される安堵よりも 逆らえる感度を胸に宿していたい 朽ちるまで群衆を掻き分けて 磁界を彷徨っていつかは辿り着くよFuture transit 夢の先へFuture transit それが legacy,,,,,,,,,,,,,,,,,,,,,,,,,,,,,,,,,,,,,,,,,,,,,
216,Sparkle,"""円環 -Halo around-"" 04",2025/09/10,イルミネーションスターズ/ノクチル,夜の風に 儚く揺れる 光を閉じ込めてもう少し あと少しだけ 消えないでと願った 小さな光Lalala砂に書いた 言葉みたいに 日々は流れていく 波が連れ去っていく蝉時雨 気が付けばもう 聞こえなくなっていた季節が過ぎ去っても 出逢った奇跡 永遠[とわ]に響き渡るように願いをかけて灯した光 星が零した 雫みたい瞳に映る 爆ぜた火花ずっと忘れない きっと忘れないLalala空に画いた 星座みたいに 日々は同じ時を刻んだ線手を繋ぎ 一つまた一つ 大切に結んだ思い出に変わってく この瞬間が いつまでも輝くように願いをかけて見上げた光 名前を付けよう わたしだけのこの先 どんな場所にいたって 色褪せない道標暗い夜空に瞬く あの光は 長い旅を続けて来たのかな?いつかこの日々も 巡る季節を越えて 誰かに届くのかな?ずっとここにいたいけど 心がそっと背中押すの繰り返す日々 今 抜け出して 違う明日へ儚く揺れる線香花火 星が零した 雫みたい瞳に映る 爆ぜた火花ずっと消えない きっと消えないLalala,,,,,,,,,,,,,,,,,,,,,,,,,,,,,,,,,,,,,,,,,,,,,
217,REWRITING,"""円環 -Halo around-"" 04",2025/09/10,イルミネーションスターズ,"I'll believe in myself the way I believe in youRewriting who I am, my own brand new style!まるで雨に当たれば濡れるようにあなたが好きで いつでも揺るぎない気持ち アイデンティティ私の自慢だったでも仲間外れにしていたかな誰より近くて誰よりも会えない自分疑っていた?あなたを信じるみたいにただ自分を信じて 受け入れて 味方でいてあげられたら私達が集める光は引き寄せ合って 支え合う未来はしなやかな 環(まる) 廻る 舞うあの時あぁ言えば良かったとか眠れぬ夜を あなたがもしも過ごしているのなら全力で励ますのに何故 自分は責めてしまうのかな痛みも怖さも失敗もそうだよ成長してる証!あなたが信じているすべてを私も信じよう 受け入れよう 弱ささえ許してみよう自分の手で集めた光は呼び合うように 辿り着く 未来のオーリオール強くなるよ いつかもしあなたの 心躓いて立ち上がれない時に私の心貸せるくらいに 強くなるよあなたの為ではなくて私が守りたい人を守れるようにこれだって夢って呼べるよねあなたを信じるみたいにただ自分を信じて 受け入れる 私になってみせるよあなたが信じているすべてを私も信じよう 受け入れよう 弱ささえ許してみよう私達が集める光は引き寄せ合って 支え合う未来は変えてゆける未来はしなやかな 環(まる) 廻る 舞うLalalalalaLalalalalaLalalalalaLalalalala未来は 未来は 未来はきっともっと輝いてるもっと輝いてる relight who I am!",,,,,,,,,,,,,,,,,,,,,,,,,,,,,,,,,,,,,,,,,,,,,
218,Swing it!,"""円環 -Halo around-"" 04",2025/09/10,ノクチル,いつも同じ道じゃつまらないたまには寄り道してみない？案外何か見つかるかも少し期待してるもしも途中で迷ったって遠回りしてばかりだって きっと大丈夫一人じゃない どんな道でもみんなでほら歩を合わせ進もう 風が呼ぶ方へ ここじゃないどこかへ地図は持ってないけど なんとかなるよ僕らなら探そう 行きたい未来を 廻る世界飛び出してそこにしかない景色 胸に抱いて眺めてるだけじゃ物足りないとにかく冒険してみない？くるくる回るコンパス手に心弾んでいる予報外れの雨だって傘が一つしかなくたって きっと大丈夫果てのない そんな路でも向かい風に帆を張って進もう 音が鳴る方へ 青の向こう側へここにしかない景色 胸に刻んでいつか (いつか) この旅を振り返る日僕らは遥か遠い空の下同じ空を見上げてる進もう 風が呼ぶ方へ ここじゃないどこかへ地図は持ってないけど なんとかなるよ僕らなら探そう 行きたい未来を 廻る世界飛び出してかけがえのない瞬間を きみと描いて,,,,,,,,,,,,,,,,,,,,,,,,,,,,,,,,,,,,,,,,,,,,,
219,Borderline,Song for Prism BorderLine / クローバー / Summer Night Paradise,2025/12/24,シャイニーカラーズ,"夜と朝の境界線のように 世界は曖昧で誰かが引いた ""正しさ""という border気づかずに 囚われていく青か藍かなんて 十人十色で不完全正解なんて大抵が 仮初の幻想常識(ルール)って dress code 脱いで さぁ衝動を unlock想像の先で 何が見たい?まだ見たこともない gradation いくつ纏えるだろうどんな定義も縁取れない未来に いくつ出会えるだろう変わってく風景 前進してるって そう信じてくだけ今は(微かな twilight ぼんやり浮かんだ)淡い自画像に そっと手を伸ばしてく揺らせ borderline光はそう ぶつかってくことで色を身に纏う殻を破り踏み出すことで 初めて気づける my colors全員が異分子 二つとは無い遺伝子一本の自分史 描いてく旅路で人は出会い 別れて また混ざって名前も知らない色になるまだ見たこともない nonfiction いくつ描けるだろうどんなページも切り取れない story いくつ歩めるだろう迷いながら 渾然一体を 一進一退で進むだけ(照らしてくmy light 重ねてく highlight)琴線に触れた その手が導くほうへ揺らせ borderline何度も見た景色だ 昨日と似た今日だもう抜け出そう ここから踏み出す時さぁ新たな風に そうこの身委ねるだけここからは新たな地平 ハロー new world過去振り切って前へ 向かい風を受け止め空高く 地続きの場所から飛び立って my way 全て霞む場所まで地平線も 幻覚と知るだろう限界 正・不正解 愛・憎 全部そうさ自分次第 自在な answer ただ no border黎明の光 誘う世界へ羽ばたくんだ 今 break the borderline",,,,,,,,,,,,,,,,,,,,,,,,,,,,,,,,,,,,,,,,,,,,,
220,クローバー,Song for Prism BorderLine / クローバー / Summer Night Paradise,2025/12/24,杜野凛世/大崎甘奈/市川雛菜/七草にちか,"｢年をとったね｣って笑いながら懐かしい写真を眺める｢そうだよなあ｣なんて言われると少しだけ寂しくなるいつも心に住んでるような特別なひとが私にもできた四葉のクローバー探したのは他の誰でもない あなた方がずっと幸せでいられますようにと小さいなりに願ったからなのです言わなくたって伝わってることを言っていいですか貼りすぎたシールの引き出しにはもう何も入ってないけどしまいきれない程思い出がキラキラと輝いてる何も変わらない気がするのに何かが変わってしまう気もしてる ahAh (ooh, ah)愛されていた こんなにひとりで生きてる気がしてたその立場になって解る親不孝娘はこの家から旅立ちます白いツメクサの花冠編んでくれた手にいつも守られてた四葉のクローバー探したのは他の誰でもないあなた方がずっと幸せでいられますようにと小さいなりに願ったからなのです言わなくたって伝わってることを言っていいですか泣いたりしないって決めてたんだけど泣いていいですか",,,,,,,,,,,,,,,,,,,,,,,,,,,,,,,,,,,,,,,,,,,,,
221,Summer Night Paradise,Song for Prism BorderLine / クローバー / Summer Night Paradise,2025/12/24,"櫻木真乃/田中摩美々/有栖川夏葉/桑山千雪
/和泉愛依/樋口円香/緋田美琴/鈴木羽那","Oh, yeahLet's set it off! Summer night paradise見上げた夏空指で繋いだ star, that's perfect誰より今日をずっと本当は待ち侘びていた なんて I can't sayプールサイドの 余熱ならきっと始まるパーティのための countdown笑い声 水しぶきの中Alright, it's time to startLet me dive, want you smileこれ以上もう待てないよLight up! Summer night!ちょっと大胆に星座の下で 踊り出したい you and IYes! It's paradise今夜だけはずっとそのまま eyes on me(Summer night, oh)言葉も無くしちゃうほど(Paradise, oh)本当はもうすでに虜よShining super bright夢のような過ごす時間は覚めない summer night paradiseLet me take off いつものその ポーカーフェイスをどんな表情?想像したら溢れそうな 笑顔少し大人びた feelingいつもと違う私はHow is that?別に背伸びなんて してないのになぜか緊張しちゃうのは どうしてドキドキがほら バレないようにI just act so cool now深呼吸して始めようLight up! Summer night!鮮やかに映る水面魅惑的な showtimeYes! It's paradise準備はいいの駆け上がるステージFeel the beat!(Summer night, oh)この鼓動高鳴り出すの(Paradise, oh)そんなこと当たり前でしょShining super bright眠らないわ熱帯夜のような冷めない summer night paradiseSummer, summer, summer, summer nightPa pa pa ra, paradise, ohSummer, summer, summer, summer nightSummer night and paradise気になる distanceだけど I won't look back徐々に近づけるかな heart to heart視線が重なればAlright, it's time to startLet me dive, want you smileどんな夏になるのカラダ火照ってきたみたいLight up! Summer night!ちょっと大胆に星座の下で 踊り出したい you and IYes! It's paradise今夜だけはずっとそのまま eyes on me(Summer night, oh)言葉も無くしちゃうほど(Paradise, oh)本当はもうすでに虜よDance! Under the moonlightこの夏が永遠に続くように(Take my hand, oh) light up! Fly so high!どんな場所にだってずっと一緒にいられるのならShining super bright夢のような過ごす時間は覚めない summer night paradise",,,,,,,,,,,,,,,,,,,,,,,,,,,,,,,,,,,,,,,,,,,,,
222,カウントダウンラブ,Song for Prism カウントダウンラブ / KAWAII♡めたもる交響曲,2026/01/07,I’m a Cutie Finder,"んん なんだろなぁ～もうほんとにこの私がいるってのに誰よりも君の事想ってる人がこんなにも近くにいるんだけどなぁよーし こうとなったら!そろりそろりと参ります!シュビデュビ are you ready go!Yeah, hi, hiねぇこの後予定とかあるの?帰り道も一緒だしどお?そいえば今日髪の分け目変えたんだよ気づいてる?んん ある手ない手どの手使ってもあんまり実感ないな (I am a venusだ I am a venusだ)どうなんだろこれそうだな脈ないのかな? だなんて (I am a venusだ You のそう女神)なんなら鈍感なのは私の方なんじゃないのかな? (I am a venusだ I am a venusだ)えーい! 知らーん! (ハイ!ハイ! I am a venusだよ)周りに目移りしないでよ私だって(I want you)なんだか少しでも一緒にいたいんだけど(I need you)ねぇねぇそろそろ気づいちゃってるんじゃない?ってさぁキュンとしてね?「もぉ こっち向いて?」ちょっちょっちょこっと照れたピースだんだん噛み合っていくペースバンバン撃ち抜かれるエールをドキドキハートが伝播してるもういっその事キミと永遠にエンドレスラブ＆キッス感情ドバって乱す合図どぎまぎスタートほら目を合わせてよ指先なぞって教えてあげる恋と気づくまでのカウントダウンラブ (bang!)目と目あわせクラクラりんいつでも準備は出来てる触れ合えばもうクラクラりん私だけ見ててね? 絶対!Yeah, hi, hi朝のご挨拶から決まるモチベーション(視覚 聴覚 言語の3つで人の印象は決定します)余すことなくチェック今日も可愛いでしょ?(Hey hey! Hurry up!ショータイムさぁキミだけのワンタイム!)一進一退一期一会に感謝と成長感じるエナジー! (I am a venusだ I am a venusだ)神よ いやはや私が可愛いから試練とご褒美を!? (I am a venusだ You のそう女神)ただ一向あんまり実感ないなぁどうなんだろこれけど (I am a venusだ I am a venusだ I am a venusだ)実際問題振り向いてくれたら (ハイ!ハイ!)一切さほど問題なし!「フフ まったく不器用なんだから少しは素直になって」だぁー! これじゃない気がするぅ!(I want you)特等席最前から観ててほしいな?(I need you)ねぇねぇぼちぼち分かっちゃってるんじゃない?ってさぁキュンとしてね?「もう こっち来てよ!」ちょっちょっちょこっとキミにピースガンガン駆け引きでのレースだんだん気付けば距離近づいてドキドキハートが伝播してるもういっその事私永遠にハピネスラブ＆キッス愛をドバって示す合図あたふたスタートほらまた寝れないよ指折り数えて教えてあげる恋に気づくまでのカウントダウンラブんん そうだなぁ灯台下暗しって言葉が合うのかなぁ?漫画の無神経主人公かぁ!って思いますよね?もう我慢ならない!分かりやすく参りますシュビデュビ are you ready go!Yeah, hi, hiWhoa, whoa, whoa, whoaHi, hi, oohちょっと強がりで照れくさくてでも止まれないのいつかを待ち続けたいよ私を見ててね「すき」エンドレスラブ＆キッス感情ドバって乱す合図One, two, ready? スタートほら目を合わせてよ指先なぞって教えてあげる恋と気づくまでをカウントダウンラブ (bang!)目と目あわせクラクラりんいつでも準備は出来てる触れ合えばもうクラクラりん今すぐ抱きしめて私だけ見ててね? 絶対!Yeah, hi, hi",,,,,,,,,,,,,,,,,,,,,,,,,,,,,,,,,,,,,,,,,,,,,
223,KAWAII♡めたもる交響曲,Song for Prism カウントダウンラブ / KAWAII♡めたもる交響曲,2026/01/07,I’m a Cutie Finder,Q1. KAWAIIとは?A. 七色のシンパシーQ2. と 言いますと?A. 予測不能トポロジーQ3. 具体的に?A. 不可侵なヒストリーQ4. ちゃんと教えて!A. しょーがない!I'm a Cutie Finder(よっしゃ いくぞー!)し し し 森羅万象 KAWAII中毒 (ふっ ふー!)きゅ きゅ きゅ 吸引しちゃうぞ きゅいんきゅいん (はい! はい!)ぜ ぜ ぜ 前代未聞 めたもるふぉーぜ (ふっ ふー!)だ だ だ 大発見のオンパレード (はい! はい! はい! はい!)な な な なんてったって とにかくもっと (ふっ ふー!)キミを ふにゃふにゃ ニヤニヤさせたいなKAWAIIパワーでわたし変幻自在 (いぇーい!)にっちもさっちも片想い かわいいね (いいね!)涙塗れ ぐしゃぐしゃなサバイバー (いいね!)アピれ とことん まずはスキンケア遠回りでも もーまんたい! (もーまんたい!)うんともすんとも空振り かわいいね (いいね!)なんでもいいから交わしたいキミとエンゲージ (いいね!)七転八倒で FIGHT!猪突猛進な GIRL!いい子いい子まだ?おねがい! (おねがい!)みーつけたっ! みーつけたっ! みーつけたっ!(はい! はい! はい!)みーつけたっ! みーつけたっ! みーつけたっ!(はい! はい! はい!)みーつけたっ!(はい! はい! はい!)みーつけたっ!(はい! はい! はい!)みーつけたっ! みーつけたっ!(はい! はい! へんしん!)キモチは重なるファイナリーいま ぎゅ ぎゅっと信じてるこういう健気さがかわいい (はい! はい! はい! はい!)夢見がちなとこまで かわいすぎ! (いぇー!)ほら キミとわたしならバイナリーだねぱっ ぱっと繋がってくキミに気付かせたいかわいさみるみるうちにキャパ超えあいらびゅーやばい! また既読すらつかない 信じたくない やい やい脈ナシ濃厚 伝え切る前に諦めちゃいそうわあ!? 急に止まった!なにこれ? なんなの? どうなっちゃうのぉ～!?私なんかじゃ届くはずないと閉じ込めた想い手を伸ばしても隙間をすり抜けるだけで君が最後にくれたあの言葉「も～! ダメダメダメ!!なんかちがーう!この世界観 わたしっぽくなぁーい!」がむしゃらで ドタバタで 一方通行 なにが悪いんです? (いぇーい!)し し し 森羅万象 KAWAII中毒 (ふっ ふー!)きゅ きゅ きゅ 吸引しちゃうぞ きゅいんきゅいん (はい! はい!)ぜ ぜ ぜ 前代未聞 めたもるふぉーぜ (ふっ ふー!)だ だ だ 大発見のオンパレード (はい! はい! はい! はい!)な な な なんてったって とにかくもっと (ふっ ふー!)キミを ふにゃふにゃ ニヤニヤさせたいなKAWAIIパワーでわたし変幻自在てんてこまいまいてんてこまいまいビーム全キミ洗脳かいしー!Q5. KAWAIIとは?A. 無限大のエモーションQ6. えっと つまりは?A. キミにかわいいって言わせたいんですやっぱっぱ 張り切ってくぞ!やっぱっぱ I'm a Cutie Finder(さいこー! いぇーい!),,,,,,,,,,,,,,,,,,,,,,,,,,,,,,,,,,,,,,,,,,,,,
224,乱舞る,乱舞る / 疾風ザブングル,2026/01/14,放課後クライマックスガールズ,"Fighting days!Fight! Fighting days!Fighting days!Fight! Fighting days!Fighting days!Fight! Fighting days!Fighting days!Fight! Fighting days!時計の針が踊り出した乗り遅れるな頭からつま先までメイクアップでドレスコード神がかれ 道よ開け今 show will start待ってるだけじゃ変われないのこのエンジンを turn on!!これが私の stageエビバディ乱舞して壊れるまで踊れなきゃ切り捨て御免成れの果て bad end永遠の刹那よ燃えろ研ぎ澄まして (さあ)あなたの sword (now)勝敗は (一瞬の) showdownで (決着ね)Fight the game!!Fight, fight the game!!Fighting days!Fight! Fighting days!Fighting days!Fight! Fighting days!Fighting days!Fight! Fighting days!Fighting days!Fight! Fighting days!異次元 倍々ゲームお茶の子さいさいね打ち上げ花火のように bang! Bang!壊れたって仕方ないこんな時代をサヴァイヴ誰かの真似 何かのフリしてる暇はない今日のカードはオールスターで flashさらば昨日までのネガティブ!これが私の stageエビバディ乱舞して壊れるまで踊れなきゃ切り捨て御免成れの果て bad end永遠の刹那よ燃えろ研ぎ澄まして (さあ)あなたの sword (now)勝敗は (一瞬の) showdown で (決着ね)Fight the game!!Fight, fight the game!!バトルはフルスロットルで上昇フュエルはあの頃の衝動360度 全方位ロックオンオーレディ レディー 戦う day by day朽ち果ててもいいのすべて出し切れたのなら走って 走って さあ信じてきたこの道をこの人生を playすべて具現化して自由自在に遊べなきゃ勿体無いね 今こそ free your pain自分らしく輝ける私の stageエビバディ乱舞して壊れるまで踊れたら一発昇天すなわち happy end永遠なんていらないわ焚き付けて (さあ)あなたの soul (now)勝敗は (一瞬の) show time で (決着ね)Fight the game!!Fight, fight the game!!Fight the game!!Fight, fight the game!!Fighting days!Fight! Fighting days!Fighting days!Fight! Fighting days!Fighting days!Fight! Fighting days!Fighting days!Fight! Fighting days!",,,,,,,,,,,,,,,,,,,,,,,,,,,,,,,,,,,,,,,,,,,,,
225,QUEEN OF THE PIRATES,Song for Prism QUEEN OF THE PIRATES / キラピコ.exe / Sleepless Nights / アイノウ,2026/01/28,アンティーカ,"今 帆を張って向かうは果てのない紺碧Yo-ho-ho! Sailing today, without fear!錨を上げ 満ち引く波の先を目指せYo-ho-ho! Sailing today, no fear!古地図にもその場所は無い誰もが焦がれてる El Dorado探し当てるその夢の為旅立て! 海へ (go now!)Yo-ho! 世界が恐れる五芒星Adventure of seven seas (hey!)Yo-ho! 舵取れ 眠れる光へAdventure of seven seas (hey!)Oh-oh-oh-oh-oh, queen of the piratesOh-oh-oh-oh-oh 進めOh-oh-oh-oh-oh, queen of the piratesWe are the rulers of the sea, ya!一つ目の海には 魔物待ってて風の精に頼り 命からがら二つ目の海では 真珠が採れた肉に換えて 船上パーティー何千マイル いくつ目の海潮騒 絶え間ない 旅の唄この思いが アストロラーベ涯へと挑め! (go now!)Yo-ho! 危うい場面を躱してFront of you are the seven seas (hey!)Yo-ho! この世を掴み取るスリル翻る旗は pentagramさあ 行け 蒼海のフロンティアさあ 行け 蒼海のフロンティアさあ 行け 蒼海のフロンティアもっと もっと!So, dive in to boundless worldGo to seaどうせ一度なら自分で選びたいGo to seaいっそ胸張ってこの海を統べろ (go now!)Yo-ho! 世界が恐れる五芒星Adventure of seven seas (hey!)Yo-ho! 舵取れ 謎めく未来へAdventure of seven seas (hey!)Oh-oh-oh-oh-oh, queen of the piratesOh-oh-oh-oh-oh 進めOh-oh-oh-oh-oh, queen of the piratesWe are the rulers of the sea, ya!",,,,,,,,,,,,,,,,,,,,,,,,,,,,,,,,,,,,,,,,,,,,,
226,キラピコ.exe,Song for Prism QUEEN OF THE PIRATES / キラピコ.exe / Sleepless Nights / アイノウ,2026/01/28,放課後クライマックスガールズ,レトロビットシティ 叩き起こすような 緊急サイレンエラーを確認 掃除人は今日も フル稼働「好きなものは好き」 言えない気持ちは 積もると厄介積もらないように カケラ吸いとるお仕事ハピネス. executionハピネス. restoration涙も綺羅星も同じ 光る1ドット全キラキラ 呼び醒ます吸い込む溜め息はピクセルの 花吹雪に変えてカナシミはバグじゃないフルカラーのひとつ最強の 色彩へ キミと彩る最強の 使命-プログラム-氷フィールドへ カケラを追いかけアイススケートマグマエリアは とびとびのブロックをけんけんぱ宇宙ステージで 邪魔するインベーダー 撃退シューターみんなの笑顔 あふれさすための 朝飯前-ドレミファ-何だって抱えれば足元 注意 注意 おっとっとっとドッと転んじゃっても割れたハートは 翼にも見える…でしょ？ハイスコアの鐘が鳴りドット花火が舞い世界を リトライしたい世界へ全スキルを解き放つ開発中の未来最強の 偶像へ？ キミと見つける変わらない日々-ボーナスステージ-（ピコビット キラキラビット）（ピコビット キラバイト）（ピコビット キラキラビット）（ピコビット キラバイト）全キラキラ 呼び醒ます吸い込む溜め息はピクセルの 花吹雪に変えてカナシミはバグじゃないフルカラーのひとつ最強の 色彩へ キミと彩る最強の 使命-プログラム-キラピコ ドット サイキョウ ノ プログラム,,,,,,,,,,,,,,,,,,,,,,,,,,,,,,,,,,,,,,,,,,,,,
227,Sleepless Nights,Song for Prism QUEEN OF THE PIRATES / キラピコ.exe / Sleepless Nights / アイノウ,2026/01/28,アルストロメリア,Everyday高いヒールどこへでもいける見た目だけならgood-bye上質なら考えるけど甘いだけじゃ何か足りない綺麗だけじゃ満足しないいい子すぎちゃ次にいけない今夜すこし冒険させてSleepless nights愛をもっとちょうだい指先に少し触れてよ透明なグラスのなかから踊るバブルが浮かんで消える前に(Uh-uh) 優しくして (hold me tight)(Don't quit) ほしいだけよ (say my name)曖昧にするならご自由にとことん駆け引きしてあげる偉いだけじゃ価値はみえない言葉だけじゃ感動しないあなただけが候補じゃない夜明け前に答えを出してBlinding lightsキスをそっとちょうだい唇を淡く染めてよ蛍光のネオンだけがまだ交わる影の行方を探してるわありきたりな恋の終わり波のようにただ漂いジャージードレスで踊り続けるのSleepless nights愛をもっとちょうだい指先に少し触れてよ透明なグラスのなかから踊るバブルが浮かんで消える前に,,,,,,,,,,,,,,,,,,,,,,,,,,,,,,,,,,,,,,,,,,,,,
228,アイノウ,Song for Prism QUEEN OF THE PIRATES / キラピコ.exe / Sleepless Nights / アイノウ,2026/01/28,アンティーカ,ダイスキ 押しちゃうわ 推しちゃうわチクチクと刺す 言葉 きっと 気づかないもうジョークだよ 待ってました本気トーク 永遠の自分語りが 終わらないのそっと アイノウ たぶん 愛情足りてないんだろうねええ 嘘つきな 口角上げてねえ 布教してよ 厚かましい無課金 無修正のエピソードお買い上げ ハンドメイド誰彼 言って 横着したいもんねダイスキ 押しちゃうわ 推しちゃうわ頑張り屋さん 可愛い屋さんだもんねいいね ニヤケちゃうんだ 妬けちゃうなチクチクと刺す 言葉 きっと 気づかない呆気なく バレると理解って常識を外れるの なんで？聞きたいな 聞きたいな教えてくれてもいいじゃん圧倒的な 神スタイル情報戦 掴む スマイル聞きたいな 聞きたいなどうすれば キミみたいに 苦しみ 耐えられるダイスキ 押しちゃうわ 推しちゃうわ頑張りなさい 可愛いだけだなんて外野は黙らせて 侍らせてキミの話 肯定する人だけをはい 浮上 称賛しましょうはい 苦悩 共感しましょうはい 浮上 称賛しましょうはい 主張 同感しましょういっそ ワタシだけをダイスキ 押しちゃいな 推しちゃいな頑張り屋さん 可愛い屋さんだもんねいいね ニヤケちゃうわ 妬けちゃいなチクチクと刺す 言葉 きっと 気づかない,,,,,,,,,,,,,,,,,,,,,,,,,,,,,,,,,,,,,,,,,,,,,
229,Karma,Song for Prism Karma / Naraku,2026/02/04,Fumage,ただ宿命(さが)螺旋状に伸びた影子守唄のような不協和音メビウスの輪-120°の熱にうなされたのは 一体 誰思考は不自由なソラ祈り 叫び 閉ざされた逆さま イカサマ ピエロ幾億千年に一人の確率よってらっしゃい 見てらっしゃい 損よ赤い罪の果実は食べ頃シロクロ 善悪 混ぜろワレはいずこ 愛しい細胞の欠片因果応報 自業自得嗚呼 まさに無様 カルマ惑う蛾罠にかかった亡霊太陽を飲み込む水平線白昼夢曲がり角の先は壁名前を無くしたのは何度目昨日は行方知れずどんな意味を託された汚(けが)れた がらくた 林檎鏡の前横切る絶望の化身一切合切 壊れてしまえ愚かなる堕天使の戯言何故何故 パパママ 嫌よ道は半ば 希望は雀の涙遊びませ 輪廻転生それゆえにマグマ 業(ごう)脈打つ秒針凍てつく指先合わない焦点が空(くう)を舞う檻の中 羽ばたく蝶回る走馬灯 メリーゴーランドカタルシス解放病みに抗う逆さま イカサマ ピエロ幾億千年に一人の確率よってらっしゃい 見てらっしゃい 損よ赤い罪の果実 食べ頃シロクロ 善悪 混ぜろワレはいずこ 愛しい細胞の欠片因果応報 自業自得嗚呼 まさに無様 カルマ カルマ カルマ,,,,,,,,,,,,,,,,,,,,,,,,,,,,,,,,,,,,,,,,,,,,,
230,Naraku,Song for Prism Karma / Naraku,2026/02/04,Fumage,不機嫌に微笑う救世主(メシア)ドレスのような鎧闇が光 表は裏午前24時の覚醒憂き雲 穴だらけの部屋手招きする黒い霧吸って吐いて 何処が底静寂は斑(まだら)模様沈む天国 ラビリンス ただ抜け殻飛び立つ魚 虚無 泳ぐ蛾酔えば都 さあ 奈落の世界へ葬り去られた神話眩暈誘う メロディ碧い毒 錆び付く牙夢と悲劇の共生鱗は剥がれ溶けたすすり泣く 渦の中鈍色 引きずり込まれる逆再生の蟻地獄召しませ 狂気のフルコース五里霧中 もはや道連れ吸って吐いて 何処が底静寂は斑(まだら)模様沈む天国 ラビリンス ただ抜け殻飛び立つ魚 虚無 泳ぐ蛾酔えば都 さあ 奈落の世界へ,,,,,,,,,,,,,,,,,,,,,,,,,,,,,,,,,,,,,,,,,,,,,
231,感謝のコントレイル,シャニマス大感謝祭！ 〜283スポーツフェスティバル〜,2026/02/14,シャイニーカラーズ,"Ooh～Stella!  空まで届け illuminate ほわっとスマイルでみんなを癒す 今 羽ばたく shiny star 櫻木真乃 真乃!(真乃!)真乃!(真乃!) 「照らしてみせます むんっ」  長崎が生んだばりすごかアイドル めげないは～とは宇宙一! うちらの 無敵 rabbit 月岡恋鐘 恋鐘!(恋鐘!)恋鐘!(恋鐘!) 「ば～りばりばい～!」  こう見えて小学生?! しっかりしてます最年少 センターでリーダー 団結力ハナマル◎ さながらヒーロー number one! 小宮果穂 果穂!(果穂!)果穂!(果穂!) 「最後までクライマックスですっ!」  武士もびっくりの真摯な心理 マンデー～サンデー愛嬌たっぷり あなたの隣のチョコレート おひとつどうぞ! 園田智代子 智代子!(智代子!)智代子!(智代子!) 「不肖・園田智代子!みんなを笑顔にすると約束します!」  Sweet なメイクにファッション スタンバイオッケー まな様は今日もめっちゃかわいー ティーンのカリスマ 大崎甘奈 甘奈!(甘奈!)甘奈!(甘奈!) 「甘奈と一緒に楽しもー」  高まる興味に一直線 anti-gravity 未知数の才能で (わっせ わっせ) ワクワクが止まらない 芹沢あさひ あさひ!(あさひ!)あさひ!(あさひ!) 「行くっすよ!」  冷静に淡々とやり遂げる仕事人 真剣(マジ)に不真面目? Hot に cool? しゅーみぃ べいべ 樋口円香 円香!(円香!)円香!(円香!) 「ありがとうございます」  ダンスも歌唱も努力の結晶 ひたむきが theory 煌めきは beauty 精巧で最高な the idol 緋田美琴 美琴!(美琴!)美琴!(美琴!) 「いいステージにしよう」  天然? 天使? 天性のアイドル! 岡山育ちの無垢な eyes 絶対純白領域 鈴木羽那 羽那!(羽那!)羽那!(羽那!) 「目 逸らしちゃおえんよ?」  結び目は ぎゅっと キュート キズナをシェアリング 蝶々結びが メビウスみたいなら きっと永遠ね 心音 ずっと ビューティフル 築いたシェアリング ときめく鼓動 希望 鳴り止まない 未来の方角 奏でるよ Stella! Stella! Stella! Stella! Stella! Stella! Stella! Stella!  Ooh～Luna!  謙虚で努力家超真面目 がむしゃらに今日も頑張ります ひおひおしないで 風野灯織 灯織!(灯織!)灯織!(灯織!) 「100%を出し切ります!」  Good と bad が混ざり合う 複雑なパープル Tricky さがクセにならなくなくない? あまのじゃく上等 田中摩美々 摩美々!(摩美々!)摩美々!(摩美々!) 「はぁい まみみですー」  賑やか軽やかイジられキャラ!?でも 雨模様の傘の向こうに沼落ち確定 メガネの奥に溺れさせてよ三峰結華 三峰!(三峰!)三峰!(三峰!) 「人工呼吸希望者 挙手～」  儚く優しい 神秘の魅力 祈りで寄り添いみんなを照らす 娘(ニャン)・娘(ニャン)・偶像(アイドル) 幽谷霧子 霧子!(霧子!)霧子!(霧子!) 「声響いてます」  純情淑やか 大和撫子 凛凛 ときめき勉強中 水色おとめ 杜野凛世 凛世!(凛世!)凛世!(凛世!) 「心より感謝を」  お休み (にへへ) 多忙は (あうぅ) お昼寝・だらだら・おやつにゲーム!!! ポジティブに 成長中 甜ing(てーにんぐ) 大崎甜花 甜花!(甜花!)甜花!(甜花!) 「甜花ポイントを差し上げます!」  Cool で sexy でミステリアス 不撓不屈の mind and performance 今日も魅せます 和泉愛依 愛依サマ!(愛依サマ!) 愛依サマ!(愛依サマ!) 「ありがと」  勉強とアイドルの両立もよゆーです 幼馴染まとめる小動物系優等生 小さくたって ジャンプ!ジャンプ! 福丸小糸 小糸!(小糸!)小糸!(小糸!) 「た 楽しんでいってください!」  Audience を圧倒 haterは一掃 ステージを統べる queen を新時代が calling 「ニセモノはいらねぇ」like a god 斑鳩ルカ ルカ!(ルカ!)ルカ!(ルカ!) 「物好き」  だ・か・ら 受け止めたら shiny, smiling 連鎖していく starry, uniting まるで 夜空(そら)のシャンデリア そ・し・て 確かめ合う exist, insist 輝きの理由を知って Glitter, flicker, Twinkle, sparkle 互い照らし合う世界 Luna! Luna! Luna! Luna! Luna! Luna! Luna! Luna! 絆ひとつ 擁きしめて  Ooh～Sol!  天真爛漫 love 満タン 元気いっぱいアクティブガール! 友達大好き 仲間も大好き コミュ力高すぎ 八宮めぐる めぐる!(めぐる!)めぐる!(めぐる!) 「大好きだよー! 大好きでいてー!」  理想の prince ときどき 大型犬!? 魅惑のファンサでアナタとマリアージュ エスコートはいかが? 白瀬咲耶 咲耶!(咲耶!)咲耶!(咲耶!) 「迎えにきたよ 帰さない」  照れ隠しはご愛敬 優しい一等賞! 貴重なツッコミに みんなが感謝 過純性で ready go 西城樹里 樹里!(樹里!)樹里!(樹里!) 「そんなに呼ぶなって!」  誓うは top of the top Soul は ストイック メイドインナツハなパッションで 自分にも常勝 ダンベル相棒愛用中 有栖川夏葉 夏葉!(夏葉!)夏葉!(夏葉!) 「期待に応えるのは得意なの!」  大人じゃないの 永遠少女 ヒロインに tuning 憧れが blooming こじあけちゃうぞ 桑山千雪 千雪!(千雪!)千雪!(千雪!) 「とっても素敵!」  Cute! Cuter!! Cutest!!! 可愛すぎてSOS すぐさま夢中な おひめさま キミ(ふゆ)に fall in love 注意報 黛冬優子 ふゆ!(ふゆ!)ふゆ!(ふゆ!) 「こーら ふゆのこと好きすぎ」  飾らないその姿 放つオーラ 言葉にせずとも堂々たる 存在感と透明感 かっとばせ 浅倉透 透!(透!)透!(透!) 「グーです」  「すき」を集めて (しあわせ～) 雛菜が雛菜を誰より肯定 My pace を keep 市川雛菜 雛菜!(雛菜!)雛菜!(雛菜!) 「雛菜って呼べてよかったね～」  活躍は variety 憎めない生意気? ガチで進みますからアイドル道 ピンチはパンチです! 七草にちか にちか!(にちか!)にちか!(にちか!) 「あーどうもですー」  ふわふわ 実は? 芯がある 引力が導く キャンバスは colorful 津々・好奇心 郁田はるき はるき!(はるき!)はるき!(はるき!) 「とってもあったかいです!」  ハートから飛び出したキモチ 形振り構わずに 超 届け 十人十色の「サンキュー」 ちょっぴり照れちゃう「アイラビュー」 もっとぎゅっと one・two・sun・shine おんなじ空間 おんなじ瞬間 絆は 永遠色のアーチ ベリマッチくっつけ「サンキュー」 バッチリやっぱり「アイニージュー」 完全アンサーでしょ!? Sol! Sol! Sol! Sol! Sol! Sol! Sol! Sol! Sol! Sol! Sol! Sol! めくるめく 「どんなキミも 好きだから」  四季(とき) 巡るほど Sincerely (necessary) キミの存在は タカラモノ  真心で描け 感謝のコントレイル Blessed beyond simple words 涙出ちゃうくらい エンパシー込めるから この羽根と その声援(こえ)で 翼を編もう  真心に響け 感謝のメロディーズ Blessed beyond simple words 愛と愛 つなごう 決して 逸(はぐ)れぬよう 四半世紀さえ越えて whenever まだまだ夢見て forever ほら一緒に 拍手""活彩""  Brand new me and you! 次なる未来へ Brand new world and dream! 願いのまま翔ぶよ",,,,,,,,,,,,,,,,,,,,,,,,,,,,,,,,,,,,,,,,,,,,,
232,キズナシェアリング,シャニマス大感謝祭！ 〜283スポーツフェスティバル〜,2026/02/14,Team.Stella,キミのその瞳が 切り取るポートレート「愛で推せる アイドル」なれていますか自分らしく 天然色 重ねる可能性 無限大ひょっとして ディスティニー選び合った空間 夢を分かち合える瞬間掛け算したら ほとんどキセキ「ほんと ありがとう」結び目は ぎゅっと キュートキズナをシェアリング蝶々結びが メビウスみたいならきっと永遠ね心音 ずっと ビューティフル築いたシェアリングときめく鼓動 希望 鳴り止まない未来の方角 奏でるよStella! Stella! Stella! Stella!四季(とき) 巡るほどSincerely... Necessaryキミの存在は タカラモノ真心で描け 感謝のコントレイルBlessed beyond simple words涙出ちゃうくらい エンパシー込めるからこの羽根と その声援(こえ)で 翼を編もう真心に響け 感謝のメロディーズBlessed beyond simple words愛と愛 つなごう 決して 逸れぬよう四半世紀さえ越えて Wheneverまだまだ夢見て Foreverほら一緒に 拍手“活彩(かっさい)”Brand new me and you!次なる未来へBrand new world and dream!願いのまま翔(と)ぶよ,,,,,,,,,,,,,,,,,,,,,,,,,,,,,,,,,,,,,,,,,,,,,
233,Lit up my sky,シャニマス大感謝祭！ 〜283スポーツフェスティバル〜,2026/02/14,Team.Luna,"""Lit up my sky""陰が光に咲くそれも夢の一片だね表裏一体の oneness純白(しろ)と漆黒(くろ)の境界数えきれない色彩(かのうせい)出逢えた奇蹟素直じゃない唇伝えようと疼く共鳴する瞬間(じかん)のなかで理屈じゃない情熱 騒ぐキミへと 想い 放てA song for endless gratitudeだ・か・ら受け止めたら shiny, smiling連鎖していく starry, unitingまるで 夜空(そら)のシャンデリアそ・し・て確かめ合う exist, insist輝きの理由を知ってGlitter, flicker, twinkle, sparkle互い照らし合う世界Luna! Luna! Luna! Luna!Luna! Luna! Luna! Luna!絆ひとつ 擁きしめて四季(とき) 巡るほどSincerely, necessaryキミの存在は タカラモノ真心で描け 感謝のコントレイルBlessed beyond simple words涙出ちゃうくらい エンパシー込めるからこの羽根と その声援(こえ)で 翼を編もう真心に響け 感謝のメロディーズBlessed beyond simple words愛と愛 つなごう 決して 逸れぬよう四半世紀さえ越えて wheneverまだまだ夢見て foreverほら一緒に 拍手""活彩""Brand new me and you!次なる未来へBrand new world and dream!願いのまま翔ぶよ",,,,,,,,,,,,,,,,,,,,,,,,,,,,,,,,,,,,,,,,,,,,,
234,永遠色アーチ,シャニマス大感謝祭！ 〜283スポーツフェスティバル〜,2026/02/14,Team.Sol,"Say ""yeah, yes"" say ""yeah, yes""畏まっちゃ 始まんないボルテージメーター 振り切って「もういいかい?」whew, whew!「もういいよね!」whew, whew!逢いに行くからサプライズで リアライズ笑顔 思い浮かべ 有頂天「もうすぐ」whew, whew!「もう着くよ」whew, whew!ステージへ声に出して 言葉に代え 贈りたいギフト特注の夢 添え ミュージックスタート""Are you all set!?""ハートから飛び出したキモチ形振り構わずに 超届け十人十色の「サンキュー」ちょっぴり照れちゃう「アイラビュー」もっとぎゅっと one, two, sunshineおんなじ空間 おんなじ瞬間絆は 永遠色のアーチベリマッチくっつけ「サンキュー」バッチリやっぱり「アイニージュー」完全アンサーでしょ!?Sol! Sol! Sol!Sol! Sol! Sol! Sol!Sol! Sol! Sol!めくるめく「どんなキミも 好きだから」四季(とき) 巡るほどSincerely, necessaryキミの存在は タカラモノ真心で描け 感謝のコントレイルBlessed beyond simple words涙出ちゃうくらい エンパシー込めるからこの羽根と その声援(こえ)で 翼を編もう真心に響け 感謝のメロディーズBlessed beyond simple words愛と愛 つなごう 決して 逸れぬよう四半世紀さえ越えて wheneverまだまだ夢見て foreverほら一緒に 拍手""活彩""Brand new me and you!次なる未来へBrand new world and dream!願いのまま翔ぶよ",,,,,,,,,,,,,,,,,,,,,,,,,,,,,,,,,,,,,,,,,,,,,
235,ボーダーレス・ノンストレス,Song for Prism ボーダーレス・ノンストレス / Oh Yeah!!,2026/03/04,Sonic Heart (and Signal),"One, two, three, four!飛べ! 渡米!ボーダーレス・ノンストレスで!(Hey! Hey!)これじゃつまんないね (hey! Hey!)故に散々days (hey! Hey!)無下に仕えないで? (hey! Hey!)生きにくい世の中ですねご機嫌取りなんて断罪!簡単? 寒暖差もとりあえずはぶっぱ!作り笑顔も世渡りのつもり? (えー!?)本当のあなたは何処!? 教えてよビバ! (ビバ!) ふぁーんじゅー!とりあえず謝罪!なるべく角落とせキラー (キラー) スマイル!屈託? そんなもん下らないんで却下!篩にかけられし愛情純度100なんてもう分かりはしないや狂いに狂わせられしサダメAh, wake up! 右左前後ろ okay!Break out! 掻き乱せ!いっせーのっさあ 夢高らか大声でせーのっ!どっかん! 六感! 研ぎ澄ましてさ安寧まで 歓声は無えフルボリュームで行け!ナンセンス? ライセンス放棄で掻き回せロックンロールで行こうぜ人生飛べ! 渡米! 飛べ! とべーっ!ボーダーレス・ノンストレスで!どったんばったん 覚束なくていい!直球 ド級 枠出てダイブ! ダダダ!どっかん! ばっきゅん! 射抜く世界のハート自由に手を鳴らせClap! Clap! Clap! Clap!よそ見はダメダメが為 (no choice!)貫け“君だけ”を征け! (sail on!)持ってる才能それは人生そのもの (let's get down!)震いに震えた上司(ボス)の怒号右から左! 流しちゃいたい もう!即完! 続刊! 俗間へ轟くまでAh ブレーカー! 下げて準備いつだって okay!シェイカー! 掻き乱せ世界をああ 夢華々もっといけるっしょ!直感! 突貫! 己信じて華麗にね 憂いは捨て玉砕まで愛せ!エビデンスなんて放棄で咲き誇れ 直球勝負で行こうぜ人生飛べ! 渡米! 飛べ! とべーっ!ボーダーレス・ノンストレスで!Wow, oh, oh, wow, oh, ohWow, oh, oh, oh, oh, oh, ohWow, oh, oh, wow, oh, ohWow, oh, oh, oh, oh, oh, ohWow, oh, oh, wow, oh, ohWow, oh, oh, oh, oh, oh, ohWow, oh, oh, wo, oh, oh 箍外せ!(One, two, three, four!)さあ 夢高らか大声でせーのっ!どっかん! 六感! 研ぎ澄ましてさ安寧まで 歓声は無えフルボリュームで行け!ナンセンス? ライセンス放棄で掻き回せ特急じゃなくたっていいじゃん直球勝負も怖くはないよロックンロールで行こうぜ人生飛べ! 渡米! 飛べ! とべーっ!ボーダーレス・ノンストレスで!(Hey! Hey!)これじゃつまんないね (hey! Hey!)故に散々 days (hey! Hey!)無下に仕えないで? (hey! Hey!)",,,,,,,,,,,,,,,,,,,,,,,,,,,,,,,,,,,,,,,,,,,,,
236,Oh Yeah!!,Song for Prism ボーダーレス・ノンストレス / Oh Yeah!!,2026/03/04,Sonic Heart (and Signal),"(Oh, yeah!)立ち止まる理由はないのさ私が 声の限り (oh, yeah) 歌う限り""見たことない景色 迎えに行こう""騒ぎ出すこの胸がうるさいワクワクに飛び込んでドライヴはフルテンで揺らせこのステージをときめく瞬間は待ってくんない(ドキドキはもう止めらんないの)さあ息を吸っていくよ せーの(Oh, yeah!)思うまま叫んで(Oh, yeah!)このハート捕まえなきゃねAre you ready? 地球を蹴りメロディよ 飛んでいけ(Oh, yeah!)身体を置き去って(Oh, yeah!)ただ君のど真ん中へ辿り着いた君と叫ぶよ oh, yeah! Yeah!立ち上がる理由の在処に迷ってしまわないように (oh, yeah)此処に歌うよヘッドフォンで蓋をした日常の空白の眼裏にステージを照らし出す たったひとつの証明止まない心臓 ダイナモにしてビートに任せ さあ叫べ oh, yeah!言葉にさえなれない気持ちは (気持ちは)喉の奥でずっと待ってる君の合図を 君と出会う日を(Oh, yeah!)飛べる羽根は無くても(Oh, yeah!)音符になって飛んでいくから突き抜けろ 最大スピードでいくよ せーの(Oh, yeah!)思うまま叫んで(Oh, yeah!)このハート捕まえなきゃねAre you ready? 地球を蹴りメロディよ 飛んでいけ(Oh, yeah!)身体を置き去って(Oh, yeah!)ただ君のど真ん中へ辿り着いた君と叫ぶよ oh, yeah! Yeah!",,,,,,,,,,,,,,,,,,,,,,,,,,,,,,,,,,,,,,,,,,,,,
237,銀翼のアレジアンス -blade of truth-,騎士団のヴェール – Veil of Order – Music Collection,2026/03/11,アンティーカ（シーズ/コメティック）,"「太陽に祝福されし王国に」「国を守護する 大いなる騎士団」「今日ここに一人 新たな翼が」「誓いを胸に 剣を取る」「アンティーカの名のもとに」Largitas, Moderatio, Audacia, Unitas, VeritasPer Tenebras, Lux VeraIn Largitate, Unitas未明、大地に立ち紋章を胸に記してKnights 大理石の舞台へと集いし我らMilites lucem quaerimus in tenebris仮定、醜悪なる常闇が牙を剥いてもLights 躊躇なく狂気ごと断ち切ろうOath in proud crest覚悟の色ならOath in proud crestそれぞれ違う…それでも正義宿す剣に（道を尋ねて）矜持は盾に（どんな日も）血に刻んだ chivalry 掲げて進めStand brave for the oathYes, my lord.王の下 居並ぶ騎士幕を開けようFaith この世界覆う闇、晴らすために誓いを捧げる今日光は生まれ新しい翼となって駆けるだろう行け truth as your blade!至誠、弱さすら いつの日か糧に変えるとKnights 怯まずに挑め 未来は側に傷を受ける日も（擦れる痛みを）闘志に変えて（剣を取れ）気高く在れ 君の誇りのままにStand brave for the oathYes, my lord.歴史を受け継ぎ今 震える魂護るべき灯火 勇気となって燃えるさぁ 臆せず眼差しは 地平を見つめ穿つべき邪悪を きっと射抜くだろう行け truth as your blade「イーリス、汝が、太陽に祝福され、この国のすべてに等しく守護者となるよう、この剣に。」「我、騎士という翼にならん者、真理を守り、すべてを守護することを、この剣に。」「アンティーカ騎士団、我ら寛大にして」「節度を守り、」「勇断を携え、」「連帯を固め、」「真(まこと)を誓う。」「翼よ導け、闇を裂く我らが陽光！」「騎士の誇りを！」「「剣に懸けて！」」Oath in proud crestそう古からOath in proud crest褪せることない強さを銀のヴェールを纏い（絶望を斬れ）夜を超えて（黎明へ）不撓不屈の Order 明日へと進めStand brave for the oathYes, my lord.王の下 今ひとつに「騎士の誇りを！」Faith この世界守るため「剣に懸けて！」誓いを捧げる今日光は生まれ新しい翼となって駆けるだろう行け truth as your blade!行け truth as your blade!Largitas, Moderatio, Audacia, Unitas, VeritasPer Tenebras, Lux VeraIn Largitate, Unitas",,,,,,,,,,,,,,,,,,,,,,,,,,,,,,,,,,,,,,,,,,,,,
238,メモワール・アンタクト,騎士団のヴェール – Veil of Order – Music Collection,2026/03/11,幽谷霧子,あのね偶然だった？ それでも構わない あなたに出会えた偶然なら息遣い弱く 今にも途絶えそうで 温もり探して指を握った暗い森で蹲った背を摩ったの夜を 傷を あなたの声を抱きしめた何も知らない でも隣 寄り添っていたかった秘密のメモワール「フィロって、怖いものないの？」「怖いもの？」「例えば……大切な人を失うこと、とか」「それは……すごく怖いよ。でも、だから今を大切にしたいの」「……優しいね、あんたは」「リーラも、優しいよ。隠してるだけで」気づけば いつも 気まぐれ猫のように戯れて 歌って 距離を測ったわずかに揺らぐ 瞳の奥にある小さな影を 隠すみたいにその笑顔が仮面被ってても構わない…だって夏も 冬も あなたがいて色がついただから言えない言葉ごとここにいて欲しいんだ「あの夜、森で倒れていたあなたを見つけた時…… 最初は怖かった。でも、あなたの涙を見て、わかったの」鬱蒼と茂る緑のなか目と目合った赤く濡れたすべて包む月になりたい私──あの日、そんな風に思った今も同じ その影に寄り添って眠りたいの愛しいメモワールずっと 側にいよう「ねえフィロ……私、いつか遠くへ行くかも」「どこへ行っても──ずっとここが、あなたの家。」「……家、か。ふふ──重いなぁ」「おやすみ、リーラ」「……おやすみ、フィロ」,,,,,,,,,,,,,,,,,,,,,,,,,,,,,,,,,,,,,,,,,,,,,
239,運命前夜,騎士団のヴェール – Veil of Order – Music Collection,2026/03/11,アンティーカ（シーズ/コメティック）,"もうすぐ新しい夜明けが…もうすぐ焦がれた夜明けが…始まる予感がして私は暗い空を見た明けない夜だったこの世界を変えるの 変えるのそうよ change the worldNa na na…night before rise唯一の騎士道 -みち- が示すアンサーMy way, your way隔たりのない地平へSo merge as oneきっと闇は晴れて 天空遥か羽ばたいてく 黎明へ もっと自由に明日の向こう 運命はもう 光のなかそう今夜は The Eve of Fate祈ろう どうか手に入れる強さ 全ては君の為に美しい世であるように暗がりを過去にして 太陽に手を伸ばしてReach the dawn, reach the dawn不可侵の境界を超えようEve of fate希望を抱いてヴェールで覆われた隠し事もUnchain my heart素顔見せるように手渡せたらSoar to sky寄り添い叶えよう共に立とう身を捧げよう正義のもと…選び取って fly 決意の空へ「希望に満ちた明日を！」「闇から開放される明日を！」「もしも、この闇を明らかにできるなら…」「壁を超えて、歩んでいこう」「ディスティールのために、私は戦う」「みんなが笑顔でいられる世界を」「明日こそ、全てに決着を！」秘密なくなれば「滅ぼすのみだ」愛で満たそう「望みは一つだけ」一緒に「怖い…でも……」理想へと「手を取って」剣に誓った勝利へ「この世を光で満たすことが、私にも出来るのなら…」眩しい夜明け、それは願いのグラデーションきっと───闇は晴れて 天空遥か羽ばたいてく 黎明へ もっと自由に明日の向こう 運命はもう 光のなかそう今夜は The Eve of Fate行こう 未来へ思いは無限大に血のように巡って今夜明けを待つ鼓動のなかに彼方に目を凝らして 翼を さぁ、広げてReach the dawn, reach the dawn不可侵の境界を超えようEve of fate希望はここにあるんだ創世の空だ「さあ、運命の時が来る」",,,,,,,,,,,,,,,,,,,,,,,,,,,,,,,,,,,,,,,,,,,,,
240,月影のアンシェネ,騎士団のヴェール – Veil of Order – Music Collection,2026/03/11,田中摩美々,生ける者が眠りつく頃 冷えた風だけ側で頬撫でる夜私は 渇き 飢えていた 蹲り爪立て抑える本能優しさ感じるその度贖い方分からずに怖くなる夢が終わるなら 一瞬でと願うけど眩しさに触れていたくて月影のなか 動けずいるアンシェネ -虜囚-消え掛けの今を抱きしめた 一人「いつかこの日が来るって、わかってた。でも…まだ、もう少しだけ……」白と黒が 混ざり合えずにこの世界 塗り分けるような絵を描く私は 何色に見えている？言わないで 曖昧なまま居させて無垢な眼差しを今日も裏切って生き長らえたいつか終わる日が来るとしても もう少し分かってる 無謀な願いだといくつの嘘を塗り重ね 怪物は戻れない場所へ来ただろう 此処へ「大好きだから…大切だから、私はみんなの前から消えなきゃいけない」灰色のヴェールで覆うこの秘密がなければ陽の光のなか、みんなとずっと一緒に……夢が終わる日に きっと真実明かされ眩しさが闇葬るだろう月影のなか 動けずいるアンシェネ -虜囚-壊れゆく今にさよならを 一人「みんな、ごめんね。さよなら──」,,,,,,,,,,,,,,,,,,,,,,,,,,,,,,,,,,,,,,,,,,,,,
241,Once Upon a Secret,騎士団のヴェール – Veil of Order – Music Collection,2026/03/11,三峰結華,Secret Tale 遠い日の御伽噺をたった一人消えそうだった少女の話を飢えていた魂掬い上げたのは禁じられてた愛だった世界が許さない祝福もされないけどそれでも二人の秘め事君を光と呼んで共に行くと決めたって「私は二つの血を継いでいる。 でも、これは呪いじゃない。未来への贈り物なんだって」「両親は言ってた。『欲しがることを恥じるな』って。 より良い世界を、平和を、愛を…欲しがり続けろって」Secret Tale 聞き育った優しい愛のストーリー傷つけ合って泣かない未来選べることを知ったんだ隣同士指を繋ぎ合う喜びをすべて違ってもこの空が見守る下で新たに綴ろう誰も知らない物語を焦がれるこの思いはきっと気づく「願い」という私を強くするもの争いが奪う数えきれない幸せが野に咲く花のよう手折られずある明日であるようにと受け継いだ夢ひとり抱きしめる midnightLa la la…Once Upon a SecretLa la la…Once Upon a Secret,,,,,,,,,,,,,,,,,,,,,,,,,,,,,,,,,,,,,,,,,,,,,
242,銀翼のアヴニール -become the brave-,騎士団のヴェール – Veil of Order – Music Collection,2026/03/11,アンティーカ（シーズ/コメティック）,"There was hate for a long time...Two tribes fought and blood was shed...One day, we found the truth...Let us live this life and be one...「異端」そう最初は 排斥から始まった悲劇嗚呼 長き日々血は流れ 傷つけ合ったTime still goes onWho wins, when we all fall流転 絡み合う宿命を何度嘆いたろう嗚呼 でも君と出会った世界だったんだAll or nothing? 贖い欲してAll or nothing? 何を手にしたら満足かついた傷は消えず 喪失も癒えず 虚はここにそれでも 私たちが選ぶ 未来を掲げてStand proud for the oathYes, my lord.王の下 居並ぶ騎士共に 羽ばたこうDawn この夜明けのなか赦し合って誓い それぞれの胸羽化するように新しい翼が煌めいてるよAnd, we’ve become the braveThere was hate for a long time...Two tribes fought and blood was shed...One day, we found the truth...Let us live this life and be one...断絶 埋め難い隔たりと信じた”拒絶”は嗚呼 抱きしめ合うことで消滅していった君の側に居たい 言葉にすると なんて簡単で途方もない永劫の呪いを解く 鍵を廻すよStand proud for the oathYes, my lord.澄んだ空のようにすべて晴れ渡らずともFly まだらの心で明日へ駆けよう憎しみの最果てで見つけた夢はそう 一人じゃ叶わない色してるから───薄明かり少しずつ御旗を染めてまた光で満ちる今日が始まるYes, my lord.王の下 今ひとつに「騎士の誇りを！」Dawn この夜明け向かい「剣に懸けて！」ヴェール取り払い進め愛を確かめながら新しい翼で時代を綴れ飛べ L'Antica",,,,,,,,,,,,,,,,,,,,,,,,,,,,,,,,,,,,,,,,,,,,,
243,SUPER DUPER DREAMER, Song for Prism SUPER DUPER DREAMER / BEAST MODE,2026/04/01,Σ Desire,"Ayy, ayy, ayy (hello)噂が呼ぶ six girlsお待たせ here I am目指すはそう queen's throne狙った獲物を killing shot (killing shot)どんな状況でも毎日Alright 弛まずに huntingGimme, gimme more, gimme, gimme more, moreギリギリの刺激も welcome茨の道のスリルもご馳走 eat up, eat up欲望のままになりふり構わず fang out, fang outChoose to do or die 遊び気分なら問題外最高の未来 求めて howling now (howling now), howling now (howling now)過去の鮮やかな echoesキミと塗り替える覚悟抑えきれない feelin'広げた翼に (shiny)願いを込め everybody goHey! Let's shout out loud(We are!) Super, duper dreamer, never gonna give upHey! Let's shout out loud(We are!) Super, duper dreamer せーので hot damn響かせる growl (oww)本能に give it all (wow)ブレずにずっとSuper, duper dreamerSuper, duper dreamer群れる気ないわ like a lonely beastBut I'm rum-pum-pum-pum 昂る soul犠牲? 自制? 過ったら loser時代? 期待? そんなん知らない (brr!)Hater は shutout してIt's time さぁ dress up して煌めきの stage へと戸惑いは捨てていこう好奇心は栄養飛び乗れ get it on時を超え混ざり合う奇跡みたいなこの storyline「弱さ」の中に潜む「強さ」信じ抜く覚悟胸に秘めた believe (believe)解き放て空に (runnin')願いを込め everybody goHey! Let's shout out loud(We are!) Super, duper dreamer, never gonna give upHey! Let's shout out loud(We are!) Super, duper dreamer せーので hot damn夢を描こう (oww)共に shine it on (wow)振り向かず goSuper, duper dreamerSuper, duper dreamerLock! Lock on your dreamsLock! Lock on your dreamsLock! Lock on your dreamsWhoaHey! Let's shout out loud(We are!) Super, duper dreamer, never gonna give upHey! Let's shout out loud (Let's shout out loud)(We are!) Super, duper dreamer せーので hot damn響かせる growl (oww)本能に give it all (wow)ブレずにずっとSuper, duper dreamerSuper, duper dreamer",,,,,,,,,,,,,,,,,,,,,,,,,,,,,,,,,,,,,,,,,,,,,
244,BEAST MODE, Song for Prism SUPER DUPER DREAMER / BEAST MODE,2026/04/01,Σ Desire,"迫るたび 感じる fearそれでも満たされたい0から10 全てを choose連鎖していく欲の move「欲張りだ」とか oh, gee周りの声は picky自分に嘘つけるほど器用に生きてきてないのWelcome to my jungle, babyMental 辛い覚悟は ready?I don't wait, I don't ask, I don't bowThat's how I live, scream out, and fly, kick野望が増えるほど燃える炎狂おしいほど沸る passion で研いだ clawsMy hunger burns 今夜のdishSの rank 「bon appétit」The endless feel 本能に従ってI set it free 毒味なんてnonsense甘そうで眩い程 dangerousそれでも take it all, yeah, yeah, yeah(Attention!) claw, claw, claws out, dadidadidaClaw, claw, claws out, dadidadidaYeah, I'm in the beast mode最上級の beast mode (gotta get, whoa!)Claw, claw, claws out, dadidadidaDon't stop, do the hunt, dadidadidaYeah, I'm in the beast mode魅せるわ beast mode (邪魔させない I never get down)MmYeah, yeah 前に倣えじゃ届かぬ goal自分の価値観のままに踊る「常識」の文字は 過去にとっくにそう辞書から破り捨てたから that's it!他人と違うroadも 生き抜くと景色は きっとbeautifulご覧よ supernormal show(Oh-oh-oh-oh, oh-oh-oh-oh, oh-oh-oh-oh, oh-oh-oh-oh) ayy, ayy, ayy, ayyHear! 鳴り響く howl(La la la la la la la)Hear! 空を切り裂く(La la la la la la la)孤高の refrain 世界の果て聞こえるまで oh, I don't lie myselfHear! 鳴り響く howl(La la la la, howling never ends)The endless feel 本能に従ってI set it free 毒味なんて nonsense甘そうで眩い程 dangerousそれでも take it all, yeah (oh!)Claw, claw, claws out, dadidadidaClaw, claw, claws out, dadidadidaYeah, I'm in the beast mode最上級の beast mode (gotta get, ooh!)Claw, claw, claws out, dadidadidaDon't stop, do the hunt, dadidadidaYeah, I'm in the beast mode魅せるわ beast mode (邪魔させない I never get down)I'm a beast 止められない desireI'm a beast 飼いならされないTurn it on, turn it on, turn the beast modeTurn it on, turn it on, turn the beast modeI'm a beast 止められない desireI'm a beast 飼いならされないTurn it on, turn it on, turn the beast modeTurn it on, turn it on, turn the beast modeAttention!",,,,,,,,,,,,,,,,,,,,,,,,,,,,,,,,,,,,,,,,,,,,,
245,One Live One Love,XXX= S/N-GUL4R1TY MUSIC COLLECTION,2026/04/22,ストレイライト,"One l-l-l-liveOne l-l-l-loveYou were born 目的も知らずYou alive プログラム通りOne l-l-l-liveOne l-l-l-loveBounce with you気が通っていく we give you注ぎ込む energyMonochromeに無数のLED(ひかり)が脈を打ちながらScience じゃ説明つかない miracle がOne live, one live, one live脅威(おそれ)になっても evolvingLa-la-la-la-la 偶像は noise 掻き消してLa-la-la-la-la 激動の friction塗り替えていく record最高が無限なら 果てるまでそぅ極限の旅を続けよう未来の先まで加速して引き離す振り返って確かめた追いつかれ振り切って突き抜けて魅せる力尽きて冷たい floor に倒れ込んでもなお胸の奥に灯した光は消せやしないOne love, one love, one love不可視のシグナル beat を刻み続ける革新は何処へ向かうの?感性の放物線が創造を進化へと誘うFor you and me 行き着く ending破滅だとしても desireLa-la-la-la-la 沸き立つ passion 高鳴ってるLa-la-la-la-la 交叉する action磨かれてく my soul感情は熱になり 流れてくあぁその声が power(チカラ)になってく 身体中で feeling喜びも哀しみも 驚きも恐れも憂いだって怒りだって思い全部 love(いのち) になるOne l-l-l-liveOne l-l-l-loveOne l-l-l-liveOne l-l-l-loveOne l-l-l-live",,,,,,,,,,,,,,,,,,,,,,,,,,,,,,,,,,,,,,,,,,,,,
246,One Live One Love (Mortal Remix),XXX= S/N-GUL4R1TY MUSIC COLLECTION,2026/04/22,ストレイライト,One L.. Live One L.. Love U were born 目的も知らず U alive プログラム通り One L.. Live One L.. Love Bounce with U 氣が通(かよ)っていく We give U 注ぎ込む Energy(エナジー) Monochromeに無数のLED(ひかり)が脈を打ちながら Scienceじゃ説明つかないMiracleが One Live One Live One Live 脅威(おそれ)になっても /* Evolving */ La.... 偶像はNoise 掻き消して La.... 激動のFriction 塗り替えていく Record 最高が無限なら果てるまで そう極限の旅を続けよう 未来の先まで 加速して引き離す 振り返って確かめた 追いつかれ振り切って突き抜けて魅せる 力尽きて冷たいFloorに倒れ込んでもなお 胸の奥に灯した光は消せやしない One Love One Love One Love 不可視のシグナルBeatを刻み続ける 革新は何処へ向かうの? 感性の放物線が創造を進化へと誘う La.... La.... 沸き立つPassion 高鳴ってる La.... 交叉するAction 磨かれてく My soul 最高が無限なら果てるまでそう極限の旅を続けよう 未来の先まで 喜びも哀しみも驚きも恐れも憂いだって怒りだって思い全部 Love(いのち)になる One L.. Live One L.. Love One L.. Live One L.. Love One L.. Live そう極限の旅を続けよう 未来の先まで,,,,,,,,,,,,,,,,,,,,,,,,,,,,,,,,,,,,,,,,,,,,,
247,Ring Ring Ringの魔法,Song for Prism Ring Ring Ringの魔法 / 街角メランコリー,2026/04/29,ザ・ふたりトラベラー,"One, two, one, two, threeトラベリン リ リ リ リン!鳴らせ ring, ring, ring, ring, ring!?色づきだしたこの時代へ jump!カラーテレビ 映るポップスターチャンネル回してモノクロからビビッドに私 生まれ変わるPa, pa, pa, paPa-ya-pa-paPa-pa-ya, pa-ya-pa-paPa, paPa-ya-pa-paPa-pa-ya, pa-ya-pa-ha「今夜は電話するから」ってキミとの約束わざわざ部屋までコード 引っ張って待ってるわああ どこにいても (pa, pa, pa-ya-pa)ああ 電話出来たら なんてね恋の受話器は ring, ring, ring のスリーコール鳴ってから取るのよすぐに取っちゃうと 愛がバレバレ恋は我慢よ ring, ring, ringの魔法それが大事なのだって こんなにもキミがスキよ ハイティーン・ラブ待ち合わせの駅前は 人で溢れてるマダ来ないキミにヤキモキ寝坊したのかしら?Pa, paPa-ya-pa-paPa-pa-ya, pa-ya-pa-paPa, paPa-ya-pa-paPa-pa-ya, pa-ya-pa-haああ 目立つように (pa, pa, pa-ya-pa)ああ スカーフ巻いてみたけどもう待てないわ ring, ring, ring しちゃえ公衆電話へキミの番号(ダイヤル)は 暗記してるの慌てて取った ワンコールの魔法寝坊しちゃったと 謝るキミを許せちゃった テレフォン・マジックSay whatPa-pa-pa-yaPa-pa-pa-yaPa-pa-pa-yaいつか便利な未来になってもこんな風に電話を待ってたいもどかしい時間も 恋人たちの甘酸っぱいデートタイム (タイム)恋の受話器は ring, ring, ringのスリーコール鳴ってから取るのよすぐに取っちゃうと 愛がバレバレ恋は我慢よ ring, ring, ringの魔法それが大事なのだって こんなにもキミがスキよ ハイティーン・ラブPa, paPa-ya-paPa-pa-ya, paPa, paPa-ya-paPa-pa-ya, pa",,,,,,,,,,,,,,,,,,,,,,,,,,,,,,,,,,,,,,,,,,,,,
248,街角メランコリー,Song for Prism Ring Ring Ringの魔法 / 街角メランコリー,2026/04/29,ザ・ふたりトラベラー,ひとりきりの部屋 鳴らない電話のベルダメね 行かなくちゃ平気なフリした 赤いハイヒールで虚しさと 繰り出すわ白く煙った (あの喫茶店)あなたを探す (癖が抜けない)どうして 想いが 募ってしまうの今日も 街角メランコリーあなたが居ない街後悔なんて 何一つもない恋をしたのにそっと 街角メランコリー誰も気付かないで戻らない時間探し彷徨いたいだけあなた想ってジュークボックス賑わせるラブソングダメね 泣いちゃうわ窓際の席とコーヒー トワイライト想い出に 出来なくて遠ざかる日々 (分かってるのに)あなたが好きな (レコード掛けて)何度も 夢だと 願ってしまうの今日も 私はメランコリーあなたは意地悪ねいっそ嫌いになれたら良かった夜明けを待ってずっと 私はメランコリー長い夜でいいわあなたの余韻 浸っていられるならこの街角で今日も 街角メランコリーあなたが居ない街後悔なんて 何一つもない恋をしたのにそっと 街角メランコリー誰も気付かないで戻らない時間探し彷徨いたいだけあなた想って,,,,,,,,,,,,,,,,,,,,,,,,,,,,,,,,,,,,,,,,,,,,,
249,散花-sanka-,Song for Prism 散花-sanka- / 紅花-benibana-,2026/06/03,彼岸流,花と咲け闇綻び過ぎゆく日々 縋るように胸を染めゆく 儚さ纏う遠い空星のしずくは降らずにこの手が憂いてる傷に似た止まぬ刻は霞みの奥へと月のように ゆらゆら 駆けゆく駆け抜ける明日へと 明日までと行方も知らぬのなら 迷えばいい 花と咲けたそがれの世艶色失うとしてもあゝ薫れるまま今と咲け揺れる空にひとひら散りぬるを夜をゆけ舞い上がれ 止まぬ風に枯れるこの朽ち狂う花びらでも 仰ぐ雲に片手翳して引き寄せ合う運命因果の糸結びて見し夢 貴方は誰ぞ 朝の音 現は空を偽り染める赤やがて晴る その時を待つ背中 私が花 群青を求めたとしても ここで咲けたそがれてもあゝ 満ちないまま今は咲け いつか果てる全ては果ててゆくなら一度舞い上がれ 煌めいて露となり咲け命舞え ひらひら舞い上がれ 強くあれ 夜の帳破りながら 朽ちてもただ刹那な夢 美しくあれ 光りあれ 今を生きよ 花と咲けたそがれの世艶色失うとしてもあゝ 薫れるまま今と咲け揺れる空にひとひら散りぬるを夜をゆけ舞い上がれ 止まぬ風に枯れるこの朽ち狂う花びらでも ほら全てはあゝ諸行無常 枯れてゆくほら私はあゝ諸行無常 咲い,,,,,,,,,,,,,,,,,,,,,,,,,,,,,,,,,,,,,,,,,,,,,
250,紅花-benibana-,Song for Prism 散花-sanka- / 紅花-benibana-,2026/06/03,彼岸流,花紅や 幻か虚いや いや甘い香りが迷い蛾を導くの翅を焦がして抗えずに寄り添う咲かずとも枯れずとも今宵も待ち侘びてるの危うくとも溺れてみたいでしょう?迷えど 迷え 宵の闇 惑ふや囲めど 囲め 夢の檻 いや(Tied up)Tied up 手向けるもはかなし紅き炎の spiderTied up 咲かせし花弁で誘うのよ night butterfly逃げられない 罠 I wanna burn気づいたら fall 触れ合い turn堕ちていく yeahTied up 儚く消えるなら燃えあがろう 果てゆけ絡みついた糸糸身悶えども解けないの揺れずとも逃げずとも紅色に染まりゆくの翅を休めて楽しめばいいでしょう?酔わせよ 酔わせ 宵の夢 惑ふや縛れど 縛れ 鳥の駕籠 いや(Tied up)Tied up 甘き夢の果てに赤き毒の spiderTied up 咲かせし花弁で誘うのよ night butterfly絡め取れ venom in my vein崩れさる fade きつく chain戻れない yeahTied up 酔いしれて眠ろう燃えあがろう 果てゆけ愛も夢も飾りましょう紅い花が膨らんで咲いたならまた今夜も飛んでくるんだ求めてる毒の花 味わってみてよ(Tied up)Tied up 甘き夢の跡も紅き炎の spiderTied up 咲かせし花弁で誘うのよ night butterfly逃げられない 罠 I wanna burn気づいたら fall 触れ合い turn堕ちていく yeahTied up 儚く消えるなら燃えあがろう 果てゆけ,,,,,,,,,,,,,,,,,,,,,,,,,,,,,,,,,,,,,,,,,,,,,
251,Tokyo自由系*ガール,Song for Prism Tokyo自由系*ガール / My time,2026/07/01,No 1 feel alone,"(Hey, good mood, baby!)Zipper とkey holder じゃらじゃらガラクタ製 kawaii は ちゃらんぽらん?無駄バナシではしゃぐ喉カラカラレモンスカッシュってテンション上がるから無駄を省くって歌をなくすと同じ無駄かも? 無駄じゃない!くだらないってロマンじゃん「あー言えばこー言う」って話一発ここで 乗らせてもらいまーす (ハーイ)手間かけるミルフィーユぺろっとひとくち目 (yeah)Sweet, sweet time, yum, yum, yum頬張るティーパーティー!他じゃ出せない癖になる良い味 まるで異端児寄り道の意味答えは未来にそんなことばっかだから今日もあっていいじゃん50歩100歩All okayなるようになるI don't careくだらない日でも イッツオーライ話はずんで モーマンタイ ん～!ちょうど良い このちょうど良いDay by dayカフェオレをほら choose and setスニーカー or ドレスを選び選ぼう(向かう新天地 それが私たち)Tokyo自由系*ガールWhoa, ta-la-ta-ta, yeah, ohTokyo自由系*ガール思い通りいかないなって突っ伏した夜サクセスストーリー ベタな話 やけに沁みた脳伸るか反るかツキ回り次第手のひらで踊るならフリースタイル一択色付いたグラス越しで世界見てちゃ惜しいないものねだりほっぽって it's going流れる知らないヒットナンバーは良い調子良いように音に乗れ yeah, yeah良い調子 良いように音に乗れ ooh yeah, yeah手間かけるミルフィーユぺろっとひとくち目Sweet, sweet time, yum, yum, yum頬張るティーパーティー!他じゃ出せない癖になる良い味 まるで異端児寄り道の意味答えは未来にそんなことばっかだから今日もあっていいじゃん50歩100歩All okayなるようになるI don't careくだらない日でも イッツオーライ話はずんで モーマンタイ ん～!ちょうど良い このちょうど良いDay by dayカフェオレをほら choose and setスニーカー or ドレスを選び選ぼう(向かう新天地 それが私たち)Tokyo自由系*ガールWhoa, ta-la-ta-ta (sweet, sweet time, yum, yum, yum)(向かう新天地 それが私たち)Tokyo自由系*ガールそんなことばっかだから今日もあっていいじゃん (ta-la-ta-ta)(Hey, good mood, baby!)",,,,,,,,,,,,,,,,,,,,,,,,,,,,,,,,,,,,,,,,,,,,,
252,My time,Song for Prism Tokyo自由系*ガール / My time,2026/07/01,No 1 feel alone,"Ney ney neyねぇビルが奪うわ空心だけが藍い colorあの路地裏の静けさカフェラテが冷めてく時間だ午前10時なんて 夢にいちゃって誰かの""好き""より自分でいたくて微熱っぽいこの街の隅ちょっと笑えたらいいくらいでいいラフに崩す髪型眠たい目で世界を見てたんだなんか空白の心で書く真面目な予定カレンダー風に揺られる my life君に会えばちょっと smile答えはないな 焦らず ま いっか少しだけ光る my timeそれで私は正解孤独な気分は おそろいな気がしてるよ太陽が反射する風景 綺麗だな近くを歩いてたって知り合いじゃないんだな衝動が 感情が どこにもきっと溢れている隠されちゃったんだそれもいいのかも新しくなる歩道いつのまにかここに迷い込んだなんか降る流行りの音楽にからだを預けたいなぁ風に揺られる my life君に会えばちょっと smile答えは無いな 焦らず ま いっか少しだけ光る my timeそれで私は正解孤独な気分は おそろいな気がしてるよ時なんて戻らない言うけどリアルじゃないいっこ いっこ今 ぜんぶ感じてる薄くても続いている my way足音乱したりしないで悪くない my life風に揺られる my life君に会えばちょっと smile答えはないな 焦らず ま いっか少しだけ光る my timeそれで私は正解孤独な気分は おそろいな気がしてるよ",,,,,,,,,,,,,,,,,,,,,,,,,,,,,,,,,,,,,,,,,,,,,