曲順,日付,公演名,楽曲名,ユニット,歌唱者,衣装
1,2018/06/24,THE IDOLM@STER SHINY COLORS BRILLI@NT WING 01 Spread the Wings!!発売記念イベント 東京会場1回目,Spread the Wings!! ,イルミネーションスターズ,関根瞳;近藤玲奈;峯田茉優,スパークルイルミネーション
2,2018/06/24,THE IDOLM@STER SHINY COLORS BRILLI@NT WING 01 Spread the Wings!!発売記念イベント 東京会場1回目,Multicolored Sky ,イルミネーションスターズ,関根瞳;近藤玲奈;峯田茉優,スパークルイルミネーション
1,2018/06/24,THE IDOLM@STER SHINY COLORS BRILLI@NT WING 01 Spread the Wings!!発売記念イベント 東京会場2回目,Spread the Wings!! ,放課後クライマックスガールズ,河野ひより;白石晴香;永井真里子;丸岡和佳奈;涼本あきほ,ブレイブヒーロージャージ
2,2018/06/24,THE IDOLM@STER SHINY COLORS BRILLI@NT WING 01 Spread the Wings!!発売記念イベント 東京会場2回目,Multicolored Sky ,放課後クライマックスガールズ,河野ひより;白石晴香;永井真里子;丸岡和佳奈;涼本あきほ,ブレイブヒーロージャージ
1,2018/07/01,THE IDOLM@STER SHINY COLORS BRILLI@NT WING 01 Spread the Wings!!発売記念イベント 大阪会場1回目,Spread the Wings!! ,アルストロメリア,黒木ほの香;前川涼子;芝崎典子,ウィッシュフルリリー
2,2018/07/01,THE IDOLM@STER SHINY COLORS BRILLI@NT WING 01 Spread the Wings!!発売記念イベント 大阪会場1回目,Multicolored Sky ,アルストロメリア,黒木ほの香;前川涼子;芝崎典子,ウィッシュフルリリー
1,2018/07/01,THE IDOLM@STER SHINY COLORS BRILLI@NT WING 01 Spread the Wings!!発売記念イベント 大阪会場2回目,Spread the Wings!! ,アンティーカ,礒部花凜;菅沼千紗;八巻アンナ;成海瑠奈;結名美月,シンフォニックスチーム
2,2018/07/01,THE IDOLM@STER SHINY COLORS BRILLI@NT WING 01 Spread the Wings!!発売記念イベント 大阪会場2回目,Multicolored Sky ,アンティーカ,礒部花凜;菅沼千紗;八巻アンナ;成海瑠奈;結名美月,シンフォニックスチーム
1,2018/07/22,THE IDOLM@STER SHINY COLORS BRILLI@NT WING 02 ヒカリのdestination発売記念イベント 1回目,ヒカリのdestination,イルミネーションスターズ,関根瞳;近藤玲奈;峯田茉優,スパークルイルミネーション
2,2018/07/22,THE IDOLM@STER SHINY COLORS BRILLI@NT WING 02 ヒカリのdestination発売記念イベント 1回目,虹になれ,イルミネーションスターズ,関根瞳;近藤玲奈;峯田茉優,スパークルイルミネーション
1,2018/07/22,THE IDOLM@STER SHINY COLORS BRILLI@NT WING 02 ヒカリのdestination発売記念イベント 2回目,ヒカリのdestination,イルミネーションスターズ,関根瞳;近藤玲奈;峯田茉優,スパークルイルミネーション
2,2018/07/22,THE IDOLM@STER SHINY COLORS BRILLI@NT WING 02 ヒカリのdestination発売記念イベント 2回目,虹になれ,イルミネーションスターズ,関根瞳;近藤玲奈;峯田茉優,スパークルイルミネーション
1,2018/08/12,THE IDOLM@STER SHINY COLORS BRILLI@NT WING 03 バベルシティ・グレイス発売記念イベント 1回目,バベルシティ・グレイス ,アンティーカ,礒部花凜;菅沼千紗;八巻アンナ;成海瑠奈;結名美月,シンフォニックスチーム
2,2018/08/12,THE IDOLM@STER SHINY COLORS BRILLI@NT WING 03 バベルシティ・グレイス発売記念イベント 1回目,幻惑SILHOUETTE,アンティーカ,礒部花凜;菅沼千紗;八巻アンナ;成海瑠奈;結名美月,シンフォニックスチーム
1,2018/08/12,THE IDOLM@STER SHINY COLORS BRILLI@NT WING 03 バベルシティ・グレイス発売記念イベント 2回目,バベルシティ・グレイス ,アンティーカ,礒部花凜;菅沼千紗;八巻アンナ;成海瑠奈;結名美月,シンフォニックスチーム
2,2018/08/12,THE IDOLM@STER SHINY COLORS BRILLI@NT WING 03 バベルシティ・グレイス発売記念イベント 2回目,幻惑SILHOUETTE,アンティーカ,礒部花凜;菅沼千紗;八巻アンナ;成海瑠奈;結名美月,シンフォニックスチーム
1,2018/09/22,TGS2018「アイドルマスターシャイニーカラーズ」 トーク&ミニライブ～Light Up!!! illumination STARS～,Spread the Wings!! ,イルミネーションスターズ,関根瞳;近藤玲奈;峯田茉優,スパークルイルミネーション
2,2018/09/22,TGS2018「アイドルマスターシャイニーカラーズ」 トーク&ミニライブ～Light Up!!! illumination STARS～,ヒカリのdestination,イルミネーションスターズ,関根瞳;近藤玲奈;峯田茉優,スパークルイルミネーション
3,2018/09/22,TGS2018「アイドルマスターシャイニーカラーズ」 トーク&ミニライブ～Light Up!!! illumination STARS～,虹になれ,イルミネーションスターズ,関根瞳;近藤玲奈;峯田茉優,スパークルイルミネーション
1,2018/10/06,THE IDOLM@STER SHINY COLORS BRILLI@NT WING 04 夢咲きAfter school発売記念イベント 1回目,夢咲きAfter school,放課後クライマックスガールズ,河野ひより;白石晴香;永井真里子;丸岡和佳奈;涼本あきほ,ブレイブヒーロージャージ
2,2018/10/06,THE IDOLM@STER SHINY COLORS BRILLI@NT WING 04 夢咲きAfter school発売記念イベント 1回目,太陽キッス,放課後クライマックスガールズ,河野ひより;白石晴香;永井真里子;丸岡和佳奈;涼本あきほ,ブレイブヒーロージャージ
1,2018/10/06,THE IDOLM@STER SHINY COLORS BRILLI@NT WING 04 夢咲きAfter school発売記念イベント 2回目,夢咲きAfter school,放課後クライマックスガールズ,河野ひより;白石晴香;永井真里子;丸岡和佳奈;涼本あきほ,ブレイブヒーロージャージ
2,2018/10/06,THE IDOLM@STER SHINY COLORS BRILLI@NT WING 04 夢咲きAfter school発売記念イベント 2回目,太陽キッス,放課後クライマックスガールズ,河野ひより;白石晴香;永井真里子;丸岡和佳奈;涼本あきほ,ブレイブヒーロージャージ
1,2018/10/20,THE IDOLM@STER SHINY COLORS BRILLI@NT WING 05 アルストロメリア発売記念イベント 1回目,アルストロメリア,アルストロメリア,黒木ほの香;前川涼子;芝崎典子,ウィッシュフルリリー
2,2018/10/20,THE IDOLM@STER SHINY COLORS BRILLI@NT WING 05 アルストロメリア発売記念イベント 1回目,ハピリリ,アルストロメリア,黒木ほの香;前川涼子;芝崎典子,ウィッシュフルリリー
1,2018/10/20,THE IDOLM@STER SHINY COLORS BRILLI@NT WING 05 アルストロメリア発売記念イベント 2回目,アルストロメリア,アルストロメリア,黒木ほの香;前川涼子;芝崎典子,ウィッシュフルリリー
2,2018/10/20,THE IDOLM@STER SHINY COLORS BRILLI@NT WING 05 アルストロメリア発売記念イベント 2回目,ハピリリ,アルストロメリア,黒木ほの香;前川涼子;芝崎典子,ウィッシュフルリリー
1,2019/03/09,THE IDOLM@STER SHINY COLORS 1stLIVE FLY TO THE SHINY SKY DAY1,Spread the Wings!!,全員,関根瞳;近藤玲奈;峯田茉優;礒部花凜;菅沼千紗;八巻アンナ;成海瑠奈;結名美月;黒木ほの香;前川涼子;芝崎典子;河野ひより;白石晴香;永井真里子;丸岡和佳奈;涼本あきほ,スパークルイルミネーション;シンフォニックスチーム;ブレイブヒーロージャージ;ウィッシュフルリリー
2,2019/03/09,THE IDOLM@STER SHINY COLORS 1stLIVE FLY TO THE SHINY SKY DAY1,ヒカリのdestination,イルミネーションスターズ,関根瞳;近藤玲奈;峯田茉優,スパークルイルミネーション
3,2019/03/09,THE IDOLM@STER SHINY COLORS 1stLIVE FLY TO THE SHINY SKY DAY1,虹になれ,イルミネーションスターズ,関根瞳;近藤玲奈;峯田茉優,スパークルイルミネーション
4,2019/03/09,THE IDOLM@STER SHINY COLORS 1stLIVE FLY TO THE SHINY SKY DAY1,バベルシティ・グレイス,アンティーカ,礒部花凜;菅沼千紗;八巻アンナ;成海瑠奈;結名美月,シンフォニックスチーム
5,2019/03/09,THE IDOLM@STER SHINY COLORS 1stLIVE FLY TO THE SHINY SKY DAY1,幻惑SILHOUETTE,アンティーカ,礒部花凜;菅沼千紗;八巻アンナ;成海瑠奈;結名美月,シンフォニックスチーム
6,2019/03/09,THE IDOLM@STER SHINY COLORS 1stLIVE FLY TO THE SHINY SKY DAY1,夢咲きAfter school,放課後クライマックスガールズ,河野ひより;白石晴香;永井真里子;丸岡和佳奈;涼本あきほ,ブレイブヒーロージャージ
7,2019/03/09,THE IDOLM@STER SHINY COLORS 1stLIVE FLY TO THE SHINY SKY DAY1,太陽キッス,放課後クライマックスガールズ,河野ひより;白石晴香;永井真里子;丸岡和佳奈;涼本あきほ,ブレイブヒーロージャージ
8,2019/03/09,THE IDOLM@STER SHINY COLORS 1stLIVE FLY TO THE SHINY SKY DAY1,アルストロメリア,アルストロメリア,黒木ほの香;前川涼子;芝崎典子,ウィッシュフルリリー
9,2019/03/09,THE IDOLM@STER SHINY COLORS 1stLIVE FLY TO THE SHINY SKY DAY1,ハピリリ,アルストロメリア,黒木ほの香;前川涼子;芝崎典子,ウィッシュフルリリー
10,2019/03/09,THE IDOLM@STER SHINY COLORS 1stLIVE FLY TO THE SHINY SKY DAY1,SNOW FLAKES MEMORIES,全員,関根瞳;近藤玲奈;峯田茉優;礒部花凜;菅沼千紗;八巻アンナ;成海瑠奈;結名美月;黒木ほの香;前川涼子;芝崎典子;河野ひより;白石晴香;永井真里子;丸岡和佳奈;涼本あきほ,スパークルイルミネーション;シンフォニックスチーム;ブレイブヒーロージャージ;ウィッシュフルリリー
11,2019/03/09,THE IDOLM@STER SHINY COLORS 1stLIVE FLY TO THE SHINY SKY DAY1,Let's get a chance,全員,関根瞳;近藤玲奈;峯田茉優;礒部花凜;菅沼千紗;八巻アンナ;成海瑠奈;結名美月;黒木ほの香;前川涼子;芝崎典子;河野ひより;白石晴香;永井真里子;丸岡和佳奈;涼本あきほ,スパークルイルミネーション;シンフォニックスチーム;ブレイブヒーロージャージ;ウィッシュフルリリー
12,2019/03/09,THE IDOLM@STER SHINY COLORS 1stLIVE FLY TO THE SHINY SKY DAY1,Spread the Wings!!,全員,関根瞳;近藤玲奈;峯田茉優;礒部花凜;菅沼千紗;八巻アンナ;成海瑠奈;結名美月;黒木ほの香;前川涼子;芝崎典子;河野ひより;白石晴香;永井真里子;丸岡和佳奈;涼本あきほ,ビヨンドザブルースカイ
13,2019/03/09,THE IDOLM@STER SHINY COLORS 1stLIVE FLY TO THE SHINY SKY DAY1,Ambitious Eve,全員,関根瞳;近藤玲奈;峯田茉優;礒部花凜;菅沼千紗;八巻アンナ;成海瑠奈;結名美月;黒木ほの香;前川涼子;芝崎典子;河野ひより;白石晴香;永井真里子;丸岡和佳奈;涼本あきほ,ビヨンドザブルースカイ
14,2019/03/09,THE IDOLM@STER SHINY COLORS 1stLIVE FLY TO THE SHINY SKY DAY1,Multicolored Sky,全員,関根瞳;近藤玲奈;峯田茉優;礒部花凜;菅沼千紗;八巻アンナ;成海瑠奈;結名美月;黒木ほの香;前川涼子;芝崎典子;河野ひより;白石晴香;永井真里子;丸岡和佳奈;涼本あきほ,ビヨンドザブルースカイ
1,2019/03/10,THE IDOLM@STER SHINY COLORS 1stLIVE FLY TO THE SHINY SKY DAY2 昼公演,Spread the Wings!!,全員,関根瞳;近藤玲奈;峯田茉優;礒部花凜;菅沼千紗;八巻アンナ;成海瑠奈;結名美月;黒木ほの香;前川涼子;芝崎典子;河野ひより;白石晴香;永井真里子;丸岡和佳奈;涼本あきほ,スパークルイルミネーション;シンフォニックスチーム;ブレイブヒーロージャージ;ウィッシュフルリリー
2,2019/03/10,THE IDOLM@STER SHINY COLORS 1stLIVE FLY TO THE SHINY SKY DAY2 昼公演,ヒカリのdestination,イルミネーションスターズ,関根瞳;近藤玲奈;峯田茉優,スパークルイルミネーション
3,2019/03/10,THE IDOLM@STER SHINY COLORS 1stLIVE FLY TO THE SHINY SKY DAY2 昼公演,虹になれ,イルミネーションスターズ,関根瞳;近藤玲奈;峯田茉優,スパークルイルミネーション
4,2019/03/10,THE IDOLM@STER SHINY COLORS 1stLIVE FLY TO THE SHINY SKY DAY2 昼公演,バベルシティ・グレイス,アンティーカ,礒部花凜;菅沼千紗;八巻アンナ;成海瑠奈;結名美月,シンフォニックスチーム
5,2019/03/10,THE IDOLM@STER SHINY COLORS 1stLIVE FLY TO THE SHINY SKY DAY2 昼公演,幻惑SILHOUETTE,アンティーカ,礒部花凜;菅沼千紗;八巻アンナ;成海瑠奈;結名美月,シンフォニックスチーム
6,2019/03/10,THE IDOLM@STER SHINY COLORS 1stLIVE FLY TO THE SHINY SKY DAY2 昼公演,夢咲きAfter school,放課後クライマックスガールズ,河野ひより;白石晴香;永井真里子;丸岡和佳奈;涼本あきほ,ブレイブヒーロージャージ
7,2019/03/10,THE IDOLM@STER SHINY COLORS 1stLIVE FLY TO THE SHINY SKY DAY2 昼公演,太陽キッス,放課後クライマックスガールズ,河野ひより;白石晴香;永井真里子;丸岡和佳奈;涼本あきほ,ブレイブヒーロージャージ
8,2019/03/10,THE IDOLM@STER SHINY COLORS 1stLIVE FLY TO THE SHINY SKY DAY2 昼公演,アルストロメリア,アルストロメリア,黒木ほの香;前川涼子;芝崎典子,ウィッシュフルリリー
9,2019/03/10,THE IDOLM@STER SHINY COLORS 1stLIVE FLY TO THE SHINY SKY DAY2 昼公演,ハピリリ,アルストロメリア,黒木ほの香;前川涼子;芝崎典子,ウィッシュフルリリー
10,2019/03/10,THE IDOLM@STER SHINY COLORS 1stLIVE FLY TO THE SHINY SKY DAY2 昼公演,SNOW FLAKES MEMORIES,全員,関根瞳;近藤玲奈;峯田茉優;礒部花凜;菅沼千紗;八巻アンナ;成海瑠奈;結名美月;黒木ほの香;前川涼子;芝崎典子;河野ひより;白石晴香;永井真里子;丸岡和佳奈;涼本あきほ,スパークルイルミネーション;シンフォニックスチーム;ブレイブヒーロージャージ;ウィッシュフルリリー
11,2019/03/10,THE IDOLM@STER SHINY COLORS 1stLIVE FLY TO THE SHINY SKY DAY2 昼公演,Let's get a chance,全員,関根瞳;近藤玲奈;峯田茉優;礒部花凜;菅沼千紗;八巻アンナ;成海瑠奈;結名美月;黒木ほの香;前川涼子;芝崎典子;河野ひより;白石晴香;永井真里子;丸岡和佳奈;涼本あきほ,スパークルイルミネーション;シンフォニックスチーム;ブレイブヒーロージャージ;ウィッシュフルリリー
12,2019/03/10,THE IDOLM@STER SHINY COLORS 1stLIVE FLY TO THE SHINY SKY DAY2 昼公演,Spread the Wings!!,全員,関根瞳;近藤玲奈;峯田茉優;礒部花凜;菅沼千紗;八巻アンナ;成海瑠奈;結名美月;黒木ほの香;前川涼子;芝崎典子;河野ひより;白石晴香;永井真里子;丸岡和佳奈;涼本あきほ,ビヨンドザブルースカイ
13,2019/03/10,THE IDOLM@STER SHINY COLORS 1stLIVE FLY TO THE SHINY SKY DAY2 昼公演,Ambitious Eve,全員,関根瞳;近藤玲奈;峯田茉優;礒部花凜;菅沼千紗;八巻アンナ;成海瑠奈;結名美月;黒木ほの香;前川涼子;芝崎典子;河野ひより;白石晴香;永井真里子;丸岡和佳奈;涼本あきほ,ビヨンドザブルースカイ
14,2019/03/10,THE IDOLM@STER SHINY COLORS 1stLIVE FLY TO THE SHINY SKY DAY2 昼公演,Multicolored Sky,全員,関根瞳;近藤玲奈;峯田茉優;礒部花凜;菅沼千紗;八巻アンナ;成海瑠奈;結名美月;黒木ほの香;前川涼子;芝崎典子;河野ひより;白石晴香;永井真里子;丸岡和佳奈;涼本あきほ,ビヨンドザブルースカイ
1,2019/03/10,THE IDOLM@STER SHINY COLORS 1stLIVE FLY TO THE SHINY SKY DAY2 夜公演,Spread the Wings!!,全員,関根瞳;近藤玲奈;峯田茉優;礒部花凜;菅沼千紗;八巻アンナ;成海瑠奈;結名美月;黒木ほの香;前川涼子;芝崎典子;河野ひより;白石晴香;永井真里子;丸岡和佳奈;涼本あきほ,スパークルイルミネーション;シンフォニックスチーム;ブレイブヒーロージャージ;ウィッシュフルリリー
2,2019/03/10,THE IDOLM@STER SHINY COLORS 1stLIVE FLY TO THE SHINY SKY DAY2 夜公演,ヒカリのdestination,イルミネーションスターズ,関根瞳;近藤玲奈;峯田茉優,スパークルイルミネーション
3,2019/03/10,THE IDOLM@STER SHINY COLORS 1stLIVE FLY TO THE SHINY SKY DAY2 夜公演,虹になれ,イルミネーションスターズ,関根瞳;近藤玲奈;峯田茉優,スパークルイルミネーション
4,2019/03/10,THE IDOLM@STER SHINY COLORS 1stLIVE FLY TO THE SHINY SKY DAY2 夜公演,バベルシティ・グレイス,アンティーカ,礒部花凜;菅沼千紗;八巻アンナ;成海瑠奈;結名美月,シンフォニックスチーム
5,2019/03/10,THE IDOLM@STER SHINY COLORS 1stLIVE FLY TO THE SHINY SKY DAY2 夜公演,幻惑SILHOUETTE,アンティーカ,礒部花凜;菅沼千紗;八巻アンナ;成海瑠奈;結名美月,シンフォニックスチーム
6,2019/03/10,THE IDOLM@STER SHINY COLORS 1stLIVE FLY TO THE SHINY SKY DAY2 夜公演,夢咲きAfter school,放課後クライマックスガールズ,河野ひより;白石晴香;永井真里子;丸岡和佳奈;涼本あきほ,ブレイブヒーロージャージ
7,2019/03/10,THE IDOLM@STER SHINY COLORS 1stLIVE FLY TO THE SHINY SKY DAY2 夜公演,太陽キッス,放課後クライマックスガールズ,河野ひより;白石晴香;永井真里子;丸岡和佳奈;涼本あきほ,ブレイブヒーロージャージ
8,2019/03/10,THE IDOLM@STER SHINY COLORS 1stLIVE FLY TO THE SHINY SKY DAY2 夜公演,アルストロメリア,アルストロメリア,黒木ほの香;前川涼子;芝崎典子,ウィッシュフルリリー
9,2019/03/10,THE IDOLM@STER SHINY COLORS 1stLIVE FLY TO THE SHINY SKY DAY2 夜公演,ハピリリ,アルストロメリア,黒木ほの香;前川涼子;芝崎典子,ウィッシュフルリリー
10,2019/03/10,THE IDOLM@STER SHINY COLORS 1stLIVE FLY TO THE SHINY SKY DAY2 夜公演,SNOW FLAKES MEMORIES,全員,関根瞳;近藤玲奈;峯田茉優;礒部花凜;菅沼千紗;八巻アンナ;成海瑠奈;結名美月;黒木ほの香;前川涼子;芝崎典子;河野ひより;白石晴香;永井真里子;丸岡和佳奈;涼本あきほ,スパークルイルミネーション;シンフォニックスチーム;ブレイブヒーロージャージ;ウィッシュフルリリー
11,2019/03/10,THE IDOLM@STER SHINY COLORS 1stLIVE FLY TO THE SHINY SKY DAY2 夜公演,Let's get a chance,全員,関根瞳;近藤玲奈;峯田茉優;礒部花凜;菅沼千紗;八巻アンナ;成海瑠奈;結名美月;黒木ほの香;前川涼子;芝崎典子;河野ひより;白石晴香;永井真里子;丸岡和佳奈;涼本あきほ,スパークルイルミネーション;シンフォニックスチーム;ブレイブヒーロージャージ;ウィッシュフルリリー
12,2019/03/10,THE IDOLM@STER SHINY COLORS 1stLIVE FLY TO THE SHINY SKY DAY2 夜公演,Spread the Wings!!,全員,関根瞳;近藤玲奈;峯田茉優;礒部花凜;菅沼千紗;八巻アンナ;成海瑠奈;結名美月;黒木ほの香;前川涼子;芝崎典子;河野ひより;白石晴香;永井真里子;丸岡和佳奈;涼本あきほ,ビヨンドザブルースカイ
13,2019/03/10,THE IDOLM@STER SHINY COLORS 1stLIVE FLY TO THE SHINY SKY DAY2 夜公演,Ambitious Eve,全員,関根瞳;近藤玲奈;峯田茉優;礒部花凜;菅沼千紗;八巻アンナ;成海瑠奈;結名美月;黒木ほの香;前川涼子;芝崎典子;河野ひより;白石晴香;永井真里子;丸岡和佳奈;涼本あきほ,ビヨンドザブルースカイ
14,2019/03/10,THE IDOLM@STER SHINY COLORS 1stLIVE FLY TO THE SHINY SKY DAY2 夜公演,Multicolored Sky,全員,関根瞳;近藤玲奈;峯田茉優;礒部花凜;菅沼千紗;八巻アンナ;成海瑠奈;結名美月;黒木ほの香;前川涼子;芝崎典子;河野ひより;白石晴香;永井真里子;丸岡和佳奈;涼本あきほ,ビヨンドザブルースカイ
1,2019/04/21,THE IDOLM@STER SHINY COLORS FR@GMENT WING 01発売記念イベント 【2019年4月21日(日)公演】第一回,Ambitious Eve,アルストロメリア;ストレイライト,黒木ほの香;前川涼子;芝崎典子;田中有紀;幸村恵理;北原沙弥香,ウィッシュフルリリー;ネオンライトロマンサー
2,2019/04/21,THE IDOLM@STER SHINY COLORS FR@GMENT WING 01発売記念イベント 【2019年4月21日(日)公演】第一回,いつか Shiny Days,アルストロメリア;ストレイライト,黒木ほの香;前川涼子;芝崎典子;田中有紀;幸村恵理;北原沙弥香,ウィッシュフルリリー;ネオンライトロマンサー
1,2019/04/21,THE IDOLM@STER SHINY COLORS FR@GMENT WING 01発売記念イベント 【2019年4月21日(日)公演】第二回,Ambitious Eve,アンティーカ;ストレイライト,礒部花凜;菅沼千紗;八巻アンナ;成海瑠奈;結名美月;田中有紀;幸村恵理;北原沙弥香,シンフォニックスチーム;ネオンライトロマンサー
2,2019/04/21,THE IDOLM@STER SHINY COLORS FR@GMENT WING 01発売記念イベント 【2019年4月21日(日)公演】第二回,いつか Shiny Days,アンティーカ;ストレイライト,礒部花凜;菅沼千紗;八巻アンナ;成海瑠奈;結名美月;田中有紀;幸村恵理;北原沙弥香,シンフォニックスチーム;ネオンライトロマンサー
1,2019/05/05,THE IDOLM@STER SHINY COLORS FR@GMENT WING 01発売記念イベント 【2019年5月5日(日)公演】第一回,Ambitious Eve,イルミネーションスターズ;ストレイライト,関根瞳;近藤玲奈;峯田茉優;田中有紀;幸村恵理;北原沙弥香,スパークルイルミネーション;ネオンライトロマンサー
2,2019/05/05,THE IDOLM@STER SHINY COLORS FR@GMENT WING 01発売記念イベント 【2019年5月5日(日)公演】第一回,いつか Shiny Days,イルミネーションスターズ;ストレイライト,関根瞳;近藤玲奈;峯田茉優;田中有紀;幸村恵理;北原沙弥香,スパークルイルミネーション;ネオンライトロマンサー
1,2019/05/05,THE IDOLM@STER SHINY COLORS FR@GMENT WING 01発売記念イベント 【2019年5月5日(日)公演】第二回,Ambitious Eve,放課後クライマックスガールズ;ストレイライト,河野ひより;白石晴香;永井真里子;丸岡和佳奈;涼本あきほ;田中有紀;幸村恵理;北原沙弥香,ブレイブヒーロージャージ;ネオンライトロマンサー
2,2019/05/05,THE IDOLM@STER SHINY COLORS FR@GMENT WING 01発売記念イベント 【2019年5月5日(日)公演】第二回,いつか Shiny Days,放課後クライマックスガールズ;ストレイライト,河野ひより;白石晴香;永井真里子;丸岡和佳奈;涼本あきほ;田中有紀;幸村恵理;北原沙弥香,ブレイブヒーロージャージ;ネオンライトロマンサー
1,2019/05/26,THE IDOLM@STER SHINY COLORS FR@GMENT WING 02発売記念イベント第一回,We can go now!,イルミネーションスターズ,関根瞳;近藤玲奈;峯田茉優,スパークルイルミネーション
2,2019/05/26,THE IDOLM@STER SHINY COLORS FR@GMENT WING 02発売記念イベント第一回,トライアングル,イルミネーションスターズ,関根瞳;近藤玲奈;峯田茉優,スパークルイルミネーション
1,2019/05/26,THE IDOLM@STER SHINY COLORS FR@GMENT WING 02発売記念イベント第二回,We can go now!,イルミネーションスターズ,関根瞳;近藤玲奈;峯田茉優,スパークルイルミネーション
2,2019/05/26,THE IDOLM@STER SHINY COLORS FR@GMENT WING 02発売記念イベント第二回,トライアングル,イルミネーションスターズ,関根瞳;近藤玲奈;峯田茉優,スパークルイルミネーション
1,2019/06/22, 20th Anniversary Live ランティス祭り2019 A・R・I・G・A・T・O ANISONG DAY-02,Ambitious Eve,イルミネーションスターズ;アンティーカ;放課後クライマックスガールズ;アルストロメリア,関根瞳;近藤玲奈;峯田茉優;礒部花凜;菅沼千紗;八巻アンナ;成海瑠奈;結名美月;黒木ほの香;前川涼子;芝崎典子;河野ひより;白石晴香;永井真里子;丸岡和佳奈;涼本あきほ,ビヨンドザブルースカイ
2,2019/06/22, 20th Anniversary Live ランティス祭り2019 A・R・I・G・A・T・O ANISONG DAY-02,Spread the Wings!! ,イルミネーションスターズ;アンティーカ;放課後クライマックスガールズ;アルストロメリア,関根瞳;近藤玲奈;峯田茉優;礒部花凜;菅沼千紗;八巻アンナ;成海瑠奈;結名美月;黒木ほの香;前川涼子;芝崎典子;河野ひより;白石晴香;永井真里子;丸岡和佳奈;涼本あきほ,ビヨンドザブルースカイ
1,2019/07/07,THE IDOLM@STER SHINY COLORS FR@GMENT WING 03発売記念イベント第一回,NEO THEORY FANTASY,アンティーカ,礒部花凜;菅沼千紗;八巻アンナ;成海瑠奈;結名美月,シンフォニックスチーム
2,2019/07/07,THE IDOLM@STER SHINY COLORS FR@GMENT WING 03発売記念イベント第一回,ラビリンス・レジスタンス,アンティーカ,礒部花凜;菅沼千紗;八巻アンナ;成海瑠奈;結名美月,シンフォニックスチーム
1,2019/07/07,THE IDOLM@STER SHINY COLORS FR@GMENT WING 03発売記念イベント第二回,NEO THEORY FANTASY,アンティーカ,礒部花凜;菅沼千紗;八巻アンナ;成海瑠奈;結名美月,シンフォニックスチーム
2,2019/07/07,THE IDOLM@STER SHINY COLORS FR@GMENT WING 03発売記念イベント第二回,ラビリンス・レジスタンス,アンティーカ,礒部花凜;菅沼千紗;八巻アンナ;成海瑠奈;結名美月,シンフォニックスチーム
1,2019/07/21,THE IDOLM@STER SHINY COLORS FR@GMENT WING 04発売記念イベント第一回,ビーチブレイバー,放課後クライマックスガールズ,河野ひより;白石晴香;永井真里子;丸岡和佳奈;涼本あきほ,ブレイブヒーロージャージ
2,2019/07/21,THE IDOLM@STER SHINY COLORS FR@GMENT WING 04発売記念イベント第一回,よりみちサンセット,放課後クライマックスガールズ,河野ひより;白石晴香;永井真里子;丸岡和佳奈;涼本あきほ,ブレイブヒーロージャージ
1,2019/07/21,THE IDOLM@STER SHINY COLORS FR@GMENT WING 04発売記念イベント第二回,ビーチブレイバー,放課後クライマックスガールズ,河野ひより;白石晴香;永井真里子;丸岡和佳奈;涼本あきほ,ブレイブヒーロージャージ
2,2019/07/21,THE IDOLM@STER SHINY COLORS FR@GMENT WING 04発売記念イベント第二回,よりみちサンセット,放課後クライマックスガールズ,河野ひより;白石晴香;永井真里子;丸岡和佳奈;涼本あきほ,ブレイブヒーロージャージ
1,2019/08/18,THE IDOLM@STER SHINY COLORS SUMMER PARTY 2019 昼公演,Spread the Wings!!,全員,関根瞳;近藤玲奈;峯田茉優;礒部花凜;菅沼千紗;八巻アンナ;成海瑠奈;結名美月;田中有紀;幸村恵理;北原沙弥香,イノセントセーラー
2,2019/08/18,THE IDOLM@STER SHINY COLORS SUMMER PARTY 2019 昼公演,虹になれ,イルミネーションスターズ,関根瞳;近藤玲奈;峯田茉優,スパークルイルミネーション
3,2019/08/18,THE IDOLM@STER SHINY COLORS SUMMER PARTY 2019 昼公演,We can go now!,イルミネーションスターズ,関根瞳;近藤玲奈;峯田茉優,スパークルイルミネーション
4,2019/08/18,THE IDOLM@STER SHINY COLORS SUMMER PARTY 2019 昼公演,幻惑SILHOUETTE,アンティーカ,礒部花凜;菅沼千紗;八巻アンナ;成海瑠奈;結名美月,シンフォニックスチーム
5,2019/08/18,THE IDOLM@STER SHINY COLORS SUMMER PARTY 2019 昼公演,NEO THEORY FANTASY,アンティーカ,礒部花凜;菅沼千紗;八巻アンナ;成海瑠奈;結名美月,シンフォニックスチーム
6,2019/08/18,THE IDOLM@STER SHINY COLORS SUMMER PARTY 2019 昼公演,Wandering Dream Chaser,ストレイライト,田中有紀;幸村恵理;北原沙弥香,ネオンライトロマンサー
7,2019/08/18,THE IDOLM@STER SHINY COLORS SUMMER PARTY 2019 昼公演,Ambitious Eve,全員,関根瞳;近藤玲奈;峯田茉優;礒部花凜;菅沼千紗;八巻アンナ;成海瑠奈;結名美月;田中有紀;幸村恵理;北原沙弥香,スパークルイルミネーション;シンフォニックスチーム;ネオンライトロマンサー
8,2019/08/18,THE IDOLM@STER SHINY COLORS SUMMER PARTY 2019 昼公演,いつか Shiny Days,全員,関根瞳;近藤玲奈;峯田茉優;礒部花凜;菅沼千紗;八巻アンナ;成海瑠奈;結名美月;田中有紀;幸村恵理;北原沙弥香,スパークルイルミネーション;シンフォニックスチーム;ネオンライトロマンサー
1,2019/08/18,THE IDOLM@STER SHINY COLORS SUMMER PARTY 2019 夜公演,Spread the Wings!!,全員,河野ひより;白石晴香;永井真里子;丸岡和佳奈;涼本あきほ;黒木ほの香;前川涼子;芝崎典子;田中有紀;幸村恵理;北原沙弥香,イノセントセーラー
2,2019/08/18,THE IDOLM@STER SHINY COLORS SUMMER PARTY 2019 夜公演,ハピリリ,アルストロメリア,黒木ほの香;前川涼子;芝崎典子,ウィッシュフルリリー
3,2019/08/18,THE IDOLM@STER SHINY COLORS SUMMER PARTY 2019 夜公演,Bloomy!,アルストロメリア,黒木ほの香;前川涼子;芝崎典子,ウィッシュフルリリー
4,2019/08/18,THE IDOLM@STER SHINY COLORS SUMMER PARTY 2019 夜公演,太陽キッス,放課後クライマックスガールズ,河野ひより;白石晴香;永井真里子;丸岡和佳奈;涼本あきほ,ブレイブヒーロージャージ
5,2019/08/18,THE IDOLM@STER SHINY COLORS SUMMER PARTY 2019 夜公演,ビーチブレイバー,放課後クライマックスガールズ,河野ひより;白石晴香;永井真里子;丸岡和佳奈;涼本あきほ,ブレイブヒーロージャージ
6,2019/08/18,THE IDOLM@STER SHINY COLORS SUMMER PARTY 2019 夜公演,Wandering Dream Chaser,ストレイライト,田中有紀;幸村恵理;北原沙弥香,ネオンライトロマンサー
7,2019/08/18,THE IDOLM@STER SHINY COLORS SUMMER PARTY 2019 夜公演,Ambitious Eve,全員,河野ひより;白石晴香;永井真里子;丸岡和佳奈;涼本あきほ;黒木ほの香;前川涼子;芝崎典子;田中有紀;幸村恵理;北原沙弥香,ウィッシュフルリリー;ブレイブヒーロージャージ;ネオンライトロマンサー
8,2019/08/18,THE IDOLM@STER SHINY COLORS SUMMER PARTY 2019 夜公演,いつか Shiny Days,全員,河野ひより;白石晴香;永井真里子;丸岡和佳奈;涼本あきほ;黒木ほの香;前川涼子;芝崎典子;田中有紀;幸村恵理;北原沙弥香,ウィッシュフルリリー;ブレイブヒーロージャージ;ネオンライトロマンサー
1,2019/09/15,THE IDOLM@STER SHINY COLORS FR@GMENT WING 05発売記念イベント第一回,Bloomy!,アルストロメリア,黒木ほの香;前川涼子;芝崎典子,ウィッシュフルリリー
2,2019/09/15,THE IDOLM@STER SHINY COLORS FR@GMENT WING 05発売記念イベント第一回,Love Addiction,アルストロメリア,黒木ほの香;前川涼子;芝崎典子,ウィッシュフルリリー
1,2019/09/15,THE IDOLM@STER SHINY COLORS FR@GMENT WING 05発売記念イベント第二回,Bloomy!,アルストロメリア,黒木ほの香;前川涼子;芝崎典子,ウィッシュフルリリー
2,2019/09/15,THE IDOLM@STER SHINY COLORS FR@GMENT WING 05発売記念イベント第二回,Love Addiction,アルストロメリア,黒木ほの香;前川涼子;芝崎典子,ウィッシュフルリリー
1,2019/10/06,THE IDOLM@STER SHINY COLORS FR@GMENT WING 06発売記念イベント第一回,Wandering Dream Chaser,ストレイライト,田中有紀;幸村恵理;北原沙弥香,ネオンライトロマンサー
2,2019/10/06,THE IDOLM@STER SHINY COLORS FR@GMENT WING 06発売記念イベント第一回,Transcending The World,ストレイライト,田中有紀;幸村恵理;北原沙弥香,ネオンライトロマンサー
1,2019/10/06,THE IDOLM@STER SHINY COLORS FR@GMENT WING 06発売記念イベント第二回,Wandering Dream Chaser,ストレイライト,田中有紀;幸村恵理;北原沙弥香,ネオンライトロマンサー
2,2019/10/06,THE IDOLM@STER SHINY COLORS FR@GMENT WING 06発売記念イベント第二回,Transcending The World,ストレイライト,田中有紀;幸村恵理;北原沙弥香,ネオンライトロマンサー
1,2019/10/20,バンダイナムコエンターテインメントフェスティバル DAY2,ヒカリのdestination,イルミネーションスターズ,関根瞳;近藤玲奈;峯田茉優,スパークルイルミネーション
2,2019/10/20,バンダイナムコエンターテインメントフェスティバル DAY2,アルストロメリア,アルストロメリア,黒木ほの香;前川涼子;芝崎典子,ウィッシュフルリリー
3,2019/10/20,バンダイナムコエンターテインメントフェスティバル DAY2,夢咲きAfter school,放課後クライマックスガールズ,河野ひより;白石晴香;永井真里子;丸岡和佳奈;涼本あきほ,ブレイブヒーロージャージ
4,2019/10/20,バンダイナムコエンターテインメントフェスティバル DAY2,バベルシティ・グレイス ,アンティーカ,礒部花凜;菅沼千紗;八巻アンナ;成海瑠奈;結名美月,シンフォニックスチーム
5,2019/10/20,バンダイナムコエンターテインメントフェスティバル DAY2,Wandering Dream Chaser,ストレイライト,田中有紀;幸村恵理;北原沙弥香,ネオンライトロマンサー
6,2019/10/20,バンダイナムコエンターテインメントフェスティバル DAY2,Spread the Wings!! ,イルミネーションスターズ;アンティーカ;放課後クライマックスガールズ;アルストロメリア;ストレイライト,関根瞳;近藤玲奈;峯田茉優;礒部花凜;菅沼千紗;八巻アンナ;成海瑠奈;結名美月;黒木ほの香;前川涼子;芝崎典子;河野ひより;白石晴香;永井真里子;丸岡和佳奈;涼本あきほ;田中有紀;幸村恵理;北原沙弥香,スパークルイルミネーション;シンフォニックスチーム;ブレイブヒーロージャージ;ウィッシュフルリリー;ネオンライトロマンサー
1,2019/10/27,283プロダクション プロデューサー感謝祭～1.5 Anniversary Festival!!～,Ambitious Eve,全員,関根瞳;近藤玲奈;峯田茉優;礒部花凜;菅沼千紗;八巻アンナ;成海瑠奈;結名美月;河野ひより;白石晴香;永井真里子;丸岡和佳奈;涼本あきほ;黒木ほの香;前川涼子;芝崎典子;田中有紀;幸村恵理;北原沙弥香,スパークルイルミネーション;シンフォニックスチーム;ブレイブヒーロージャージ;ウィッシュフルリリー;ネオンライトロマンサー
2,2019/10/27,283プロダクション プロデューサー感謝祭～1.5 Anniversary Festival!!～,We can go now!,イルミネーションスターズ,関根瞳;近藤玲奈;峯田茉優,スパークルイルミネーション
3,2019/10/27,283プロダクション プロデューサー感謝祭～1.5 Anniversary Festival!!～,NEO THEORY FANTASY,アンティーカ,礒部花凜;菅沼千紗;八巻アンナ;成海瑠奈;結名美月,シンフォニックスチーム
4,2019/10/27,283プロダクション プロデューサー感謝祭～1.5 Anniversary Festival!!～,ビーチブレイバー,放課後クライマックスガールズ,河野ひより;白石晴香;永井真里子;丸岡和佳奈;涼本あきほ,ブレイブヒーロージャージ
5,2019/10/27,283プロダクション プロデューサー感謝祭～1.5 Anniversary Festival!!～,Bloomy!,アルストロメリア,黒木ほの香;前川涼子;芝崎典子,ウィッシュフルリリー
6,2019/10/27,283プロダクション プロデューサー感謝祭～1.5 Anniversary Festival!!～,Wandering Dream Chaser,ストレイライト,田中有紀;幸村恵理;北原沙弥香,ネオンライトロマンサー
7,2019/10/27,283プロダクション プロデューサー感謝祭～1.5 Anniversary Festival!!～,Spread the Wings!!,全員,関根瞳;近藤玲奈;峯田茉優;礒部花凜;菅沼千紗;八巻アンナ;成海瑠奈;結名美月;河野ひより;白石晴香;永井真里子;丸岡和佳奈;涼本あきほ;黒木ほの香;前川涼子;芝崎典子;田中有紀;幸村恵理;北原沙弥香,スパークルイルミネーション;シンフォニックスチーム;ブレイブヒーロージャージ;ウィッシュフルリリー;ネオンライトロマンサー
1,2020/09/24,フジテレビ『この指と～まれ！season4 TIFオンライン2020直前SP』,Wandering Dream Chaser(short),ストレイライト,田中有紀;幸村恵理;北原沙弥香,ネオンライトロマンサー
1,2020/10/02,TOKYO IDOL FESTIVAL オンライン 2020 Day1,バベルシティ・グレイス ,アンティーカ,礒部花凜;菅沼千紗;八巻アンナ;成海瑠奈;結名美月,シンフォニックスチーム
2,2020/10/02,TOKYO IDOL FESTIVAL オンライン 2020 Day1,NEO THEORY FANTASY,アンティーカ,礒部花凜;菅沼千紗;八巻アンナ;成海瑠奈;結名美月,シンフォニックスチーム
3,2020/10/02,TOKYO IDOL FESTIVAL オンライン 2020 Day1,Wandering Dream Chaser,ストレイライト,田中有紀;幸村恵理;北原沙弥香,ネオンライトロマンサー
4,2020/10/02,TOKYO IDOL FESTIVAL オンライン 2020 Day1,Transcending The World,ストレイライト,田中有紀;幸村恵理;北原沙弥香,ネオンライトロマンサー
5,2020/10/02,TOKYO IDOL FESTIVAL オンライン 2020 Day1,Let's get a chance ,アンティーカ;ストレイライト,礒部花凜;菅沼千紗;八巻アンナ;成海瑠奈;結名美月;田中有紀;幸村恵理;北原沙弥香,シンフォニックスチーム;ネオンライトロマンサー
1,2020/10/25,SONGS OF TOKYO Festival 2020 Part2,Spread the Wings!! (short),イルミネーションスターズ,関根瞳;近藤玲奈;峯田茉優,ビヨンドザブルースカイ
2,2020/10/25,SONGS OF TOKYO Festival 2020 Part2,なんどでも笑おう(short),イルミネーションスターズ;その他,関根瞳;近藤玲奈;峯田茉優;その他,ビヨンドザブルースカイ
1,2020/10/31,THE IDOLM@STER SHINY COLORS MUSIC DAWN DAY1,Wandering Dream Chaser,ストレイライト,田中有紀;幸村恵理;北原沙弥香,ネオンライトロマンサー
2,2020/10/31,THE IDOLM@STER SHINY COLORS MUSIC DAWN DAY1,Destined Rival,ストレイライト,田中有紀;幸村恵理;北原沙弥香,ネオンライトロマンサー
3,2020/10/31,THE IDOLM@STER SHINY COLORS MUSIC DAWN DAY1,NEO THEORY FANTASY,アンティーカ,礒部花凜;菅沼千紗;八巻アンナ;成海瑠奈;結名美月,シンフォニックスチーム
4,2020/10/31,THE IDOLM@STER SHINY COLORS MUSIC DAWN DAY1,幻惑SILHOUETTE,アンティーカ,礒部花凜;菅沼千紗;八巻アンナ;成海瑠奈;結名美月,シンフォニックスチーム
5,2020/10/31,THE IDOLM@STER SHINY COLORS MUSIC DAWN DAY1,Bloomy!,アルストロメリア,黒木ほの香;前川涼子;芝崎典子,ウィッシュフルリリー
6,2020/10/31,THE IDOLM@STER SHINY COLORS MUSIC DAWN DAY1,ハピリリ,アルストロメリア,黒木ほの香;前川涼子;芝崎典子,ウィッシュフルリリー
7,2020/10/31,THE IDOLM@STER SHINY COLORS MUSIC DAWN DAY1,ビーチブレイバー,放課後クライマックスガールズ,河野ひより;白石晴香;永井真里子;丸岡和佳奈;涼本あきほ,ブレイブヒーロージャージ
8,2020/10/31,THE IDOLM@STER SHINY COLORS MUSIC DAWN DAY1,太陽キッス,放課後クライマックスガールズ,河野ひより;白石晴香;永井真里子;丸岡和佳奈;涼本あきほ,ブレイブヒーロージャージ
9,2020/10/31,THE IDOLM@STER SHINY COLORS MUSIC DAWN DAY1,We can go now!,イルミネーションスターズ,関根瞳;近藤玲奈;峯田茉優,スパークルイルミネーション
10,2020/10/31,THE IDOLM@STER SHINY COLORS MUSIC DAWN DAY1,虹になれ,イルミネーションスターズ,関根瞳;近藤玲奈;峯田茉優,スパークルイルミネーション
11,2020/10/31,THE IDOLM@STER SHINY COLORS MUSIC DAWN DAY1,いつだって僕らは,ノクチル,和久井優;土屋李央;田嶌紗蘭;岡咲美保,クリアマリンカーム
12,2020/10/31,THE IDOLM@STER SHINY COLORS MUSIC DAWN DAY1,あの花のように,ノクチル,和久井優;土屋李央;田嶌紗蘭;岡咲美保,クリアマリンカーム
13,2020/10/31,THE IDOLM@STER SHINY COLORS MUSIC DAWN DAY1,SWEET♡STEP,混合,近藤玲奈;礒部花凜;八巻アンナ;白石晴香;幸村恵理;田嶌紗蘭,ライブジャージ(アレンジver.)
14,2020/10/31,THE IDOLM@STER SHINY COLORS MUSIC DAWN DAY1,Let's get a chance,混合,峯田茉優;成海瑠奈;涼本あきほ;黒木ほの香;岡咲美保,ライブジャージ(アレンジver.)
15,2020/10/31,THE IDOLM@STER SHINY COLORS MUSIC DAWN DAY1,SNOW FLAKES MEMORIES,混合,菅沼千紗;永井真里子;芝崎典子;田中有紀;和久井優,ライブジャージ(アレンジver.)
16,2020/10/31,THE IDOLM@STER SHINY COLORS MUSIC DAWN DAY1,FUTURITY SMILE,混合,関根瞳;結名美月;丸岡和佳奈;前川涼子;北原沙弥香;土屋李央,ライブジャージ(アレンジver.)
17,2020/10/31,THE IDOLM@STER SHINY COLORS MUSIC DAWN DAY1,Spread the Wings!!,全員,関根瞳;近藤玲奈;峯田茉優;礒部花凜;菅沼千紗;八巻アンナ;成海瑠奈;結名美月;河野ひより;白石晴香;永井真里子;丸岡和佳奈;涼本あきほ;黒木ほの香;前川涼子;芝崎典子;田中有紀;幸村恵理;北原沙弥香;和久井優;土屋李央;田嶌紗蘭;岡咲美保,サンセットスカイパッセージ
18,2020/10/31,THE IDOLM@STER SHINY COLORS MUSIC DAWN DAY1,シャイノグラフィ,全員,関根瞳;近藤玲奈;峯田茉優;礒部花凜;菅沼千紗;八巻アンナ;成海瑠奈;結名美月;河野ひより;白石晴香;永井真里子;丸岡和佳奈;涼本あきほ;黒木ほの香;前川涼子;芝崎典子;田中有紀;幸村恵理;北原沙弥香;和久井優;土屋李央;田嶌紗蘭;岡咲美保,サンセットスカイパッセージ
1,2020/11/1,THE IDOLM@STER SHINY COLORS MUSIC DAWN DAY2,Hide & Attack,ストレイライト,田中有紀;幸村恵理;北原沙弥香,ネオンライトロマンサー
2,2020/11/1,THE IDOLM@STER SHINY COLORS MUSIC DAWN DAY2,Transcending The World,ストレイライト,田中有紀;幸村恵理;北原沙弥香,ネオンライトロマンサー
3,2020/11/1,THE IDOLM@STER SHINY COLORS MUSIC DAWN DAY2,バベルシティ・グレイス,アンティーカ,礒部花凜;菅沼千紗;八巻アンナ;成海瑠奈;結名美月,シンフォニックスチーム
4,2020/11/1,THE IDOLM@STER SHINY COLORS MUSIC DAWN DAY2,ラビリンス・レジスタンス,アンティーカ,礒部花凜;菅沼千紗;八巻アンナ;成海瑠奈;結名美月,シンフォニックスチーム
5,2020/11/1,THE IDOLM@STER SHINY COLORS MUSIC DAWN DAY2,アルストロメリア,アルストロメリア,黒木ほの香;前川涼子;芝崎典子,ウィッシュフルリリー
6,2020/11/1,THE IDOLM@STER SHINY COLORS MUSIC DAWN DAY2,Love Addiction,アルストロメリア,黒木ほの香;前川涼子;芝崎典子,ウィッシュフルリリー
7,2020/11/1,THE IDOLM@STER SHINY COLORS MUSIC DAWN DAY2,夢咲きAfter school,放課後クライマックスガールズ,河野ひより;白石晴香;永井真里子;丸岡和佳奈;涼本あきほ,ブレイブヒーロージャージ
8,2020/11/1,THE IDOLM@STER SHINY COLORS MUSIC DAWN DAY2,よりみちサンセット,放課後クライマックスガールズ,河野ひより;白石晴香;永井真里子;丸岡和佳奈;涼本あきほ,ブレイブヒーロージャージ
9,2020/11/1,THE IDOLM@STER SHINY COLORS MUSIC DAWN DAY2,ヒカリのdestination,イルミネーションスターズ,関根瞳;近藤玲奈;峯田茉優,スパークルイルミネーション
10,2020/11/1,THE IDOLM@STER SHINY COLORS MUSIC DAWN DAY2,トライアングル,イルミネーションスターズ,関根瞳;近藤玲奈;峯田茉優,スパークルイルミネーション
11,2020/11/1,THE IDOLM@STER SHINY COLORS MUSIC DAWN DAY2,いつだって僕らは,ノクチル,和久井優;田嶌紗蘭;岡咲美保,クリアマリンカーム
12,2020/11/1,THE IDOLM@STER SHINY COLORS MUSIC DAWN DAY2,あの花のように,ノクチル,和久井優;田嶌紗蘭;岡咲美保,クリアマリンカーム
13,2020/11/1,THE IDOLM@STER SHINY COLORS MUSIC DAWN DAY2,SWEET♡STEP,混合,近藤玲奈;礒部花凜;八巻アンナ;白石晴香;幸村恵理;田嶌紗蘭,ライブジャージ(アレンジver.)
14,2020/11/1,THE IDOLM@STER SHINY COLORS MUSIC DAWN DAY2,Let's get a chance,混合,峯田茉優;成海瑠奈;涼本あきほ;黒木ほの香;岡咲美保,ライブジャージ(アレンジver.)
15,2020/11/1,THE IDOLM@STER SHINY COLORS MUSIC DAWN DAY2,SNOW FLAKES MEMORIES,混合,菅沼千紗;永井真里子;芝崎典子;田中有紀;和久井優,ライブジャージ(アレンジver.)
16,2020/11/1,THE IDOLM@STER SHINY COLORS MUSIC DAWN DAY2,FUTURITY SMILE,混合,関根瞳;結名美月;河野ひより;丸岡和佳奈;前川涼子;北原沙弥香,ライブジャージ(アレンジver.)
17,2020/11/1,THE IDOLM@STER SHINY COLORS MUSIC DAWN DAY2,Spread the Wings!!,全員,関根瞳;近藤玲奈;峯田茉優;礒部花凜;菅沼千紗;八巻アンナ;成海瑠奈;結名美月;河野ひより;白石晴香;永井真里子;丸岡和佳奈;涼本あきほ;黒木ほの香;前川涼子;芝崎典子;田中有紀;幸村恵理;北原沙弥香;和久井優;田嶌紗蘭;岡咲美保,サンセットスカイパッセージ
18,2020/11/1,THE IDOLM@STER SHINY COLORS MUSIC DAWN DAY2,シャイノグラフィ,全員,関根瞳;近藤玲奈;峯田茉優;礒部花凜;菅沼千紗;八巻アンナ;成海瑠奈;結名美月;河野ひより;白石晴香;永井真里子;丸岡和佳奈;涼本あきほ;黒木ほの香;前川涼子;芝崎典子;田中有紀;幸村恵理;北原沙弥香;和久井優;田嶌紗蘭;岡咲美保,サンセットスカイパッセージ
1,2021/02/07,「アイドルマスター ポップリンクス」ポプマス生配信 特別版！〜みんなでPOPLINKS TUNE!!!!! SP〜,POPLINKS TUNE!!!!!,混合,関根瞳;その他,セレステラユニゾン
1,2021/03/20,THE IDOLM@STER SHINY COLORS 2ndLIVE STEP INTO THE SUNSET SKY DAY1,Ambitious Eve,全員,関根瞳;峯田茉優;礒部花凜;菅沼千紗;八巻アンナ;成海瑠奈;結名美月;河野ひより;永井真里子;丸岡和佳奈;涼本あきほ;黒木ほの香;前川涼子;芝崎典子;田中有紀;幸村恵理;北原沙弥香;和久井優;土屋李央;田嶌紗蘭;岡咲美保,サンセットスカイパッセージ
2,2021/03/20,THE IDOLM@STER SHINY COLORS 2ndLIVE STEP INTO THE SUNSET SKY DAY1,シャイノグラフィ,全員,関根瞳;峯田茉優;礒部花凜;菅沼千紗;八巻アンナ;成海瑠奈;結名美月;河野ひより;永井真里子;丸岡和佳奈;涼本あきほ;黒木ほの香;前川涼子;芝崎典子;田中有紀;幸村恵理;北原沙弥香;和久井優;土屋李央;田嶌紗蘭;岡咲美保,サンセットスカイパッセージ
3,2021/03/20,THE IDOLM@STER SHINY COLORS 2ndLIVE STEP INTO THE SUNSET SKY DAY1,いつだって僕らは,ノクチル,和久井優;土屋李央;田嶌紗蘭;岡咲美保,クリアマリンカーム
4,2021/03/20,THE IDOLM@STER SHINY COLORS 2ndLIVE STEP INTO THE SUNSET SKY DAY1,あの花のように,ノクチル,和久井優;土屋李央;田嶌紗蘭;岡咲美保,クリアマリンカーム
5,2021/03/20,THE IDOLM@STER SHINY COLORS 2ndLIVE STEP INTO THE SUNSET SKY DAY1,Love Addiction,アルストロメリア,黒木ほの香;前川涼子;芝崎典子,ウィッシュフルリリー
6,2021/03/20,THE IDOLM@STER SHINY COLORS 2ndLIVE STEP INTO THE SUNSET SKY DAY1,ダブル・イフェクト,アルストロメリア,黒木ほの香;前川涼子;芝崎典子,ウィッシュフルリリー
7,2021/03/20,THE IDOLM@STER SHINY COLORS 2ndLIVE STEP INTO THE SUNSET SKY DAY1,よりみちサンセット,放課後クライマックスガールズ,河野ひより;永井真里子;丸岡和佳奈;涼本あきほ,ブレイブヒーロージャージ
8,2021/03/20,THE IDOLM@STER SHINY COLORS 2ndLIVE STEP INTO THE SUNSET SKY DAY1,五ツ座流星群,放課後クライマックスガールズ,河野ひより;永井真里子;丸岡和佳奈;涼本あきほ,ブレイブヒーロージャージ
9,2021/03/20,THE IDOLM@STER SHINY COLORS 2ndLIVE STEP INTO THE SUNSET SKY DAY1,ラビリンス・レジスタンス,アンティーカ,礒部花凜;菅沼千紗;八巻アンナ;成海瑠奈;結名美月,シンフォニックスチーム
10,2021/03/20,THE IDOLM@STER SHINY COLORS 2ndLIVE STEP INTO THE SUNSET SKY DAY1,Black Reverie,アンティーカ,礒部花凜;菅沼千紗;八巻アンナ;成海瑠奈;結名美月,シンフォニックスチーム
11,2021/03/20,THE IDOLM@STER SHINY COLORS 2ndLIVE STEP INTO THE SUNSET SKY DAY1,Transcending The World,ストレイライト,田中有紀;幸村恵理;北原沙弥香,ネオンライトロマンサー
12,2021/03/20,THE IDOLM@STER SHINY COLORS 2ndLIVE STEP INTO THE SUNSET SKY DAY1,Hide & Attack,ストレイライト,田中有紀;幸村恵理;北原沙弥香,ネオンライトロマンサー
13,2021/03/20,THE IDOLM@STER SHINY COLORS 2ndLIVE STEP INTO THE SUNSET SKY DAY1,トライアングル,イルミネーションスターズ,関根瞳;峯田茉優,スパークルイルミネーション
14,2021/03/20,THE IDOLM@STER SHINY COLORS 2ndLIVE STEP INTO THE SUNSET SKY DAY1,Twinkle way,イルミネーションスターズ,関根瞳;峯田茉優,スパークルイルミネーション
15,2021/03/20,THE IDOLM@STER SHINY COLORS 2ndLIVE STEP INTO THE SUNSET SKY DAY1,Dye the sky.,全員,関根瞳;峯田茉優;礒部花凜;菅沼千紗;八巻アンナ;成海瑠奈;結名美月;河野ひより;永井真里子;丸岡和佳奈;涼本あきほ;黒木ほの香;前川涼子;芝崎典子;田中有紀;幸村恵理;北原沙弥香;和久井優;土屋李央;田嶌紗蘭;岡咲美保,ビヨンドザブルースカイ
16,2021/03/20,THE IDOLM@STER SHINY COLORS 2ndLIVE STEP INTO THE SUNSET SKY DAY1,いつか Shiny Days,全員,関根瞳;峯田茉優;礒部花凜;菅沼千紗;八巻アンナ;成海瑠奈;結名美月;河野ひより;永井真里子;丸岡和佳奈;涼本あきほ;黒木ほの香;前川涼子;芝崎典子;田中有紀;幸村恵理;北原沙弥香;和久井優;土屋李央;田嶌紗蘭;岡咲美保,ビヨンドザブルースカイ
17,2021/03/20,THE IDOLM@STER SHINY COLORS 2ndLIVE STEP INTO THE SUNSET SKY DAY1,Multicolored Sky,全員,関根瞳;峯田茉優;礒部花凜;菅沼千紗;八巻アンナ;成海瑠奈;結名美月;河野ひより;永井真里子;丸岡和佳奈;涼本あきほ;黒木ほの香;前川涼子;芝崎典子;田中有紀;幸村恵理;北原沙弥香;和久井優;土屋李央;田嶌紗蘭;岡咲美保,ビヨンドザブルースカイ
18,2021/03/20,THE IDOLM@STER SHINY COLORS 2ndLIVE STEP INTO THE SUNSET SKY DAY1,Spread the Wings!!,全員,関根瞳;峯田茉優;礒部花凜;菅沼千紗;八巻アンナ;成海瑠奈;結名美月;河野ひより;永井真里子;丸岡和佳奈;涼本あきほ;黒木ほの香;前川涼子;芝崎典子;田中有紀;幸村恵理;北原沙弥香;和久井優;土屋李央;田嶌紗蘭;岡咲美保,ビヨンドザブルースカイ
1,2021/03/21,THE IDOLM@STER SHINY COLORS 2ndLIVE STEP INTO THE SUNSET SKY DAY2,Ambitious Eve,全員,関根瞳;峯田茉優;礒部花凜;菅沼千紗;八巻アンナ;成海瑠奈;結名美月;河野ひより;白石晴香;永井真里子;丸岡和佳奈;涼本あきほ;黒木ほの香;前川涼子;芝崎典子;田中有紀;幸村恵理;北原沙弥香;和久井優;土屋李央;田嶌紗蘭;岡咲美保,サンセットスカイパッセージ
2,2021/03/21,THE IDOLM@STER SHINY COLORS 2ndLIVE STEP INTO THE SUNSET SKY DAY2,シャイノグラフィ,全員,関根瞳;峯田茉優;礒部花凜;菅沼千紗;八巻アンナ;成海瑠奈;結名美月;河野ひより;白石晴香;永井真里子;丸岡和佳奈;涼本あきほ;黒木ほの香;前川涼子;芝崎典子;田中有紀;幸村恵理;北原沙弥香;和久井優;土屋李央;田嶌紗蘭;岡咲美保,サンセットスカイパッセージ
3,2021/03/21,THE IDOLM@STER SHINY COLORS 2ndLIVE STEP INTO THE SUNSET SKY DAY2,いつだって僕らは,ノクチル,和久井優;土屋李央;田嶌紗蘭;岡咲美保,クリアマリンカーム
4,2021/03/21,THE IDOLM@STER SHINY COLORS 2ndLIVE STEP INTO THE SUNSET SKY DAY2,あの花のように,ノクチル,和久井優;土屋李央;田嶌紗蘭;岡咲美保,クリアマリンカーム
5,2021/03/21,THE IDOLM@STER SHINY COLORS 2ndLIVE STEP INTO THE SUNSET SKY DAY2,Bloomy!,アルストロメリア,黒木ほの香;前川涼子;芝崎典子,ウィッシュフルリリー
6,2021/03/21,THE IDOLM@STER SHINY COLORS 2ndLIVE STEP INTO THE SUNSET SKY DAY2,ダブル・イフェクト,アルストロメリア,黒木ほの香;前川涼子;芝崎典子,ウィッシュフルリリー
7,2021/03/21,THE IDOLM@STER SHINY COLORS 2ndLIVE STEP INTO THE SUNSET SKY DAY2,ビーチブレイバー,放課後クライマックスガールズ,河野ひより;白石晴香;永井真里子;丸岡和佳奈;涼本あきほ,ブレイブヒーロージャージ
8,2021/03/21,THE IDOLM@STER SHINY COLORS 2ndLIVE STEP INTO THE SUNSET SKY DAY2,五ツ座流星群,放課後クライマックスガールズ,河野ひより;白石晴香;永井真里子;丸岡和佳奈;涼本あきほ,ブレイブヒーロージャージ
9,2021/03/21,THE IDOLM@STER SHINY COLORS 2ndLIVE STEP INTO THE SUNSET SKY DAY2,プラニスフィア ～planisphere～,Team.Stella,関根瞳;礒部花凜;河野ひより;白石晴香;黒木ほの香;田中有紀;土屋李央,スパークルイルミネーション;シンフォニックスチーム;ブレイブヒーロージャージ;ウィッシュフルリリー;ネオンライトロマンサー;クリアマリンカーム
10,2021/03/21,THE IDOLM@STER SHINY COLORS 2ndLIVE STEP INTO THE SUNSET SKY DAY2,リフレクトサイン,Team.Luna,菅沼千紗;成海瑠奈;結名美月;丸岡和佳奈;前川涼子;北原沙弥香;田嶌紗蘭,シンフォニックスチーム;ブレイブヒーロージャージ;ウィッシュフルリリー;ネオンライトロマンサー;クリアマリンカーム
11,2021/03/21,THE IDOLM@STER SHINY COLORS 2ndLIVE STEP INTO THE SUNSET SKY DAY2,SOLAR WAY,Team.Sol,峯田茉優;八巻アンナ;永井真里子;涼本あきほ;芝崎典子;幸村恵理;和久井優;岡咲美保,スパークルイルミネーション;シンフォニックスチーム;ブレイブヒーロージャージ;ウィッシュフルリリー;ネオンライトロマンサー;クリアマリンカーム
12,2021/03/21,THE IDOLM@STER SHINY COLORS 2ndLIVE STEP INTO THE SUNSET SKY DAY2,NEO THEORY FANTASY,アンティーカ,礒部花凜;菅沼千紗;八巻アンナ;成海瑠奈;結名美月,シンフォニックスチーム
13,2021/03/21,THE IDOLM@STER SHINY COLORS 2ndLIVE STEP INTO THE SUNSET SKY DAY2,Black Reverie,アンティーカ,礒部花凜;菅沼千紗;八巻アンナ;成海瑠奈;結名美月,シンフォニックスチーム
14,2021/03/21,THE IDOLM@STER SHINY COLORS 2ndLIVE STEP INTO THE SUNSET SKY DAY2,Wandering Dream Chaser,ストレイライト,田中有紀;幸村恵理;北原沙弥香,ネオンライトロマンサー
15,2021/03/21,THE IDOLM@STER SHINY COLORS 2ndLIVE STEP INTO THE SUNSET SKY DAY2,Hide & Attack,ストレイライト,田中有紀;幸村恵理;北原沙弥香,ネオンライトロマンサー
16,2021/03/21,THE IDOLM@STER SHINY COLORS 2ndLIVE STEP INTO THE SUNSET SKY DAY2,We can go now!,イルミネーションスターズ,関根瞳;峯田茉優,スパークルイルミネーション
17,2021/03/21,THE IDOLM@STER SHINY COLORS 2ndLIVE STEP INTO THE SUNSET SKY DAY2,Twinkle way,イルミネーションスターズ,関根瞳;峯田茉優,スパークルイルミネーション
18,2021/03/21,THE IDOLM@STER SHINY COLORS 2ndLIVE STEP INTO THE SUNSET SKY DAY2,Dye the sky.,全員,関根瞳;峯田茉優;礒部花凜;菅沼千紗;八巻アンナ;成海瑠奈;結名美月;河野ひより;白石晴香;永井真里子;丸岡和佳奈;涼本あきほ;黒木ほの香;前川涼子;芝崎典子;田中有紀;幸村恵理;北原沙弥香;和久井優;土屋李央;田嶌紗蘭;岡咲美保,ビヨンドザブルースカイ
19,2021/03/21,THE IDOLM@STER SHINY COLORS 2ndLIVE STEP INTO THE SUNSET SKY DAY2,いつか Shiny Days,全員,関根瞳;峯田茉優;礒部花凜;菅沼千紗;八巻アンナ;成海瑠奈;結名美月;河野ひより;白石晴香;永井真里子;丸岡和佳奈;涼本あきほ;黒木ほの香;前川涼子;芝崎典子;田中有紀;幸村恵理;北原沙弥香;和久井優;土屋李央;田嶌紗蘭;岡咲美保,ビヨンドザブルースカイ
20,2021/03/21,THE IDOLM@STER SHINY COLORS 2ndLIVE STEP INTO THE SUNSET SKY DAY2,Multicolored Sky,全員,関根瞳;峯田茉優;礒部花凜;菅沼千紗;八巻アンナ;成海瑠奈;結名美月;河野ひより;白石晴香;永井真里子;丸岡和佳奈;涼本あきほ;黒木ほの香;前川涼子;芝崎典子;田中有紀;幸村恵理;北原沙弥香;和久井優;土屋李央;田嶌紗蘭;岡咲美保,ビヨンドザブルースカイ
21,2021/03/21,THE IDOLM@STER SHINY COLORS 2ndLIVE STEP INTO THE SUNSET SKY DAY2,Spread the Wings!!,全員,関根瞳;峯田茉優;礒部花凜;菅沼千紗;八巻アンナ;成海瑠奈;結名美月;河野ひより;白石晴香;永井真里子;丸岡和佳奈;涼本あきほ;黒木ほの香;前川涼子;芝崎典子;田中有紀;幸村恵理;北原沙弥香;和久井優;土屋李央;田嶌紗蘭;岡咲美保,ビヨンドザブルースカイ
1,2021/04/03,THE IDOLM@STER SHINY COLORS 3rdLIVE TOUR PIECE ON PLANET / NAGOYA DAY1,プラニスフィア ～planisphere～,Team.Stella,関根瞳;礒部花凜;河野ひより;黒木ほの香;田中有紀;土屋李央,ビヨンドザブルースカイ
2,2021/04/03,THE IDOLM@STER SHINY COLORS 3rdLIVE TOUR PIECE ON PLANET / NAGOYA DAY1,SOLAR WAY,Team.Sol,峯田茉優;八巻アンナ;永井真里子;涼本あきほ;芝崎典子;幸村恵理;和久井優;岡咲美保,ビヨンドザブルースカイ
3,2021/04/03,THE IDOLM@STER SHINY COLORS 3rdLIVE TOUR PIECE ON PLANET / NAGOYA DAY1,リフレクトサイン,Team.Luna,近藤玲奈;菅沼千紗;成海瑠奈;結名美月;丸岡和佳奈;前川涼子;北原沙弥香;田嶌紗蘭,ビヨンドザブルースカイ
4,2021/04/03,THE IDOLM@STER SHINY COLORS 3rdLIVE TOUR PIECE ON PLANET / NAGOYA DAY1,Spread the Wings!!,全員,関根瞳;近藤玲奈;峯田茉優;礒部花凜;菅沼千紗;八巻アンナ;成海瑠奈;結名美月;河野ひより;永井真里子;丸岡和佳奈;涼本あきほ;黒木ほの香;前川涼子;芝崎典子;田中有紀;幸村恵理;北原沙弥香;和久井優;土屋李央;田嶌紗蘭;岡咲美保,ビヨンドザブルースカイ
5,2021/04/03,THE IDOLM@STER SHINY COLORS 3rdLIVE TOUR PIECE ON PLANET / NAGOYA DAY1,Twinkle way,イルミネーションスターズ,関根瞳;近藤玲奈;峯田茉優,プラネテスシリーズ
6,2021/04/03,THE IDOLM@STER SHINY COLORS 3rdLIVE TOUR PIECE ON PLANET / NAGOYA DAY1,ダブル・イフェクト,アルストロメリア,黒木ほの香;前川涼子;芝崎典子,ガルディエーヌシリーズ
7,2021/04/03,THE IDOLM@STER SHINY COLORS 3rdLIVE TOUR PIECE ON PLANET / NAGOYA DAY1,五ツ座流星群,放課後クライマックスガールズ,河野ひより;永井真里子;丸岡和佳奈;涼本あきほ,ギャラクティックシリーズ
8,2021/04/03,THE IDOLM@STER SHINY COLORS 3rdLIVE TOUR PIECE ON PLANET / NAGOYA DAY1,Black Reverie,アンティーカ,礒部花凜;菅沼千紗;八巻アンナ;成海瑠奈;結名美月,ブライクシリーズ
9,2021/04/03,THE IDOLM@STER SHINY COLORS 3rdLIVE TOUR PIECE ON PLANET / NAGOYA DAY1,Hide & Attack,ストレイライト,田中有紀;幸村恵理;北原沙弥香,隠匿シンギュラリティ
10,2021/04/03,THE IDOLM@STER SHINY COLORS 3rdLIVE TOUR PIECE ON PLANET / NAGOYA DAY1,いつだって僕らは,ノクチル,和久井優;土屋李央;田嶌紗蘭;岡咲美保,クリアマリンカーム
11,2021/04/03,THE IDOLM@STER SHINY COLORS 3rdLIVE TOUR PIECE ON PLANET / NAGOYA DAY1,純白トロイメライ,アンティーカ,礒部花凜;菅沼千紗;八巻アンナ;成海瑠奈;結名美月,ブライクシリーズ
12,2021/04/03,THE IDOLM@STER SHINY COLORS 3rdLIVE TOUR PIECE ON PLANET / NAGOYA DAY1,Anniversary,アルストロメリア,黒木ほの香;前川涼子;芝崎典子,ガルディエーヌシリーズ
13,2021/04/03,THE IDOLM@STER SHINY COLORS 3rdLIVE TOUR PIECE ON PLANET / NAGOYA DAY1,あの花のように,ノクチル,和久井優;土屋李央;田嶌紗蘭;岡咲美保,クリアマリンカーム
14,2021/04/03,THE IDOLM@STER SHINY COLORS 3rdLIVE TOUR PIECE ON PLANET / NAGOYA DAY1,星をめざして,ソロ,田中有紀,ネオンライトロマンサー
15,2021/04/03,THE IDOLM@STER SHINY COLORS 3rdLIVE TOUR PIECE ON PLANET / NAGOYA DAY1,過純性ブリーチ,ソロ,永井真里子,ブレイブヒーロージャージ
16,2021/04/03,THE IDOLM@STER SHINY COLORS 3rdLIVE TOUR PIECE ON PLANET / NAGOYA DAY1,誰ソ彼アイデンティティー,ソロ,菅沼千紗,シンフォニックスチーム
17,2021/04/03,THE IDOLM@STER SHINY COLORS 3rdLIVE TOUR PIECE ON PLANET / NAGOYA DAY1,わたしの主人公はわたしだから！,ソロ,田嶌紗蘭,クリアマリンカーム
18,2021/04/03,THE IDOLM@STER SHINY COLORS 3rdLIVE TOUR PIECE ON PLANET / NAGOYA DAY1,Destined Rival,ストレイライト,田中有紀;幸村恵理;北原沙弥香,隠匿シンギュラリティ
19,2021/04/03,THE IDOLM@STER SHINY COLORS 3rdLIVE TOUR PIECE ON PLANET / NAGOYA DAY1,学祭革命夜明け前,放課後クライマックスガールズ,河野ひより;永井真里子;丸岡和佳奈;涼本あきほ,ギャラクティックシリーズ
20,2021/04/03,THE IDOLM@STER SHINY COLORS 3rdLIVE TOUR PIECE ON PLANET / NAGOYA DAY1,Happy Funny Lucky,イルミネーションスターズ,関根瞳;近藤玲奈;峯田茉優,プラネテスシリーズ
21,2021/04/03,THE IDOLM@STER SHINY COLORS 3rdLIVE TOUR PIECE ON PLANET / NAGOYA DAY1,Multicolored Sky,全員,関根瞳;近藤玲奈;峯田茉優;礒部花凜;菅沼千紗;八巻アンナ;成海瑠奈;結名美月;河野ひより;永井真里子;丸岡和佳奈;涼本あきほ;黒木ほの香;前川涼子;芝崎典子;田中有紀;幸村恵理;北原沙弥香;和久井優;土屋李央;田嶌紗蘭;岡咲美保,プラネテスシリーズ;ブライクシリーズ;ギャラクティックシリーズ;ガルディエーヌシリーズ;隠匿シンギュラリティ;クリアマリンカーム
22,2021/04/03,THE IDOLM@STER SHINY COLORS 3rdLIVE TOUR PIECE ON PLANET / NAGOYA DAY1,Resonance⁺ ,全員,関根瞳;近藤玲奈;峯田茉優;礒部花凜;菅沼千紗;八巻アンナ;成海瑠奈;結名美月;河野ひより;永井真里子;丸岡和佳奈;涼本あきほ;黒木ほの香;前川涼子;芝崎典子;田中有紀;幸村恵理;北原沙弥香;和久井優;土屋李央;田嶌紗蘭;岡咲美保,ユナイトバースプラネタリ
23,2021/04/03,THE IDOLM@STER SHINY COLORS 3rdLIVE TOUR PIECE ON PLANET / NAGOYA DAY1,Ambitious Eve,全員,関根瞳;近藤玲奈;峯田茉優;礒部花凜;菅沼千紗;八巻アンナ;成海瑠奈;結名美月;河野ひより;永井真里子;丸岡和佳奈;涼本あきほ;黒木ほの香;前川涼子;芝崎典子;田中有紀;幸村恵理;北原沙弥香;和久井優;土屋李央;田嶌紗蘭;岡咲美保,ユナイトバースプラネタリ
24,2021/04/03,THE IDOLM@STER SHINY COLORS 3rdLIVE TOUR PIECE ON PLANET / NAGOYA DAY1,シャイノグラフィ,全員,関根瞳;近藤玲奈;峯田茉優;礒部花凜;菅沼千紗;八巻アンナ;成海瑠奈;結名美月;河野ひより;永井真里子;丸岡和佳奈;涼本あきほ;黒木ほの香;前川涼子;芝崎典子;田中有紀;幸村恵理;北原沙弥香;和久井優;土屋李央;田嶌紗蘭;岡咲美保,ユナイトバースプラネタリ
1,2021/04/04,THE IDOLM@STER SHINY COLORS 3rdLIVE TOUR PIECE ON PLANET / NAGOYA DAY2,プラニスフィア ～planisphere～,Team.Stella,関根瞳;礒部花凜;河野ひより;黒木ほの香;田中有紀;土屋李央,ビヨンドザブルースカイ
2,2021/04/04,THE IDOLM@STER SHINY COLORS 3rdLIVE TOUR PIECE ON PLANET / NAGOYA DAY2,SOLAR WAY,Team.Sol,峯田茉優;八巻アンナ;永井真里子;涼本あきほ;芝崎典子;幸村恵理;和久井優;岡咲美保,ビヨンドザブルースカイ
3,2021/04/04,THE IDOLM@STER SHINY COLORS 3rdLIVE TOUR PIECE ON PLANET / NAGOYA DAY2,リフレクトサイン,Team.Luna,近藤玲奈;菅沼千紗;成海瑠奈;結名美月;丸岡和佳奈;前川涼子;北原沙弥香;田嶌紗蘭,ビヨンドザブルースカイ
4,2021/04/04,THE IDOLM@STER SHINY COLORS 3rdLIVE TOUR PIECE ON PLANET / NAGOYA DAY2,Spread the Wings!!,全員,関根瞳;近藤玲奈;峯田茉優;礒部花凜;菅沼千紗;八巻アンナ;成海瑠奈;結名美月;河野ひより;永井真里子;丸岡和佳奈;涼本あきほ;黒木ほの香;前川涼子;芝崎典子;田中有紀;幸村恵理;北原沙弥香;和久井優;土屋李央;田嶌紗蘭;岡咲美保,ビヨンドザブルースカイ
5,2021/04/04,THE IDOLM@STER SHINY COLORS 3rdLIVE TOUR PIECE ON PLANET / NAGOYA DAY2,Twinkle way,イルミネーションスターズ,関根瞳;近藤玲奈;峯田茉優,プラネテスシリーズ
6,2021/04/04,THE IDOLM@STER SHINY COLORS 3rdLIVE TOUR PIECE ON PLANET / NAGOYA DAY2,ダブル・イフェクト,アルストロメリア,黒木ほの香;前川涼子;芝崎典子,ガルディエーヌシリーズ
7,2021/04/04,THE IDOLM@STER SHINY COLORS 3rdLIVE TOUR PIECE ON PLANET / NAGOYA DAY2,五ツ座流星群,放課後クライマックスガールズ,河野ひより;永井真里子;丸岡和佳奈;涼本あきほ,ギャラクティックシリーズ
8,2021/04/04,THE IDOLM@STER SHINY COLORS 3rdLIVE TOUR PIECE ON PLANET / NAGOYA DAY2,Black Reverie,アンティーカ,礒部花凜;菅沼千紗;八巻アンナ;成海瑠奈;結名美月,ブライクシリーズ
9,2021/04/04,THE IDOLM@STER SHINY COLORS 3rdLIVE TOUR PIECE ON PLANET / NAGOYA DAY2,Hide & Attack,ストレイライト,田中有紀;幸村恵理;北原沙弥香,隠匿シンギュラリティ
10,2021/04/04,THE IDOLM@STER SHINY COLORS 3rdLIVE TOUR PIECE ON PLANET / NAGOYA DAY2,いつだって僕らは,ノクチル,和久井優;土屋李央;田嶌紗蘭;岡咲美保,クリアマリンカーム
11,2021/04/04,THE IDOLM@STER SHINY COLORS 3rdLIVE TOUR PIECE ON PLANET / NAGOYA DAY2,純白トロイメライ,アンティーカ,礒部花凜;菅沼千紗;八巻アンナ;成海瑠奈;結名美月,ブライクシリーズ
12,2021/04/04,THE IDOLM@STER SHINY COLORS 3rdLIVE TOUR PIECE ON PLANET / NAGOYA DAY2,Anniversary,アルストロメリア,黒木ほの香;前川涼子;芝崎典子,ガルディエーヌシリーズ
13,2021/04/04,THE IDOLM@STER SHINY COLORS 3rdLIVE TOUR PIECE ON PLANET / NAGOYA DAY2,あの花のように,ノクチル,和久井優;土屋李央;田嶌紗蘭;岡咲美保,クリアマリンカーム
14,2021/04/04,THE IDOLM@STER SHINY COLORS 3rdLIVE TOUR PIECE ON PLANET / NAGOYA DAY2,ハナマルバッジ,ソロ,河野ひより,ブレイブヒーロージャージ
15,2021/04/04,THE IDOLM@STER SHINY COLORS 3rdLIVE TOUR PIECE ON PLANET / NAGOYA DAY2,スローモーション,ソロ,近藤玲奈,スパークルイルミネーション
16,2021/04/04,THE IDOLM@STER SHINY COLORS 3rdLIVE TOUR PIECE ON PLANET / NAGOYA DAY2,千夜アリア,ソロ,八巻アンナ,シンフォニックスチーム
17,2021/04/04,THE IDOLM@STER SHINY COLORS 3rdLIVE TOUR PIECE ON PLANET / NAGOYA DAY2,また明日,ソロ,前川涼子,ウィッシュフルリリー
18,2021/04/04,THE IDOLM@STER SHINY COLORS 3rdLIVE TOUR PIECE ON PLANET / NAGOYA DAY2,Destined Rival,ストレイライト,田中有紀;幸村恵理;北原沙弥香,隠匿シンギュラリティ
19,2021/04/04,THE IDOLM@STER SHINY COLORS 3rdLIVE TOUR PIECE ON PLANET / NAGOYA DAY2,学祭革命夜明け前,放課後クライマックスガールズ,河野ひより;永井真里子;丸岡和佳奈;涼本あきほ,ギャラクティックシリーズ
20,2021/04/04,THE IDOLM@STER SHINY COLORS 3rdLIVE TOUR PIECE ON PLANET / NAGOYA DAY2,Happy Funny Lucky,イルミネーションスターズ,関根瞳;近藤玲奈;峯田茉優,プラネテスシリーズ
21,2021/04/04,THE IDOLM@STER SHINY COLORS 3rdLIVE TOUR PIECE ON PLANET / NAGOYA DAY2,Multicolored Sky,全員,関根瞳;近藤玲奈;峯田茉優;礒部花凜;菅沼千紗;八巻アンナ;成海瑠奈;結名美月;河野ひより;永井真里子;丸岡和佳奈;涼本あきほ;黒木ほの香;前川涼子;芝崎典子;田中有紀;幸村恵理;北原沙弥香;和久井優;土屋李央;田嶌紗蘭;岡咲美保,プラネテスシリーズ;ブライクシリーズ;ギャラクティックシリーズ;ガルディエーヌシリーズ;隠匿シンギュラリティ;クリアマリンカーム
22,2021/04/04,THE IDOLM@STER SHINY COLORS 3rdLIVE TOUR PIECE ON PLANET / NAGOYA DAY2,Resonance⁺ ,全員,関根瞳;近藤玲奈;峯田茉優;礒部花凜;菅沼千紗;八巻アンナ;成海瑠奈;結名美月;河野ひより;永井真里子;丸岡和佳奈;涼本あきほ;黒木ほの香;前川涼子;芝崎典子;田中有紀;幸村恵理;北原沙弥香;和久井優;土屋李央;田嶌紗蘭;岡咲美保,ユナイトバースプラネタリ
23,2021/04/04,THE IDOLM@STER SHINY COLORS 3rdLIVE TOUR PIECE ON PLANET / NAGOYA DAY2,Ambitious Eve,全員,関根瞳;近藤玲奈;峯田茉優;礒部花凜;菅沼千紗;八巻アンナ;成海瑠奈;結名美月;河野ひより;永井真里子;丸岡和佳奈;涼本あきほ;黒木ほの香;前川涼子;芝崎典子;田中有紀;幸村恵理;北原沙弥香;和久井優;土屋李央;田嶌紗蘭;岡咲美保,ユナイトバースプラネタリ
24,2021/04/04,THE IDOLM@STER SHINY COLORS 3rdLIVE TOUR PIECE ON PLANET / NAGOYA DAY2,シャイノグラフィ,全員,関根瞳;近藤玲奈;峯田茉優;礒部花凜;菅沼千紗;八巻アンナ;成海瑠奈;結名美月;河野ひより;永井真里子;丸岡和佳奈;涼本あきほ;黒木ほの香;前川涼子;芝崎典子;田中有紀;幸村恵理;北原沙弥香;和久井優;土屋李央;田嶌紗蘭;岡咲美保,ユナイトバースプラネタリ
1,2021/04/24,THE IDOLM@STER SHINY COLORS 3rdLIVE TOUR PIECE ON PLANET / TOKYO DAY1,リフレクトサイン,Team.Luna,菅沼千紗;成海瑠奈;結名美月;丸岡和佳奈;前川涼子;北原沙弥香;田嶌紗蘭,ビヨンドザブルースカイ
2,2021/04/24,THE IDOLM@STER SHINY COLORS 3rdLIVE TOUR PIECE ON PLANET / TOKYO DAY1,プラニスフィア ～planisphere～,Team.Stella,関根瞳;礒部花凜;河野ひより;黒木ほの香;田中有紀;土屋李央,ビヨンドザブルースカイ
3,2021/04/24,THE IDOLM@STER SHINY COLORS 3rdLIVE TOUR PIECE ON PLANET / TOKYO DAY1,SOLAR WAY,Team.Sol,峯田茉優;八巻アンナ;永井真里子;涼本あきほ;芝崎典子;幸村恵理;和久井優;岡咲美保,ビヨンドザブルースカイ
4,2021/04/24,THE IDOLM@STER SHINY COLORS 3rdLIVE TOUR PIECE ON PLANET / TOKYO DAY1,Spread the Wings!!,全員,関根瞳;峯田茉優;礒部花凜;菅沼千紗;八巻アンナ;成海瑠奈;結名美月;河野ひより;永井真里子;丸岡和佳奈;涼本あきほ;黒木ほの香;前川涼子;芝崎典子;田中有紀;幸村恵理;北原沙弥香;和久井優;土屋李央;田嶌紗蘭;岡咲美保,ビヨンドザブルースカイ
5,2021/04/24,THE IDOLM@STER SHINY COLORS 3rdLIVE TOUR PIECE ON PLANET / TOKYO DAY1,Twinkle way,イルミネーションスターズ,関根瞳;峯田茉優,プラネテスシリーズ
6,2021/04/24,THE IDOLM@STER SHINY COLORS 3rdLIVE TOUR PIECE ON PLANET / TOKYO DAY1,ダブル・イフェクト,アルストロメリア,黒木ほの香;前川涼子;芝崎典子,ガルディエーヌシリーズ
7,2021/04/24,THE IDOLM@STER SHINY COLORS 3rdLIVE TOUR PIECE ON PLANET / TOKYO DAY1,五ツ座流星群,放課後クライマックスガールズ,河野ひより;永井真里子;丸岡和佳奈;涼本あきほ,ギャラクティックシリーズ
8,2021/04/24,THE IDOLM@STER SHINY COLORS 3rdLIVE TOUR PIECE ON PLANET / TOKYO DAY1,Black Reverie,アンティーカ,礒部花凜;菅沼千紗;八巻アンナ;成海瑠奈;結名美月,ブライクシリーズ
9,2021/04/24,THE IDOLM@STER SHINY COLORS 3rdLIVE TOUR PIECE ON PLANET / TOKYO DAY1,Hide & Attack,ストレイライト,田中有紀;幸村恵理;北原沙弥香,隠匿シンギュラリティ
10,2021/04/24,THE IDOLM@STER SHINY COLORS 3rdLIVE TOUR PIECE ON PLANET / TOKYO DAY1,いつだって僕らは,ノクチル,和久井優;土屋李央;田嶌紗蘭;岡咲美保,クリアマリンカーム
11,2021/04/24,THE IDOLM@STER SHINY COLORS 3rdLIVE TOUR PIECE ON PLANET / TOKYO DAY1,純白トロイメライ,アンティーカ,礒部花凜;菅沼千紗;八巻アンナ;成海瑠奈;結名美月,ブライクシリーズ
12,2021/04/24,THE IDOLM@STER SHINY COLORS 3rdLIVE TOUR PIECE ON PLANET / TOKYO DAY1,Anniversary,アルストロメリア,黒木ほの香;前川涼子;芝崎典子,ガルディエーヌシリーズ
13,2021/04/24,THE IDOLM@STER SHINY COLORS 3rdLIVE TOUR PIECE ON PLANET / TOKYO DAY1,あの花のように,ノクチル,和久井優;土屋李央;田嶌紗蘭;岡咲美保,クリアマリンカーム
14,2021/04/24,THE IDOLM@STER SHINY COLORS 3rdLIVE TOUR PIECE ON PLANET / TOKYO DAY1,SOS,ソロ,幸村恵理,ネオンライトロマンサー
15,2021/04/24,THE IDOLM@STER SHINY COLORS 3rdLIVE TOUR PIECE ON PLANET / TOKYO DAY1,常咲の庭,ソロ,丸岡和佳奈,ブレイブヒーロージャージ
16,2021/04/24,THE IDOLM@STER SHINY COLORS 3rdLIVE TOUR PIECE ON PLANET / TOKYO DAY1,Sweet Memories,ソロ,黒木ほの香,ウィッシュフルリリー
17,2021/04/24,THE IDOLM@STER SHINY COLORS 3rdLIVE TOUR PIECE ON PLANET / TOKYO DAY1,夢見鳥,ソロ,土屋李央,クリアマリンカーム
18,2021/04/24,THE IDOLM@STER SHINY COLORS 3rdLIVE TOUR PIECE ON PLANET / TOKYO DAY1,Destined Rival,ストレイライト,田中有紀;幸村恵理;北原沙弥香,隠匿シンギュラリティ
19,2021/04/24,THE IDOLM@STER SHINY COLORS 3rdLIVE TOUR PIECE ON PLANET / TOKYO DAY1,学祭革命夜明け前,放課後クライマックスガールズ,河野ひより;永井真里子;丸岡和佳奈;涼本あきほ,ギャラクティックシリーズ
20,2021/04/24,THE IDOLM@STER SHINY COLORS 3rdLIVE TOUR PIECE ON PLANET / TOKYO DAY1,Happy Funny Lucky,イルミネーションスターズ,関根瞳;峯田茉優,プラネテスシリーズ
21,2021/04/24,THE IDOLM@STER SHINY COLORS 3rdLIVE TOUR PIECE ON PLANET / TOKYO DAY1,Multicolored Sky,全員,関根瞳;峯田茉優;礒部花凜;菅沼千紗;八巻アンナ;成海瑠奈;結名美月;河野ひより;永井真里子;丸岡和佳奈;涼本あきほ;黒木ほの香;前川涼子;芝崎典子;田中有紀;幸村恵理;北原沙弥香;和久井優;土屋李央;田嶌紗蘭;岡咲美保,プラネテスシリーズ;ブライクシリーズ;ギャラクティックシリーズ;ガルディエーヌシリーズ;隠匿シンギュラリティ;クリアマリンカーム
22,2021/04/24,THE IDOLM@STER SHINY COLORS 3rdLIVE TOUR PIECE ON PLANET / TOKYO DAY1,Resonance⁺ ,全員,関根瞳;峯田茉優;礒部花凜;菅沼千紗;八巻アンナ;成海瑠奈;結名美月;河野ひより;永井真里子;丸岡和佳奈;涼本あきほ;黒木ほの香;前川涼子;芝崎典子;田中有紀;幸村恵理;北原沙弥香;和久井優;土屋李央;田嶌紗蘭;岡咲美保;紫月杏朱彩;山根綺,ユナイトバースプラネタリ
23,2021/04/24,THE IDOLM@STER SHINY COLORS 3rdLIVE TOUR PIECE ON PLANET / TOKYO DAY1,Color Days,全員,関根瞳;峯田茉優;礒部花凜;菅沼千紗;八巻アンナ;成海瑠奈;結名美月;河野ひより;永井真里子;丸岡和佳奈;涼本あきほ;黒木ほの香;前川涼子;芝崎典子;田中有紀;幸村恵理;北原沙弥香;和久井優;土屋李央;田嶌紗蘭;岡咲美保;紫月杏朱彩;山根綺,ユナイトバースプラネタリ
24,2021/04/24,THE IDOLM@STER SHINY COLORS 3rdLIVE TOUR PIECE ON PLANET / TOKYO DAY1,Dye the sky.,全員,関根瞳;峯田茉優;礒部花凜;菅沼千紗;八巻アンナ;成海瑠奈;結名美月;河野ひより;永井真里子;丸岡和佳奈;涼本あきほ;黒木ほの香;前川涼子;芝崎典子;田中有紀;幸村恵理;北原沙弥香;和久井優;土屋李央;田嶌紗蘭;岡咲美保;紫月杏朱彩;山根綺,ユナイトバースプラネタリ
1,2021/04/25,THE IDOLM@STER SHINY COLORS 3rdLIVE TOUR PIECE ON PLANET / TOKYO DAY2,リフレクトサイン,Team.Luna,菅沼千紗;成海瑠奈;結名美月;丸岡和佳奈;前川涼子;北原沙弥香;田嶌紗蘭,ビヨンドザブルースカイ
2,2021/04/25,THE IDOLM@STER SHINY COLORS 3rdLIVE TOUR PIECE ON PLANET / TOKYO DAY2,プラニスフィア ～planisphere～,Team.Stella,関根瞳;礒部花凜;河野ひより;黒木ほの香;田中有紀;土屋李央,ビヨンドザブルースカイ
3,2021/04/25,THE IDOLM@STER SHINY COLORS 3rdLIVE TOUR PIECE ON PLANET / TOKYO DAY2,SOLAR WAY,Team.Sol,峯田茉優;八巻アンナ;永井真里子;涼本あきほ;幸村恵理;和久井優;岡咲美保,ビヨンドザブルースカイ
4,2021/04/25,THE IDOLM@STER SHINY COLORS 3rdLIVE TOUR PIECE ON PLANET / TOKYO DAY2,Spread the Wings!!,全員,関根瞳;峯田茉優;礒部花凜;菅沼千紗;八巻アンナ;成海瑠奈;結名美月;河野ひより;永井真里子;丸岡和佳奈;涼本あきほ;黒木ほの香;前川涼子;田中有紀;幸村恵理;北原沙弥香;和久井優;土屋李央;田嶌紗蘭;岡咲美保,ビヨンドザブルースカイ
5,2021/04/25,THE IDOLM@STER SHINY COLORS 3rdLIVE TOUR PIECE ON PLANET / TOKYO DAY2,Twinkle way,イルミネーションスターズ,関根瞳;峯田茉優,プラネテスシリーズ
6,2021/04/25,THE IDOLM@STER SHINY COLORS 3rdLIVE TOUR PIECE ON PLANET / TOKYO DAY2,ダブル・イフェクト,アルストロメリア,黒木ほの香;前川涼子,ガルディエーヌシリーズ
7,2021/04/25,THE IDOLM@STER SHINY COLORS 3rdLIVE TOUR PIECE ON PLANET / TOKYO DAY2,五ツ座流星群,放課後クライマックスガールズ,河野ひより;永井真里子;丸岡和佳奈;涼本あきほ,ギャラクティックシリーズ
8,2021/04/25,THE IDOLM@STER SHINY COLORS 3rdLIVE TOUR PIECE ON PLANET / TOKYO DAY2,Black Reverie,アンティーカ,礒部花凜;菅沼千紗;八巻アンナ;成海瑠奈;結名美月,ブライクシリーズ
9,2021/04/25,THE IDOLM@STER SHINY COLORS 3rdLIVE TOUR PIECE ON PLANET / TOKYO DAY2,Hide & Attack,ストレイライト,田中有紀;幸村恵理;北原沙弥香,隠匿シンギュラリティ
10,2021/04/25,THE IDOLM@STER SHINY COLORS 3rdLIVE TOUR PIECE ON PLANET / TOKYO DAY2,いつだって僕らは,ノクチル,和久井優;土屋李央;田嶌紗蘭;岡咲美保,クリアマリンカーム
11,2021/04/25,THE IDOLM@STER SHINY COLORS 3rdLIVE TOUR PIECE ON PLANET / TOKYO DAY2,純白トロイメライ,アンティーカ,礒部花凜;菅沼千紗;八巻アンナ;成海瑠奈;結名美月,ブライクシリーズ
12,2021/04/25,THE IDOLM@STER SHINY COLORS 3rdLIVE TOUR PIECE ON PLANET / TOKYO DAY2,Anniversary,アルストロメリア,黒木ほの香;前川涼子,ガルディエーヌシリーズ
13,2021/04/25,THE IDOLM@STER SHINY COLORS 3rdLIVE TOUR PIECE ON PLANET / TOKYO DAY2,あの花のように,ノクチル,和久井優;土屋李央;田嶌紗蘭;岡咲美保,クリアマリンカーム
14,2021/04/25,THE IDOLM@STER SHINY COLORS 3rdLIVE TOUR PIECE ON PLANET / TOKYO DAY2,Damascus Cocktail,ソロ,涼本あきほ,ブレイブヒーロージャージ
15,2021/04/25,THE IDOLM@STER SHINY COLORS 3rdLIVE TOUR PIECE ON PLANET / TOKYO DAY2,あおぞらサイダー,ソロ,岡咲美保,クリアマリンカーム
16,2021/04/25,THE IDOLM@STER SHINY COLORS 3rdLIVE TOUR PIECE ON PLANET / TOKYO DAY2,プラスチック・アンブレラ,ソロ,成海瑠奈,シンフォニックスチーム
17,2021/04/25,THE IDOLM@STER SHINY COLORS 3rdLIVE TOUR PIECE ON PLANET / TOKYO DAY2,ありったけの輝きで,ソロ,関根瞳,スパークルイルミネーション
18,2021/04/25,THE IDOLM@STER SHINY COLORS 3rdLIVE TOUR PIECE ON PLANET / TOKYO DAY2,Destined Rival,ストレイライト,田中有紀;幸村恵理;北原沙弥香,隠匿シンギュラリティ
19,2021/04/25,THE IDOLM@STER SHINY COLORS 3rdLIVE TOUR PIECE ON PLANET / TOKYO DAY2,学祭革命夜明け前,放課後クライマックスガールズ,河野ひより;永井真里子;丸岡和佳奈;涼本あきほ,ギャラクティックシリーズ
20,2021/04/25,THE IDOLM@STER SHINY COLORS 3rdLIVE TOUR PIECE ON PLANET / TOKYO DAY2,Happy Funny Lucky,イルミネーションスターズ,関根瞳;峯田茉優,プラネテスシリーズ
21,2021/04/25,THE IDOLM@STER SHINY COLORS 3rdLIVE TOUR PIECE ON PLANET / TOKYO DAY2,Multicolored Sky,全員,関根瞳;峯田茉優;礒部花凜;菅沼千紗;八巻アンナ;成海瑠奈;結名美月;河野ひより;永井真里子;丸岡和佳奈;涼本あきほ;黒木ほの香;前川涼子;田中有紀;幸村恵理;北原沙弥香;和久井優;土屋李央;田嶌紗蘭;岡咲美保,プラネテスシリーズ;ブライクシリーズ;ギャラクティックシリーズ;ガルディエーヌシリーズ;隠匿シンギュラリティ;クリアマリンカーム
22,2021/04/25,THE IDOLM@STER SHINY COLORS 3rdLIVE TOUR PIECE ON PLANET / TOKYO DAY2,Resonance⁺ ,全員,関根瞳;峯田茉優;礒部花凜;菅沼千紗;八巻アンナ;成海瑠奈;結名美月;河野ひより;永井真里子;丸岡和佳奈;涼本あきほ;黒木ほの香;前川涼子;田中有紀;幸村恵理;北原沙弥香;和久井優;土屋李央;田嶌紗蘭;岡咲美保;紫月杏朱彩;山根綺,ユナイトバースプラネタリ
23,2021/04/25,THE IDOLM@STER SHINY COLORS 3rdLIVE TOUR PIECE ON PLANET / TOKYO DAY2,Color Days,全員,関根瞳;峯田茉優;礒部花凜;菅沼千紗;八巻アンナ;成海瑠奈;結名美月;河野ひより;永井真里子;丸岡和佳奈;涼本あきほ;黒木ほの香;前川涼子;田中有紀;幸村恵理;北原沙弥香;和久井優;土屋李央;田嶌紗蘭;岡咲美保;紫月杏朱彩;山根綺,ユナイトバースプラネタリ
24,2021/04/25,THE IDOLM@STER SHINY COLORS 3rdLIVE TOUR PIECE ON PLANET / TOKYO DAY2,Dye the sky.,全員,関根瞳;峯田茉優;礒部花凜;菅沼千紗;八巻アンナ;成海瑠奈;結名美月;河野ひより;永井真里子;丸岡和佳奈;涼本あきほ;黒木ほの香;前川涼子;田中有紀;幸村恵理;北原沙弥香;和久井優;土屋李央;田嶌紗蘭;岡咲美保;紫月杏朱彩;山根綺,ユナイトバースプラネタリ
1,2021/05/29,THE IDOLM@STER SHINY COLORS 3rdLIVE TOUR PIECE ON PLANET / FUKUOKA DAY1,SOLAR WAY,Team.Sol,峯田茉優;八巻アンナ;永井真里子;涼本あきほ;芝崎典子;幸村恵理;和久井優;岡咲美保;紫月杏朱彩,ビヨンドザブルースカイ
2,2021/05/29,THE IDOLM@STER SHINY COLORS 3rdLIVE TOUR PIECE ON PLANET / FUKUOKA DAY1,リフレクトサイン,Team.Luna,菅沼千紗;成海瑠奈;結名美月;丸岡和佳奈;前川涼子;北原沙弥香;田嶌紗蘭,ビヨンドザブルースカイ
3,2021/05/29,THE IDOLM@STER SHINY COLORS 3rdLIVE TOUR PIECE ON PLANET / FUKUOKA DAY1,プラニスフィア ～planisphere～,Team.Stella,関根瞳;礒部花凜;河野ひより;黒木ほの香;田中有紀;土屋李央;山根綺,ビヨンドザブルースカイ
4,2021/05/29,THE IDOLM@STER SHINY COLORS 3rdLIVE TOUR PIECE ON PLANET / FUKUOKA DAY1,Spread the Wings!!,全員,関根瞳;峯田茉優;礒部花凜;菅沼千紗;八巻アンナ;成海瑠奈;結名美月;河野ひより;永井真里子;丸岡和佳奈;涼本あきほ;黒木ほの香;前川涼子;芝崎典子;田中有紀;幸村恵理;北原沙弥香;和久井優;土屋李央;田嶌紗蘭;岡咲美保;紫月杏朱彩;山根綺,ビヨンドザブルースカイ
5,2021/05/29,THE IDOLM@STER SHINY COLORS 3rdLIVE TOUR PIECE ON PLANET / FUKUOKA DAY1,Twinkle way,イルミネーションスターズ,関根瞳;峯田茉優,プラネテスシリーズ
6,2021/05/29,THE IDOLM@STER SHINY COLORS 3rdLIVE TOUR PIECE ON PLANET / FUKUOKA DAY1,ダブル・イフェクト,アルストロメリア,黒木ほの香;前川涼子;芝崎典子,ガルディエーヌシリーズ
7,2021/05/29,THE IDOLM@STER SHINY COLORS 3rdLIVE TOUR PIECE ON PLANET / FUKUOKA DAY1,五ツ座流星群,放課後クライマックスガールズ,河野ひより;永井真里子;丸岡和佳奈;涼本あきほ,ギャラクティックシリーズ
8,2021/05/29,THE IDOLM@STER SHINY COLORS 3rdLIVE TOUR PIECE ON PLANET / FUKUOKA DAY1,Black Reverie,アンティーカ,礒部花凜;菅沼千紗;八巻アンナ;成海瑠奈;結名美月,ブライクシリーズ
9,2021/05/29,THE IDOLM@STER SHINY COLORS 3rdLIVE TOUR PIECE ON PLANET / FUKUOKA DAY1,Hide & Attack,ストレイライト,田中有紀;幸村恵理;北原沙弥香,隠匿シンギュラリティ
10,2021/05/29,THE IDOLM@STER SHINY COLORS 3rdLIVE TOUR PIECE ON PLANET / FUKUOKA DAY1,いつだって僕らは,ノクチル,和久井優;土屋李央;田嶌紗蘭;岡咲美保,クリアマリンカーム
11,2021/05/29,THE IDOLM@STER SHINY COLORS 3rdLIVE TOUR PIECE ON PLANET / FUKUOKA DAY1,純白トロイメライ,アンティーカ,礒部花凜;菅沼千紗;八巻アンナ;成海瑠奈;結名美月,ブライクシリーズ
12,2021/05/29,THE IDOLM@STER SHINY COLORS 3rdLIVE TOUR PIECE ON PLANET / FUKUOKA DAY1,Anniversary,アルストロメリア,黒木ほの香;前川涼子;芝崎典子,ガルディエーヌシリーズ
13,2021/05/29,THE IDOLM@STER SHINY COLORS 3rdLIVE TOUR PIECE ON PLANET / FUKUOKA DAY1,あの花のように,ノクチル,和久井優;土屋李央;田嶌紗蘭;岡咲美保,クリアマリンカーム
14,2021/05/29,THE IDOLM@STER SHINY COLORS 3rdLIVE TOUR PIECE ON PLANET / FUKUOKA DAY1,Going my way,ソロ,北原沙弥香,ネオンライトロマンサー
15,2021/05/29,THE IDOLM@STER SHINY COLORS 3rdLIVE TOUR PIECE ON PLANET / FUKUOKA DAY1,statice,ソロ,和久井優,クリアマリンカーム
16,2021/05/29,THE IDOLM@STER SHINY COLORS 3rdLIVE TOUR PIECE ON PLANET / FUKUOKA DAY1,アポイント・シグナル,ソロ,礒部花凜,シンフォニックスチーム
17,2021/05/29,THE IDOLM@STER SHINY COLORS 3rdLIVE TOUR PIECE ON PLANET / FUKUOKA DAY1,Darling you!,ソロ,芝崎典子,ウィッシュフルリリー
18,2021/05/29,THE IDOLM@STER SHINY COLORS 3rdLIVE TOUR PIECE ON PLANET / FUKUOKA DAY1,Destined Rival,ストレイライト,田中有紀;幸村恵理;北原沙弥香,隠匿シンギュラリティ
19,2021/05/29,THE IDOLM@STER SHINY COLORS 3rdLIVE TOUR PIECE ON PLANET / FUKUOKA DAY1,学祭革命夜明け前,放課後クライマックスガールズ,河野ひより;永井真里子;丸岡和佳奈;涼本あきほ,ギャラクティックシリーズ
20,2021/05/29,THE IDOLM@STER SHINY COLORS 3rdLIVE TOUR PIECE ON PLANET / FUKUOKA DAY1,Happy Funny Lucky,イルミネーションスターズ,関根瞳;峯田茉優,プラネテスシリーズ
21,2021/05/29,THE IDOLM@STER SHINY COLORS 3rdLIVE TOUR PIECE ON PLANET / FUKUOKA DAY1,OH MY GOD,シーズ,紫月杏朱彩;山根綺,シルキージェムシリカ
22,2021/05/29,THE IDOLM@STER SHINY COLORS 3rdLIVE TOUR PIECE ON PLANET / FUKUOKA DAY1,Multicolored Sky,全員,関根瞳;峯田茉優;礒部花凜;菅沼千紗;八巻アンナ;成海瑠奈;結名美月;河野ひより;永井真里子;丸岡和佳奈;涼本あきほ;黒木ほの香;前川涼子;芝崎典子;田中有紀;幸村恵理;北原沙弥香;和久井優;土屋李央;田嶌紗蘭;岡咲美保;紫月杏朱彩;山根綺,プラネテスシリーズ;ブライクシリーズ;ギャラクティックシリーズ;ガルディエーヌシリーズ;隠匿シンギュラリティ;クリアマリンカーム
23,2021/05/29,THE IDOLM@STER SHINY COLORS 3rdLIVE TOUR PIECE ON PLANET / FUKUOKA DAY1,Color Days,全員,関根瞳;峯田茉優;礒部花凜;菅沼千紗;八巻アンナ;成海瑠奈;結名美月;河野ひより;永井真里子;丸岡和佳奈;涼本あきほ;黒木ほの香;前川涼子;芝崎典子;田中有紀;幸村恵理;北原沙弥香;和久井優;土屋李央;田嶌紗蘭;岡咲美保;紫月杏朱彩;山根綺,ユナイトバースプラネタリ
24,2021/05/29,THE IDOLM@STER SHINY COLORS 3rdLIVE TOUR PIECE ON PLANET / FUKUOKA DAY1,Resonance⁺ ,全員,関根瞳;峯田茉優;礒部花凜;菅沼千紗;八巻アンナ;成海瑠奈;結名美月;河野ひより;永井真里子;丸岡和佳奈;涼本あきほ;黒木ほの香;前川涼子;芝崎典子;田中有紀;幸村恵理;北原沙弥香;和久井優;土屋李央;田嶌紗蘭;岡咲美保;紫月杏朱彩;山根綺,ユナイトバースプラネタリ
1,2021/05/30,THE IDOLM@STER SHINY COLORS 3rdLIVE TOUR PIECE ON PLANET / FUKUOKA DAY2,SOLAR WAY,Team.Sol,峯田茉優;八巻アンナ;永井真里子;涼本あきほ;芝崎典子;幸村恵理;和久井優;岡咲美保;紫月杏朱彩,ビヨンドザブルースカイ
2,2021/05/30,THE IDOLM@STER SHINY COLORS 3rdLIVE TOUR PIECE ON PLANET / FUKUOKA DAY2,リフレクトサイン,Team.Luna,菅沼千紗;成海瑠奈;結名美月;丸岡和佳奈;前川涼子;北原沙弥香;田嶌紗蘭,ビヨンドザブルースカイ
3,2021/05/30,THE IDOLM@STER SHINY COLORS 3rdLIVE TOUR PIECE ON PLANET / FUKUOKA DAY2,プラニスフィア ～planisphere～,Team.Stella,関根瞳;礒部花凜;河野ひより;白石晴香;黒木ほの香;田中有紀;土屋李央;山根綺,ビヨンドザブルースカイ
4,2021/05/30,THE IDOLM@STER SHINY COLORS 3rdLIVE TOUR PIECE ON PLANET / FUKUOKA DAY2,Spread the Wings!!,全員,関根瞳;峯田茉優;礒部花凜;菅沼千紗;八巻アンナ;成海瑠奈;結名美月;河野ひより;永井真里子;白石晴香;丸岡和佳奈;涼本あきほ;黒木ほの香;前川涼子;芝崎典子;田中有紀;幸村恵理;北原沙弥香;和久井優;土屋李央;田嶌紗蘭;岡咲美保;紫月杏朱彩;山根綺,ビヨンドザブルースカイ
5,2021/05/30,THE IDOLM@STER SHINY COLORS 3rdLIVE TOUR PIECE ON PLANET / FUKUOKA DAY2,Twinkle way,イルミネーションスターズ,関根瞳;峯田茉優,プラネテスシリーズ
6,2021/05/30,THE IDOLM@STER SHINY COLORS 3rdLIVE TOUR PIECE ON PLANET / FUKUOKA DAY2,ダブル・イフェクト,アルストロメリア,黒木ほの香;前川涼子;芝崎典子,ガルディエーヌシリーズ
7,2021/05/30,THE IDOLM@STER SHINY COLORS 3rdLIVE TOUR PIECE ON PLANET / FUKUOKA DAY2,五ツ座流星群,放課後クライマックスガールズ,河野ひより;永井真里子;白石晴香;丸岡和佳奈;涼本あきほ,ギャラクティックシリーズ
8,2021/05/30,THE IDOLM@STER SHINY COLORS 3rdLIVE TOUR PIECE ON PLANET / FUKUOKA DAY2,Black Reverie,アンティーカ,礒部花凜;菅沼千紗;八巻アンナ;成海瑠奈;結名美月,ブライクシリーズ
9,2021/05/30,THE IDOLM@STER SHINY COLORS 3rdLIVE TOUR PIECE ON PLANET / FUKUOKA DAY2,Hide & Attack,ストレイライト,田中有紀;幸村恵理;北原沙弥香,隠匿シンギュラリティ
10,2021/05/30,THE IDOLM@STER SHINY COLORS 3rdLIVE TOUR PIECE ON PLANET / FUKUOKA DAY2,いつだって僕らは,ノクチル,和久井優;土屋李央;田嶌紗蘭;岡咲美保,クリアマリンカーム
11,2021/05/30,THE IDOLM@STER SHINY COLORS 3rdLIVE TOUR PIECE ON PLANET / FUKUOKA DAY2,純白トロイメライ,アンティーカ,礒部花凜;菅沼千紗;八巻アンナ;成海瑠奈;結名美月,ブライクシリーズ
12,2021/05/30,THE IDOLM@STER SHINY COLORS 3rdLIVE TOUR PIECE ON PLANET / FUKUOKA DAY2,Anniversary,アルストロメリア,黒木ほの香;前川涼子;芝崎典子,ガルディエーヌシリーズ
13,2021/05/30,THE IDOLM@STER SHINY COLORS 3rdLIVE TOUR PIECE ON PLANET / FUKUOKA DAY2,あの花のように,ノクチル,和久井優;土屋李央;田嶌紗蘭;岡咲美保,クリアマリンカーム
14,2021/05/30,THE IDOLM@STER SHINY COLORS 3rdLIVE TOUR PIECE ON PLANET / FUKUOKA DAY2,チョコデート・サンデー,ソロ,白石晴香,ブレイブヒーロージャージ
15,2021/05/30,THE IDOLM@STER SHINY COLORS 3rdLIVE TOUR PIECE ON PLANET / FUKUOKA DAY2,HAREBARE!!,ソロ,峯田茉優,スパークルイルミネーション
16,2021/05/30,THE IDOLM@STER SHINY COLORS 3rdLIVE TOUR PIECE ON PLANET / FUKUOKA DAY2,雪・月・風・花,ソロ,結名美月,シンフォニックスチーム
17,2021/05/30,THE IDOLM@STER SHINY COLORS 3rdLIVE TOUR PIECE ON PLANET / FUKUOKA DAY2,Destined Rival,ストレイライト,田中有紀;幸村恵理;北原沙弥香,隠匿シンギュラリティ
18,2021/05/30,THE IDOLM@STER SHINY COLORS 3rdLIVE TOUR PIECE ON PLANET / FUKUOKA DAY2,学祭革命夜明け前,放課後クライマックスガールズ,河野ひより;永井真里子;白石晴香;丸岡和佳奈;涼本あきほ,ギャラクティックシリーズ
19,2021/05/30,THE IDOLM@STER SHINY COLORS 3rdLIVE TOUR PIECE ON PLANET / FUKUOKA DAY2,Happy Funny Lucky,イルミネーションスターズ,関根瞳;峯田茉優,プラネテスシリーズ
20,2021/05/30,THE IDOLM@STER SHINY COLORS 3rdLIVE TOUR PIECE ON PLANET / FUKUOKA DAY2,OH MY GOD,シーズ,紫月杏朱彩;山根綺,シルキージェムシリカ
21,2021/05/30,THE IDOLM@STER SHINY COLORS 3rdLIVE TOUR PIECE ON PLANET / FUKUOKA DAY2,Multicolored Sky,全員,関根瞳;峯田茉優;礒部花凜;菅沼千紗;八巻アンナ;成海瑠奈;結名美月;河野ひより;永井真里子;白石晴香;丸岡和佳奈;涼本あきほ;黒木ほの香;前川涼子;芝崎典子;田中有紀;幸村恵理;北原沙弥香;和久井優;土屋李央;田嶌紗蘭;岡咲美保;紫月杏朱彩;山根綺,プラネテスシリーズ;ブライクシリーズ;ギャラクティックシリーズ;ガルディエーヌシリーズ;隠匿シンギュラリティ;クリアマリンカーム
22,2021/05/30,THE IDOLM@STER SHINY COLORS 3rdLIVE TOUR PIECE ON PLANET / FUKUOKA DAY2,なんどでも笑おう,全員,関根瞳;峯田茉優;礒部花凜;菅沼千紗;八巻アンナ;成海瑠奈;結名美月;河野ひより;永井真里子;白石晴香;丸岡和佳奈;涼本あきほ;黒木ほの香;前川涼子;芝崎典子;田中有紀;幸村恵理;北原沙弥香;和久井優;土屋李央;田嶌紗蘭;岡咲美保;紫月杏朱彩;山根綺,プラネテスシリーズ;ブライクシリーズ;ギャラクティックシリーズ;ガルディエーヌシリーズ;隠匿シンギュラリティ;クリアマリンカーム
23,2021/05/30,THE IDOLM@STER SHINY COLORS 3rdLIVE TOUR PIECE ON PLANET / FUKUOKA DAY2,Color Days,全員,関根瞳;峯田茉優;礒部花凜;菅沼千紗;八巻アンナ;成海瑠奈;結名美月;河野ひより;永井真里子;白石晴香;丸岡和佳奈;涼本あきほ;黒木ほの香;前川涼子;芝崎典子;田中有紀;幸村恵理;北原沙弥香;和久井優;土屋李央;田嶌紗蘭;岡咲美保;紫月杏朱彩;山根綺,ユナイトバースプラネタリ
24,2021/05/30,THE IDOLM@STER SHINY COLORS 3rdLIVE TOUR PIECE ON PLANET / FUKUOKA DAY2,Resonance⁺ ,全員,関根瞳;峯田茉優;礒部花凜;菅沼千紗;八巻アンナ;成海瑠奈;結名美月;河野ひより;永井真里子;白石晴香;丸岡和佳奈;涼本あきほ;黒木ほの香;前川涼子;芝崎典子;田中有紀;幸村恵理;北原沙弥香;和久井優;土屋李央;田嶌紗蘭;岡咲美保;紫月杏朱彩;山根綺,ユナイトバースプラネタリ
1,2021/06/06,THE IDOLM@STER SHINY COLORS L@YERED WING 02発売記念イベント 第一回,PRISISM,イルミネーションスターズ,関根瞳;近藤玲奈;峯田茉優,プラネテスシリーズ
2,2021/06/06,THE IDOLM@STER SHINY COLORS L@YERED WING 02発売記念イベント 第一回,スマイルシンフォニア,イルミネーションスターズ,関根瞳;近藤玲奈;峯田茉優,プラネテスシリーズ
1,2021/06/06,THE IDOLM@STER SHINY COLORS L@YERED WING 02発売記念イベント 第二回,PRISISM,イルミネーションスターズ,関根瞳;近藤玲奈;峯田茉優,プラネテスシリーズ
2,2021/06/06,THE IDOLM@STER SHINY COLORS L@YERED WING 02発売記念イベント 第二回,スマイルシンフォニア,イルミネーションスターズ,関根瞳;近藤玲奈;峯田茉優,プラネテスシリーズ
1,2021/06/20,THE IDOLM@STER SHINY COLORS L@YERED WING 03発売記念イベント 第一回,abyss of conflict,アンティーカ,菅沼千紗;八巻アンナ;成海瑠奈;結名美月,ブライクシリーズ
2,2021/06/20,THE IDOLM@STER SHINY COLORS L@YERED WING 03発売記念イベント 第一回,革命進化論,アンティーカ,菅沼千紗;八巻アンナ;成海瑠奈;結名美月,ブライクシリーズ
1,2021/06/20,THE IDOLM@STER SHINY COLORS L@YERED WING 03発売記念イベント 第二回,abyss of conflict,アンティーカ,菅沼千紗;八巻アンナ;成海瑠奈;結名美月,ブライクシリーズ
2,2021/06/20,THE IDOLM@STER SHINY COLORS L@YERED WING 03発売記念イベント 第二回,革命進化論,アンティーカ,菅沼千紗;八巻アンナ;成海瑠奈;結名美月,ブライクシリーズ
1,2021/07/07, 「Bilibili World2021上海×日本特設会場」アイドルマスター特別ステージ,ありったけの輝きで,ソロ,関根瞳,セレステラユニゾン
2,2021/07/07, 「Bilibili World2021上海×日本特設会場」アイドルマスター特別ステージ,なんどでも笑おう(short),混合,関根瞳;その他,セレステラユニゾン
1,2021/07/25,THE IDOLM@STER SHINY COLORS L@YERED WING 04発売記念イベント 第一回,クライマックスアイランド,放課後クライマックスガールズ,河野ひより;白石晴香;永井真里子;丸岡和佳奈;涼本あきほ,ギャラクティックシリーズ
2,2021/07/25,THE IDOLM@STER SHINY COLORS L@YERED WING 04発売記念イベント 第一回,拝啓タイムカプセル,放課後クライマックスガールズ,河野ひより;白石晴香;永井真里子;丸岡和佳奈;涼本あきほ,ギャラクティックシリーズ
1,2021/07/25,THE IDOLM@STER SHINY COLORS L@YERED WING 04発売記念イベント 第二回,クライマックスアイランド,放課後クライマックスガールズ,河野ひより;白石晴香;永井真里子;丸岡和佳奈;涼本あきほ,ギャラクティックシリーズ
2,2021/07/25,THE IDOLM@STER SHINY COLORS L@YERED WING 04発売記念イベント 第二回,拝啓タイムカプセル,放課後クライマックスガールズ,河野ひより;白石晴香;永井真里子;丸岡和佳奈;涼本あきほ,ギャラクティックシリーズ
1,2021/09/19,THE IDOLM@STER SHINY COLORS L@YERED WING 05発売記念イベント 第一回,パステルカラー パスカラカラー,アルストロメリア,黒木ほの香;前川涼子;芝崎典子,ガルディエーヌシリーズ
2,2021/09/19,THE IDOLM@STER SHINY COLORS L@YERED WING 05発売記念イベント 第一回,ラブ・ボナペティート,アルストロメリア,黒木ほの香;前川涼子;芝崎典子,ガルディエーヌシリーズ
1,2021/09/19,THE IDOLM@STER SHINY COLORS L@YERED WING 05発売記念イベント 第二回,パステルカラー パスカラカラー,アルストロメリア,黒木ほの香;前川涼子;芝崎典子,ガルディエーヌシリーズ
2,2021/09/19,THE IDOLM@STER SHINY COLORS L@YERED WING 05発売記念イベント 第二回,ラブ・ボナペティート,アルストロメリア,黒木ほの香;前川涼子;芝崎典子,ガルディエーヌシリーズ
1,2021/10/11,スタマス発売直前！アイドルマスター スターリットシーズン　スペシャルトーク＆ステージ,THE IDOLM@STER,混合,丸岡和佳奈;八巻アンナ;その他,スタマス衣装
2,2021/10/11,スタマス発売直前！アイドルマスター スターリットシーズン　スペシャルトーク＆ステージ,READY!!,混合,丸岡和佳奈;八巻アンナ,スタマス衣装
3,2021/10/11,スタマス発売直前！アイドルマスター スターリットシーズン　スペシャルトーク＆ステージ,GR@TITUDE,混合,丸岡和佳奈;八巻アンナ;その他,スタマス衣装
1,2021/10/23,THE IDOLM@STER SHINY COLORS 283フェス 2021 Happy Buffet! DAY1,Color Days,イルミネーションスターズ;アンティーカ,関根瞳;峯田茉優;菅沼千紗;八巻アンナ;結名美月,プラネテスシリーズ;ブライクシリーズ
2,2021/10/23,THE IDOLM@STER SHINY COLORS 283フェス 2021 Happy Buffet! DAY1,SWEET♡STEP,アルストロメリア;シーズ,黒木ほの香;前川涼子;芝崎典子;紫月杏朱彩;山根綺,ガルディエーヌシリーズ;シルキージェムシリカ
3,2021/10/23,THE IDOLM@STER SHINY COLORS 283フェス 2021 Happy Buffet! DAY1,千夜アリア,ソロ,八巻アンナ,ブライクシリーズ
4,2021/10/23,THE IDOLM@STER SHINY COLORS 283フェス 2021 Happy Buffet! DAY1,誰ソ彼アイデンティティー,ソロ,菅沼千紗,ブライクシリーズ
5,2021/10/23,THE IDOLM@STER SHINY COLORS 283フェス 2021 Happy Buffet! DAY1,HAREBARE!!,ソロ,峯田茉優,プラネテスシリーズ
6,2021/10/23,THE IDOLM@STER SHINY COLORS 283フェス 2021 Happy Buffet! DAY1,Darling you!,ソロ,芝崎典子,ガルディエーヌシリーズ
7,2021/10/23,THE IDOLM@STER SHINY COLORS 283フェス 2021 Happy Buffet! DAY1,また明日,ソロ,前川涼子,ガルディエーヌシリーズ
8,2021/10/23,THE IDOLM@STER SHINY COLORS 283フェス 2021 Happy Buffet! DAY1,雪・月・風・花,ソロ,結名美月,ブライクシリーズ
9,2021/10/23,THE IDOLM@STER SHINY COLORS 283フェス 2021 Happy Buffet! DAY1,OH MY GOD,シーズ,紫月杏朱彩;山根綺,シルキージェムシリカ
10,2021/10/23,THE IDOLM@STER SHINY COLORS 283フェス 2021 Happy Buffet! DAY1,Fly and Fly,シーズ,紫月杏朱彩;山根綺,シルキージェムシリカ
11,2021/10/23,THE IDOLM@STER SHINY COLORS 283フェス 2021 Happy Buffet! DAY1,Love Addiction,アルストロメリア,黒木ほの香;前川涼子;芝崎典子,ガルディエーヌシリーズ
12,2021/10/23,THE IDOLM@STER SHINY COLORS 283フェス 2021 Happy Buffet! DAY1,パステルカラー パスカラカラー,アルストロメリア,黒木ほの香;前川涼子;芝崎典子,ガルディエーヌシリーズ
13,2021/10/23,THE IDOLM@STER SHINY COLORS 283フェス 2021 Happy Buffet! DAY1,Sweet Memories,ソロ,黒木ほの香,ガルディエーヌシリーズ
14,2021/10/23,THE IDOLM@STER SHINY COLORS 283フェス 2021 Happy Buffet! DAY1,ありったけの輝きで,ソロ,関根瞳,プラネテスシリーズ
15,2021/10/23,THE IDOLM@STER SHINY COLORS 283フェス 2021 Happy Buffet! DAY1,デビ太郎のうた,ソロ,前川涼子,デビ太郎ルームウェア
16,2021/10/23,THE IDOLM@STER SHINY COLORS 283フェス 2021 Happy Buffet! DAY1,PRISISM,イルミネーションスターズ,関根瞳;峯田茉優,プラネテスシリーズ
17,2021/10/23,THE IDOLM@STER SHINY COLORS 283フェス 2021 Happy Buffet! DAY1,トライアングル,イルミネーションスターズ,関根瞳;峯田茉優,プラネテスシリーズ
18,2021/10/23,THE IDOLM@STER SHINY COLORS 283フェス 2021 Happy Buffet! DAY1,abyss of conflict,アンティーカ,菅沼千紗;八巻アンナ;結名美月,ブライクシリーズ
19,2021/10/23,THE IDOLM@STER SHINY COLORS 283フェス 2021 Happy Buffet! DAY1,バベルシティ・グレイス,アンティーカ,菅沼千紗;八巻アンナ;結名美月,ブライクシリーズ
20,2021/10/23,THE IDOLM@STER SHINY COLORS 283フェス 2021 Happy Buffet! DAY1,FUTURITY SMILE,全員,関根瞳;峯田茉優;菅沼千紗;八巻アンナ;結名美月;黒木ほの香;前川涼子;芝崎典子;紫月杏朱彩;山根綺,プラネテスシリーズ;ブライクシリーズ;ガルディエーヌシリーズ;シルキージェムシリカ
1,2021/10/24,THE IDOLM@STER SHINY COLORS 283フェス 2021 Happy Buffet! DAY2,シャイノグラフィ,ストレイライト;ノクチル,田中有紀;幸村恵理;北原沙弥香;和久井優;土屋李央;田嶌紗蘭;岡咲美保,隠匿シンギュラリティ;クリアマリンカーム
2,2021/10/24,THE IDOLM@STER SHINY COLORS 283フェス 2021 Happy Buffet! DAY2,Ambitious Eve,放課後クライマックスガールズ;シーズ,河野ひより;永井真里子;白石晴香;涼本あきほ;紫月杏朱彩;山根綺,ギャラクティックシリーズ;シルキージェムシリカ
3,2021/10/24,THE IDOLM@STER SHINY COLORS 283フェス 2021 Happy Buffet! DAY2,過純性ブリーチ,ソロ,永井真里子,ギャラクティックシリーズ
4,2021/10/24,THE IDOLM@STER SHINY COLORS 283フェス 2021 Happy Buffet! DAY2,星をめざして,ソロ,田中有紀,隠匿シンギュラリティ
5,2021/10/24,THE IDOLM@STER SHINY COLORS 283フェス 2021 Happy Buffet! DAY2,Damascus Cocktail,ソロ,涼本あきほ,ギャラクティックシリーズ
6,2021/10/24,THE IDOLM@STER SHINY COLORS 283フェス 2021 Happy Buffet! DAY2,わたしの主人公はわたしだから！,ソロ,田嶌紗蘭,クリアマリンカーム
7,2021/10/24,THE IDOLM@STER SHINY COLORS 283フェス 2021 Happy Buffet! DAY2,ハナマルバッジ,ソロ,河野ひより,ギャラクティックシリーズ
8,2021/10/24,THE IDOLM@STER SHINY COLORS 283フェス 2021 Happy Buffet! DAY2,SOS,ソロ,幸村恵理,隠匿シンギュラリティ
9,2021/10/24,THE IDOLM@STER SHINY COLORS 283フェス 2021 Happy Buffet! DAY2,statice,ソロ,和久井優,クリアマリンカーム
10,2021/10/24,THE IDOLM@STER SHINY COLORS 283フェス 2021 Happy Buffet! DAY2,あの花のように,ノクチル,和久井優;土屋李央;田嶌紗蘭;岡咲美保,クリアマリンカーム
11,2021/10/24,THE IDOLM@STER SHINY COLORS 283フェス 2021 Happy Buffet! DAY2,僕らだけの未来の空,ノクチル,和久井優;土屋李央;田嶌紗蘭;岡咲美保,クリアマリンカーム
12,2021/10/24,THE IDOLM@STER SHINY COLORS 283フェス 2021 Happy Buffet! DAY2,Fly and Fly,シーズ,紫月杏朱彩;山根綺,シルキージェムシリカ
13,2021/10/24,THE IDOLM@STER SHINY COLORS 283フェス 2021 Happy Buffet! DAY2,OH MY GOD,シーズ,紫月杏朱彩;山根綺,シルキージェムシリカ
14,2021/10/24,THE IDOLM@STER SHINY COLORS 283フェス 2021 Happy Buffet! DAY2,チョコデート・サンデー,ソロ,白石晴香,ギャラクティックシリーズ
15,2021/10/24,THE IDOLM@STER SHINY COLORS 283フェス 2021 Happy Buffet! DAY2,あおぞらサイダー,ソロ,岡咲美保,クリアマリンカーム
16,2021/10/24,THE IDOLM@STER SHINY COLORS 283フェス 2021 Happy Buffet! DAY2,Going my way,ソロ,北原沙弥香,隠匿シンギュラリティ
17,2021/10/24,THE IDOLM@STER SHINY COLORS 283フェス 2021 Happy Buffet! DAY2,夢見鳥,ソロ,土屋李央,クリアマリンカーム
18,2021/10/24,THE IDOLM@STER SHINY COLORS 283フェス 2021 Happy Buffet! DAY2,絶対正義 EVERY DAY,ソロ,河野ひより,ジャスティスV Tシャツ
19,2021/10/24,THE IDOLM@STER SHINY COLORS 283フェス 2021 Happy Buffet! DAY2,Transcending The World,ストレイライト,田中有紀;幸村恵理;北原沙弥香,隠匿シンギュラリティ
20,2021/10/24,THE IDOLM@STER SHINY COLORS 283フェス 2021 Happy Buffet! DAY2,Another Rampage,ストレイライト,田中有紀;幸村恵理;北原沙弥香,隠匿シンギュラリティ
21,2021/10/24,THE IDOLM@STER SHINY COLORS 283フェス 2021 Happy Buffet! DAY2,クライマックスアイランド,放課後クライマックスガールズ,河野ひより;永井真里子;白石晴香;涼本あきほ,ギャラクティックシリーズ
22,2021/10/24,THE IDOLM@STER SHINY COLORS 283フェス 2021 Happy Buffet! DAY2,五ツ座流星群,放課後クライマックスガールズ,河野ひより;永井真里子;白石晴香;涼本あきほ,ギャラクティックシリーズ
23,2021/10/24,THE IDOLM@STER SHINY COLORS 283フェス 2021 Happy Buffet! DAY2,いつか Shiny Days,全員,河野ひより;永井真里子;白石晴香;涼本あきほ;田中有紀;幸村恵理;北原沙弥香;和久井優;土屋李央;田嶌紗蘭;岡咲美保;紫月杏朱彩;山根綺,ギャラクティックシリーズ;隠匿シンギュラリティ;クリアマリンカーム;シルキージェムシリカ
1,2021/10/31,THE IDOLM@STER SHINY COLORS L@YERED WING 06発売記念イベント 第一回,トークのみ,ストレイライト,田中有紀;幸村恵理;北原沙弥香,隠匿シンギュラリティ
1,2021/10/31,THE IDOLM@STER SHINY COLORS L@YERED WING 06発売記念イベント 第二回,トークのみ,ストレイライト,田中有紀;幸村恵理;北原沙弥香,隠匿シンギュラリティ
1,2021/10/31,THE IDOLM@STER SHINY COLORS L@YERED WING 07発売記念イベント 第一回,僕らだけの未来の空,ノクチル,和久井優;土屋李央;田嶌紗蘭;岡咲美保,クリアマリンカーム
2,2021/10/31,THE IDOLM@STER SHINY COLORS L@YERED WING 07発売記念イベント 第一回,今しかない瞬間を,ノクチル,和久井優;土屋李央;田嶌紗蘭;岡咲美保,クリアマリンカーム
1,2021/10/31,THE IDOLM@STER SHINY COLORS L@YERED WING 07発売記念イベント 第二回,僕らだけの未来の空,ノクチル,和久井優;土屋李央;田嶌紗蘭;岡咲美保,クリアマリンカーム
2,2021/10/31,THE IDOLM@STER SHINY COLORS L@YERED WING 07発売記念イベント 第二回,今しかない瞬間を,ノクチル,和久井優;土屋李央;田嶌紗蘭;岡咲美保,クリアマリンカーム
1,2021/12/04,THE IDOLM@STER SHINY COLORS L@YERED WING 08発売記念イベント 第一回,OH MY GOD,シーズ,紫月杏朱彩;山根綺,シルキージェムシリカ
2,2021/12/04,THE IDOLM@STER SHINY COLORS L@YERED WING 08発売記念イベント 第一回,Fly and Fly,シーズ,紫月杏朱彩;山根綺,シルキージェムシリカ
1,2021/12/04,THE IDOLM@STER SHINY COLORS L@YERED WING 08発売記念イベント 第二回,OH MY GOD,シーズ,紫月杏朱彩;山根綺,シルキージェムシリカ
2,2021/12/04,THE IDOLM@STER SHINY COLORS L@YERED WING 08発売記念イベント 第二回,Fly and Fly,シーズ,紫月杏朱彩;山根綺,シルキージェムシリカ
1,2021/12/18,THE IDOLM@STER SHINY COLORS Xmas Party -Silent night- DAY1,SNOW FLAKES MEMORIES,全員,関根瞳;峯田茉優;黒木ほの香;前川涼子;芝崎典子;田中有紀;幸村恵理;北原沙弥香;和久井優;土屋李央;田嶌紗蘭;岡咲美保,ホーリーナイトケープ
2,2021/12/18,THE IDOLM@STER SHINY COLORS Xmas Party -Silent night- DAY1,Destined Rival,ストレイライト,田中有紀;幸村恵理;北原沙弥香,ネオンライトロマンサー
3,2021/12/18,THE IDOLM@STER SHINY COLORS Xmas Party -Silent night- DAY1,Timeless Shooting Star,ストレイライト,田中有紀;幸村恵理;北原沙弥香,ネオンライトロマンサー
4,2021/12/18,THE IDOLM@STER SHINY COLORS Xmas Party -Silent night- DAY1,ハピリリ,アルストロメリア,黒木ほの香;前川涼子;芝崎典子,ウィッシュフルリリー
5,2021/12/18,THE IDOLM@STER SHINY COLORS Xmas Party -Silent night- DAY1,ラブ・ボナペティート,アルストロメリア,黒木ほの香;前川涼子;芝崎典子,ウィッシュフルリリー
6,2021/12/18,THE IDOLM@STER SHINY COLORS Xmas Party -Silent night- DAY1,ヒカリのdestination,イルミネーションスターズ,関根瞳;峯田茉優,スパークルイルミネーション
7,2021/12/18,THE IDOLM@STER SHINY COLORS Xmas Party -Silent night- DAY1,スマイルシンフォニア,イルミネーションスターズ,関根瞳;峯田茉優,スパークルイルミネーション
8,2021/12/18,THE IDOLM@STER SHINY COLORS Xmas Party -Silent night- DAY1,いつだって僕らは,ノクチル,和久井優;土屋李央;田嶌紗蘭;岡咲美保,クリアマリンカーム
9,2021/12/18,THE IDOLM@STER SHINY COLORS Xmas Party -Silent night- DAY1,今しかない瞬間を,ノクチル,和久井優;土屋李央;田嶌紗蘭;岡咲美保,クリアマリンカーム
10,2021/12/18,THE IDOLM@STER SHINY COLORS Xmas Party -Silent night- DAY1,Let's get a chance,全員,関根瞳;峯田茉優;黒木ほの香;前川涼子;芝崎典子;田中有紀;幸村恵理;北原沙弥香;和久井優;土屋李央;田嶌紗蘭;岡咲美保,スパークルイルミネーション;ウィッシュフルリリー;ネオンライトロマンサー;クリアマリンカーム
1,2021/12/19,THE IDOLM@STER SHINY COLORS Xmas Party -Silent night- DAY2,SNOW FLAKES MEMORIES,全員,礒部花凜;菅沼千紗;八巻アンナ;結名美月;河野ひより;白石晴香;永井真里子;丸岡和佳奈;涼本あきほ;紫月杏朱彩;山根綺,ホーリーナイトケープ
2,2021/12/19,THE IDOLM@STER SHINY COLORS Xmas Party -Silent night- DAY2,夢咲きAfter school,放課後クライマックスガールズ,河野ひより;白石晴香;永井真里子;丸岡和佳奈;涼本あきほ,ブレイブヒーロージャージ
3,2021/12/19,THE IDOLM@STER SHINY COLORS Xmas Party -Silent night- DAY2,拝啓タイムカプセル,放課後クライマックスガールズ,河野ひより;白石晴香;永井真里子;丸岡和佳奈;涼本あきほ,ブレイブヒーロージャージ
4,2021/12/19,THE IDOLM@STER SHINY COLORS Xmas Party -Silent night- DAY2,幻惑SILHOUETTE,アンティーカ,礒部花凜;菅沼千紗;八巻アンナ;結名美月,シンフォニックスチーム
5,2021/12/19,THE IDOLM@STER SHINY COLORS Xmas Party -Silent night- DAY2,革命進化論,アンティーカ,礒部花凜;菅沼千紗;八巻アンナ;結名美月,シンフォニックスチーム
6,2021/12/19,THE IDOLM@STER SHINY COLORS Xmas Party -Silent night- DAY2,OH MY GOD,シーズ,紫月杏朱彩;山根綺,シルキージェムシリカ
7,2021/12/19,THE IDOLM@STER SHINY COLORS Xmas Party -Silent night- DAY2,Fly and Fly,シーズ,紫月杏朱彩;山根綺,シルキージェムシリカ
8,2021/12/19,THE IDOLM@STER SHINY COLORS Xmas Party -Silent night- DAY2,Multicolored Sky,全員,礒部花凜;菅沼千紗;八巻アンナ;結名美月;河野ひより;白石晴香;永井真里子;丸岡和佳奈;涼本あきほ;紫月杏朱彩;山根綺,シンフォニックスチーム;ブレイブヒーロージャージ;シルキージェムシリカ
9,2021/12/19,THE IDOLM@STER SHINY COLORS Xmas Party -Silent night- DAY2,神様は死んだ、って,ソロ,川口莉奈,斑鳩 ルカ 私服
1,2022/04/23,THE IDOLM@STER SHINY COLORS 4thLIVE 空は澄み、今を越えて。 DAY1,Spread the Wings!!,全員,関根瞳;峯田茉優;礒部花凜;菅沼千紗;八巻アンナ;希水しお;結名美月;河野ひより;丸岡和佳奈;涼本あきほ;黒木ほの香;前川涼子;芝崎典子;田中有紀;幸村恵理;北原沙弥香;和久井優;土屋李央;田嶌紗蘭;岡咲美保;紫月杏朱彩;山根綺,アステレスオーロライズ;ルフォンドゥ・ラメール;セーフクエクストリーム!;ウェイトレス・パスカラ;デッドチャンネルl2<)3;リップリングクリアマリン;シルキージェムシリカ
2,2022/04/23,THE IDOLM@STER SHINY COLORS 4thLIVE 空は澄み、今を越えて。 DAY1,Ambitious Eve,全員,関根瞳;峯田茉優;礒部花凜;菅沼千紗;八巻アンナ;希水しお;結名美月;河野ひより;丸岡和佳奈;涼本あきほ;黒木ほの香;前川涼子;芝崎典子;田中有紀;幸村恵理;北原沙弥香;和久井優;土屋李央;田嶌紗蘭;岡咲美保;紫月杏朱彩;山根綺,アステレスオーロライズ;ルフォンドゥ・ラメール;セーフクエクストリーム!;ウェイトレス・パスカラ;デッドチャンネルl2<)3;リップリングクリアマリン;シルキージェムシリカ
3,2022/04/23,THE IDOLM@STER SHINY COLORS 4thLIVE 空は澄み、今を越えて。 DAY1,abyss of conflict,アンティーカ,礒部花凜;菅沼千紗;八巻アンナ;希水しお;結名美月,ルフォンドゥ・ラメール
4,2022/04/23,THE IDOLM@STER SHINY COLORS 4thLIVE 空は澄み、今を越えて。 DAY1,革命進化論,アンティーカ,礒部花凜;菅沼千紗;八巻アンナ;希水しお;結名美月,ルフォンドゥ・ラメール
5,2022/04/23,THE IDOLM@STER SHINY COLORS 4thLIVE 空は澄み、今を越えて。 DAY1,Another Rampage,ストレイライト,田中有紀;幸村恵理;北原沙弥香,デッドチャンネルl2<)3
6,2022/04/23,THE IDOLM@STER SHINY COLORS 4thLIVE 空は澄み、今を越えて。 DAY1,Timeless Shooting Star,ストレイライト,田中有紀;幸村恵理;北原沙弥香,デッドチャンネルl2<)3
7,2022/04/23,THE IDOLM@STER SHINY COLORS 4thLIVE 空は澄み、今を越えて。 DAY1,Killer×Mission,アンティーカ;ストレイライト,礒部花凜;菅沼千紗;八巻アンナ;希水しお;結名美月;田中有紀;幸村恵理;北原沙弥香,ルフォンドゥ・ラメール;デッドチャンネルl2<)3
8,2022/04/23,THE IDOLM@STER SHINY COLORS 4thLIVE 空は澄み、今を越えて。 DAY1,パステルカラー パスカラカラー,アルストロメリア,黒木ほの香;前川涼子;芝崎典子,ウェイトレス・パスカラ
9,2022/04/23,THE IDOLM@STER SHINY COLORS 4thLIVE 空は澄み、今を越えて。 DAY1,ラブ・ボナペティート,アルストロメリア,黒木ほの香;前川涼子;芝崎典子,ウェイトレス・パスカラ
10,2022/04/23,THE IDOLM@STER SHINY COLORS 4thLIVE 空は澄み、今を越えて。 DAY1,OH MY GOD,シーズ,紫月杏朱彩;山根綺,シルキージェムシリカ
11,2022/04/23,THE IDOLM@STER SHINY COLORS 4thLIVE 空は澄み、今を越えて。 DAY1,Fly and Fly,シーズ,紫月杏朱彩;山根綺,シルキージェムシリカ
12,2022/04/23,THE IDOLM@STER SHINY COLORS 4thLIVE 空は澄み、今を越えて。 DAY1,PRISISM,イルミネーションスターズ,関根瞳;峯田茉優,アステレスオーロライズ
13,2022/04/23,THE IDOLM@STER SHINY COLORS 4thLIVE 空は澄み、今を越えて。 DAY1,スマイルシンフォニア,イルミネーションスターズ,関根瞳;峯田茉優,アステレスオーロライズ
14,2022/04/23,THE IDOLM@STER SHINY COLORS 4thLIVE 空は澄み、今を越えて。 DAY1,Secret utopIA,イルミネーションスターズ;アルストロメリア;シーズ,関根瞳;峯田茉優;黒木ほの香;前川涼子;芝崎典子;紫月杏朱彩;山根綺,ウェイトレス・パスカラ;シルキージェムシリカ;アステレスオーロライズ
15,2022/04/23,THE IDOLM@STER SHINY COLORS 4thLIVE 空は澄み、今を越えて。 DAY1,僕らだけの未来の空,ノクチル,和久井優;土屋李央;田嶌紗蘭;岡咲美保,リップリングクリアマリン
16,2022/04/23,THE IDOLM@STER SHINY COLORS 4thLIVE 空は澄み、今を越えて。 DAY1,今しかない瞬間を,ノクチル,和久井優;土屋李央;田嶌紗蘭;岡咲美保,リップリングクリアマリン
17,2022/04/23,THE IDOLM@STER SHINY COLORS 4thLIVE 空は澄み、今を越えて。 DAY1,クライマックスアイランド,放課後クライマックスガールズ,河野ひより;丸岡和佳奈;涼本あきほ,セーフクエクストリーム!
18,2022/04/23,THE IDOLM@STER SHINY COLORS 4thLIVE 空は澄み、今を越えて。 DAY1,拝啓タイムカプセル,放課後クライマックスガールズ,河野ひより;丸岡和佳奈;涼本あきほ,セーフクエクストリーム!
19,2022/04/23,THE IDOLM@STER SHINY COLORS 4thLIVE 空は澄み、今を越えて。 DAY1,相合学舎,放課後クライマックスガールズ;ノクチル,河野ひより;丸岡和佳奈;涼本あきほ;和久井優;土屋李央;田嶌紗蘭;岡咲美保,セーフクエクストリーム!;リップリングクリアマリン
20,2022/04/23,THE IDOLM@STER SHINY COLORS 4thLIVE 空は澄み、今を越えて。 DAY1,Resonance⁺ ,全員,関根瞳;峯田茉優;礒部花凜;菅沼千紗;八巻アンナ;希水しお;結名美月;河野ひより;永井真里子;丸岡和佳奈;涼本あきほ;黒木ほの香;前川涼子;芝崎典子;田中有紀;幸村恵理;北原沙弥香;和久井優;土屋李央;田嶌紗蘭;岡咲美保;紫月杏朱彩;山根綺,ビヨンドザブルースカイ
21,2022/04/23,THE IDOLM@STER SHINY COLORS 4thLIVE 空は澄み、今を越えて。 DAY1,シャイノグラフィ,全員,関根瞳;峯田茉優;礒部花凜;菅沼千紗;八巻アンナ;希水しお;結名美月;河野ひより;丸岡和佳奈;涼本あきほ;黒木ほの香;前川涼子;芝崎典子;田中有紀;幸村恵理;北原沙弥香;和久井優;土屋李央;田嶌紗蘭;岡咲美保;紫月杏朱彩;山根綺,ビヨンドザブルースカイ
22,2022/04/23,THE IDOLM@STER SHINY COLORS 4thLIVE 空は澄み、今を越えて。 DAY1,虹の行方,全員,関根瞳;峯田茉優;礒部花凜;菅沼千紗;八巻アンナ;希水しお;結名美月;河野ひより;永井真里子;丸岡和佳奈;涼本あきほ;黒木ほの香;前川涼子;芝崎典子;田中有紀;幸村恵理;北原沙弥香;和久井優;土屋李央;田嶌紗蘭;岡咲美保;紫月杏朱彩;山根綺,ビヨンドザブルースカイ
1,2022/04/24,THE IDOLM@STER SHINY COLORS 4thLIVE 空は澄み、今を越えて。 DAY2,Dye the sky.,全員,関根瞳;峯田茉優;礒部花凜;菅沼千紗;八巻アンナ;希水しお;結名美月;河野ひより;白石晴香;丸岡和佳奈;涼本あきほ;黒木ほの香;前川涼子;芝崎典子;田中有紀;幸村恵理;北原沙弥香;和久井優;土屋李央;田嶌紗蘭;岡咲美保;紫月杏朱彩;山根綺,アステレスオーロライズ;ルフォンドゥ・ラメール;セーフクエクストリーム!;ウェイトレス・パスカラ;デッドチャンネルl2<)3;リップリングクリアマリン;シルキージェムシリカ
2,2022/04/24,THE IDOLM@STER SHINY COLORS 4thLIVE 空は澄み、今を越えて。 DAY2,Color Days,全員,関根瞳;峯田茉優;礒部花凜;菅沼千紗;八巻アンナ;希水しお;結名美月;河野ひより;白石晴香;丸岡和佳奈;涼本あきほ;黒木ほの香;前川涼子;芝崎典子;田中有紀;幸村恵理;北原沙弥香;和久井優;土屋李央;田嶌紗蘭;岡咲美保;紫月杏朱彩;山根綺,アステレスオーロライズ;ルフォンドゥ・ラメール;セーフクエクストリーム!;ウェイトレス・パスカラ;デッドチャンネルl2<)3;リップリングクリアマリン;シルキージェムシリカ
3,2022/04/24,THE IDOLM@STER SHINY COLORS 4thLIVE 空は澄み、今を越えて。 DAY2,パステルカラー パスカラカラー,アルストロメリア,黒木ほの香;前川涼子;芝崎典子,ウェイトレス・パスカラ
4,2022/04/24,THE IDOLM@STER SHINY COLORS 4thLIVE 空は澄み、今を越えて。 DAY2,ラブ・ボナペティート,アルストロメリア,黒木ほの香;前川涼子;芝崎典子,ウェイトレス・パスカラ
5,2022/04/24,THE IDOLM@STER SHINY COLORS 4thLIVE 空は澄み、今を越えて。 DAY2,OH MY GOD,シーズ,紫月杏朱彩;山根綺,シルキージェムシリカ
6,2022/04/24,THE IDOLM@STER SHINY COLORS 4thLIVE 空は澄み、今を越えて。 DAY2,Fly and Fly,シーズ,紫月杏朱彩;山根綺,シルキージェムシリカ
7,2022/04/24,THE IDOLM@STER SHINY COLORS 4thLIVE 空は澄み、今を越えて。 DAY2,PRISISM,イルミネーションスターズ,関根瞳;峯田茉優,アステレスオーロライズ
8,2022/04/24,THE IDOLM@STER SHINY COLORS 4thLIVE 空は澄み、今を越えて。 DAY2,スマイルシンフォニア,イルミネーションスターズ,関根瞳;峯田茉優,アステレスオーロライズ
9,2022/04/24,THE IDOLM@STER SHINY COLORS 4thLIVE 空は澄み、今を越えて。 DAY2,Secret utopIA,イルミネーションスターズ;アルストロメリア;シーズ,関根瞳;峯田茉優;黒木ほの香;前川涼子;芝崎典子;紫月杏朱彩;山根綺,ウェイトレス・パスカラ;シルキージェムシリカ;アステレスオーロライズ
10,2022/04/24,THE IDOLM@STER SHINY COLORS 4thLIVE 空は澄み、今を越えて。 DAY2,僕らだけの未来の空,ノクチル,和久井優;土屋李央;田嶌紗蘭;岡咲美保,リップリングクリアマリン
11,2022/04/24,THE IDOLM@STER SHINY COLORS 4thLIVE 空は澄み、今を越えて。 DAY2,今しかない瞬間を,ノクチル,和久井優;土屋李央;田嶌紗蘭;岡咲美保,リップリングクリアマリン
12,2022/04/24,THE IDOLM@STER SHINY COLORS 4thLIVE 空は澄み、今を越えて。 DAY2,クライマックスアイランド,放課後クライマックスガールズ,河野ひより;白石晴香;丸岡和佳奈;涼本あきほ,セーフクエクストリーム!
13,2022/04/24,THE IDOLM@STER SHINY COLORS 4thLIVE 空は澄み、今を越えて。 DAY2,拝啓タイムカプセル,放課後クライマックスガールズ,河野ひより;白石晴香;丸岡和佳奈;涼本あきほ,セーフクエクストリーム!
14,2022/04/24,THE IDOLM@STER SHINY COLORS 4thLIVE 空は澄み、今を越えて。 DAY2,相合学舎,放課後クライマックスガールズ;ノクチル,河野ひより;白石晴香;丸岡和佳奈;涼本あきほ;和久井優;土屋李央;田嶌紗蘭;岡咲美保,セーフクエクストリーム!;リップリングクリアマリン
15,2022/04/24,THE IDOLM@STER SHINY COLORS 4thLIVE 空は澄み、今を越えて。 DAY2,abyss of conflict,アンティーカ,礒部花凜;菅沼千紗;八巻アンナ;希水しお;結名美月,ルフォンドゥ・ラメール
16,2022/04/24,THE IDOLM@STER SHINY COLORS 4thLIVE 空は澄み、今を越えて。 DAY2,革命進化論,アンティーカ,礒部花凜;菅沼千紗;八巻アンナ;希水しお;結名美月,ルフォンドゥ・ラメール
17,2022/04/24,THE IDOLM@STER SHINY COLORS 4thLIVE 空は澄み、今を越えて。 DAY2,Another Rampage,ストレイライト,田中有紀;幸村恵理;北原沙弥香,デッドチャンネルl2<)3
18,2022/04/24,THE IDOLM@STER SHINY COLORS 4thLIVE 空は澄み、今を越えて。 DAY2,Timeless Shooting Star,ストレイライト,田中有紀;幸村恵理;北原沙弥香,デッドチャンネルl2<)3
19,2022/04/24,THE IDOLM@STER SHINY COLORS 4thLIVE 空は澄み、今を越えて。 DAY2,Killer×Mission,アンティーカ;ストレイライト,礒部花凜;菅沼千紗;八巻アンナ;希水しお;結名美月;田中有紀;幸村恵理;北原沙弥香,ルフォンドゥ・ラメール;デッドチャンネルl2<)3
20,2022/04/24,THE IDOLM@STER SHINY COLORS 4thLIVE 空は澄み、今を越えて。 DAY2,Multicolored Sky,全員,関根瞳;峯田茉優;礒部花凜;菅沼千紗;八巻アンナ;希水しお;結名美月;河野ひより;白石晴香;永井真里子;丸岡和佳奈;涼本あきほ;黒木ほの香;前川涼子;芝崎典子;田中有紀;幸村恵理;北原沙弥香;和久井優;土屋李央;田嶌紗蘭;岡咲美保;紫月杏朱彩;山根綺,ビヨンドザブルースカイ
21,2022/04/24,THE IDOLM@STER SHINY COLORS 4thLIVE 空は澄み、今を越えて。 DAY2,いつか Shiny Days,全員,関根瞳;峯田茉優;礒部花凜;菅沼千紗;八巻アンナ;希水しお;結名美月;河野ひより;白石晴香;丸岡和佳奈;涼本あきほ;黒木ほの香;前川涼子;芝崎典子;田中有紀;幸村恵理;北原沙弥香;和久井優;土屋李央;田嶌紗蘭;岡咲美保;紫月杏朱彩;山根綺,ビヨンドザブルースカイ
22,2022/04/24,THE IDOLM@STER SHINY COLORS 4thLIVE 空は澄み、今を越えて。 DAY2,Daybreak Age,全員,関根瞳;峯田茉優;礒部花凜;菅沼千紗;八巻アンナ;希水しお;結名美月;河野ひより;白石晴香;永井真里子;丸岡和佳奈;涼本あきほ;黒木ほの香;前川涼子;芝崎典子;田中有紀;幸村恵理;北原沙弥香;和久井優;土屋李央;田嶌紗蘭;岡咲美保;紫月杏朱彩;山根綺,ビヨンドザブルースカイ
1,2022/05/15,バンダイナムコエンターテインメントフェスティバル 2nd DAY2,シャイノグラフィ (short),全員,関根瞳;近藤玲奈;峯田茉優;礒部花凜;菅沼千紗;八巻アンナ;希水しお;結名美月;河野ひより;永井真里子;白石晴香;丸岡和佳奈;涼本あきほ;黒木ほの香;前川涼子;芝崎典子;田中有紀;幸村恵理;北原沙弥香;和久井優;土屋李央;田嶌紗蘭;岡咲美保;紫月杏朱彩;山根綺,アステレスオーロライズ;ブライクシリーズ;セーフクエクストリーム！;ウェイトレス・パスカラ;隠匿シンギュラリティ;クリアマリンカーム;シルキージェムシリカ
2,2022/05/15,バンダイナムコエンターテインメントフェスティバル 2nd DAY2,いつだって僕らは(short),ノクチル,和久井優;土屋李央;田嶌紗蘭;岡咲美保,クリアマリンカーム
3,2022/05/15,バンダイナムコエンターテインメントフェスティバル 2nd DAY2,OH MY GOD(short),シーズ,紫月杏朱彩;山根綺,シルキージェムシリカ
4,2022/05/15,バンダイナムコエンターテインメントフェスティバル 2nd DAY2,太陽キッス(short),放課後クライマックスガールズ,河野ひより;永井真里子;白石晴香;丸岡和佳奈;涼本あきほ,セーフクエクストリーム！
5,2022/05/15,バンダイナムコエンターテインメントフェスティバル 2nd DAY2,Hide & Attack(short),ストレイライト,田中有紀;幸村恵理;北原沙弥香,隠匿シンギュラリティ
6,2022/05/15,バンダイナムコエンターテインメントフェスティバル 2nd DAY2,スマイルシンフォニア(short),イルミネーションスターズ,関根瞳;近藤玲奈;峯田茉優,アステレスオーロライズ
7,2022/05/15,バンダイナムコエンターテインメントフェスティバル 2nd DAY2,ハピリリ(short),アルストロメリア,黒木ほの香;前川涼子;芝崎典子,ウェイトレス・パスカラ
8,2022/05/15,バンダイナムコエンターテインメントフェスティバル 2nd DAY2,Black Reverie (short),アンティーカ,礒部花凜;菅沼千紗;八巻アンナ;希水しお;結名美月,ブライクシリーズ
9,2022/05/15,バンダイナムコエンターテインメントフェスティバル 2nd DAY2,Dye the sky. ,全員,関根瞳;近藤玲奈;峯田茉優;礒部花凜;菅沼千紗;八巻アンナ;希水しお;結名美月;河野ひより;永井真里子;白石晴香;丸岡和佳奈;涼本あきほ;黒木ほの香;前川涼子;芝崎典子;田中有紀;幸村恵理;北原沙弥香;和久井優;土屋李央;田嶌紗蘭;岡咲美保;紫月杏朱彩;山根綺,アステレスオーロライズ;ブライクシリーズ;セーフクエクストリーム！;ウェイトレス・パスカラ;隠匿シンギュラリティ;クリアマリンカーム;シルキージェムシリカ
10,2022/05/15,バンダイナムコエンターテインメントフェスティバル 2nd DAY2,VOY@GER ,混合,関根瞳;芝崎典子;その他,アステレスオーロライズ;ウェイトレス・パスカラ
11,2022/05/15,バンダイナムコエンターテインメントフェスティバル 2nd DAY2,POPLINKS TUNE!!!!!,混合,関根瞳;芝崎典子;その他,アステレスオーロライズ;ウェイトレス・パスカラ
12,2022/05/15,バンダイナムコエンターテインメントフェスティバル 2nd DAY2,なんどでも笑おう,混合,関根瞳;芝崎典子;その他,アステレスオーロライズ;ウェイトレス・パスカラ
1,2022/07/03, xR ARTISTS SUPER FES 2022 DAY2,Spread the Wings!! (short),混合,涼本あきほ;幸村恵理,スターリー・フューチャース
2,2022/07/03, xR ARTISTS SUPER FES 2022 DAY2,VOY@GER ,混合,涼本あきほ;幸村恵理;その他,スターリー・フューチャース
1,2022/08/06, TOKYO IDOL FESTIVAL 2022 08.06 sat supported by にしたんクリニック,Hide & Attack,ストレイライト,田中有紀;北原沙弥香,隠匿シンギュラリティ
2,2022/08/06, TOKYO IDOL FESTIVAL 2022 08.06 sat supported by にしたんクリニック,Timeless Shooting Star,ストレイライト,田中有紀;北原沙弥香,隠匿シンギュラリティ
3,2022/08/06, TOKYO IDOL FESTIVAL 2022 08.06 sat supported by にしたんクリニック,Another Rampage,ストレイライト,田中有紀;北原沙弥香,隠匿シンギュラリティ
4,2022/08/06, TOKYO IDOL FESTIVAL 2022 08.06 sat supported by にしたんクリニック,シャイノグラフィ,ストレイライト;シーズ,田中有紀;北原沙弥香;紫月杏朱彩,隠匿シンギュラリティ;シルキージェムシリカ
5,2022/08/06, TOKYO IDOL FESTIVAL 2022 08.06 sat supported by にしたんクリニック,Spread the Wings!! ,ストレイライト;シーズ,田中有紀;北原沙弥香;紫月杏朱彩,隠匿シンギュラリティ;シルキージェムシリカ
1,2022/08/13,シャニマス初の対バンライブ 283PRODUCTION UNIT LIVE SETSUNA BEAT DAY1,アルストロメリア,アルストロメリア,前川涼子;芝崎典子,ウェイトレス・パスカラ
2,2022/08/13,シャニマス初の対バンライブ 283PRODUCTION UNIT LIVE SETSUNA BEAT DAY1,Bloomy!,アルストロメリア,前川涼子;芝崎典子,ウェイトレス・パスカラ
3,2022/08/13,シャニマス初の対バンライブ 283PRODUCTION UNIT LIVE SETSUNA BEAT DAY1,ラブ・ボナペティート,アルストロメリア,前川涼子;芝崎典子,ウェイトレス・パスカラ
4,2022/08/13,シャニマス初の対バンライブ 283PRODUCTION UNIT LIVE SETSUNA BEAT DAY1,Anniversary,アルストロメリア,前川涼子;芝崎典子,ウェイトレス・パスカラ
5,2022/08/13,シャニマス初の対バンライブ 283PRODUCTION UNIT LIVE SETSUNA BEAT DAY1,よりみちサンセット,放課後クライマックスガールズ,河野ひより;白石晴香;永井真里子;丸岡和佳奈;涼本あきほ,セーフクエクストリーム!
6,2022/08/13,シャニマス初の対バンライブ 283PRODUCTION UNIT LIVE SETSUNA BEAT DAY1,拝啓タイムカプセル,放課後クライマックスガールズ,河野ひより;白石晴香;永井真里子;丸岡和佳奈;涼本あきほ,セーフクエクストリーム!
7,2022/08/13,シャニマス初の対バンライブ 283PRODUCTION UNIT LIVE SETSUNA BEAT DAY1,太陽キッス,放課後クライマックスガールズ,河野ひより;白石晴香;永井真里子;丸岡和佳奈;涼本あきほ,セーフクエクストリーム!
8,2022/08/13,シャニマス初の対バンライブ 283PRODUCTION UNIT LIVE SETSUNA BEAT DAY1,夢咲きAfter school,放課後クライマックスガールズ,河野ひより;白石晴香;永井真里子;丸岡和佳奈;涼本あきほ,セーフクエクストリーム!
9,2022/08/13,シャニマス初の対バンライブ 283PRODUCTION UNIT LIVE SETSUNA BEAT DAY1,あの花のように,ノクチル,和久井優;土屋李央;田嶌紗蘭;岡咲美保,リップリングクリアマリン
10,2022/08/13,シャニマス初の対バンライブ 283PRODUCTION UNIT LIVE SETSUNA BEAT DAY1,いつだって僕らは,ノクチル,和久井優;土屋李央;田嶌紗蘭;岡咲美保,リップリングクリアマリン
11,2022/08/13,シャニマス初の対バンライブ 283PRODUCTION UNIT LIVE SETSUNA BEAT DAY1,今しかない瞬間を,ノクチル,和久井優;土屋李央;田嶌紗蘭;岡咲美保,リップリングクリアマリン
12,2022/08/13,シャニマス初の対バンライブ 283PRODUCTION UNIT LIVE SETSUNA BEAT DAY1,僕らだけの未来の空,ノクチル,和久井優;土屋李央;田嶌紗蘭;岡咲美保,リップリングクリアマリン
13,2022/08/13,シャニマス初の対バンライブ 283PRODUCTION UNIT LIVE SETSUNA BEAT DAY1,Happy Funny Lucky,混合,前川涼子;芝崎典子,インフィニットキュリオシティ
14,2022/08/13,シャニマス初の対バンライブ 283PRODUCTION UNIT LIVE SETSUNA BEAT DAY1,ハピリリ,混合,河野ひより;白石晴香;永井真里子;丸岡和佳奈;涼本あきほ,インフィニットキュリオシティ
15,2022/08/13,シャニマス初の対バンライブ 283PRODUCTION UNIT LIVE SETSUNA BEAT DAY1,NEO THEORY FANTASY,混合,土屋李央;田嶌紗蘭;河野ひより;芝崎典子,インフィニットキュリオシティ
16,2022/08/13,シャニマス初の対バンライブ 283PRODUCTION UNIT LIVE SETSUNA BEAT DAY1,OH MY GOD,混合,白石晴香;岡咲美保;前川涼子;和久井優,インフィニットキュリオシティ
17,2022/08/13,シャニマス初の対バンライブ 283PRODUCTION UNIT LIVE SETSUNA BEAT DAY1,SWEET♡STEP,全員,河野ひより;白石晴香;永井真里子;丸岡和佳奈;涼本あきほ;前川涼子;芝崎典子;和久井優;土屋李央;田嶌紗蘭;岡咲美保,インフィニットキュリオシティ
18,2022/08/13,シャニマス初の対バンライブ 283PRODUCTION UNIT LIVE SETSUNA BEAT DAY1,FUTURITY SMILE,全員,河野ひより;白石晴香;永井真里子;丸岡和佳奈;涼本あきほ;前川涼子;芝崎典子;和久井優;土屋李央;田嶌紗蘭;岡咲美保,インフィニットキュリオシティ
1,2022/08/14,シャニマス初の対バンライブ 283PRODUCTION UNIT LIVE SETSUNA BEAT DAY2,あの花のように,ノクチル,和久井優;土屋李央;田嶌紗蘭;岡咲美保,リップリングクリアマリン
2,2022/08/14,シャニマス初の対バンライブ 283PRODUCTION UNIT LIVE SETSUNA BEAT DAY2,いつだって僕らは,ノクチル,和久井優;土屋李央;田嶌紗蘭;岡咲美保,リップリングクリアマリン
3,2022/08/14,シャニマス初の対バンライブ 283PRODUCTION UNIT LIVE SETSUNA BEAT DAY2,今しかない瞬間を,ノクチル,和久井優;土屋李央;田嶌紗蘭;岡咲美保,リップリングクリアマリン
4,2022/08/14,シャニマス初の対バンライブ 283PRODUCTION UNIT LIVE SETSUNA BEAT DAY2,僕らだけの未来の空,ノクチル,和久井優;土屋李央;田嶌紗蘭;岡咲美保,リップリングクリアマリン
5,2022/08/14,シャニマス初の対バンライブ 283PRODUCTION UNIT LIVE SETSUNA BEAT DAY2,よりみちサンセット,放課後クライマックスガールズ,河野ひより;永井真里子;丸岡和佳奈;涼本あきほ,セーフクエクストリーム!
6,2022/08/14,シャニマス初の対バンライブ 283PRODUCTION UNIT LIVE SETSUNA BEAT DAY2,拝啓タイムカプセル,放課後クライマックスガールズ,河野ひより;永井真里子;丸岡和佳奈;涼本あきほ,セーフクエクストリーム!
7,2022/08/14,シャニマス初の対バンライブ 283PRODUCTION UNIT LIVE SETSUNA BEAT DAY2,太陽キッス,放課後クライマックスガールズ,河野ひより;永井真里子;丸岡和佳奈;涼本あきほ,セーフクエクストリーム!
8,2022/08/14,シャニマス初の対バンライブ 283PRODUCTION UNIT LIVE SETSUNA BEAT DAY2,ビーチブレイバー,放課後クライマックスガールズ,河野ひより;永井真里子;丸岡和佳奈;涼本あきほ,セーフクエクストリーム!
9,2022/08/14,シャニマス初の対バンライブ 283PRODUCTION UNIT LIVE SETSUNA BEAT DAY2,アルストロメリア,アルストロメリア,前川涼子;芝崎典子,ウェイトレス・パスカラ
10,2022/08/14,シャニマス初の対バンライブ 283PRODUCTION UNIT LIVE SETSUNA BEAT DAY2,Bloomy!,アルストロメリア,前川涼子;芝崎典子,ウェイトレス・パスカラ
11,2022/08/14,シャニマス初の対バンライブ 283PRODUCTION UNIT LIVE SETSUNA BEAT DAY2,ハピリリ,アルストロメリア,前川涼子;芝崎典子,ウェイトレス・パスカラ
12,2022/08/14,シャニマス初の対バンライブ 283PRODUCTION UNIT LIVE SETSUNA BEAT DAY2,Anniversary,アルストロメリア,前川涼子;芝崎典子,ウェイトレス・パスカラ
13,2022/08/14,シャニマス初の対バンライブ 283PRODUCTION UNIT LIVE SETSUNA BEAT DAY2,夢咲きAfter school,混合,和久井優;土屋李央;田嶌紗蘭;岡咲美保,インフィニットキュリオシティ
14,2022/08/14,シャニマス初の対バンライブ 283PRODUCTION UNIT LIVE SETSUNA BEAT DAY2,Wandering Dream Chaser,混合,土屋李央;和久井優;永井真里子;涼本あきほ,インフィニットキュリオシティ
15,2022/08/14,シャニマス初の対バンライブ 283PRODUCTION UNIT LIVE SETSUNA BEAT DAY2,今しかない瞬間を,混合,芝崎典子;河野ひより;涼本あきほ;丸岡和佳奈,インフィニットキュリオシティ
16,2022/08/14,シャニマス初の対バンライブ 283PRODUCTION UNIT LIVE SETSUNA BEAT DAY2,Black Reverie,混合,前川涼子;丸岡和佳奈;田嶌紗蘭;岡咲美保;永井真里子,インフィニットキュリオシティ
17,2022/08/14,シャニマス初の対バンライブ 283PRODUCTION UNIT LIVE SETSUNA BEAT DAY2,シャイノグラフィ,全員,河野ひより;永井真里子;丸岡和佳奈;涼本あきほ;前川涼子;芝崎典子;和久井優;土屋李央;田嶌紗蘭;岡咲美保,インフィニットキュリオシティ
18,2022/08/14,シャニマス初の対バンライブ 283PRODUCTION UNIT LIVE SETSUNA BEAT DAY2,FUTURITY SMILE,全員,河野ひより;永井真里子;丸岡和佳奈;涼本あきほ;前川涼子;芝崎典子;和久井優;土屋李央;田嶌紗蘭;岡咲美保,インフィニットキュリオシティ
1,2022/09/17,CDTVライブ！ライブ！フェスティバル DAY1,ビーチブレイバー,放課後クライマックスガールズ,河野ひより;永井真里子;丸岡和佳奈;涼本あきほ,セーフクエクストリーム!
2,2022/09/17,CDTVライブ！ライブ！フェスティバル DAY1,太陽キッス,放課後クライマックスガールズ,河野ひより;永井真里子;丸岡和佳奈;涼本あきほ,セーフクエクストリーム!
3,2022/09/17,CDTVライブ！ライブ！フェスティバル DAY1,クライマックスアイランド,放課後クライマックスガールズ,河野ひより;永井真里子;丸岡和佳奈;涼本あきほ,セーフクエクストリーム!
4,2022/09/17,CDTVライブ！ライブ！フェスティバル DAY1,よりみちサンセット,放課後クライマックスガールズ,河野ひより;永井真里子;丸岡和佳奈;涼本あきほ,セーフクエクストリーム!
5,2022/09/17,CDTVライブ！ライブ！フェスティバル DAY1,いつだって僕らは,ノクチル,和久井優;土屋李央;田嶌紗蘭;岡咲美保,リップリングクリアマリン
6,2022/09/17,CDTVライブ！ライブ！フェスティバル DAY1,今しかない瞬間を,ノクチル,和久井優;土屋李央;田嶌紗蘭;岡咲美保,リップリングクリアマリン
7,2022/09/17,CDTVライブ！ライブ！フェスティバル DAY1,相合学舎,放課後クライマックスガールズ;ノクチル,河野ひより;永井真里子;丸岡和佳奈;涼本あきほ;和久井優;土屋李央;田嶌紗蘭;岡咲美保,セーフクエクストリーム!;リップリングクリアマリン
1,2022/10/22,シャニマス初の対バンライブ 283PRODUCTION UNIT LIVE MUGEN BEAT DAY1,バベルシティ・グレイス,アンティーカ,礒部花凜;菅沼千紗;八巻アンナ;希水しお;結名美月,ルフォンドゥ・ラメール
2,2022/10/22,シャニマス初の対バンライブ 283PRODUCTION UNIT LIVE MUGEN BEAT DAY1,純白トロイメライ,アンティーカ,礒部花凜;菅沼千紗;八巻アンナ;希水しお;結名美月,ルフォンドゥ・ラメール
3,2022/10/22,シャニマス初の対バンライブ 283PRODUCTION UNIT LIVE MUGEN BEAT DAY1,ラビリンス・レジスタンス,アンティーカ,礒部花凜;菅沼千紗;八巻アンナ;希水しお;結名美月,ルフォンドゥ・ラメール
4,2022/10/22,シャニマス初の対バンライブ 283PRODUCTION UNIT LIVE MUGEN BEAT DAY1,革命進化論,アンティーカ,礒部花凜;菅沼千紗;八巻アンナ;希水しお;結名美月,ルフォンドゥ・ラメール
5,2022/10/22,シャニマス初の対バンライブ 283PRODUCTION UNIT LIVE MUGEN BEAT DAY1,Fashionable,シーズ,紫月杏朱彩;山根綺,シルキージェムシリカ
6,2022/10/22,シャニマス初の対バンライブ 283PRODUCTION UNIT LIVE MUGEN BEAT DAY1,OH MY GOD,シーズ,紫月杏朱彩;山根綺,シルキージェムシリカ
7,2022/10/22,シャニマス初の対バンライブ 283PRODUCTION UNIT LIVE MUGEN BEAT DAY1,Fly and Fly,シーズ,紫月杏朱彩;山根綺,シルキージェムシリカ
8,2022/10/22,シャニマス初の対バンライブ 283PRODUCTION UNIT LIVE MUGEN BEAT DAY1,Bouncy Girl,シーズ,紫月杏朱彩;山根綺,シルキージェムシリカ
9,2022/10/22,シャニマス初の対バンライブ 283PRODUCTION UNIT LIVE MUGEN BEAT DAY1,Happy Funny Lucky,イルミネーションスターズ,関根瞳;峯田茉優,アステレスオーロライズ
10,2022/10/22,シャニマス初の対バンライブ 283PRODUCTION UNIT LIVE MUGEN BEAT DAY1,We can go now!,イルミネーションスターズ,関根瞳;峯田茉優,アステレスオーロライズ
11,2022/10/22,シャニマス初の対バンライブ 283PRODUCTION UNIT LIVE MUGEN BEAT DAY1,スマイルシンフォニア,イルミネーションスターズ,関根瞳;峯田茉優,アステレスオーロライズ
12,2022/10/22,シャニマス初の対バンライブ 283PRODUCTION UNIT LIVE MUGEN BEAT DAY1,虹になれ,イルミネーションスターズ,関根瞳;峯田茉優,アステレスオーロライズ
13,2022/10/22,シャニマス初の対バンライブ 283PRODUCTION UNIT LIVE MUGEN BEAT DAY1,Transcending The World,ストレイライト,田中有紀;幸村恵理;北原沙弥香,デッドチャンネルl2<)3
14,2022/10/22,シャニマス初の対バンライブ 283PRODUCTION UNIT LIVE MUGEN BEAT DAY1,Timeless Shooting Star,ストレイライト,田中有紀;幸村恵理;北原沙弥香,デッドチャンネルl2<)3
15,2022/10/22,シャニマス初の対バンライブ 283PRODUCTION UNIT LIVE MUGEN BEAT DAY1,Wandering Dream Chaser,ストレイライト,田中有紀;幸村恵理;北原沙弥香,デッドチャンネルl2<)3
16,2022/10/22,シャニマス初の対バンライブ 283PRODUCTION UNIT LIVE MUGEN BEAT DAY1,Another Rampage,ストレイライト,田中有紀;幸村恵理;北原沙弥香,デッドチャンネルl2<)3
17,2022/10/22,シャニマス初の対バンライブ 283PRODUCTION UNIT LIVE MUGEN BEAT DAY1,いつだって僕らは,混合,紫月杏朱彩;山根綺,インフィニットキュリオシティ
18,2022/10/22,シャニマス初の対バンライブ 283PRODUCTION UNIT LIVE MUGEN BEAT DAY1,幻惑SILHOUETTE,混合,関根瞳;峯田茉優,インフィニットキュリオシティ
19,2022/10/22,シャニマス初の対バンライブ 283PRODUCTION UNIT LIVE MUGEN BEAT DAY1,Love Addiction,混合,八巻アンナ;菅沼千紗;希水しお,インフィニットキュリオシティ
20,2022/10/22,シャニマス初の対バンライブ 283PRODUCTION UNIT LIVE MUGEN BEAT DAY1,Fly and Fly,混合,希水しお;北原沙弥香;礒部花凜;峯田茉優,インフィニットキュリオシティ
21,2022/10/22,シャニマス初の対バンライブ 283PRODUCTION UNIT LIVE MUGEN BEAT DAY1,ビーチブレイバー,混合,結名美月;幸村恵理;田中有紀;紫月杏朱彩,インフィニットキュリオシティ
22,2022/10/22,シャニマス初の対バンライブ 283PRODUCTION UNIT LIVE MUGEN BEAT DAY1,Daybreak Age,全員,関根瞳;峯田茉優;礒部花凜;菅沼千紗;八巻アンナ;希水しお;結名美月;田中有紀;幸村恵理;北原沙弥香;紫月杏朱彩;山根綺,インフィニットキュリオシティ
23,2022/10/22,シャニマス初の対バンライブ 283PRODUCTION UNIT LIVE MUGEN BEAT DAY1,Ambitious Eve,全員,関根瞳;峯田茉優;礒部花凜;菅沼千紗;八巻アンナ;希水しお;結名美月;田中有紀;幸村恵理;北原沙弥香;紫月杏朱彩;山根綺,インフィニットキュリオシティ
1,2022/10/23,シャニマス初の対バンライブ 283PRODUCTION UNIT LIVE MUGEN BEAT DAY2,Transcending The World,ストレイライト,田中有紀;幸村恵理;北原沙弥香,デッドチャンネルl2<)3
2,2022/10/23,シャニマス初の対バンライブ 283PRODUCTION UNIT LIVE MUGEN BEAT DAY2,Timeless Shooting Star,ストレイライト,田中有紀;幸村恵理;北原沙弥香,デッドチャンネルl2<)3
3,2022/10/23,シャニマス初の対バンライブ 283PRODUCTION UNIT LIVE MUGEN BEAT DAY2,Destined Rival,ストレイライト,田中有紀;幸村恵理;北原沙弥香,デッドチャンネルl2<)3
4,2022/10/23,シャニマス初の対バンライブ 283PRODUCTION UNIT LIVE MUGEN BEAT DAY2,Wandering Dream Chaser,ストレイライト,田中有紀;幸村恵理;北原沙弥香,デッドチャンネルl2<)3
5,2022/10/23,シャニマス初の対バンライブ 283PRODUCTION UNIT LIVE MUGEN BEAT DAY2,バベルシティ・グレイス,アンティーカ,礒部花凜;菅沼千紗;八巻アンナ;希水しお;結名美月,ルフォンドゥ・ラメール
6,2022/10/23,シャニマス初の対バンライブ 283PRODUCTION UNIT LIVE MUGEN BEAT DAY2,幻惑SILHOUETTE,アンティーカ,礒部花凜;菅沼千紗;八巻アンナ;希水しお;結名美月,ルフォンドゥ・ラメール
7,2022/10/23,シャニマス初の対バンライブ 283PRODUCTION UNIT LIVE MUGEN BEAT DAY2,純白トロイメライ,アンティーカ,礒部花凜;菅沼千紗;八巻アンナ;希水しお;結名美月,ルフォンドゥ・ラメール
8,2022/10/23,シャニマス初の対バンライブ 283PRODUCTION UNIT LIVE MUGEN BEAT DAY2,ラビリンス・レジスタンス,アンティーカ,礒部花凜;菅沼千紗;八巻アンナ;希水しお;結名美月,ルフォンドゥ・ラメール
9,2022/10/23,シャニマス初の対バンライブ 283PRODUCTION UNIT LIVE MUGEN BEAT DAY2,Happy Funny Lucky,イルミネーションスターズ,関根瞳;峯田茉優,アステレスオーロライズ
10,2022/10/23,シャニマス初の対バンライブ 283PRODUCTION UNIT LIVE MUGEN BEAT DAY2,We can go now!,イルミネーションスターズ,関根瞳;峯田茉優,アステレスオーロライズ
11,2022/10/23,シャニマス初の対バンライブ 283PRODUCTION UNIT LIVE MUGEN BEAT DAY2,スマイルシンフォニア,イルミネーションスターズ,関根瞳;峯田茉優,アステレスオーロライズ
12,2022/10/23,シャニマス初の対バンライブ 283PRODUCTION UNIT LIVE MUGEN BEAT DAY2,トライアングル,イルミネーションスターズ,関根瞳;峯田茉優,アステレスオーロライズ
13,2022/10/23,シャニマス初の対バンライブ 283PRODUCTION UNIT LIVE MUGEN BEAT DAY2,Bouncy Girl,シーズ,紫月杏朱彩;山根綺,シルキージェムシリカ
14,2022/10/23,シャニマス初の対バンライブ 283PRODUCTION UNIT LIVE MUGEN BEAT DAY2,OH MY GOD,シーズ,紫月杏朱彩;山根綺,シルキージェムシリカ
15,2022/10/23,シャニマス初の対バンライブ 283PRODUCTION UNIT LIVE MUGEN BEAT DAY2,Fly and Fly,シーズ,紫月杏朱彩;山根綺,シルキージェムシリカ
16,2022/10/23,シャニマス初の対バンライブ 283PRODUCTION UNIT LIVE MUGEN BEAT DAY2,Fashionable,シーズ,紫月杏朱彩;山根綺,シルキージェムシリカ
17,2022/10/23,シャニマス初の対バンライブ 283PRODUCTION UNIT LIVE MUGEN BEAT DAY2,革命進化論,混合,田中有紀;幸村恵理;北原沙弥香,インフィニットキュリオシティ
18,2022/10/23,シャニマス初の対バンライブ 283PRODUCTION UNIT LIVE MUGEN BEAT DAY2,太陽キッス,混合,礒部花凜;菅沼千紗;八巻アンナ;希水しお;結名美月,インフィニットキュリオシティ
19,2022/10/23,シャニマス初の対バンライブ 283PRODUCTION UNIT LIVE MUGEN BEAT DAY2,Hide & Attack,混合,八巻アンナ;山根綺;菅沼千紗,インフィニットキュリオシティ
20,2022/10/23,シャニマス初の対バンライブ 283PRODUCTION UNIT LIVE MUGEN BEAT DAY2,ラブ・ボナペティート,混合,関根瞳;結名美月;幸村恵理,インフィニットキュリオシティ
21,2022/10/23,シャニマス初の対バンライブ 283PRODUCTION UNIT LIVE MUGEN BEAT DAY2,クライマックスアイランド,混合,関根瞳;北原沙弥香;峯田茉優;山根綺,インフィニットキュリオシティ
22,2022/10/23,シャニマス初の対バンライブ 283PRODUCTION UNIT LIVE MUGEN BEAT DAY2,ヒカリのdestination,混合,田中有紀;紫月杏朱彩;礒部花凜,インフィニットキュリオシティ
23,2022/10/23,シャニマス初の対バンライブ 283PRODUCTION UNIT LIVE MUGEN BEAT DAY2,Dye the sky.,全員,関根瞳;峯田茉優;礒部花凜;菅沼千紗;八巻アンナ;希水しお;結名美月;田中有紀;幸村恵理;北原沙弥香;紫月杏朱彩;山根綺,インフィニットキュリオシティ
24,2022/10/23,シャニマス初の対バンライブ 283PRODUCTION UNIT LIVE MUGEN BEAT DAY2,Ambitious Eve,全員,関根瞳;峯田茉優;礒部花凜;菅沼千紗;八巻アンナ;希水しお;結名美月;田中有紀;幸村恵理;北原沙弥香;紫月杏朱彩;山根綺,インフィニットキュリオシティ
1,2022/11/12,THE IDOLM@STER ORCHESTRA CONCERT 〜SYMPHONY OF FIVE STARS!!!!! 〜 DAY1,Sweet Memories,ソロ,大崎甘奈,？
1,2022/12/10,京 Premium Live 2022 12月10日(土),アルストロメリア,アルストロメリア,黒木ほの香;前川涼子;芝崎典子,ウェイトレス・パスカラ
2,2022/12/10,京 Premium Live 2022 12月10日(土),ラブ・ボナペティート,アルストロメリア,黒木ほの香;前川涼子;芝崎典子,ウェイトレス・パスカラ
3,2022/12/10,京 Premium Live 2022 12月10日(土),パステルカラー パスカラカラー,アルストロメリア,黒木ほの香;前川涼子;芝崎典子,ウェイトレス・パスカラ
4,2022/12/10,京 Premium Live 2022 12月10日(土),ダブル・イフェクト,アルストロメリア,黒木ほの香;前川涼子;芝崎典子,ウェイトレス・パスカラ
1,2023/01/28,リスアニ！LIVE 2023 SATURDAY STAGE,Hide & Attack,ストレイライト,田中有紀;幸村恵理;北原沙弥香,デッドチャンネルl2<)3
2,2023/01/28,リスアニ！LIVE 2023 SATURDAY STAGE,Wandering Dream Chaser,ストレイライト,田中有紀;幸村恵理;北原沙弥香,デッドチャンネルl2<)3
3,2023/01/28,リスアニ！LIVE 2023 SATURDAY STAGE,Another Rampage,ストレイライト,田中有紀;幸村恵理;北原沙弥香,デッドチャンネルl2<)3
4,2023/01/28,リスアニ！LIVE 2023 SATURDAY STAGE,Transcending The World,ストレイライト,田中有紀;幸村恵理;北原沙弥香,デッドチャンネルl2<)3
5,2023/01/28,リスアニ！LIVE 2023 SATURDAY STAGE,Timeless Shooting Star,ストレイライト,田中有紀;幸村恵理;北原沙弥香,デッドチャンネルl2<)3
1,2023/01/29,THE IDOLM@STER SHINY COLORS PANOR@MA WINGシリーズ完走記念イベント 第一回,FELICE,イルミネーションスターズ,関根瞳;峯田茉優,アステレスオーロライズ
2,2023/01/29,THE IDOLM@STER SHINY COLORS PANOR@MA WINGシリーズ完走記念イベント 第一回,イルミネイトコンサート,イルミネーションスターズ,関根瞳;峯田茉優,アステレスオーロライズ
3,2023/01/29,THE IDOLM@STER SHINY COLORS PANOR@MA WINGシリーズ完走記念イベント 第一回,一閃は君が導く,放課後クライマックスガールズ,河野ひより;白石晴香;永井真里子;丸岡和佳奈;涼本あきほ,セーフクエクストリーム！
4,2023/01/29,THE IDOLM@STER SHINY COLORS PANOR@MA WINGシリーズ完走記念イベント 第一回,キャットスクワッド,放課後クライマックスガールズ,河野ひより;白石晴香;永井真里子;丸岡和佳奈;涼本あきほ,セーフクエクストリーム！
5,2023/01/29,THE IDOLM@STER SHINY COLORS PANOR@MA WINGシリーズ完走記念イベント 第一回,Tracing Defender,ストレイライト,田中有紀;幸村恵理;北原沙弥香,デッドチャンネルl2<)3
6,2023/01/29,THE IDOLM@STER SHINY COLORS PANOR@MA WINGシリーズ完走記念イベント 第一回,Overdrive Emotion,ストレイライト,田中有紀;幸村恵理;北原沙弥香,デッドチャンネルl2<)3
7,2023/01/29,THE IDOLM@STER SHINY COLORS PANOR@MA WINGシリーズ完走記念イベント 第一回,虹の行方 ,イルミネーションスターズ;放課後クライマックスガールズ;ストレイライト;シーズ,関根瞳;峯田茉優;河野ひより;白石晴香;永井真里子;丸岡和佳奈;涼本あきほ;田中有紀;幸村恵理;北原沙弥香,アステレスオーロライズ;セーフクエクストリーム！;デッドチャンネルl2<)3;シルキージェムシリカ
8,2023/01/29,THE IDOLM@STER SHINY COLORS PANOR@MA WINGシリーズ完走記念イベント 第一回,Daybreak Age,イルミネーションスターズ;放課後クライマックスガールズ;ストレイライト;シーズ,関根瞳;峯田茉優;河野ひより;白石晴香;永井真里子;丸岡和佳奈;涼本あきほ;田中有紀;幸村恵理;北原沙弥香,アステレスオーロライズ;セーフクエクストリーム！;デッドチャンネルl2<)3;シルキージェムシリカ
1,2023/01/29,THE IDOLM@STER SHINY COLORS PANOR@MA WINGシリーズ完走記念イベント 第二回,浮動性イノセンス,アンティーカ,菅沼千紗;八巻アンナ;希水しお;結名美月,ルフォンドゥ・ラメール
2,2023/01/29,THE IDOLM@STER SHINY COLORS PANOR@MA WINGシリーズ完走記念イベント 第二回,愚者の独白,アンティーカ,菅沼千紗;八巻アンナ;希水しお;結名美月,ルフォンドゥ・ラメール
3,2023/01/29,THE IDOLM@STER SHINY COLORS PANOR@MA WINGシリーズ完走記念イベント 第二回,VERY BERRY LOVE,アルストロメリア,黒木ほの香;前川涼子;芝崎典子,ウェイトレス・パスカラ
4,2023/01/29,THE IDOLM@STER SHINY COLORS PANOR@MA WINGシリーズ完走記念イベント 第二回,Give me some more...,アルストロメリア,黒木ほの香;前川涼子;芝崎典子,ウェイトレス・パスカラ
5,2023/01/29,THE IDOLM@STER SHINY COLORS PANOR@MA WINGシリーズ完走記念イベント 第二回,Catch the Breeze,ノクチル,和久井優;土屋李央;田嶌紗蘭;岡咲美保,リップリングクリアマリン
6,2023/01/29,THE IDOLM@STER SHINY COLORS PANOR@MA WINGシリーズ完走記念イベント 第二回,アスファルトを鳴らして,ノクチル,和久井優;土屋李央;田嶌紗蘭;岡咲美保,リップリングクリアマリン
7,2023/01/29,THE IDOLM@STER SHINY COLORS PANOR@MA WINGシリーズ完走記念イベント 第二回,虹の行方 ,アンティーカ;アルストロメリア;ノクチル,菅沼千紗;八巻アンナ;希水しお;結名美月;黒木ほの香;前川涼子;芝崎典子;和久井優;土屋李央;田嶌紗蘭;岡咲美保,ルフォンドゥ・ラメール;ウェイトレス・パスカラ;リップリングクリアマリン
8,2023/01/29,THE IDOLM@STER SHINY COLORS PANOR@MA WINGシリーズ完走記念イベント 第二回,Daybreak Age,アンティーカ;アルストロメリア;ノクチル,菅沼千紗;八巻アンナ;希水しお;結名美月;黒木ほの香;前川涼子;芝崎典子;和久井優;土屋李央;田嶌紗蘭;岡咲美保,ルフォンドゥ・ラメール;ウェイトレス・パスカラ;リップリングクリアマリン
1,2023/02/11, THE IDOLM@STER M@STERS OF IDOL WORLD!!!!! 2023 DAY1,Resonance⁺  (short),放課後クライマックスガールズ;ストレイライト;ノクチル,河野ひより;白石晴香;永井真里子;丸岡和佳奈;涼本あきほ;田中有紀;幸村恵理;北原沙弥香;和久井優;土屋李央;田嶌紗蘭;岡咲美保,セーフクエクストリーム!;デッドチャンネルl2<)3;リップリングクリアマリン
2,2023/02/11, THE IDOLM@STER M@STERS OF IDOL WORLD!!!!! 2023 DAY1,ビーチブレイバー,放課後クライマックスガールズ;その他,河野ひより;永井真里子;白石晴香;丸岡和佳奈;涼本あきほ;その他,セーフクエクストリーム!
3,2023/02/11, THE IDOLM@STER M@STERS OF IDOL WORLD!!!!! 2023 DAY1,ドレミファクトリー！,混合,河野ひより;その他,セーフクエクストリーム!
4,2023/02/11, THE IDOLM@STER M@STERS OF IDOL WORLD!!!!! 2023 DAY1,shiny smile,ノクチル;その他,和久井優;土屋李央;田嶌紗蘭;岡咲美保;その他,リップリングクリアマリン
5,2023/02/11, THE IDOLM@STER M@STERS OF IDOL WORLD!!!!! 2023 DAY1,夏時間グラフィティ,放課後クライマックスガールズ;その他,河野ひより;永井真里子;白石晴香;丸岡和佳奈;涼本あきほ;その他,セーフクエクストリーム!
6,2023/02/11, THE IDOLM@STER M@STERS OF IDOL WORLD!!!!! 2023 DAY1,虹色letters,混合,白石晴香;田嶌紗蘭;その他,セーフクエクストリーム!;リップリングクリアマリン
7,2023/02/11, THE IDOLM@STER M@STERS OF IDOL WORLD!!!!! 2023 DAY1,僕らだけの未来の空,ノクチル;その他,和久井優;土屋李央;田嶌紗蘭;岡咲美保;その他,リップリングクリアマリン
8,2023/02/11, THE IDOLM@STER M@STERS OF IDOL WORLD!!!!! 2023 DAY1,秘密のメモリーズ,混合,永井真里子;涼本あきほ;その他,セーフクエクストリーム!
9,2023/02/11, THE IDOLM@STER M@STERS OF IDOL WORLD!!!!! 2023 DAY1,百花は月下に散りぬるを,混合,丸岡和佳奈;その他,セーフクエクストリーム!
10,2023/02/11, THE IDOLM@STER M@STERS OF IDOL WORLD!!!!! 2023 DAY1,Gaze and Gaze,混合,和久井優;土屋李央;その他,リップリングクリアマリン
11,2023/02/11, THE IDOLM@STER M@STERS OF IDOL WORLD!!!!! 2023 DAY1,JOKER↗オールマイティ(short),混合,涼本あきほ;幸村恵理;その他,セーフクエクストリーム!;デッドチャンネルl2<)3
12,2023/02/11, THE IDOLM@STER M@STERS OF IDOL WORLD!!!!! 2023 DAY1,I'm so free!(short),混合,和久井優;岡咲美保;その他,リップリングクリアマリン
13,2023/02/11, THE IDOLM@STER M@STERS OF IDOL WORLD!!!!! 2023 DAY1,ラ♥ブ♥リ♥(short),混合,土屋李央;その他,リップリングクリアマリン
14,2023/02/11, THE IDOLM@STER M@STERS OF IDOL WORLD!!!!! 2023 DAY1,絶対正義 EVERY DAY(short),混合,河野ひより;その他,セーフクエクストリーム!
15,2023/02/11, THE IDOLM@STER M@STERS OF IDOL WORLD!!!!! 2023 DAY1,スパイスパラダイス(short),放課後クライマックスガールズ;その他,河野ひより;永井真里子;白石晴香;丸岡和佳奈;涼本あきほ;その他,セーフクエクストリーム!
16,2023/02/11, THE IDOLM@STER M@STERS OF IDOL WORLD!!!!! 2023 DAY1,ABSOLUTE RUN!!!,混合,白石晴香;丸岡和佳奈;田嶌紗蘭;岡咲美保;その他,リップリングクリアマリン
17,2023/02/11, THE IDOLM@STER M@STERS OF IDOL WORLD!!!!! 2023 DAY1,ハイファイ☆デイズ,放課後クライマックスガールズ;ストレイライト;ノクチル,河野ひより;白石晴香;永井真里子;丸岡和佳奈;涼本あきほ;田中有紀;幸村恵理;北原沙弥香;和久井優;土屋李央;田嶌紗蘭;岡咲美保,セーフクエクストリーム!;デッドチャンネルl2<)3;リップリングクリアマリン
18,2023/02/11, THE IDOLM@STER M@STERS OF IDOL WORLD!!!!! 2023 DAY1,We're the one,混合,北原沙弥香;和久井優,デッドチャンネルl2<)3;セレステラユニゾン
19,2023/02/11, THE IDOLM@STER M@STERS OF IDOL WORLD!!!!! 2023 DAY1,Transcending The World,ストレイライト;その他,田中有紀;幸村恵理;北原沙弥香;その他,デッドチャンネルl2<)3
20,2023/02/11, THE IDOLM@STER M@STERS OF IDOL WORLD!!!!! 2023 DAY1,Trancing Pulse,ストレイライト;その他,田中有紀;幸村恵理;北原沙弥香;その他,セレステラユニゾン
21,2023/02/11, THE IDOLM@STER M@STERS OF IDOL WORLD!!!!! 2023 DAY1,CRYST@LOUD,全員,河野ひより;永井真里子;丸岡和佳奈;涼本あきほ;田中有紀;幸村恵理;北原沙弥香;和久井優;土屋李央;田嶌紗蘭;岡咲美保;その他,セレステラユニゾン
22,2023/02/11, THE IDOLM@STER M@STERS OF IDOL WORLD!!!!! 2023 DAY1,アイ MUST GO！,全員,河野ひより;永井真里子;丸岡和佳奈;涼本あきほ;田中有紀;幸村恵理;北原沙弥香;和久井優;土屋李央;田嶌紗蘭;岡咲美保;その他,セレステラユニゾン
1,2023/02/12, THE IDOLM@STER M@STERS OF IDOL WORLD!!!!! 2023 DAY2,シャイノグラフィ (short),イルミネーションスターズ;アンティーカ;アルストロメリア;シーズ,関根瞳;峯田茉優;礒部花凜;菅沼千紗;八巻アンナ;希水しお;結名美月;黒木ほの香;前川涼子;芝崎典子;紫月杏朱彩;山根綺,アステレスオーロライズ;ルフォンドゥ・ラメール;ウェイトレス・パスカラ;シルキージェムシリカ
2,2023/02/12, THE IDOLM@STER M@STERS OF IDOL WORLD!!!!! 2023 DAY2,O-Ku-Ri-Mo-No Sunday!,混合,黒木ほの香;前川涼子;その他,ウェイトレス・パスカラ
3,2023/02/12, THE IDOLM@STER M@STERS OF IDOL WORLD!!!!! 2023 DAY2,あんきら！？狂騒曲,混合,関根瞳;峯田茉優;希水しお;その他,アステレスオーロライズ;ルフォンドゥ・ラメール
4,2023/02/12, THE IDOLM@STER M@STERS OF IDOL WORLD!!!!! 2023 DAY2,ラブ・ボナペティート,アルストロメリア;その他,黒木ほの香;前川涼子;芝崎典子;その他,ウェイトレス・パスカラ
5,2023/02/12, THE IDOLM@STER M@STERS OF IDOL WORLD!!!!! 2023 DAY2,Pavé Étoiles,アンティーカ;その他,礒部花凜;菅沼千紗;八巻アンナ;希水しお;結名美月;その他,ルフォンドゥ・ラメール
6,2023/02/12, THE IDOLM@STER M@STERS OF IDOL WORLD!!!!! 2023 DAY2,キラメキラリ(short),混合,黒木ほの香;その他,ウェイトレス・パスカラ
7,2023/02/12, THE IDOLM@STER M@STERS OF IDOL WORLD!!!!! 2023 DAY2,きゅんっ！ヴァンパイアガール(short),混合,菅沼千紗;芝崎典子;その他,ルフォンドゥ・ラメール;ウェイトレス・パスカラ
8,2023/02/12, THE IDOLM@STER M@STERS OF IDOL WORLD!!!!! 2023 DAY2,Study Equal Magic!(short),混合,前川涼子;その他,ウェイトレス・パスカラ
9,2023/02/12, THE IDOLM@STER M@STERS OF IDOL WORLD!!!!! 2023 DAY2,ココロ☆エクササイズ(short),混合,峯田茉優;紫月杏朱彩;その他,アステレスオーロライズ;シルキージェムシリカ
10,2023/02/12, THE IDOLM@STER M@STERS OF IDOL WORLD!!!!! 2023 DAY2,恋のHamburg♪(short),混合,礒部花凜;その他,ルフォンドゥ・ラメール
11,2023/02/12, THE IDOLM@STER M@STERS OF IDOL WORLD!!!!! 2023 DAY2,虹色ミラクル(short),イルミネーションスターズ;アンティーカ;アルストロメリア;シーズ,関根瞳;峯田茉優;礒部花凜;菅沼千紗;八巻アンナ;希水しお;結名美月;黒木ほの香;前川涼子;芝崎典子;紫月杏朱彩;山根綺,アステレスオーロライズ;ルフォンドゥ・ラメール;ウェイトレス・パスカラ;シルキージェムシリカ
12,2023/02/12, THE IDOLM@STER M@STERS OF IDOL WORLD!!!!! 2023 DAY2,Friendly Smile,混合,峯田茉優;その他,アステレスオーロライズ
13,2023/02/12, THE IDOLM@STER M@STERS OF IDOL WORLD!!!!! 2023 DAY2,Plus 1 Good Day!,混合,関根瞳;紫月杏朱彩;その他,アステレスオーロライズ;シルキージェムシリカ
14,2023/02/12, THE IDOLM@STER M@STERS OF IDOL WORLD!!!!! 2023 DAY2,ALIVE,混合,山根綺;その他,シルキージェムシリカ
15,2023/02/12, THE IDOLM@STER M@STERS OF IDOL WORLD!!!!! 2023 DAY2,レッド・ソール,混合,山根綺;その他,シルキージェムシリカ
16,2023/02/12, THE IDOLM@STER M@STERS OF IDOL WORLD!!!!! 2023 DAY2,dans l'obscurité,アンティーカ;その他,礒部花凜;菅沼千紗;八巻アンナ;希水しお;結名美月;その他,ルフォンドゥ・ラメール
17,2023/02/12, THE IDOLM@STER M@STERS OF IDOL WORLD!!!!! 2023 DAY2,純白トロイメライ,アンティーカ;その他,礒部花凜;菅沼千紗;八巻アンナ;希水しお;結名美月;その他,ルフォンドゥ・ラメール
18,2023/02/12, THE IDOLM@STER M@STERS OF IDOL WORLD!!!!! 2023 DAY2,バベル,シーズ;その他,紫月杏朱彩;山根綺;その他,シルキージェムシリカ
19,2023/02/12, THE IDOLM@STER M@STERS OF IDOL WORLD!!!!! 2023 DAY2,Fly and Fly,シーズ;その他,紫月杏朱彩;山根綺;その他,シルキージェムシリカ
20,2023/02/12, THE IDOLM@STER M@STERS OF IDOL WORLD!!!!! 2023 DAY2,Happy Funny Lucky,イルミネーションスターズ;その他,関根瞳;峯田茉優,アステレスオーロライズ
21,2023/02/12, THE IDOLM@STER M@STERS OF IDOL WORLD!!!!! 2023 DAY2,MOON NIGHTのせいにして,混合,八巻アンナ;その他,セレステラユニゾン
22,2023/02/12, THE IDOLM@STER M@STERS OF IDOL WORLD!!!!! 2023 DAY2,花ざかりWeekend✿,混合,芝崎典子;その他,セレステラユニゾン
23,2023/02/12, THE IDOLM@STER M@STERS OF IDOL WORLD!!!!! 2023 DAY2,待ち受けプリンス,混合,関根瞳;結名美月;その他,セレステラユニゾン
24,2023/02/12, THE IDOLM@STER M@STERS OF IDOL WORLD!!!!! 2023 DAY2,CRYST@LOUD,全員,関根瞳;峯田茉優;礒部花凜;菅沼千紗;八巻アンナ;希水しお;結名美月;黒木ほの香;前川涼子;芝崎典子;紫月杏朱彩;山根綺;その他,セレステラユニゾン
25,2023/02/12, THE IDOLM@STER M@STERS OF IDOL WORLD!!!!! 2023 DAY2,M@STERPIECE,全員,関根瞳;峯田茉優;礒部花凜;菅沼千紗;八巻アンナ;希水しお;結名美月;黒木ほの香;前川涼子;芝崎典子;紫月杏朱彩;山根綺;その他,セレステラユニゾン
1,2023/03/18,THE IDOLM@STER SHINY COLORS 5thLIVE If I_wings. DAY1,一閃は君が導く,放課後クライマックスガールズ,河野ひより;白石晴香;永井真里子;丸岡和佳奈;涼本あきほ,C.キャッツユニフォーム
2,2023/03/18,THE IDOLM@STER SHINY COLORS 5thLIVE If I_wings. DAY1,Give me some more...,アルストロメリア,黒木ほの香;前川涼子;芝崎典子,マジーク・アルーア
3,2023/03/18,THE IDOLM@STER SHINY COLORS 5thLIVE If I_wings. DAY1,Overdrive Emotion,ストレイライト,田中有紀;幸村恵理;北原沙弥香,トレーシングミュート
4,2023/03/18,THE IDOLM@STER SHINY COLORS 5thLIVE If I_wings. DAY1,Catch the Breeze,ノクチル,和久井優;土屋李央;田嶌紗蘭;岡咲美保,セイルテイルブリーズ
5,2023/03/18,THE IDOLM@STER SHINY COLORS 5thLIVE If I_wings. DAY1,浮動性イノセンス,アンティーカ,礒部花凜;菅沼千紗;八巻アンナ;希水しお;結名美月,パピロニアフェリーク
6,2023/03/18,THE IDOLM@STER SHINY COLORS 5thLIVE If I_wings. DAY1,Bouncy Girl,シーズ,紫月杏朱彩;山根綺,シャンドゥ・ヴォーギン
7,2023/03/18,THE IDOLM@STER SHINY COLORS 5thLIVE If I_wings. DAY1,イルミネイトコンサート,イルミネーションスターズ,関根瞳;峯田茉優,ファンテジィソナーレ
8,2023/03/18,THE IDOLM@STER SHINY COLORS 5thLIVE If I_wings. DAY1,バベルシティ・グレイス,アンティーカ,礒部花凜;菅沼千紗;八巻アンナ;希水しお;結名美月,パピロニアフェリーク
9,2023/03/18,THE IDOLM@STER SHINY COLORS 5thLIVE If I_wings. DAY1,Hide & Attack,ストレイライト,田中有紀;幸村恵理;北原沙弥香,トレーシングミュート
10,2023/03/18,THE IDOLM@STER SHINY COLORS 5thLIVE If I_wings. DAY1,キャットスクワッド,放課後クライマックスガールズ,河野ひより;白石晴香;永井真里子;丸岡和佳奈;涼本あきほ,C.キャッツユニフォーム
11,2023/03/18,THE IDOLM@STER SHINY COLORS 5thLIVE If I_wings. DAY1,Fashionable,シーズ,紫月杏朱彩;山根綺,シャンドゥ・ヴォーギン
12,2023/03/18,THE IDOLM@STER SHINY COLORS 5thLIVE If I_wings. DAY1,いつだって僕らは,ノクチル,和久井優;土屋李央;田嶌紗蘭;岡咲美保,セイルテイルブリーズ
13,2023/03/18,THE IDOLM@STER SHINY COLORS 5thLIVE If I_wings. DAY1,Anniversary,アルストロメリア,黒木ほの香;前川涼子;芝崎典子,マジーク・アルーア
14,2023/03/18,THE IDOLM@STER SHINY COLORS 5thLIVE If I_wings. DAY1,拝啓タイムカプセル,放課後クライマックスガールズ,河野ひより;白石晴香;永井真里子;丸岡和佳奈;涼本あきほ,C.キャッツユニフォーム
15,2023/03/18,THE IDOLM@STER SHINY COLORS 5thLIVE If I_wings. DAY1,FELICE,イルミネーションスターズ,関根瞳;峯田茉優,ファンテジィソナーレ
16,2023/03/18,THE IDOLM@STER SHINY COLORS 5thLIVE If I_wings. DAY1,Black Reverie,アンティーカ,礒部花凜;菅沼千紗;八巻アンナ;希水しお;結名美月,パピロニアフェリーク
17,2023/03/18,THE IDOLM@STER SHINY COLORS 5thLIVE If I_wings. DAY1,PRISISM,イルミネーションスターズ,関根瞳;峯田茉優,ファンテジィソナーレ
18,2023/03/18,THE IDOLM@STER SHINY COLORS 5thLIVE If I_wings. DAY1,Tracing Defender,ストレイライト,田中有紀;幸村恵理;北原沙弥香,トレーシングミュート
19,2023/03/18,THE IDOLM@STER SHINY COLORS 5thLIVE If I_wings. DAY1,Fly and Fly,シーズ,紫月杏朱彩;山根綺,シャンドゥ・ヴォーギン
20,2023/03/18,THE IDOLM@STER SHINY COLORS 5thLIVE If I_wings. DAY1,VERY BERRY LOVE,アルストロメリア,黒木ほの香;前川涼子;芝崎典子,マジーク・アルーア
21,2023/03/18,THE IDOLM@STER SHINY COLORS 5thLIVE If I_wings. DAY1,今しかない瞬間を,ノクチル,和久井優;土屋李央;田嶌紗蘭;岡咲美保,制服
22,2023/03/18,THE IDOLM@STER SHINY COLORS 5thLIVE If I_wings. DAY1,アスファルトを鳴らして,ノクチル,和久井優;土屋李央;田嶌紗蘭;岡咲美保,セイルテイルブリーズ
23,2023/03/18,THE IDOLM@STER SHINY COLORS 5thLIVE If I_wings. DAY1,夢咲きAfter school,放課後クライマックスガールズ,河野ひより;白石晴香;永井真里子;丸岡和佳奈;涼本あきほ,C.キャッツユニフォーム
24,2023/03/18,THE IDOLM@STER SHINY COLORS 5thLIVE If I_wings. DAY1,愚者の独白,アンティーカ,礒部花凜;菅沼千紗;八巻アンナ;希水しお;結名美月,パピロニアフェリーク
25,2023/03/18,THE IDOLM@STER SHINY COLORS 5thLIVE If I_wings. DAY1,OH MY GOD,シーズ,紫月杏朱彩;山根綺,シャンドゥ・ヴォーギン
26,2023/03/18,THE IDOLM@STER SHINY COLORS 5thLIVE If I_wings. DAY1,Wandering Dream Chaser,ストレイライト,田中有紀;幸村恵理;北原沙弥香,トレーシングミュート
27,2023/03/18,THE IDOLM@STER SHINY COLORS 5thLIVE If I_wings. DAY1,ダブル・イフェクト,アルストロメリア,黒木ほの香;前川涼子;芝崎典子,マジーク・アルーア
28,2023/03/18,THE IDOLM@STER SHINY COLORS 5thLIVE If I_wings. DAY1,Twinkle way,イルミネーションスターズ,関根瞳;峯田茉優,ファンテジィソナーレ
29,2023/03/18,THE IDOLM@STER SHINY COLORS 5thLIVE If I_wings. DAY1,Resonance⁺ ,全員,関根瞳;峯田茉優;礒部花凜;菅沼千紗;八巻アンナ;希水しお;結名美月;河野ひより;白石晴香;永井真里子;丸岡和佳奈;涼本あきほ;黒木ほの香;前川涼子;芝崎典子;田中有紀;幸村恵理;北原沙弥香;和久井優;土屋李央;田嶌紗蘭;岡咲美保;紫月杏朱彩;山根綺,ファンテジィソナーレ;パピロニアフェリーク;C.キャッツユニフォーム;マジーク・アルーア;トレーシングミュート;セイルテイルブリーズ;シャンドゥ・ヴォーギン
30,2023/03/18,THE IDOLM@STER SHINY COLORS 5thLIVE If I_wings. DAY1,いつか Shiny Days,全員,関根瞳;峯田茉優;礒部花凜;菅沼千紗;八巻アンナ;希水しお;結名美月;河野ひより;白石晴香;永井真里子;丸岡和佳奈;涼本あきほ;黒木ほの香;前川涼子;芝崎典子;田中有紀;幸村恵理;北原沙弥香;和久井優;土屋李央;田嶌紗蘭;岡咲美保;紫月杏朱彩;山根綺,キャンバス・ホワイト
31,2023/03/18,THE IDOLM@STER SHINY COLORS 5thLIVE If I_wings. DAY1,Multicolored Sky,全員,関根瞳;峯田茉優;礒部花凜;菅沼千紗;八巻アンナ;希水しお;結名美月;河野ひより;白石晴香;永井真里子;丸岡和佳奈;涼本あきほ;黒木ほの香;前川涼子;芝崎典子;田中有紀;幸村恵理;北原沙弥香;和久井優;土屋李央;田嶌紗蘭;岡咲美保;紫月杏朱彩;山根綺,キャンバス・ホワイト
1,2023/03/19,THE IDOLM@STER SHINY COLORS 5thLIVE If I_wings. DAY2,一閃は君が導く,放課後クライマックスガールズ,河野ひより;白石晴香;永井真里子;丸岡和佳奈;涼本あきほ,C.キャッツユニフォーム
2,2023/03/19,THE IDOLM@STER SHINY COLORS 5thLIVE If I_wings. DAY2,Give me some more...,アルストロメリア,黒木ほの香;前川涼子;芝崎典子,マジーク・アルーア
3,2023/03/19,THE IDOLM@STER SHINY COLORS 5thLIVE If I_wings. DAY2,Overdrive Emotion,ストレイライト,田中有紀;幸村恵理;北原沙弥香,トレーシングミュート
4,2023/03/19,THE IDOLM@STER SHINY COLORS 5thLIVE If I_wings. DAY2,Catch the Breeze,ノクチル,和久井優;土屋李央;田嶌紗蘭;岡咲美保,セイルテイルブリーズ
5,2023/03/19,THE IDOLM@STER SHINY COLORS 5thLIVE If I_wings. DAY2,浮動性イノセンス,アンティーカ,礒部花凜;菅沼千紗;八巻アンナ;希水しお;結名美月,パピロニアフェリーク
6,2023/03/19,THE IDOLM@STER SHINY COLORS 5thLIVE If I_wings. DAY2,Bouncy Girl,シーズ,紫月杏朱彩;山根綺,シャンドゥ・ヴォーギン
7,2023/03/19,THE IDOLM@STER SHINY COLORS 5thLIVE If I_wings. DAY2,ヒカリのdestination,イルミネーションスターズ,関根瞳;近藤玲奈;峯田茉優,ファンテジィソナーレ
8,2023/03/19,THE IDOLM@STER SHINY COLORS 5thLIVE If I_wings. DAY2,ビーチブレイバー,放課後クライマックスガールズ,河野ひより;白石晴香;永井真里子;丸岡和佳奈;涼本あきほ,C.キャッツユニフォーム
9,2023/03/19,THE IDOLM@STER SHINY COLORS 5thLIVE If I_wings. DAY2,NEO THEORY FANTASY,アンティーカ,礒部花凜;菅沼千紗;八巻アンナ;希水しお;結名美月,パピロニアフェリーク
10,2023/03/19,THE IDOLM@STER SHINY COLORS 5thLIVE If I_wings. DAY2,Fly and Fly,シーズ,紫月杏朱彩;山根綺,シャンドゥ・ヴォーギン
11,2023/03/19,THE IDOLM@STER SHINY COLORS 5thLIVE If I_wings. DAY2,Transcending The World,ストレイライト,田中有紀;幸村恵理;北原沙弥香,トレーシングミュート
12,2023/03/19,THE IDOLM@STER SHINY COLORS 5thLIVE If I_wings. DAY2,僕らだけの未来の空,ノクチル,和久井優;土屋李央;田嶌紗蘭;岡咲美保,セイルテイルブリーズ
13,2023/03/19,THE IDOLM@STER SHINY COLORS 5thLIVE If I_wings. DAY2,FELICE,イルミネーションスターズ,関根瞳;近藤玲奈;峯田茉優,ファンテジィソナーレ
14,2023/03/19,THE IDOLM@STER SHINY COLORS 5thLIVE If I_wings. DAY2,愚者の独白,アンティーカ,礒部花凜;菅沼千紗;八巻アンナ;希水しお;結名美月,パピロニアフェリーク
15,2023/03/19,THE IDOLM@STER SHINY COLORS 5thLIVE If I_wings. DAY2,VERY BERRY LOVE,アルストロメリア,黒木ほの香;前川涼子;芝崎典子,マジーク・アルーア
16,2023/03/19,THE IDOLM@STER SHINY COLORS 5thLIVE If I_wings. DAY2,あの花のように,ノクチル,和久井優;土屋李央;田嶌紗蘭;岡咲美保,セイルテイルブリーズ
17,2023/03/19,THE IDOLM@STER SHINY COLORS 5thLIVE If I_wings. DAY2,Love Addiction,アルストロメリア,黒木ほの香;前川涼子;芝崎典子,マジーク・アルーア
18,2023/03/19,THE IDOLM@STER SHINY COLORS 5thLIVE If I_wings. DAY2,Another Rampage,ストレイライト,田中有紀;幸村恵理;北原沙弥香,トレーシングミュート
19,2023/03/19,THE IDOLM@STER SHINY COLORS 5thLIVE If I_wings. DAY2,OH MY GOD,シーズ,紫月杏朱彩;山根綺,シャンドゥ・ヴォーギン
20,2023/03/19,THE IDOLM@STER SHINY COLORS 5thLIVE If I_wings. DAY2,キャットスクワッド,放課後クライマックスガールズ,河野ひより;白石晴香;永井真里子;丸岡和佳奈;涼本あきほ,C.キャッツユニフォーム
21,2023/03/19,THE IDOLM@STER SHINY COLORS 5thLIVE If I_wings. DAY2,Fashionable,シーズ,紫月杏朱彩;山根綺,シャンドゥ・ヴォーギン
22,2023/03/19,THE IDOLM@STER SHINY COLORS 5thLIVE If I_wings. DAY2,イルミネイトコンサート,イルミネーションスターズ,関根瞳;近藤玲奈;峯田茉優,ファンテジィソナーレ
23,2023/03/19,THE IDOLM@STER SHINY COLORS 5thLIVE If I_wings. DAY2,太陽キッス,放課後クライマックスガールズ,河野ひより;白石晴香;永井真里子;丸岡和佳奈;涼本あきほ,C.キャッツユニフォーム
24,2023/03/19,THE IDOLM@STER SHINY COLORS 5thLIVE If I_wings. DAY2,Tracing Defender,ストレイライト,田中有紀;幸村恵理;北原沙弥香,トレーシングミュート
25,2023/03/19,THE IDOLM@STER SHINY COLORS 5thLIVE If I_wings. DAY2,アルストロメリア,アルストロメリア,黒木ほの香;前川涼子;芝崎典子,マジーク・アルーア
26,2023/03/19,THE IDOLM@STER SHINY COLORS 5thLIVE If I_wings. DAY2,アスファルトを鳴らして,ノクチル,和久井優;土屋李央;田嶌紗蘭;岡咲美保,セイルテイルブリーズ
27,2023/03/19,THE IDOLM@STER SHINY COLORS 5thLIVE If I_wings. DAY2,純白トロイメライ,アンティーカ,礒部花凜;菅沼千紗;八巻アンナ;希水しお;結名美月,パピロニアフェリーク
28,2023/03/19,THE IDOLM@STER SHINY COLORS 5thLIVE If I_wings. DAY2,スマイルシンフォニア,イルミネーションスターズ,関根瞳;近藤玲奈;峯田茉優,ファンテジィソナーレ
29,2023/03/19,THE IDOLM@STER SHINY COLORS 5thLIVE If I_wings. DAY2,Spread the Wings!!,全員,関根瞳;近藤玲奈;峯田茉優;礒部花凜;菅沼千紗;八巻アンナ;希水しお;結名美月;河野ひより;白石晴香;永井真里子;丸岡和佳奈;涼本あきほ;黒木ほの香;前川涼子;芝崎典子;田中有紀;幸村恵理;北原沙弥香;和久井優;土屋李央;田嶌紗蘭;岡咲美保;紫月杏朱彩;山根綺,ファンテジィソナーレ;パピロニアフェリーク;C.キャッツユニフォーム;マジーク・アルーア;トレーシングミュート;セイルテイルブリーズ;シャンドゥ・ヴォーギン
30,2023/03/19,THE IDOLM@STER SHINY COLORS 5thLIVE If I_wings. DAY2,Dye the sky.,全員,関根瞳;近藤玲奈;峯田茉優;礒部花凜;菅沼千紗;八巻アンナ;希水しお;結名美月;河野ひより;白石晴香;永井真里子;丸岡和佳奈;涼本あきほ;黒木ほの香;前川涼子;芝崎典子;田中有紀;幸村恵理;北原沙弥香;和久井優;土屋李央;田嶌紗蘭;岡咲美保;紫月杏朱彩;山根綺;川口莉奈,キャンバス・ホワイト
31,2023/03/19,THE IDOLM@STER SHINY COLORS 5thLIVE If I_wings. DAY2,Multicolored Sky,全員,関根瞳;近藤玲奈;峯田茉優;礒部花凜;菅沼千紗;八巻アンナ;希水しお;結名美月;河野ひより;白石晴香;永井真里子;丸岡和佳奈;涼本あきほ;黒木ほの香;前川涼子;芝崎典子;田中有紀;幸村恵理;北原沙弥香;和久井優;土屋李央;田嶌紗蘭;岡咲美保;紫月杏朱彩;山根綺;川口莉奈,キャンバス・ホワイト
1,2023/04/29, アイドルマスター シャイニーカラーズ 新作ゲーム制作発表会,プラニスフィア ～planisphere～,Team.Stella,関根瞳;河野ひより;黒木ほの香;田中有紀;土屋李央,ビヨンドザブルースカイ
2,2023/04/29, アイドルマスター シャイニーカラーズ 新作ゲーム制作発表会,Multicolored Sky ,Team.Stella,関根瞳;河野ひより;黒木ほの香;田中有紀;土屋李央,ビヨンドザブルースカイ
3,2023/04/29, アイドルマスター シャイニーカラーズ 新作ゲーム制作発表会,Spread the Wings!! ,Team.Stella,関根瞳;河野ひより;黒木ほの香;田中有紀;土屋李央,ビヨンドザブルースカイ
1,2023/07/22,283PRODUCTION SOLO PERFORMANCE LIVE「我儘なまま」 DAY1,あおぞらサイダー,ソロ,岡咲美保,フィジーサイダーポップ
2,2023/07/22,283PRODUCTION SOLO PERFORMANCE LIVE「我儘なまま」 DAY1,ハナマルバッジ,ソロ,河野ひより,パッショネイトボニータ
3,2023/07/22,283PRODUCTION SOLO PERFORMANCE LIVE「我儘なまま」 DAY1,わたしの主人公はわたしだから！,ソロ,田嶌紗蘭,ミニヨンプチランジュ
4,2023/07/22,283PRODUCTION SOLO PERFORMANCE LIVE「我儘なまま」 DAY1,HAREBARE!!,ソロ,峯田茉優,フレフレハレバレ
5,2023/07/22,283PRODUCTION SOLO PERFORMANCE LIVE「我儘なまま」 DAY1,フェアリー・ガール,ソロ,紫月杏朱彩,アカデミカルブルー
6,2023/07/22,283PRODUCTION SOLO PERFORMANCE LIVE「我儘なまま」 DAY1,Color Days,混合,田嶌紗蘭;河野ひより;峯田茉優;紫月杏朱彩,ミニヨンプチランジュ;パッショネイトボニータ;フレフレハレバレ;アカデミカルブルー
7,2023/07/22,283PRODUCTION SOLO PERFORMANCE LIVE「我儘なまま」 DAY1,誰ソ彼アイデンティティー,ソロ,菅沼千紗,ドレープドパープル
8,2023/07/22,283PRODUCTION SOLO PERFORMANCE LIVE「我儘なまま」 DAY1,Damascus Cocktail,ソロ,涼本あきほ,グリッターバブリー
9,2023/07/22,283PRODUCTION SOLO PERFORMANCE LIVE「我儘なまま」 DAY1,千夜アリア,ソロ,八巻アンナ,ノーブルベッラ
10,2023/07/22,283PRODUCTION SOLO PERFORMANCE LIVE「我儘なまま」 DAY1,Going my way,ソロ,北原沙弥香,キープアウトバインド
11,2023/07/22,283PRODUCTION SOLO PERFORMANCE LIVE「我儘なまま」 DAY1,神様は死んだ、って,ソロ,川口莉奈,ブレイキングコーション
12,2023/07/22,283PRODUCTION SOLO PERFORMANCE LIVE「我儘なまま」 DAY1,リフレクトサイン,混合,北原沙弥香;八巻アンナ;菅沼千紗;川口莉奈,キープアウトバインド;ノーブルベッラ;ブレイキングコーション
13,2023/07/22,283PRODUCTION SOLO PERFORMANCE LIVE「我儘なまま」 DAY1,アポイント・シグナル,ソロ,礒部花凜,ピンキーマイハート
14,2023/07/22,283PRODUCTION SOLO PERFORMANCE LIVE「我儘なまま」 DAY1,Darling you!,ソロ,芝崎典子,ウェルカムブティック
15,2023/07/22,283PRODUCTION SOLO PERFORMANCE LIVE「我儘なまま」 DAY1,常咲の庭,ソロ,丸岡和佳奈,ルリイロフレア
16,2023/07/22,283PRODUCTION SOLO PERFORMANCE LIVE「我儘なまま」 DAY1,SOS,ソロ,幸村恵理,スペシャルオンスペシアル
17,2023/07/22,283PRODUCTION SOLO PERFORMANCE LIVE「我儘なまま」 DAY1,SWEET♡STEP,混合,礒部花凜;丸岡和佳奈;芝崎典子,ピンキーマイハート;ルリイロフレア;ウェルカムブティック
18,2023/07/22,283PRODUCTION SOLO PERFORMANCE LIVE「我儘なまま」 DAY1,プラスチック・アンブレラ,ソロ,希水しお,エモーショナルレイニー
19,2023/07/22,283PRODUCTION SOLO PERFORMANCE LIVE「我儘なまま」 DAY1,Sweet Memories,ソロ,黒木ほの香,チェリッシュメモリーズ
20,2023/07/22,283PRODUCTION SOLO PERFORMANCE LIVE「我儘なまま」 DAY1,スローモーション,ソロ,近藤玲奈,スローモーヴィメント
21,2023/07/22,283PRODUCTION SOLO PERFORMANCE LIVE「我儘なまま」 DAY1,雪・月・風・花,ソロ,結名美月,プロミスドローズ
22,2023/07/22,283PRODUCTION SOLO PERFORMANCE LIVE「我儘なまま」 DAY1,statice,ソロ,和久井優,イメイジャラブルトール
23,2023/07/22,283PRODUCTION SOLO PERFORMANCE LIVE「我儘なまま」 DAY1,Secret utopIA,混合,希水しお;近藤玲奈;結名美月;黒木ほの香,エモーショナルレイニー;スローモーヴィメント;プロミスドローズ;チェリッシュメモリーズ
24,2023/07/22,283PRODUCTION SOLO PERFORMANCE LIVE「我儘なまま」 DAY1,VOY@GER,混合,幸村恵理;和久井優;涼本あきほ,スペシャルオンスペシアル;イメイジャラブルトール;グリッターバブリー
25,2023/07/22,283PRODUCTION SOLO PERFORMANCE LIVE「我儘なまま」 DAY1,夢見鳥,ソロ,土屋李央,ドリームオブバタフライ
26,2023/07/22,283PRODUCTION SOLO PERFORMANCE LIVE「我儘なまま」 DAY1,Look up to the sky,ソロ,山根綺,ダンサブルシアー
27,2023/07/22,283PRODUCTION SOLO PERFORMANCE LIVE「我儘なまま」 DAY1,SOLAR WAY,混合,永井真里子;前川涼子;土屋李央;山根綺,ストラミングブリーチ;テンダネスファッションドール;ドリームオブバタフライ;ダンサブルシアー
28,2023/07/22,283PRODUCTION SOLO PERFORMANCE LIVE「我儘なまま」 DAY1,また明日,ソロ,前川涼子,テンダネスファッションドール
29,2023/07/22,283PRODUCTION SOLO PERFORMANCE LIVE「我儘なまま」 DAY1,過純性ブリーチ,ソロ,永井真里子,ストラミングブリーチ
30,2023/07/22,283PRODUCTION SOLO PERFORMANCE LIVE「我儘なまま」 DAY1,Let's get a chance,混合,関根瞳;岡咲美保,フロウリッシュブルーム;フィジーサイダーポップ
31,2023/07/22,283PRODUCTION SOLO PERFORMANCE LIVE「我儘なまま」 DAY1,ありったけの輝きで,ソロ,関根瞳,フロウリッシュブルーム
1,2023/07/23,283PRODUCTION SOLO PERFORMANCE LIVE「我儘なまま」 DAY2,Darling you!,ソロ,芝崎典子,ウェルカムブティック
2,2023/07/23,283PRODUCTION SOLO PERFORMANCE LIVE「我儘なまま」 DAY2,Look up to the sky,ソロ,山根綺,ダンサブルシアー
3,2023/07/23,283PRODUCTION SOLO PERFORMANCE LIVE「我儘なまま」 DAY2,SOS,ソロ,幸村恵理,スペシャルオンスペシアル
4,2023/07/23,283PRODUCTION SOLO PERFORMANCE LIVE「我儘なまま」 DAY2,アポイント・シグナル,ソロ,礒部花凜,ピンキーマイハート
5,2023/07/23,283PRODUCTION SOLO PERFORMANCE LIVE「我儘なまま」 DAY2,Killer×Mission,混合,芝崎典子;礒部花凜;幸村恵理;山根綺,ウェルカムブティック;ピンキーマイハート;スペシャルオンスペシアル;ダンサブルシアー
6,2023/07/23,283PRODUCTION SOLO PERFORMANCE LIVE「我儘なまま」 DAY2,チョコデート・サンデー,ソロ,白石晴香,ヤムヤムウェイトレス
7,2023/07/23,283PRODUCTION SOLO PERFORMANCE LIVE「我儘なまま」 DAY2,あおぞらサイダー,ソロ,岡咲美保,フィジーサイダーポップ
8,2023/07/23,283PRODUCTION SOLO PERFORMANCE LIVE「我儘なまま」 DAY2,statice,ソロ,和久井優,イメイジャラブルトール
9,2023/07/23,283PRODUCTION SOLO PERFORMANCE LIVE「我儘なまま」 DAY2,常咲の庭,ソロ,丸岡和佳奈,ルリイロフレア
10,2023/07/23,283PRODUCTION SOLO PERFORMANCE LIVE「我儘なまま」 DAY2,また明日,ソロ,前川涼子,テンダネスファッションドール
11,2023/07/23,283PRODUCTION SOLO PERFORMANCE LIVE「我儘なまま」 DAY2,Color Days,混合,白石晴香;和久井優;前川涼子;岡咲美保;丸岡和佳奈,ヤムヤムウェイトレス;イメイジャラブルトール;テンダネスファッションドール;フィジーサイダーポップ;ルリイロフレア
12,2023/07/23,283PRODUCTION SOLO PERFORMANCE LIVE「我儘なまま」 DAY2,過純性ブリーチ,ソロ,永井真里子,ストラミングブリーチ
13,2023/07/23,283PRODUCTION SOLO PERFORMANCE LIVE「我儘なまま」 DAY2,ハナマルバッジ,ソロ,河野ひより,パッショネイトボニータ
14,2023/07/23,283PRODUCTION SOLO PERFORMANCE LIVE「我儘なまま」 DAY2,HAREBARE!!,ソロ,峯田茉優,フレフレハレバレ
15,2023/07/23,283PRODUCTION SOLO PERFORMANCE LIVE「我儘なまま」 DAY2,フェアリー・ガール,ソロ,紫月杏朱彩,アカデミカルブルー
16,2023/07/23,283PRODUCTION SOLO PERFORMANCE LIVE「我儘なまま」 DAY2,プラニスフィア ～planisphere～,混合,峯田茉優;永井真里子;河野ひより,フレフレハレバレ;ストラミングブリーチ;パッショネイトボニータ
17,2023/07/23,283PRODUCTION SOLO PERFORMANCE LIVE「我儘なまま」 DAY2,プラスチック・アンブレラ,ソロ,希水しお,エモーショナルレイニー
18,2023/07/23,283PRODUCTION SOLO PERFORMANCE LIVE「我儘なまま」 DAY2,神様は死んだ、って,ソロ,川口莉奈,ブレイキングコーション
19,2023/07/23,283PRODUCTION SOLO PERFORMANCE LIVE「我儘なまま」 DAY2,千夜アリア,ソロ,八巻アンナ,ノーブルベッラ
20,2023/07/23,283PRODUCTION SOLO PERFORMANCE LIVE「我儘なまま」 DAY2,スローモーション,ソロ,近藤玲奈,スローモーヴィメント
21,2023/07/23,283PRODUCTION SOLO PERFORMANCE LIVE「我儘なまま」 DAY2,Going my way,ソロ,北原沙弥香,キープアウトバインド
22,2023/07/23,283PRODUCTION SOLO PERFORMANCE LIVE「我儘なまま」 DAY2,誰ソ彼アイデンティティー,ソロ,菅沼千紗,ドレープドパープル
23,2023/07/23,283PRODUCTION SOLO PERFORMANCE LIVE「我儘なまま」 DAY2,Ambitious Eve,混合,八巻アンナ;近藤玲奈;北原沙弥香;菅沼千紗,ノーブルベッラ;スローモーヴィメント;キープアウトバインド;ドレープドパープル
24,2023/07/23,283PRODUCTION SOLO PERFORMANCE LIVE「我儘なまま」 DAY2,Shiny Stories,混合,関根瞳;川口莉奈;紫月杏朱彩,フロウリッシュブルーム;ブレイキングコーション;アカデミカルブルー
25,2023/07/23,283PRODUCTION SOLO PERFORMANCE LIVE「我儘なまま」 DAY2,雪・月・風・花,ソロ,結名美月,プロミスドローズ
26,2023/07/23,283PRODUCTION SOLO PERFORMANCE LIVE「我儘なまま」 DAY2,夢見鳥,ソロ,土屋李央,ドリームオブバタフライ
27,2023/07/23,283PRODUCTION SOLO PERFORMANCE LIVE「我儘なまま」 DAY2,Sweet Memories,ソロ,黒木ほの香,チェリッシュメモリーズ
28,2023/07/23,283PRODUCTION SOLO PERFORMANCE LIVE「我儘なまま」 DAY2,ありったけの輝きで,ソロ,関根瞳,フロウリッシュブルーム
29,2023/07/23,283PRODUCTION SOLO PERFORMANCE LIVE「我儘なまま」 DAY2,虹の行方,混合,田中有紀;結名美月;黒木ほの香;土屋李央;田嶌紗蘭,イフワナビーアスター;プロミスドローズ;チェリッシュメモリーズ;ドリームオブバタフライ;ミニヨンプチランジュ
30,2023/07/23,283PRODUCTION SOLO PERFORMANCE LIVE「我儘なまま」 DAY2,星をめざして,ソロ,田中有紀,イフワナビーアスター
31,2023/07/23,283PRODUCTION SOLO PERFORMANCE LIVE「我儘なまま」 DAY2,わたしの主人公はわたしだから！,ソロ,田嶌紗蘭,ミニヨンプチランジュ
32,2023/07/23,283PRODUCTION SOLO PERFORMANCE LIVE「我儘なまま」 DAY2,シャイノグラフィ,混合,涼本あきほ;希水しお,グリッターバブリー;エモーショナルレイニー
33,2023/07/23,283PRODUCTION SOLO PERFORMANCE LIVE「我儘なまま」 DAY2,Damascus Cocktail,ソロ,涼本あきほ,グリッターバブリー
1,2023/08/20,THE IDOLM@STER SHINY COLORS “CANVAS” 01〜04発売記念イベント 第一回,Forward March！！！,イルミネーションスターズ,関根瞳;近藤玲奈;峯田茉優,ファンテジィソナーレ
2,2023/08/20,THE IDOLM@STER SHINY COLORS “CANVAS” 01〜04発売記念イベント 第一回,星が流れて,イルミネーションスターズ,関根瞳;近藤玲奈;峯田茉優,ファンテジィソナーレ
3,2023/08/20,THE IDOLM@STER SHINY COLORS “CANVAS” 01〜04発売記念イベント 第一回,BRIGHTEST WHITE,イルミネーションスターズ,関根瞳;近藤玲奈;峯田茉優,ファンテジィソナーレ
4,2023/08/20,THE IDOLM@STER SHINY COLORS “CANVAS” 01〜04発売記念イベント 第一回,とある英雄たちの物語,アンティーカ,菅沼千紗;八巻アンナ;希水しお;結名美月,パピロニアフェリーク
5,2023/08/20,THE IDOLM@STER SHINY COLORS “CANVAS” 01〜04発売記念イベント 第一回,Unsung Heroes,アンティーカ,菅沼千紗;八巻アンナ;希水しお;結名美月,パピロニアフェリーク
6,2023/08/20,THE IDOLM@STER SHINY COLORS “CANVAS” 01〜04発売記念イベント 第一回,有彩色ユリイカ,アンティーカ,菅沼千紗;八巻アンナ;希水しお;結名美月,パピロニアフェリーク
7,2023/08/20,THE IDOLM@STER SHINY COLORS “CANVAS” 01〜04発売記念イベント 第一回,ハナサカサイサイ,放課後クライマックスガールズ,河野ひより;白石晴香;永井真里子;丸岡和佳奈;涼本あきほ,C.キャッツユニフォーム
8,2023/08/20,THE IDOLM@STER SHINY COLORS “CANVAS” 01〜04発売記念イベント 第一回,全力アンサー,放課後クライマックスガールズ,河野ひより;白石晴香;永井真里子;丸岡和佳奈;涼本あきほ,C.キャッツユニフォーム
9,2023/08/20,THE IDOLM@STER SHINY COLORS “CANVAS” 01〜04発売記念イベント 第一回,ひめくりモザイク,放課後クライマックスガールズ,河野ひより;白石晴香;永井真里子;丸岡和佳奈;涼本あきほ,C.キャッツユニフォーム
10,2023/08/20,THE IDOLM@STER SHINY COLORS “CANVAS” 01〜04発売記念イベント 第一回,メッセージ,アルストロメリア,黒木ほの香;前川涼子;芝崎典子,マジーク・アルーア
11,2023/08/20,THE IDOLM@STER SHINY COLORS “CANVAS” 01〜04発売記念イベント 第一回,Love Letter,アルストロメリア,黒木ほの香;前川涼子;芝崎典子,マジーク・アルーア
12,2023/08/20,THE IDOLM@STER SHINY COLORS “CANVAS” 01〜04発売記念イベント 第一回,グラデーション,アルストロメリア,黒木ほの香;前川涼子;芝崎典子,マジーク・アルーア
1,2023/08/20,THE IDOLM@STER SHINY COLORS “CANVAS” 01〜04発売記念イベント 第二回,Forward March！！！,イルミネーションスターズ,関根瞳;近藤玲奈;峯田茉優,ファンテジィソナーレ
2,2023/08/20,THE IDOLM@STER SHINY COLORS “CANVAS” 01〜04発売記念イベント 第二回,星が流れて,イルミネーションスターズ,関根瞳;近藤玲奈;峯田茉優,ファンテジィソナーレ
3,2023/08/20,THE IDOLM@STER SHINY COLORS “CANVAS” 01〜04発売記念イベント 第二回,BRIGHTEST WHITE,イルミネーションスターズ,関根瞳;近藤玲奈;峯田茉優,ファンテジィソナーレ
4,2023/08/20,THE IDOLM@STER SHINY COLORS “CANVAS” 01〜04発売記念イベント 第二回,とある英雄たちの物語,アンティーカ,菅沼千紗;八巻アンナ;希水しお;結名美月,パピロニアフェリーク
5,2023/08/20,THE IDOLM@STER SHINY COLORS “CANVAS” 01〜04発売記念イベント 第二回,Unsung Heroes,アンティーカ,菅沼千紗;八巻アンナ;希水しお;結名美月,パピロニアフェリーク
6,2023/08/20,THE IDOLM@STER SHINY COLORS “CANVAS” 01〜04発売記念イベント 第二回,有彩色ユリイカ,アンティーカ,菅沼千紗;八巻アンナ;希水しお;結名美月,パピロニアフェリーク
7,2023/08/20,THE IDOLM@STER SHINY COLORS “CANVAS” 01〜04発売記念イベント 第二回,ハナサカサイサイ,放課後クライマックスガールズ,河野ひより;白石晴香;丸岡和佳奈;涼本あきほ,C.キャッツユニフォーム
8,2023/08/20,THE IDOLM@STER SHINY COLORS “CANVAS” 01〜04発売記念イベント 第二回,全力アンサー,放課後クライマックスガールズ,河野ひより;白石晴香;丸岡和佳奈;涼本あきほ,C.キャッツユニフォーム
9,2023/08/20,THE IDOLM@STER SHINY COLORS “CANVAS” 01〜04発売記念イベント 第二回,ひめくりモザイク,放課後クライマックスガールズ,河野ひより;白石晴香;丸岡和佳奈;涼本あきほ,C.キャッツユニフォーム
10,2023/08/20,THE IDOLM@STER SHINY COLORS “CANVAS” 01〜04発売記念イベント 第二回,メッセージ,アルストロメリア,黒木ほの香;前川涼子;芝崎典子,マジーク・アルーア
11,2023/08/20,THE IDOLM@STER SHINY COLORS “CANVAS” 01〜04発売記念イベント 第二回,Love Letter,アルストロメリア,黒木ほの香;前川涼子;芝崎典子,マジーク・アルーア
12,2023/08/20,THE IDOLM@STER SHINY COLORS “CANVAS” 01〜04発売記念イベント 第二回,グラデーション,アルストロメリア,黒木ほの香;前川涼子;芝崎典子,マジーク・アルーア
1,2023/10/06,THE IDOLM@STER SHINY COLORS 5.5th Anniversary LIVE 星が見上げた空 開催直前スペシャル配信,OH MY GOD,シーズ,紫月杏朱彩;山根綺,シャンドゥ・ヴォーギン
2,2023/10/06,THE IDOLM@STER SHINY COLORS 5.5th Anniversary LIVE 星が見上げた空 開催直前スペシャル配信,Color Days,シーズ,紫月杏朱彩;山根綺,シャンドゥ・ヴォーギン
3,2023/10/06,THE IDOLM@STER SHINY COLORS 5.5th Anniversary LIVE 星が見上げた空 開催直前スペシャル配信,Fly and Fly,シーズ,紫月杏朱彩;山根綺,シャンドゥ・ヴォーギン
4,2023/10/06,THE IDOLM@STER SHINY COLORS 5.5th Anniversary LIVE 星が見上げた空 開催直前スペシャル配信,Let's get a chance ,シーズ,紫月杏朱彩;山根綺,シャンドゥ・ヴォーギン
1,2023/10/21,THE IDOLM@STER SHINY COLORS 5.5th Anniversary LIVE 星が見上げた空 DAY1,無自覚アプリオリ,コメティック,川口莉奈;三川華月;小澤麗那,コメティックノート
2,2023/10/21,THE IDOLM@STER SHINY COLORS 5.5th Anniversary LIVE 星が見上げた空 DAY1,Fashionable,シーズ,紫月杏朱彩;山根綺,ユナイトバースプラネタリ
3,2023/10/21,THE IDOLM@STER SHINY COLORS 5.5th Anniversary LIVE 星が見上げた空 DAY1,Overdrive Emotion,ストレイライト,田中有紀;幸村恵理;北原沙弥香,オーバーキャストモノクローム
4,2023/10/21,THE IDOLM@STER SHINY COLORS 5.5th Anniversary LIVE 星が見上げた空 DAY1,Catch the Breeze,ノクチル,和久井優;土屋李央;田嶌紗蘭;岡咲美保,サンセットスカイパッセージ
5,2023/10/21,THE IDOLM@STER SHINY COLORS 5.5th Anniversary LIVE 星が見上げた空 DAY1,Color Days,シーズ,紫月杏朱彩;山根綺,ユナイトバースプラネタリ
6,2023/10/21,THE IDOLM@STER SHINY COLORS 5.5th Anniversary LIVE 星が見上げた空 DAY1,Resonance⁺ ,シーズ;コメティック,紫月杏朱彩;山根綺;川口莉奈;三川華月;小澤麗那,ユナイトバースプラネタリ;コメティックノート
7,2023/10/21,THE IDOLM@STER SHINY COLORS 5.5th Anniversary LIVE 星が見上げた空 DAY1,Timeless Shooting Star,ストレイライト,田中有紀;幸村恵理;北原沙弥香,オーバーキャストモノクローム
8,2023/10/21,THE IDOLM@STER SHINY COLORS 5.5th Anniversary LIVE 星が見上げた空 DAY1,Start up Stand up,ストレイライト,田中有紀;幸村恵理;北原沙弥香,オーバーキャストモノクローム
9,2023/10/21,THE IDOLM@STER SHINY COLORS 5.5th Anniversary LIVE 星が見上げた空 DAY1,OH MY GOD,シーズ,紫月杏朱彩;山根綺,ユナイトバースプラネタリ
10,2023/10/21,THE IDOLM@STER SHINY COLORS 5.5th Anniversary LIVE 星が見上げた空 DAY1,今しかない瞬間を,ノクチル,和久井優;土屋李央;田嶌紗蘭;岡咲美保,サンセットスカイパッセージ
11,2023/10/21,THE IDOLM@STER SHINY COLORS 5.5th Anniversary LIVE 星が見上げた空 DAY1,夢が夢じゃなくなるその日まで,ノクチル,和久井優;土屋李央;田嶌紗蘭;岡咲美保,サンセットスカイパッセージ
12,2023/10/21,THE IDOLM@STER SHINY COLORS 5.5th Anniversary LIVE 星が見上げた空 DAY1,シャイノグラフィ,ノクチル;コメティック,和久井優;土屋李央;田嶌紗蘭;岡咲美保;川口莉奈;三川華月;小澤麗那,サンセットスカイパッセージ;コメティックノート
13,2023/10/21,THE IDOLM@STER SHINY COLORS 5.5th Anniversary LIVE 星が見上げた空 DAY1,Fly and Fly,シーズ,紫月杏朱彩;山根綺,ユナイトバースプラネタリ
14,2023/10/21,THE IDOLM@STER SHINY COLORS 5.5th Anniversary LIVE 星が見上げた空 DAY1,SWEETEST BITE,シーズ,紫月杏朱彩;山根綺,ユナイトバースプラネタリ
15,2023/10/21,THE IDOLM@STER SHINY COLORS 5.5th Anniversary LIVE 星が見上げた空 DAY1,Hide & Attack,ストレイライト,田中有紀;幸村恵理;北原沙弥香,オーバーキャストモノクローム
16,2023/10/21,THE IDOLM@STER SHINY COLORS 5.5th Anniversary LIVE 星が見上げた空 DAY1,くだらないや,コメティック,川口莉奈;三川華月;小澤麗那,コメティックノート
17,2023/10/21,THE IDOLM@STER SHINY COLORS 5.5th Anniversary LIVE 星が見上げた空 DAY1,Dye the sky.,ノクチル,和久井優;土屋李央;田嶌紗蘭;岡咲美保,サンセットスカイパッセージ
18,2023/10/21,THE IDOLM@STER SHINY COLORS 5.5th Anniversary LIVE 星が見上げた空 DAY1,あの花のように,ノクチル,和久井優;土屋李央;田嶌紗蘭;岡咲美保,サンセットスカイパッセージ
19,2023/10/21,THE IDOLM@STER SHINY COLORS 5.5th Anniversary LIVE 星が見上げた空 DAY1,いつだって僕らは,ノクチル,和久井優;土屋李央;田嶌紗蘭;岡咲美保,サンセットスカイパッセージ
20,2023/10/21,THE IDOLM@STER SHINY COLORS 5.5th Anniversary LIVE 星が見上げた空 DAY1,Ambitious Eve,ストレイライト;コメティック,田中有紀;幸村恵理;北原沙弥香;川口莉奈;三川華月;小澤麗那,オーバーキャストモノクローム;コメティックノート
21,2023/10/21,THE IDOLM@STER SHINY COLORS 5.5th Anniversary LIVE 星が見上げた空 DAY1,いつか Shiny Days,ストレイライト,田中有紀;幸村恵理;北原沙弥香,オーバーキャストモノクローム
22,2023/10/21,THE IDOLM@STER SHINY COLORS 5.5th Anniversary LIVE 星が見上げた空 DAY1,平行線の美学,コメティック,川口莉奈;三川華月;小澤麗那,コメティックノート
23,2023/10/21,THE IDOLM@STER SHINY COLORS 5.5th Anniversary LIVE 星が見上げた空 DAY1,Wandering Dream Chaser,ストレイライト,田中有紀;幸村恵理;北原沙弥香,オーバーキャストモノクローム
24,2023/10/21,THE IDOLM@STER SHINY COLORS 5.5th Anniversary LIVE 星が見上げた空 DAY1,Multicolored Sky,全員,田中有紀;幸村恵理;北原沙弥香;和久井優;土屋李央;田嶌紗蘭;岡咲美保;紫月杏朱彩;山根綺;川口莉奈;三川華月;小澤麗那,オーバーキャストモノクローム;サンセットスカイパッセージ;ユナイトバースプラネタリ;コメティックノート
25,2023/10/21,THE IDOLM@STER SHINY COLORS 5.5th Anniversary LIVE 星が見上げた空 DAY1,虹の行方,全員,田中有紀;幸村恵理;北原沙弥香;和久井優;土屋李央;田嶌紗蘭;岡咲美保;紫月杏朱彩;山根綺;川口莉奈;三川華月;小澤麗那,オーバーキャストモノクローム;サンセットスカイパッセージ;ユナイトバースプラネタリ;コメティックノート
1,2023/10/22,THE IDOLM@STER SHINY COLORS 5.5th Anniversary LIVE 星が見上げた空 DAY2,Daybreak Age,全員,関根瞳;近藤玲奈;峯田茉優;礒部花凜;菅沼千紗;八巻アンナ;希水しお;結名美月;河野ひより;白石晴香;永井真里子;丸岡和佳奈;涼本あきほ;黒木ほの香;前川涼子;芝崎典子;川口莉奈;三川華月;小澤麗那,ビヨンドザブルースカイ;コメティックノート
2,2023/10/22,THE IDOLM@STER SHINY COLORS 5.5th Anniversary LIVE 星が見上げた空 DAY2,キャットスクワッド,放課後クライマックスガールズ,河野ひより;白石晴香;永井真里子;丸岡和佳奈;涼本あきほ,ビヨンドザブルースカイ
3,2023/10/22,THE IDOLM@STER SHINY COLORS 5.5th Anniversary LIVE 星が見上げた空 DAY2,Give me some more...,アルストロメリア,黒木ほの香;前川涼子;芝崎典子,ビヨンドザブルースカイ
4,2023/10/22,THE IDOLM@STER SHINY COLORS 5.5th Anniversary LIVE 星が見上げた空 DAY2,FELICE,イルミネーションスターズ,関根瞳;近藤玲奈;峯田茉優,ビヨンドザブルースカイ
5,2023/10/22,THE IDOLM@STER SHINY COLORS 5.5th Anniversary LIVE 星が見上げた空 DAY2,愚者の独白,アンティーカ,礒部花凜;菅沼千紗;八巻アンナ;希水しお;結名美月,ビヨンドザブルースカイ
6,2023/10/22,THE IDOLM@STER SHINY COLORS 5.5th Anniversary LIVE 星が見上げた空 DAY2,平行線の美学,コメティック,川口莉奈;三川華月;小澤麗那,コメティックノート
7,2023/10/22,THE IDOLM@STER SHINY COLORS 5.5th Anniversary LIVE 星が見上げた空 DAY2,Shiny Stories,イルミネーションスターズ;コメティック,関根瞳;近藤玲奈;峯田茉優;川口莉奈;三川華月;小澤麗那,ビヨンドザブルースカイ;コメティックノート
8,2023/10/22,THE IDOLM@STER SHINY COLORS 5.5th Anniversary LIVE 星が見上げた空 DAY2,BRIGHTEST WHITE,イルミネーションスターズ,関根瞳;近藤玲奈;峯田茉優,ビヨンドザブルースカイ
9,2023/10/22,THE IDOLM@STER SHINY COLORS 5.5th Anniversary LIVE 星が見上げた空 DAY2,PRISISM,イルミネーションスターズ,関根瞳;近藤玲奈;峯田茉優,ビヨンドザブルースカイ
10,2023/10/22,THE IDOLM@STER SHINY COLORS 5.5th Anniversary LIVE 星が見上げた空 DAY2,ラブ・ボナペティート,アルストロメリア,黒木ほの香;前川涼子;芝崎典子,ビヨンドザブルースカイ
11,2023/10/22,THE IDOLM@STER SHINY COLORS 5.5th Anniversary LIVE 星が見上げた空 DAY2,ダブル・イフェクト,アルストロメリア,黒木ほの香;前川涼子;芝崎典子,ビヨンドザブルースカイ
12,2023/10/22,THE IDOLM@STER SHINY COLORS 5.5th Anniversary LIVE 星が見上げた空 DAY2,五ツ座流星群,放課後クライマックスガールズ,河野ひより;白石晴香;永井真里子;丸岡和佳奈;涼本あきほ,ビヨンドザブルースカイ
13,2023/10/22,THE IDOLM@STER SHINY COLORS 5.5th Anniversary LIVE 星が見上げた空 DAY2,Black Reverie,アンティーカ,礒部花凜;菅沼千紗;八巻アンナ;希水しお;結名美月,ビヨンドザブルースカイ
14,2023/10/22,THE IDOLM@STER SHINY COLORS 5.5th Anniversary LIVE 星が見上げた空 DAY2,We can go now!,イルミネーションスターズ,関根瞳;近藤玲奈;峯田茉優,ビヨンドザブルースカイ
15,2023/10/22,THE IDOLM@STER SHINY COLORS 5.5th Anniversary LIVE 星が見上げた空 DAY2,ビーチブレイバー,放課後クライマックスガールズ,河野ひより;白石晴香;永井真里子;丸岡和佳奈;涼本あきほ,ビヨンドザブルースカイ
16,2023/10/22,THE IDOLM@STER SHINY COLORS 5.5th Anniversary LIVE 星が見上げた空 DAY2,有彩色ユリイカ,アンティーカ,礒部花凜;菅沼千紗;八巻アンナ;希水しお;結名美月,ビヨンドザブルースカイ
17,2023/10/22,THE IDOLM@STER SHINY COLORS 5.5th Anniversary LIVE 星が見上げた空 DAY2,ラビリンス・レジスタンス,アンティーカ,礒部花凜;菅沼千紗;八巻アンナ;希水しお;結名美月,ビヨンドザブルースカイ
18,2023/10/22,THE IDOLM@STER SHINY COLORS 5.5th Anniversary LIVE 星が見上げた空 DAY2,くだらないや,コメティック,川口莉奈;三川華月;小澤麗那,コメティックノート
19,2023/10/22,THE IDOLM@STER SHINY COLORS 5.5th Anniversary LIVE 星が見上げた空 DAY2,ひめくりモザイク,放課後クライマックスガールズ,河野ひより;白石晴香;永井真里子;丸岡和佳奈;涼本あきほ,ビヨンドザブルースカイ
20,2023/10/22,THE IDOLM@STER SHINY COLORS 5.5th Anniversary LIVE 星が見上げた空 DAY2,アルストロメリア,アルストロメリア,黒木ほの香;前川涼子;芝崎典子,ビヨンドザブルースカイ
21,2023/10/22,THE IDOLM@STER SHINY COLORS 5.5th Anniversary LIVE 星が見上げた空 DAY2,グラデーション,アルストロメリア,黒木ほの香;前川涼子;芝崎典子,ビヨンドザブルースカイ
22,2023/10/22,THE IDOLM@STER SHINY COLORS 5.5th Anniversary LIVE 星が見上げた空 DAY2,夢咲きAfter school,放課後クライマックスガールズ,河野ひより;白石晴香;永井真里子;丸岡和佳奈;涼本あきほ,ビヨンドザブルースカイ
23,2023/10/22,THE IDOLM@STER SHINY COLORS 5.5th Anniversary LIVE 星が見上げた空 DAY2,バベルシティ・グレイス,アンティーカ,礒部花凜;菅沼千紗;八巻アンナ;希水しお;結名美月,ビヨンドザブルースカイ
24,2023/10/22,THE IDOLM@STER SHINY COLORS 5.5th Anniversary LIVE 星が見上げた空 DAY2,無自覚アプリオリ,コメティック,川口莉奈;三川華月;小澤麗那,コメティックノート
25,2023/10/22,THE IDOLM@STER SHINY COLORS 5.5th Anniversary LIVE 星が見上げた空 DAY2,ヒカリのdestination,イルミネーションスターズ,関根瞳;近藤玲奈;峯田茉優,ビヨンドザブルースカイ
26,2023/10/22,THE IDOLM@STER SHINY COLORS 5.5th Anniversary LIVE 星が見上げた空 DAY2,Spread the Wings!!,イルミネーションスターズ;アンティーカ;放課後クライマックスガールズ;アルストロメリア,関根瞳;近藤玲奈;峯田茉優;礒部花凜;菅沼千紗;八巻アンナ;希水しお;結名美月;河野ひより;白石晴香;永井真里子;丸岡和佳奈;涼本あきほ;黒木ほの香;前川涼子;芝崎典子,ビヨンドザブルースカイ
1,2023/12/08,異次元フェス開催記念音楽番組　MUSIC BIGBANG！,Wandering Dream Chaser,混合,黛冬優子;その他,ネオンライトロマンサー
2,2023/12/08,異次元フェス開催記念音楽番組　MUSIC BIGBANG！,異次元★♥BIGBANG,混合,黛冬優子;その他,ネオンライトロマンサー
1,2023/12/09,異次元フェス アイドルマスター★♥︎ラブライブ！歌合戦 DAY1,Spread the Wings!!(short),アンティーカ;アルストロメリア;ノクチル;シーズ,礒部花凜;菅沼千紗;八巻アンナ;希水しお;結名美月;黒木ほの香;前川涼子;芝崎典子;和久井優;土屋李央;田嶌紗蘭;岡咲美保;紫月杏朱彩;山根綺,ビヨンドザブルースカイ
2,2023/12/09,異次元フェス アイドルマスター★♥︎ラブライブ！歌合戦 DAY1,今しかない瞬間を,ノクチル,和久井優;土屋李央;田嶌紗蘭;岡咲美保,リップリングクリアマリン
3,2023/12/09,異次元フェス アイドルマスター★♥︎ラブライブ！歌合戦 DAY1,WE WILL!! (short),混合,田嶌紗蘭;その他,リップリングクリアマリン
4,2023/12/09,異次元フェス アイドルマスター★♥︎ラブライブ！歌合戦 DAY1,アルストロメリア,アルストロメリア,黒木ほの香;前川涼子;芝崎典子,ウィッシュフルリリー
5,2023/12/09,異次元フェス アイドルマスター★♥︎ラブライブ！歌合戦 DAY1,ラブ・ボナペティート(short),混合,芝崎典子;その他,ウィッシュフルリリー
6,2023/12/09,異次元フェス アイドルマスター★♥︎ラブライブ！歌合戦 DAY1,abyss of conflict,アンティーカ,礒部花凜;菅沼千紗;八巻アンナ;希水しお;結名美月,ルフォンドゥ・ラメール
7,2023/12/09,異次元フェス アイドルマスター★♥︎ラブライブ！歌合戦 DAY1,OH MY GOD,シーズ,紫月杏朱彩;山根綺,シルキージェムシリカ
8,2023/12/09,異次元フェス アイドルマスター★♥︎ラブライブ！歌合戦 DAY1,"Guilty Night, Guilty Kiss! (short)",混合,菅沼千紗;その他,ルフォンドゥ・ラメール
9,2023/12/09,異次元フェス アイドルマスター★♥︎ラブライブ！歌合戦 DAY1,Dye the sky.,混合,土屋李央;礒部花凜;紫月杏朱彩;その他,ビヨンドザブルースカイ
10,2023/12/09,異次元フェス アイドルマスター★♥︎ラブライブ！歌合戦 DAY1,MIRACLE NEW STORY,混合,岡咲美保;その他,ビヨンドザブルースカイ
11,2023/12/09,異次元フェス アイドルマスター★♥︎ラブライブ！歌合戦 DAY1,SESSION!,混合,黒木ほの香;前川涼子;その他,ビヨンドザブルースカイ
12,2023/12/09,異次元フェス アイドルマスター★♥︎ラブライブ！歌合戦 DAY1,アライブファクター,混合,山根綺;その他,シルキージェムシリカ
13,2023/12/09,異次元フェス アイドルマスター★♥︎ラブライブ！歌合戦 DAY1,Colorful Dreams! Colorful Smiles!,アンティーカ;アルストロメリア;ノクチル;シーズ;その他,礒部花凜;菅沼千紗;八巻アンナ;希水しお;結名美月;黒木ほの香;前川涼子;芝崎典子;和久井優;土屋李央;田嶌紗蘭;岡咲美保;紫月杏朱彩;山根綺;その他,ビヨンドザブルースカイ
14,2023/12/09,異次元フェス アイドルマスター★♥︎ラブライブ！歌合戦 DAY1,僕らは今のなかで,アンティーカ;アルストロメリア;ノクチル;シーズ;その他,礒部花凜;菅沼千紗;八巻アンナ;希水しお;結名美月;黒木ほの香;前川涼子;芝崎典子;和久井優;土屋李央;田嶌紗蘭;岡咲美保;紫月杏朱彩;山根綺;その他,ビヨンドザブルースカイ
15,2023/12/09,異次元フェス アイドルマスター★♥︎ラブライブ！歌合戦 DAY1,異次元★♥BIGBANG,全員,礒部花凜;菅沼千紗;八巻アンナ;希水しお;結名美月;黒木ほの香;前川涼子;芝崎典子;和久井優;土屋李央;田嶌紗蘭;岡咲美保;紫月杏朱彩;山根綺;その他,ビヨンドザブルースカイ
1,2023/12/10,異次元フェス アイドルマスター★♥︎ラブライブ！歌合戦 DAY2,シャイノグラフィ (short),イルミネーションスターズ;放課後クライマックスガールズ;ストレイライト;コメティック,関根瞳;近藤玲奈;峯田茉優;河野ひより;永井真里子;白石晴香;丸岡和佳奈;涼本あきほ;田中有紀;幸村恵理;北原沙弥香;川口莉奈;三川華月;小澤麗那,ビヨンドザブルースカイ
2,2023/12/10,異次元フェス アイドルマスター★♥︎ラブライブ！歌合戦 DAY2,学祭革命夜明け前,放課後クライマックスガールズ,河野ひより;白石晴香;永井真里子;丸岡和佳奈;涼本あきほ,ギャラクティックシリーズ
3,2023/12/10,異次元フェス アイドルマスター★♥︎ラブライブ！歌合戦 DAY2,Happy Funny Lucky,イルミネーションスターズ,関根瞳;近藤玲奈;峯田茉優,プラネテスシリーズ
4,2023/12/10,異次元フェス アイドルマスター★♥︎ラブライブ！歌合戦 DAY2,キャットスクワッド(short),混合,涼本あきほ;その他,ギャラクティックシリーズ
5,2023/12/10,異次元フェス アイドルマスター★♥︎ラブライブ！歌合戦 DAY2,MY舞☆TONIGHT(short),混合,丸岡和佳奈;その他,ギャラクティックシリーズ
6,2023/12/10,異次元フェス アイドルマスター★♥︎ラブライブ！歌合戦 DAY2,Wandering Dream Chaser,ストレイライト,田中有紀;幸村恵理;北原沙弥香,ネオンライトロマンサー
7,2023/12/10,異次元フェス アイドルマスター★♥︎ラブライブ！歌合戦 DAY2,無自覚アプリオリ,コメティック,川口莉奈;三川華月;小澤麗那,コメティックノート
8,2023/12/10,異次元フェス アイドルマスター★♥︎ラブライブ！歌合戦 DAY2,フォーチュンムービー,混合,田中有紀;河野ひより;その他,ビヨンドザブルースカイ
9,2023/12/10,異次元フェス アイドルマスター★♥︎ラブライブ！歌合戦 DAY2,Tracing Defender,混合,北原沙弥香;その他,ネオンライトロマンサー
10,2023/12/10,異次元フェス アイドルマスター★♥︎ラブライブ！歌合戦 DAY2,ハーモニクス,混合,川口莉奈;その他,コメティックノート
11,2023/12/10,異次元フェス アイドルマスター★♥︎ラブライブ！歌合戦 DAY2,繚乱！ビクトリーロード,混合,峯田茉優;幸村恵理;その他,「繚乱！ビクトリーロード」専用衣装
12,2023/12/10,異次元フェス アイドルマスター★♥︎ラブライブ！歌合戦 DAY2,Thank You!,イルミネーションスターズ;放課後クライマックスガールズ;ストレイライト;コメティック;その他,関根瞳;近藤玲奈;峯田茉優;河野ひより;永井真里子;白石晴香;丸岡和佳奈;涼本あきほ;田中有紀;幸村恵理;北原沙弥香;川口莉奈;三川華月;小澤麗那;その他,ビヨンドザブルースカイ
13,2023/12/10,異次元フェス アイドルマスター★♥︎ラブライブ！歌合戦 DAY2,Snow halation,イルミネーションスターズ;放課後クライマックスガールズ;ストレイライト;コメティック;その他,関根瞳;近藤玲奈;峯田茉優;河野ひより;永井真里子;白石晴香;丸岡和佳奈;涼本あきほ;田中有紀;幸村恵理;北原沙弥香;川口莉奈;三川華月;小澤麗那;その他,ビヨンドザブルースカイ
14,2023/12/10,異次元フェス アイドルマスター★♥︎ラブライブ！歌合戦 DAY2,異次元★♥BIGBANG,イルミネーションスターズ;放課後クライマックスガールズ;ストレイライト;コメティック;その他,関根瞳;近藤玲奈;峯田茉優;河野ひより;永井真里子;白石晴香;丸岡和佳奈;涼本あきほ;田中有紀;幸村恵理;北原沙弥香;川口莉奈;三川華月;小澤麗那;その他,ビヨンドザブルースカイ
1,2024/01/21,THE IDOLM@STER SHINY COLORS “CANVAS” 05〜08発売記念イベント 第一回,Imitation Ghost,ストレイライト,田中有紀;幸村恵理;北原沙弥香,トレーシングミュート
2,2024/01/21,THE IDOLM@STER SHINY COLORS “CANVAS” 05〜08発売記念イベント 第一回,BURN BURN,ストレイライト,田中有紀;幸村恵理;北原沙弥香,トレーシングミュート
3,2024/01/21,THE IDOLM@STER SHINY COLORS “CANVAS” 05〜08発売記念イベント 第一回,Start up Stand up,ストレイライト,田中有紀;幸村恵理;北原沙弥香,トレーシングミュート
4,2024/01/21,THE IDOLM@STER SHINY COLORS “CANVAS” 05〜08発売記念イベント 第一回,Reflection,ノクチル,和久井優;土屋李央;田嶌紗蘭;岡咲美保,セイルテイルブリーズ
5,2024/01/21,THE IDOLM@STER SHINY COLORS “CANVAS” 05〜08発売記念イベント 第一回,夢が夢じゃなくなるその日まで,ノクチル,和久井優;土屋李央;田嶌紗蘭;岡咲美保,セイルテイルブリーズ
6,2024/01/21,THE IDOLM@STER SHINY COLORS “CANVAS” 05〜08発売記念イベント 第一回,青とオレンジ,ノクチル,和久井優;土屋李央;田嶌紗蘭;岡咲美保,セイルテイルブリーズ
7,2024/01/21,THE IDOLM@STER SHINY COLORS “CANVAS” 05〜08発売記念イベント 第一回,Forbidden Paradise,シーズ,紫月杏朱彩;山根綺,シャンドゥ・ヴォーギン
8,2024/01/21,THE IDOLM@STER SHINY COLORS “CANVAS” 05〜08発売記念イベント 第一回,SWEETEST BITE,シーズ,紫月杏朱彩;山根綺,シャンドゥ・ヴォーギン
9,2024/01/21,THE IDOLM@STER SHINY COLORS “CANVAS” 05〜08発売記念イベント 第一回,White Story,シーズ,紫月杏朱彩;山根綺,シャンドゥ・ヴォーギン
10,2024/01/21,THE IDOLM@STER SHINY COLORS “CANVAS” 05〜08発売記念イベント 第一回,無自覚アプリオリ,コメティック,川口莉奈;三川華月;小澤麗那,コメティックノート
11,2024/01/21,THE IDOLM@STER SHINY COLORS “CANVAS” 05〜08発売記念イベント 第一回,くだらないや,コメティック,川口莉奈;三川華月;小澤麗那,コメティックノート
12,2024/01/21,THE IDOLM@STER SHINY COLORS “CANVAS” 05〜08発売記念イベント 第一回,平行線の美学,コメティック,川口莉奈;三川華月;小澤麗那,コメティックノート
1,2024/01/21,THE IDOLM@STER SHINY COLORS “CANVAS” 05〜08発売記念イベント 第二回,Imitation Ghost,ストレイライト,田中有紀;幸村恵理;北原沙弥香,トレーシングミュート
2,2024/01/21,THE IDOLM@STER SHINY COLORS “CANVAS” 05〜08発売記念イベント 第二回,BURN BURN,ストレイライト,田中有紀;幸村恵理;北原沙弥香,トレーシングミュート
3,2024/01/21,THE IDOLM@STER SHINY COLORS “CANVAS” 05〜08発売記念イベント 第二回,Start up Stand up,ストレイライト,田中有紀;幸村恵理;北原沙弥香,トレーシングミュート
4,2024/01/21,THE IDOLM@STER SHINY COLORS “CANVAS” 05〜08発売記念イベント 第二回,Reflection,ノクチル,和久井優;土屋李央;田嶌紗蘭;岡咲美保,セイルテイルブリーズ
5,2024/01/21,THE IDOLM@STER SHINY COLORS “CANVAS” 05〜08発売記念イベント 第二回,夢が夢じゃなくなるその日まで,ノクチル,和久井優;土屋李央;田嶌紗蘭;岡咲美保,セイルテイルブリーズ
6,2024/01/21,THE IDOLM@STER SHINY COLORS “CANVAS” 05〜08発売記念イベント 第二回,青とオレンジ,ノクチル,和久井優;土屋李央;田嶌紗蘭;岡咲美保,セイルテイルブリーズ
7,2024/01/21,THE IDOLM@STER SHINY COLORS “CANVAS” 05〜08発売記念イベント 第二回,Forbidden Paradise,シーズ,紫月杏朱彩;山根綺,シャンドゥ・ヴォーギン
8,2024/01/21,THE IDOLM@STER SHINY COLORS “CANVAS” 05〜08発売記念イベント 第二回,SWEETEST BITE,シーズ,紫月杏朱彩;山根綺,シャンドゥ・ヴォーギン
9,2024/01/21,THE IDOLM@STER SHINY COLORS “CANVAS” 05〜08発売記念イベント 第二回,White Story,シーズ,紫月杏朱彩;山根綺,シャンドゥ・ヴォーギン
10,2024/01/21,THE IDOLM@STER SHINY COLORS “CANVAS” 05〜08発売記念イベント 第二回,無自覚アプリオリ,コメティック,川口莉奈;三川華月;小澤麗那,コメティックノート
11,2024/01/21,THE IDOLM@STER SHINY COLORS “CANVAS” 05〜08発売記念イベント 第二回,くだらないや,コメティック,川口莉奈;三川華月;小澤麗那,コメティックノート
12,2024/01/21,THE IDOLM@STER SHINY COLORS “CANVAS” 05〜08発売記念イベント 第二回,平行線の美学,コメティック,川口莉奈;三川華月;小澤麗那,コメティックノート
1,2024/01/27,リスアニ！LIVE 2024 SATURDAY STAGE,PRISISM,イルミネーションスターズ,近藤玲奈;峯田茉優,ファンテジィソナーレ
2,2024/01/27,リスアニ！LIVE 2024 SATURDAY STAGE,Twinkle way,イルミネーションスターズ,近藤玲奈;峯田茉優,ファンテジィソナーレ
3,2024/01/27,リスアニ！LIVE 2024 SATURDAY STAGE,くだらないや,コメティック,川口莉奈;三川華月;小澤麗那,コメティックノート
4,2024/01/27,リスアニ！LIVE 2024 SATURDAY STAGE,平行線の美学,コメティック,川口莉奈;三川華月;小澤麗那,コメティックノート
5,2024/01/27,リスアニ！LIVE 2024 SATURDAY STAGE,BRIGHTEST WHITE,イルミネーションスターズ,近藤玲奈;峯田茉優,ファンテジィソナーレ
6,2024/01/27,リスアニ！LIVE 2024 SATURDAY STAGE,無自覚アプリオリ,コメティック,川口莉奈;三川華月;小澤麗那,コメティックノート
1,2024/01/28,リスアニ！LIVE 2024 SUNDAY STAGE,五ツ座流星群,放課後クライマックスガールズ,河野ひより;永井真里子;白石晴香;丸岡和佳奈;涼本あきほ,C.キャッツユニフォーム
2,2024/01/28,リスアニ！LIVE 2024 SUNDAY STAGE,ビーチブレイバー,放課後クライマックスガールズ,河野ひより;永井真里子;白石晴香;丸岡和佳奈;涼本あきほ,C.キャッツユニフォーム
3,2024/01/28,リスアニ！LIVE 2024 SUNDAY STAGE,Tracing Defender,ストレイライト,田中有紀;幸村恵理;北原沙弥香,トレーシングミュート
4,2024/01/28,リスアニ！LIVE 2024 SUNDAY STAGE,Start up Stand up,ストレイライト,田中有紀;幸村恵理;北原沙弥香,トレーシングミュート
5,2024/01/28,リスアニ！LIVE 2024 SUNDAY STAGE,太陽キッス,放課後クライマックスガールズ,河野ひより;永井真里子;白石晴香;丸岡和佳奈;涼本あきほ,C.キャッツユニフォーム
6,2024/01/28,リスアニ！LIVE 2024 SUNDAY STAGE,Timeless Shooting Star,ストレイライト,田中有紀;幸村恵理;北原沙弥香,トレーシングミュート
1,2024/03/02,THE IDOLM@STER SHINY COLORS 6thLIVE TOUR Come and Unite! Brilliant Blooms DAY1,Spread the Wings!! (Come and Unite! Ver.),全員,関根瞳;峯田茉優;礒部花凜;菅沼千紗;八巻アンナ;希水しお;結名美月;河野ひより;永井真里子;丸岡和佳奈;涼本あきほ;黒木ほの香;前川涼子;芝崎典子;幸村恵理;北原沙弥香;和久井優;土屋李央;田嶌紗蘭;岡咲美保;紫月杏朱彩;山根綺;川口莉奈;三川華月;小澤麗那,ワンツーマーチングパレード;アンカードルモンクーペ;ドンシャンマツリバヤシ;ウーリーメイラースクレ;スケルトンオーヴァドライブ;クリアベルトサーフェス;フォービドゥンシンシアリ;コメティックノート
2,2024/03/02,THE IDOLM@STER SHINY COLORS 6thLIVE TOUR Come and Unite! Brilliant Blooms DAY1,Forward March！！！,イルミネーションスターズ,関根瞳;峯田茉優,ワンツーマーチングパレード
3,2024/03/02,THE IDOLM@STER SHINY COLORS 6thLIVE TOUR Come and Unite! Brilliant Blooms DAY1,Bloomy!,アルストロメリア,黒木ほの香;前川涼子;芝崎典子,ウーリーメイラースクレ
4,2024/03/02,THE IDOLM@STER SHINY COLORS 6thLIVE TOUR Come and Unite! Brilliant Blooms DAY1,ハナサカサイサイ,放課後クライマックスガールズ,河野ひより;永井真里子;丸岡和佳奈;涼本あきほ,ドンシャンマツリバヤシ
5,2024/03/02,THE IDOLM@STER SHINY COLORS 6thLIVE TOUR Come and Unite! Brilliant Blooms DAY1,革命進化論,アンティーカ,礒部花凜;菅沼千紗;八巻アンナ;希水しお;結名美月,アンカードルモンクーペ
6,2024/03/02,THE IDOLM@STER SHINY COLORS 6thLIVE TOUR Come and Unite! Brilliant Blooms DAY1,無自覚アプリオリ,コメティック,川口莉奈;三川華月;小澤麗那,コメティックノート
7,2024/03/02,THE IDOLM@STER SHINY COLORS 6thLIVE TOUR Come and Unite! Brilliant Blooms DAY1,BURN BURN,ストレイライト,幸村恵理;北原沙弥香,スケルトンオーヴァドライブ
8,2024/03/02,THE IDOLM@STER SHINY COLORS 6thLIVE TOUR Come and Unite! Brilliant Blooms DAY1,Forbidden Paradise,シーズ,紫月杏朱彩;山根綺,フォービドゥンシンシアリ
9,2024/03/02,THE IDOLM@STER SHINY COLORS 6thLIVE TOUR Come and Unite! Brilliant Blooms DAY1,Reflection,ノクチル,和久井優;土屋李央;田嶌紗蘭;岡咲美保,クリアベルトサーフェス
10,2024/03/02,THE IDOLM@STER SHINY COLORS 6thLIVE TOUR Come and Unite! Brilliant Blooms DAY1,We can go now!,Team.Stella,関根瞳;礒部花凜;河野ひより;黒木ほの香;土屋李央;山根綺;三川華月,ワンツーマーチングパレード;アンカードルモンクーペ;ドンシャンマツリバヤシ;ウーリーメイラースクレ;クリアベルトサーフェス;フォービドゥンシンシアリ;コメティックノート
11,2024/03/02,THE IDOLM@STER SHINY COLORS 6thLIVE TOUR Come and Unite! Brilliant Blooms DAY1,SOLAR WAY,Team.Luna,菅沼千紗;希水しお;結名美月;丸岡和佳奈;前川涼子;北原沙弥香;田嶌紗蘭;川口莉奈,ワンツーマーチングパレード;アンカードルモンクーペ;ドンシャンマツリバヤシ;ウーリーメイラースクレ;スケルトンオーヴァドライブ;クリアベルトサーフェス;フォービドゥンシンシアリ;コメティックノート
12,2024/03/02,THE IDOLM@STER SHINY COLORS 6thLIVE TOUR Come and Unite! Brilliant Blooms DAY1,相合学舎,Team.Sol,峯田茉優;八巻アンナ;永井真里子;涼本あきほ;芝崎典子;幸村恵理;和久井優;岡咲美保;紫月杏朱彩;小澤麗那,ワンツーマーチングパレード;アンカードルモンクーペ;ドンシャンマツリバヤシ;ウーリーメイラースクレ;スケルトンオーヴァドライブ;クリアベルトサーフェス;フォービドゥンシンシアリ;コメティックノート
13,2024/03/02,THE IDOLM@STER SHINY COLORS 6thLIVE TOUR Come and Unite! Brilliant Blooms DAY1,キャットスクワッド(short),混合,幸村恵理;土屋李央;紫月杏朱彩,スケルトンオーヴァドライブ;クリアベルトサーフェス;フォービドゥンシンシアリ
14,2024/03/02,THE IDOLM@STER SHINY COLORS 6thLIVE TOUR Come and Unite! Brilliant Blooms DAY1,チョコデート・サンデー(short),混合,礒部花凜;三川華月,アンカードルモンクーペ;コメティックノート
15,2024/03/02,THE IDOLM@STER SHINY COLORS 6thLIVE TOUR Come and Unite! Brilliant Blooms DAY1,Twinkle way(short),コメティック,川口莉奈;三川華月;小澤麗那,コメティックノート
16,2024/03/02,THE IDOLM@STER SHINY COLORS 6thLIVE TOUR Come and Unite! Brilliant Blooms DAY1,ホムラインビテーション,ストレイライト;シーズ,幸村恵理;北原沙弥香;紫月杏朱彩;山根綺,スケルトンオーヴァドライブ;フォービドゥンシンシアリ
17,2024/03/02,THE IDOLM@STER SHINY COLORS 6thLIVE TOUR Come and Unite! Brilliant Blooms DAY1,拝啓タイムカプセル(short),混合,黒木ほの香;前川涼子;田嶌紗蘭;岡咲美保,ウーリーメイラースクレ;クリアベルトサーフェス
18,2024/03/02,THE IDOLM@STER SHINY COLORS 6thLIVE TOUR Come and Unite! Brilliant Blooms DAY1,Damascus Cocktail(short),混合,涼本あきほ;芝崎典子;山根綺;川口莉奈,ドンシャンマツリバヤシ;ウーリーメイラースクレ;フォービドゥンシンシアリ;コメティックノート
19,2024/03/02,THE IDOLM@STER SHINY COLORS 6thLIVE TOUR Come and Unite! Brilliant Blooms DAY1,神様は死んだ、って(short),アンティーカ,礒部花凜;菅沼千紗;八巻アンナ;希水しお;結名美月,アンカードルモンクーペ
20,2024/03/02,THE IDOLM@STER SHINY COLORS 6thLIVE TOUR Come and Unite! Brilliant Blooms DAY1,青空,ノクチル,和久井優;土屋李央;田嶌紗蘭;岡咲美保,クリアベルトサーフェス
21,2024/03/02,THE IDOLM@STER SHINY COLORS 6thLIVE TOUR Come and Unite! Brilliant Blooms DAY1,明日もBeautiful Day,アルストロメリア,黒木ほの香;前川涼子;芝崎典子,ウーリーメイラースクレ
22,2024/03/02,THE IDOLM@STER SHINY COLORS 6thLIVE TOUR Come and Unite! Brilliant Blooms DAY1,全力アンサー,放課後クライマックスガールズ,河野ひより;永井真里子;丸岡和佳奈;涼本あきほ,ドンシャンマツリバヤシ
23,2024/03/02,THE IDOLM@STER SHINY COLORS 6thLIVE TOUR Come and Unite! Brilliant Blooms DAY1,Destined Rival,ストレイライト,幸村恵理;北原沙弥香,スケルトンオーヴァドライブ
24,2024/03/02,THE IDOLM@STER SHINY COLORS 6thLIVE TOUR Come and Unite! Brilliant Blooms DAY1,Fashionable,シーズ,紫月杏朱彩;山根綺,フォービドゥンシンシアリ
25,2024/03/02,THE IDOLM@STER SHINY COLORS 6thLIVE TOUR Come and Unite! Brilliant Blooms DAY1,有彩色ユリイカ,アンティーカ,礒部花凜;菅沼千紗;八巻アンナ;希水しお;結名美月,アンカードルモンクーペ
26,2024/03/02,THE IDOLM@STER SHINY COLORS 6thLIVE TOUR Come and Unite! Brilliant Blooms DAY1,グラデーション,アルストロメリア,黒木ほの香;前川涼子;芝崎典子,ウーリーメイラースクレ
27,2024/03/02,THE IDOLM@STER SHINY COLORS 6thLIVE TOUR Come and Unite! Brilliant Blooms DAY1,星が流れて,イルミネーションスターズ,関根瞳;峯田茉優,ワンツーマーチングパレード
28,2024/03/02,THE IDOLM@STER SHINY COLORS 6thLIVE TOUR Come and Unite! Brilliant Blooms DAY1,アスファルトを鳴らして,ノクチル,和久井優;土屋李央;田嶌紗蘭;岡咲美保,クリアベルトサーフェス
29,2024/03/02,THE IDOLM@STER SHINY COLORS 6thLIVE TOUR Come and Unite! Brilliant Blooms DAY1,平行線の美学,コメティック,川口莉奈;三川華月;小澤麗那,コメティックノート
30,2024/03/02,THE IDOLM@STER SHINY COLORS 6thLIVE TOUR Come and Unite! Brilliant Blooms DAY1,ツバサグラビティ,イルミネーションスターズ;アンティーカ;放課後クライマックスガールズ;アルストロメリア,関根瞳;峯田茉優;礒部花凜;菅沼千紗;八巻アンナ;希水しお;結名美月;河野ひより;永井真里子;丸岡和佳奈;涼本あきほ;黒木ほの香;前川涼子;芝崎典子,スパークルイルミネーション;シンフォニックスチーム;ブレイブヒーロージャージ;ウィッシュフルリリー
31,2024/03/02,THE IDOLM@STER SHINY COLORS 6thLIVE TOUR Come and Unite! Brilliant Blooms DAY1,太陽キッス,全員,関根瞳;峯田茉優;礒部花凜;菅沼千紗;八巻アンナ;希水しお;結名美月;河野ひより;永井真里子;丸岡和佳奈;涼本あきほ;黒木ほの香;前川涼子;芝崎典子;幸村恵理;北原沙弥香;和久井優;土屋李央;田嶌紗蘭;岡咲美保;紫月杏朱彩;山根綺;川口莉奈;三川華月;小澤麗那,ライブT(アレンジver.)
32,2024/03/02,THE IDOLM@STER SHINY COLORS 6thLIVE TOUR Come and Unite! Brilliant Blooms DAY1,虹になれ,全員,関根瞳;峯田茉優;礒部花凜;菅沼千紗;八巻アンナ;希水しお;結名美月;河野ひより;永井真里子;丸岡和佳奈;涼本あきほ;黒木ほの香;前川涼子;芝崎典子;幸村恵理;北原沙弥香;和久井優;土屋李央;田嶌紗蘭;岡咲美保;紫月杏朱彩;山根綺;川口莉奈;三川華月;小澤麗那,ライブT(アレンジver.)
33,2024/03/02,THE IDOLM@STER SHINY COLORS 6thLIVE TOUR Come and Unite! Brilliant Blooms DAY1,Let's get a chance (Come and Unite! Ver.),全員,関根瞳;峯田茉優;礒部花凜;菅沼千紗;八巻アンナ;希水しお;結名美月;河野ひより;永井真里子;丸岡和佳奈;涼本あきほ;黒木ほの香;前川涼子;芝崎典子;幸村恵理;北原沙弥香;和久井優;土屋李央;田嶌紗蘭;岡咲美保;紫月杏朱彩;山根綺;川口莉奈;三川華月;小澤麗那,ライブT(アレンジver.)
1,2024/03/03,THE IDOLM@STER SHINY COLORS 6thLIVE TOUR Come and Unite! Brilliant Blooms DAY2,Spread the Wings!! (Come and Unite! Ver.),全員,関根瞳;峯田茉優;礒部花凜;菅沼千紗;八巻アンナ;希水しお;結名美月;河野ひより;白石晴香;永井真里子;丸岡和佳奈;涼本あきほ;黒木ほの香;前川涼子;芝崎典子;田中有紀;幸村恵理;北原沙弥香;和久井優;土屋李央;田嶌紗蘭;岡咲美保;紫月杏朱彩;山根綺;川口莉奈;三川華月;小澤麗那,ワンツーマーチングパレード;アンカードルモンクーペ;ドンシャンマツリバヤシ;ウーリーメイラースクレ;スケルトンオーヴァドライブ;クリアベルトサーフェス;フォービドゥンシンシアリ;コメティックノート
2,2024/03/03,THE IDOLM@STER SHINY COLORS 6thLIVE TOUR Come and Unite! Brilliant Blooms DAY2,クライマックスアイランド,放課後クライマックスガールズ,河野ひより;白石晴香;永井真里子;丸岡和佳奈;涼本あきほ,ドンシャンマツリバヤシ
3,2024/03/03,THE IDOLM@STER SHINY COLORS 6thLIVE TOUR Come and Unite! Brilliant Blooms DAY2,SWEETEST BITE,シーズ,紫月杏朱彩;山根綺,フォービドゥンシンシアリ
4,2024/03/03,THE IDOLM@STER SHINY COLORS 6thLIVE TOUR Come and Unite! Brilliant Blooms DAY2,Love Letter,アルストロメリア,黒木ほの香;前川涼子;芝崎典子,ウーリーメイラースクレ
5,2024/03/03,THE IDOLM@STER SHINY COLORS 6thLIVE TOUR Come and Unite! Brilliant Blooms DAY2,Imitation Ghost,ストレイライト,田中有紀;幸村恵理;北原沙弥香,スケルトンオーヴァドライブ
6,2024/03/03,THE IDOLM@STER SHINY COLORS 6thLIVE TOUR Come and Unite! Brilliant Blooms DAY2,BRIGHTEST WHITE,イルミネーションスターズ,関根瞳;峯田茉優,ワンツーマーチングパレード
7,2024/03/03,THE IDOLM@STER SHINY COLORS 6thLIVE TOUR Come and Unite! Brilliant Blooms DAY2,夢が夢じゃなくなるその日まで,ノクチル,和久井優;土屋李央;田嶌紗蘭;岡咲美保,クリアベルトサーフェス
8,2024/03/03,THE IDOLM@STER SHINY COLORS 6thLIVE TOUR Come and Unite! Brilliant Blooms DAY2,くだらないや,コメティック,川口莉奈;三川華月;小澤麗那,コメティックノート
9,2024/03/03,THE IDOLM@STER SHINY COLORS 6thLIVE TOUR Come and Unite! Brilliant Blooms DAY2,Unsung Heroes,アンティーカ,礒部花凜;菅沼千紗;八巻アンナ;希水しお;結名美月,アンカードルモンクーペ
10,2024/03/03,THE IDOLM@STER SHINY COLORS 6thLIVE TOUR Come and Unite! Brilliant Blooms DAY2,We can go now!,Team.Stella,関根瞳;礒部花凜;河野ひより;白石晴香;黒木ほの香;田中有紀;土屋李央;山根綺;三川華月,ワンツーマーチングパレード;アンカードルモンクーペ;ドンシャンマツリバヤシ;ウーリーメイラースクレ;スケルトンオーヴァドライブ;クリアベルトサーフェス;フォービドゥンシンシアリ;コメティックノート
11,2024/03/03,THE IDOLM@STER SHINY COLORS 6thLIVE TOUR Come and Unite! Brilliant Blooms DAY2,SOLAR WAY,Team.Luna,菅沼千紗;希水しお;結名美月;丸岡和佳奈;前川涼子;北原沙弥香;田嶌紗蘭;川口莉奈,ワンツーマーチングパレード;アンカードルモンクーペ;ドンシャンマツリバヤシ;ウーリーメイラースクレ;スケルトンオーヴァドライブ;クリアベルトサーフェス;フォービドゥンシンシアリ;コメティックノート
12,2024/03/03,THE IDOLM@STER SHINY COLORS 6thLIVE TOUR Come and Unite! Brilliant Blooms DAY2,相合学舎,Team.Sol,峯田茉優;八巻アンナ;永井真里子;涼本あきほ;芝崎典子;幸村恵理;和久井優;岡咲美保;紫月杏朱彩;小澤麗那,ワンツーマーチングパレード;アンカードルモンクーペ;ドンシャンマツリバヤシ;ウーリーメイラースクレ;スケルトンオーヴァドライブ;クリアベルトサーフェス;フォービドゥンシンシアリ;コメティックノート
13,2024/03/03,THE IDOLM@STER SHINY COLORS 6thLIVE TOUR Come and Unite! Brilliant Blooms DAY2,千夜アリア(short),混合,八巻アンナ;永井真里子;北原沙弥香;和久井優,アンカードルモンクーペ;ドンシャンマツリバヤシ;スケルトンオーヴァドライブ;クリアベルトサーフェス
14,2024/03/03,THE IDOLM@STER SHINY COLORS 6thLIVE TOUR Come and Unite! Brilliant Blooms DAY2,SNOW FLAKES MEMORIES(short),混合,河野ひより;田中有紀,ドンシャンマツリバヤシ;スケルトンオーヴァドライブ
15,2024/03/03,THE IDOLM@STER SHINY COLORS 6thLIVE TOUR Come and Unite! Brilliant Blooms DAY2,SWEET♡STEP(short),混合,関根瞳;峯田茉優;菅沼千紗;希水しお;結名美月,ワンツーマーチングパレード;アンカードルモンクーペ
16,2024/03/03,THE IDOLM@STER SHINY COLORS 6thLIVE TOUR Come and Unite! Brilliant Blooms DAY2,ホムラインビテーション,ストレイライト;シーズ,田中有紀;幸村恵理;北原沙弥香;紫月杏朱彩;山根綺,スケルトンオーヴァドライブ;フォービドゥンシンシアリ
17,2024/03/03,THE IDOLM@STER SHINY COLORS 6thLIVE TOUR Come and Unite! Brilliant Blooms DAY2,abyss of conflict(short),ノクチル,和久井優;土屋李央;田嶌紗蘭;岡咲美保,クリアベルトサーフェス
18,2024/03/03,THE IDOLM@STER SHINY COLORS 6thLIVE TOUR Come and Unite! Brilliant Blooms DAY2,VERY BERRY LOVE(short),混合,白石晴香;丸岡和佳奈;小澤麗那,ドンシャンマツリバヤシ;コメティックノート
19,2024/03/03,THE IDOLM@STER SHINY COLORS 6thLIVE TOUR Come and Unite! Brilliant Blooms DAY2,今しかない瞬間を(short),ストレイライト,田中有紀;幸村恵理;北原沙弥香,スケルトンオーヴァドライブ
20,2024/03/03,THE IDOLM@STER SHINY COLORS 6thLIVE TOUR Come and Unite! Brilliant Blooms DAY2,ハナムケのハナタバ,コメティック,川口莉奈;三川華月;小澤麗那,コメティックノート
21,2024/03/03,THE IDOLM@STER SHINY COLORS 6thLIVE TOUR Come and Unite! Brilliant Blooms DAY2,裸足じゃイラレナイ,放課後クライマックスガールズ,河野ひより;白石晴香;永井真里子;丸岡和佳奈;涼本あきほ,ドンシャンマツリバヤシ
22,2024/03/03,THE IDOLM@STER SHINY COLORS 6thLIVE TOUR Come and Unite! Brilliant Blooms DAY2,とある英雄たちの物語,アンティーカ,礒部花凜;菅沼千紗;八巻アンナ;希水しお;結名美月,アンカードルモンクーペ
23,2024/03/03,THE IDOLM@STER SHINY COLORS 6thLIVE TOUR Come and Unite! Brilliant Blooms DAY2,無自覚アプリオリ,コメティック,川口莉奈;三川華月;小澤麗那,コメティックノート
24,2024/03/03,THE IDOLM@STER SHINY COLORS 6thLIVE TOUR Come and Unite! Brilliant Blooms DAY2,Start up Stand up,ストレイライト,田中有紀;幸村恵理;北原沙弥香,スケルトンオーヴァドライブ
25,2024/03/03,THE IDOLM@STER SHINY COLORS 6thLIVE TOUR Come and Unite! Brilliant Blooms DAY2,メッセージ,アルストロメリア,黒木ほの香;前川涼子;芝崎典子,ウーリーメイラースクレ
26,2024/03/03,THE IDOLM@STER SHINY COLORS 6thLIVE TOUR Come and Unite! Brilliant Blooms DAY2,スマイルシンフォニア,イルミネーションスターズ,関根瞳;峯田茉優,ワンツーマーチングパレード
27,2024/03/03,THE IDOLM@STER SHINY COLORS 6thLIVE TOUR Come and Unite! Brilliant Blooms DAY2,ひめくりモザイク,放課後クライマックスガールズ,河野ひより;白石晴香;永井真里子;丸岡和佳奈;涼本あきほ,ドンシャンマツリバヤシ
28,2024/03/03,THE IDOLM@STER SHINY COLORS 6thLIVE TOUR Come and Unite! Brilliant Blooms DAY2,青とオレンジ,ノクチル,和久井優;土屋李央;田嶌紗蘭;岡咲美保,クリアベルトサーフェス
29,2024/03/03,THE IDOLM@STER SHINY COLORS 6thLIVE TOUR Come and Unite! Brilliant Blooms DAY2,White Story,シーズ,紫月杏朱彩;山根綺,フォービドゥンシンシアリ
30,2024/03/03,THE IDOLM@STER SHINY COLORS 6thLIVE TOUR Come and Unite! Brilliant Blooms DAY2,ツバサグラビティ,イルミネーションスターズ;アンティーカ;放課後クライマックスガールズ;アルストロメリア,関根瞳;峯田茉優;礒部花凜;菅沼千紗;八巻アンナ;希水しお;結名美月;河野ひより;白石晴香;永井真里子;丸岡和佳奈;涼本あきほ;黒木ほの香;前川涼子;芝崎典子,スパークルイルミネーション;シンフォニックスチーム;ブレイブヒーロージャージ;ウィッシュフルリリー
31,2024/03/03,THE IDOLM@STER SHINY COLORS 6thLIVE TOUR Come and Unite! Brilliant Blooms DAY2,太陽キッス,全員,関根瞳;峯田茉優;礒部花凜;菅沼千紗;八巻アンナ;希水しお;結名美月;河野ひより;白石晴香;永井真里子;丸岡和佳奈;涼本あきほ;黒木ほの香;前川涼子;芝崎典子;田中有紀;幸村恵理;北原沙弥香;和久井優;土屋李央;田嶌紗蘭;岡咲美保;紫月杏朱彩;山根綺;川口莉奈;三川華月;小澤麗那,ライブT(アレンジver.)
32,2024/03/03,THE IDOLM@STER SHINY COLORS 6thLIVE TOUR Come and Unite! Brilliant Blooms DAY2,Bloomy!,全員,関根瞳;峯田茉優;礒部花凜;菅沼千紗;八巻アンナ;希水しお;結名美月;河野ひより;白石晴香;永井真里子;丸岡和佳奈;涼本あきほ;黒木ほの香;前川涼子;芝崎典子;田中有紀;幸村恵理;北原沙弥香;和久井優;土屋李央;田嶌紗蘭;岡咲美保;紫月杏朱彩;山根綺;川口莉奈;三川華月;小澤麗那,ライブT(アレンジver.)
33,2024/03/03,THE IDOLM@STER SHINY COLORS 6thLIVE TOUR Come and Unite! Brilliant Blooms DAY2,Let's get a chance (Come and Unite! Ver.),全員,関根瞳;峯田茉優;礒部花凜;菅沼千紗;八巻アンナ;希水しお;結名美月;河野ひより;白石晴香;永井真里子;丸岡和佳奈;涼本あきほ;黒木ほの香;前川涼子;芝崎典子;田中有紀;幸村恵理;北原沙弥香;和久井優;土屋李央;田嶌紗蘭;岡咲美保;紫月杏朱彩;山根綺;川口莉奈;三川華月;小澤麗那,ライブT(アレンジver.)
1,2024/04/20,THE IDOLM@STER SHINY COLORS 6thLIVE TOUR Come and Unite! Fantastic Fireworks DAY1,Spread the Wings!! (Come and Unite! Ver.),全員,関根瞳;峯田茉優;菅沼千紗;八巻アンナ;希水しお;結名美月;河野ひより;永井真里子;丸岡和佳奈;涼本あきほ;黒木ほの香;前川涼子;芝崎典子;田中有紀;幸村恵理;北原沙弥香;和久井優;土屋李央;田嶌紗蘭;岡咲美保;紫月杏朱彩;山根綺;川口莉奈;三川華月;小澤麗那,ワンツーマーチングパレード;アンカードルモンクーペ;ドンシャンマツリバヤシ;ウーリーメイラースクレ;スケルトンオーヴァドライブ;クリアベルトサーフェス;フォービドゥンシンシアリ;コメティックノート
2,2024/04/20,THE IDOLM@STER SHINY COLORS 6thLIVE TOUR Come and Unite! Fantastic Fireworks DAY1,Forward March！！！,イルミネーションスターズ,関根瞳;峯田茉優,ワンツーマーチングパレード
3,2024/04/20,THE IDOLM@STER SHINY COLORS 6thLIVE TOUR Come and Unite! Fantastic Fireworks DAY1,ハピリリ,アルストロメリア,黒木ほの香;前川涼子;芝崎典子,ウーリーメイラースクレ
4,2024/04/20,THE IDOLM@STER SHINY COLORS 6thLIVE TOUR Come and Unite! Fantastic Fireworks DAY1,五ツ座流星群,放課後クライマックスガールズ,河野ひより;永井真里子;丸岡和佳奈;涼本あきほ,ドンシャンマツリバヤシ
5,2024/04/20,THE IDOLM@STER SHINY COLORS 6thLIVE TOUR Come and Unite! Fantastic Fireworks DAY1,Forbidden Paradise,シーズ,紫月杏朱彩;山根綺,フォービドゥンシンシアリ
6,2024/04/20,THE IDOLM@STER SHINY COLORS 6thLIVE TOUR Come and Unite! Fantastic Fireworks DAY1,Reflection,ノクチル,和久井優;土屋李央;田嶌紗蘭;岡咲美保,クリアベルトサーフェス
7,2024/04/20,THE IDOLM@STER SHINY COLORS 6thLIVE TOUR Come and Unite! Fantastic Fireworks DAY1,平行線の美学,コメティック,川口莉奈;三川華月;小澤麗那,コメティックノート
8,2024/04/20,THE IDOLM@STER SHINY COLORS 6thLIVE TOUR Come and Unite! Fantastic Fireworks DAY1,とある英雄たちの物語,アンティーカ,菅沼千紗;八巻アンナ;希水しお;結名美月,アンカードルモンクーペ
9,2024/04/20,THE IDOLM@STER SHINY COLORS 6thLIVE TOUR Come and Unite! Fantastic Fireworks DAY1,Imitation Ghost,ストレイライト,田中有紀;幸村恵理;北原沙弥香,スケルトンオーヴァドライブ
10,2024/04/20,THE IDOLM@STER SHINY COLORS 6thLIVE TOUR Come and Unite! Fantastic Fireworks DAY1,Hide & Attack,Team.Sol,峯田茉優;八巻アンナ;永井真里子;涼本あきほ;芝崎典子;幸村恵理;和久井優;岡咲美保;紫月杏朱彩;小澤麗那,ワンツーマーチングパレード;アンカードルモンクーペ;ドンシャンマツリバヤシ;ウーリーメイラースクレ;スケルトンオーヴァドライブ;クリアベルトサーフェス;フォービドゥンシンシアリ;コメティックノート
11,2024/04/20,THE IDOLM@STER SHINY COLORS 6thLIVE TOUR Come and Unite! Fantastic Fireworks DAY1,Fashionable,Team.Stella,関根瞳;河野ひより;黒木ほの香;田中有紀;土屋李央;山根綺;三川華月,ワンツーマーチングパレード;ドンシャンマツリバヤシ;ウーリーメイラースクレ;スケルトンオーヴァドライブ;クリアベルトサーフェス;フォービドゥンシンシアリ;コメティックノート
12,2024/04/20,THE IDOLM@STER SHINY COLORS 6thLIVE TOUR Come and Unite! Fantastic Fireworks DAY1,Dye the sky.,Team.Luna,菅沼千紗;希水しお;結名美月;丸岡和佳奈;前川涼子;北原沙弥香;田嶌紗蘭;川口莉奈,ワンツーマーチングパレード;アンカードルモンクーペ;ドンシャンマツリバヤシ;ウーリーメイラースクレ;スケルトンオーヴァドライブ;クリアベルトサーフェス;フォービドゥンシンシアリ;コメティックノート
13,2024/04/20,THE IDOLM@STER SHINY COLORS 6thLIVE TOUR Come and Unite! Fantastic Fireworks DAY1,ラビリンス・レジスタンス(short),ソロ,川口莉奈,コメティックノート
14,2024/04/20,THE IDOLM@STER SHINY COLORS 6thLIVE TOUR Come and Unite! Fantastic Fireworks DAY1,デビ太郎のうた(short),アルストロメリア,黒木ほの香;前川涼子;芝崎典子,ウーリーメイラースクレ
15,2024/04/20,THE IDOLM@STER SHINY COLORS 6thLIVE TOUR Come and Unite! Fantastic Fireworks DAY1,星をめざして(short),イルミネーションスターズ,関根瞳;峯田茉優,ワンツーマーチングパレード
16,2024/04/20,THE IDOLM@STER SHINY COLORS 6thLIVE TOUR Come and Unite! Fantastic Fireworks DAY1,一閃は君が導く(short),混合,涼本あきほ;紫月杏朱彩,ドンシャンマツリバヤシ;フォービドゥンシンシアリ
17,2024/04/20,THE IDOLM@STER SHINY COLORS 6thLIVE TOUR Come and Unite! Fantastic Fireworks DAY1,ダブル・イフェクト(short),混合,土屋李央;山根綺,クリアベルトサーフェス;フォービドゥンシンシアリ
18,2024/04/20,THE IDOLM@STER SHINY COLORS 6thLIVE TOUR Come and Unite! Fantastic Fireworks DAY1,フェアリー・ガール(short),混合,関根瞳;結名美月;前川涼子,ワンツーマーチングパレード;アンカードルモンクーペ;ウーリーメイラースクレ
19,2024/04/20,THE IDOLM@STER SHINY COLORS 6thLIVE TOUR Come and Unite! Fantastic Fireworks DAY1,輝きにかわる,混合,黒木ほの香;岡咲美保;菅沼千紗,アンカードルモンクーペ;ウーリーメイラースクレ;クリアベルトサーフェス
20,2024/04/20,THE IDOLM@STER SHINY COLORS 6thLIVE TOUR Come and Unite! Fantastic Fireworks DAY1,ONE STAR,混合,河野ひより;幸村恵理;北原沙弥香,ドンシャンマツリバヤシ;スケルトンオーヴァドライブ
21,2024/04/20,THE IDOLM@STER SHINY COLORS 6thLIVE TOUR Come and Unite! Fantastic Fireworks DAY1,GOTCHA,混合,田中有紀;峯田茉優;永井真里子,ワンツーマーチングパレード;ドンシャンマツリバヤシ;スケルトンオーヴァドライブ
22,2024/04/20,THE IDOLM@STER SHINY COLORS 6thLIVE TOUR Come and Unite! Fantastic Fireworks DAY1,無自覚アプリオリ,コメティック,川口莉奈;三川華月;小澤麗那,リフレジェントプルマージュ
23,2024/04/20,THE IDOLM@STER SHINY COLORS 6thLIVE TOUR Come and Unite! Fantastic Fireworks DAY1,Unsung Heroes,アンティーカ,菅沼千紗;八巻アンナ;希水しお;結名美月,リフレジェントプルマージュ
24,2024/04/20,THE IDOLM@STER SHINY COLORS 6thLIVE TOUR Come and Unite! Fantastic Fireworks DAY1,Start up Stand up,ストレイライト,田中有紀;幸村恵理;北原沙弥香,リフレジェントプルマージュ
25,2024/04/20,THE IDOLM@STER SHINY COLORS 6thLIVE TOUR Come and Unite! Fantastic Fireworks DAY1,僕らだけの未来の空,ノクチル,和久井優;土屋李央;田嶌紗蘭;岡咲美保,リフレジェントプルマージュ
26,2024/04/20,THE IDOLM@STER SHINY COLORS 6thLIVE TOUR Come and Unite! Fantastic Fireworks DAY1,Happier,シーズ,紫月杏朱彩;山根綺,リフレジェントプルマージュ
27,2024/04/20,THE IDOLM@STER SHINY COLORS 6thLIVE TOUR Come and Unite! Fantastic Fireworks DAY1,グラデーション,アルストロメリア,黒木ほの香;前川涼子;芝崎典子,リフレジェントプルマージュ
28,2024/04/20,THE IDOLM@STER SHINY COLORS 6thLIVE TOUR Come and Unite! Fantastic Fireworks DAY1,ひめくりモザイク,放課後クライマックスガールズ,河野ひより;永井真里子;丸岡和佳奈;涼本あきほ,リフレジェントプルマージュ
29,2024/04/20,THE IDOLM@STER SHINY COLORS 6thLIVE TOUR Come and Unite! Fantastic Fireworks DAY1,星が流れて,イルミネーションスターズ,関根瞳;峯田茉優,リフレジェントプルマージュ
30,2024/04/20,THE IDOLM@STER SHINY COLORS 6thLIVE TOUR Come and Unite! Fantastic Fireworks DAY1,星の声,全員,関根瞳;峯田茉優;菅沼千紗;八巻アンナ;希水しお;結名美月;河野ひより;永井真里子;丸岡和佳奈;涼本あきほ;黒木ほの香;前川涼子;芝崎典子;田中有紀;幸村恵理;北原沙弥香;和久井優;土屋李央;田嶌紗蘭;岡咲美保;紫月杏朱彩;山根綺;川口莉奈;三川華月;小澤麗那,リフレジェントプルマージュ
31,2024/04/20,THE IDOLM@STER SHINY COLORS 6thLIVE TOUR Come and Unite! Fantastic Fireworks DAY1,わたしの主人公はわたしだから！,全員,関根瞳;峯田茉優;菅沼千紗;八巻アンナ;希水しお;結名美月;河野ひより;永井真里子;丸岡和佳奈;涼本あきほ;黒木ほの香;前川涼子;芝崎典子;田中有紀;幸村恵理;北原沙弥香;和久井優;土屋李央;田嶌紗蘭;岡咲美保;紫月杏朱彩;山根綺;川口莉奈;三川華月;小澤麗那,ライブT(アレンジver.)
32,2024/04/20,THE IDOLM@STER SHINY COLORS 6thLIVE TOUR Come and Unite! Fantastic Fireworks DAY1,あの花のように,全員,関根瞳;峯田茉優;菅沼千紗;八巻アンナ;希水しお;結名美月;河野ひより;永井真里子;丸岡和佳奈;涼本あきほ;黒木ほの香;前川涼子;芝崎典子;田中有紀;幸村恵理;北原沙弥香;和久井優;土屋李央;田嶌紗蘭;岡咲美保;紫月杏朱彩;山根綺;川口莉奈;三川華月;小澤麗那,ライブT(アレンジver.)
33,2024/04/20,THE IDOLM@STER SHINY COLORS 6thLIVE TOUR Come and Unite! Fantastic Fireworks DAY1,Let's get a chance (Come and Unite! Ver.),全員,関根瞳;峯田茉優;菅沼千紗;八巻アンナ;希水しお;結名美月;河野ひより;永井真里子;丸岡和佳奈;涼本あきほ;黒木ほの香;前川涼子;芝崎典子;田中有紀;幸村恵理;北原沙弥香;和久井優;土屋李央;田嶌紗蘭;岡咲美保;紫月杏朱彩;山根綺;川口莉奈;三川華月;小澤麗那,ライブT(アレンジver.)
1,2024/04/21,THE IDOLM@STER SHINY COLORS 6thLIVE TOUR Come and Unite! Fantastic Fireworks DAY2,Spread the Wings!! (Come and Unite! Ver.),全員,関根瞳;峯田茉優;菅沼千紗;八巻アンナ;希水しお;結名美月;河野ひより;白石晴香;永井真里子;丸岡和佳奈;涼本あきほ;黒木ほの香;前川涼子;芝崎典子;田中有紀;幸村恵理;北原沙弥香;和久井優;土屋李央;田嶌紗蘭;岡咲美保;紫月杏朱彩;山根綺;川口莉奈;三川華月;小澤麗那,ワンツーマーチングパレード;アンカードルモンクーペ;ドンシャンマツリバヤシ;ウーリーメイラースクレ;スケルトンオーヴァドライブ;クリアベルトサーフェス;フォービドゥンシンシアリ;コメティックノート
2,2024/04/21,THE IDOLM@STER SHINY COLORS 6thLIVE TOUR Come and Unite! Fantastic Fireworks DAY2,夢が夢じゃなくなるその日まで,ノクチル,和久井優;土屋李央;田嶌紗蘭;岡咲美保,クリアベルトサーフェス
3,2024/04/21,THE IDOLM@STER SHINY COLORS 6thLIVE TOUR Come and Unite! Fantastic Fireworks DAY2,全力アンサー,放課後クライマックスガールズ,河野ひより;白石晴香;永井真里子;丸岡和佳奈;涼本あきほ,ドンシャンマツリバヤシ
4,2024/04/21,THE IDOLM@STER SHINY COLORS 6thLIVE TOUR Come and Unite! Fantastic Fireworks DAY2,BRIGHTEST WHITE,イルミネーションスターズ,関根瞳;峯田茉優,ワンツーマーチングパレード
5,2024/04/21,THE IDOLM@STER SHINY COLORS 6thLIVE TOUR Come and Unite! Fantastic Fireworks DAY2,幻惑SILHOUETTE,アンティーカ,菅沼千紗;八巻アンナ;希水しお;結名美月,アンカードルモンクーペ
6,2024/04/21,THE IDOLM@STER SHINY COLORS 6thLIVE TOUR Come and Unite! Fantastic Fireworks DAY2,くだらないや,コメティック,川口莉奈;三川華月;小澤麗那,コメティックノート
7,2024/04/21,THE IDOLM@STER SHINY COLORS 6thLIVE TOUR Come and Unite! Fantastic Fireworks DAY2,SWEETEST BITE,シーズ,紫月杏朱彩;山根綺,フォービドゥンシンシアリ
8,2024/04/21,THE IDOLM@STER SHINY COLORS 6thLIVE TOUR Come and Unite! Fantastic Fireworks DAY2,BURN BURN,ストレイライト,田中有紀;幸村恵理;北原沙弥香,スケルトンオーヴァドライブ
9,2024/04/21,THE IDOLM@STER SHINY COLORS 6thLIVE TOUR Come and Unite! Fantastic Fireworks DAY2,Love Letter,アルストロメリア,黒木ほの香;前川涼子;芝崎典子,ウーリーメイラースクレ
10,2024/04/21,THE IDOLM@STER SHINY COLORS 6thLIVE TOUR Come and Unite! Fantastic Fireworks DAY2,Hide & Attack,Team.Sol,峯田茉優;八巻アンナ;永井真里子;涼本あきほ;芝崎典子;幸村恵理;和久井優;岡咲美保;紫月杏朱彩;小澤麗那,ワンツーマーチングパレード;アンカードルモンクーペ;ドンシャンマツリバヤシ;ウーリーメイラースクレ;スケルトンオーヴァドライブ;クリアベルトサーフェス;フォービドゥンシンシアリ;コメティックノート
11,2024/04/21,THE IDOLM@STER SHINY COLORS 6thLIVE TOUR Come and Unite! Fantastic Fireworks DAY2,Fashionable,Team.Stella,関根瞳;河野ひより;白石晴香;黒木ほの香;田中有紀;土屋李央;山根綺;三川華月,ワンツーマーチングパレード;ドンシャンマツリバヤシ;ウーリーメイラースクレ;スケルトンオーヴァドライブ;クリアベルトサーフェス;フォービドゥンシンシアリ;コメティックノート
12,2024/04/21,THE IDOLM@STER SHINY COLORS 6thLIVE TOUR Come and Unite! Fantastic Fireworks DAY2,Dye the sky.,Team.Luna,菅沼千紗;希水しお;結名美月;丸岡和佳奈;前川涼子;北原沙弥香;田嶌紗蘭;川口莉奈,ワンツーマーチングパレード;アンカードルモンクーペ;ドンシャンマツリバヤシ;ウーリーメイラースクレ;スケルトンオーヴァドライブ;クリアベルトサーフェス;フォービドゥンシンシアリ;コメティックノート
13,2024/04/21,THE IDOLM@STER SHINY COLORS 6thLIVE TOUR Come and Unite! Fantastic Fireworks DAY2,絶対正義 EVERY DAY(short),放課後クライマックスガールズ,河野ひより;白石晴香;永井真里子;丸岡和佳奈;涼本あきほ,ドンシャンマツリバヤシ
14,2024/04/21,THE IDOLM@STER SHINY COLORS 6thLIVE TOUR Come and Unite! Fantastic Fireworks DAY2,アルストロメリア(short),混合,三川華月;小澤麗那,コメティックノート
15,2024/04/21,THE IDOLM@STER SHINY COLORS 6thLIVE TOUR Come and Unite! Fantastic Fireworks DAY2,Anniversary(short),シーズ,紫月杏朱彩;山根綺,フォービドゥンシンシアリ
16,2024/04/21,THE IDOLM@STER SHINY COLORS 6thLIVE TOUR Come and Unite! Fantastic Fireworks DAY2,Fly and Fly(short),混合,希水しお;和久井優,アンカードルモンクーペ;クリアベルトサーフェス
17,2024/04/21,THE IDOLM@STER SHINY COLORS 6thLIVE TOUR Come and Unite! Fantastic Fireworks DAY2,SOS(short),混合,白石晴香;田嶌紗蘭,ドンシャンマツリバヤシ;クリアベルトサーフェス
18,2024/04/21,THE IDOLM@STER SHINY COLORS 6thLIVE TOUR Come and Unite! Fantastic Fireworks DAY2,また明日(short),混合,八巻アンナ;丸岡和佳奈;芝崎典子,アンカードルモンクーペ;ドンシャンマツリバヤシ;ウーリーメイラースクレ
19,2024/04/21,THE IDOLM@STER SHINY COLORS 6thLIVE TOUR Come and Unite! Fantastic Fireworks DAY2,GOTCHA,混合,田中有紀;峯田茉優;永井真里子,アンカードルモンクーペ;ウーリーメイラースクレ;クリアベルトサーフェス
20,2024/04/21,THE IDOLM@STER SHINY COLORS 6thLIVE TOUR Come and Unite! Fantastic Fireworks DAY2,ONE STAR,混合,河野ひより;幸村恵理;北原沙弥香,ドンシャンマツリバヤシ;スケルトンオーヴァドライブ
21,2024/04/21,THE IDOLM@STER SHINY COLORS 6thLIVE TOUR Come and Unite! Fantastic Fireworks DAY2,輝きにかわる,混合,黒木ほの香;岡咲美保;菅沼千紗,アンカードルモンクーペ;ウーリーメイラースクレ;クリアベルトサーフェス
22,2024/04/21,THE IDOLM@STER SHINY COLORS 6thLIVE TOUR Come and Unite! Fantastic Fireworks DAY2,ハナサカサイサイ,放課後クライマックスガールズ,河野ひより;白石晴香;永井真里子;丸岡和佳奈;涼本あきほ,リフレジェントプルマージュ
23,2024/04/21,THE IDOLM@STER SHINY COLORS 6thLIVE TOUR Come and Unite! Fantastic Fireworks DAY2,メッセージ,アルストロメリア,黒木ほの香;前川涼子;芝崎典子,リフレジェントプルマージュ
24,2024/04/21,THE IDOLM@STER SHINY COLORS 6thLIVE TOUR Come and Unite! Fantastic Fireworks DAY2,無自覚アプリオリ,コメティック,川口莉奈;三川華月;小澤麗那,リフレジェントプルマージュ
25,2024/04/21,THE IDOLM@STER SHINY COLORS 6thLIVE TOUR Come and Unite! Fantastic Fireworks DAY2,Another Rampage,ストレイライト,田中有紀;幸村恵理;北原沙弥香,リフレジェントプルマージュ
26,2024/04/21,THE IDOLM@STER SHINY COLORS 6thLIVE TOUR Come and Unite! Fantastic Fireworks DAY2,White Story,シーズ,紫月杏朱彩;山根綺,リフレジェントプルマージュ
27,2024/04/21,THE IDOLM@STER SHINY COLORS 6thLIVE TOUR Come and Unite! Fantastic Fireworks DAY2,有彩色ユリイカ,アンティーカ,菅沼千紗;八巻アンナ;希水しお;結名美月,リフレジェントプルマージュ
28,2024/04/21,THE IDOLM@STER SHINY COLORS 6thLIVE TOUR Come and Unite! Fantastic Fireworks DAY2,枕木の歌,イルミネーションスターズ,関根瞳;峯田茉優,リフレジェントプルマージュ
29,2024/04/21,THE IDOLM@STER SHINY COLORS 6thLIVE TOUR Come and Unite! Fantastic Fireworks DAY2,青とオレンジ,ノクチル,和久井優;土屋李央;田嶌紗蘭;岡咲美保,リフレジェントプルマージュ
30,2024/04/21,THE IDOLM@STER SHINY COLORS 6thLIVE TOUR Come and Unite! Fantastic Fireworks DAY2,星の声,全員,関根瞳;峯田茉優;菅沼千紗;八巻アンナ;希水しお;結名美月;河野ひより;白石晴香;永井真里子;丸岡和佳奈;涼本あきほ;黒木ほの香;前川涼子;芝崎典子;田中有紀;幸村恵理;北原沙弥香;和久井優;土屋李央;田嶌紗蘭;岡咲美保;紫月杏朱彩;山根綺;川口莉奈;三川華月;小澤麗那,リフレジェントプルマージュ
31,2024/04/21,THE IDOLM@STER SHINY COLORS 6thLIVE TOUR Come and Unite! Fantastic Fireworks DAY2,夢咲きAfter school,全員,関根瞳;峯田茉優;菅沼千紗;八巻アンナ;希水しお;結名美月;河野ひより;白石晴香;永井真里子;丸岡和佳奈;涼本あきほ;黒木ほの香;前川涼子;芝崎典子;田中有紀;幸村恵理;北原沙弥香;和久井優;土屋李央;田嶌紗蘭;岡咲美保;紫月杏朱彩;山根綺;川口莉奈;三川華月;小澤麗那,ライブT(アレンジver.)
32,2024/04/21,THE IDOLM@STER SHINY COLORS 6thLIVE TOUR Come and Unite! Fantastic Fireworks DAY2,あの花のように,全員,関根瞳;峯田茉優;菅沼千紗;八巻アンナ;希水しお;結名美月;河野ひより;白石晴香;永井真里子;丸岡和佳奈;涼本あきほ;黒木ほの香;前川涼子;芝崎典子;田中有紀;幸村恵理;北原沙弥香;和久井優;土屋李央;田嶌紗蘭;岡咲美保;紫月杏朱彩;山根綺;川口莉奈;三川華月;小澤麗那,ライブT(アレンジver.)
33,2024/04/21,THE IDOLM@STER SHINY COLORS 6thLIVE TOUR Come and Unite! Fantastic Fireworks DAY2,Let's get a chance (Come and Unite! Ver.),全員,関根瞳;峯田茉優;菅沼千紗;八巻アンナ;希水しお;結名美月;河野ひより;白石晴香;永井真里子;丸岡和佳奈;涼本あきほ;黒木ほの香;前川涼子;芝崎典子;田中有紀;幸村恵理;北原沙弥香;和久井優;土屋李央;田嶌紗蘭;岡咲美保;紫月杏朱彩;山根綺;川口莉奈;三川華月;小澤麗那,ライブT(アレンジver.)
1,2024/07/27,THE IDOLM@STER SHINY COLORS LIVE FUN!! -Beyond the Blue sky- DAY1,バベルシティ・グレイス,アンティーカ,礒部花凜;菅沼千紗;八巻アンナ;希水しお;結名美月,バース オブ ウィング
2,2024/07/27,THE IDOLM@STER SHINY COLORS LIVE FUN!! -Beyond the Blue sky- DAY1,アルストロメリア,アルストロメリア,黒木ほの香;前川涼子;芝崎典子,バース オブ ウィング
3,2024/07/27,THE IDOLM@STER SHINY COLORS LIVE FUN!! -Beyond the Blue sky- DAY1,夢咲きAfter school,放課後クライマックスガールズ,河野ひより;永井真里子;丸岡和佳奈;涼本あきほ,バース オブ ウィング
4,2024/07/27,THE IDOLM@STER SHINY COLORS LIVE FUN!! -Beyond the Blue sky- DAY1,ヒカリのdestination,イルミネーションスターズ,関根瞳;近藤玲奈;峯田茉優,バース オブ ウィング
5,2024/07/27,THE IDOLM@STER SHINY COLORS LIVE FUN!! -Beyond the Blue sky- DAY1,ツバサグラビティ,イルミネーションスターズ;アンティーカ;放課後クライマックスガールズ;アルストロメリア,関根瞳;近藤玲奈;峯田茉優;礒部花凜;菅沼千紗;八巻アンナ;希水しお;結名美月;河野ひより;永井真里子;丸岡和佳奈;涼本あきほ;黒木ほの香;前川涼子;芝崎典子,バース オブ ウィング
6,2024/07/27,THE IDOLM@STER SHINY COLORS LIVE FUN!! -Beyond the Blue sky- DAY1,いつだって僕らは,ノクチル,和久井優;土屋李央;田嶌紗蘭;岡咲美保,クリアマリンカーム
7,2024/07/27,THE IDOLM@STER SHINY COLORS LIVE FUN!! -Beyond the Blue sky- DAY1,OH MY GOD,シーズ,紫月杏朱彩;山根綺,シルキージェムシリカ
8,2024/07/27,THE IDOLM@STER SHINY COLORS LIVE FUN!! -Beyond the Blue sky- DAY1,無自覚アプリオリ,コメティック,川口莉奈;三川華月;小澤麗那,コメティックノート
9,2024/07/27,THE IDOLM@STER SHINY COLORS LIVE FUN!! -Beyond the Blue sky- DAY1,Black Reverie,アンティーカ,礒部花凜;菅沼千紗;八巻アンナ;希水しお;結名美月,ブライクシリーズ
10,2024/07/27,THE IDOLM@STER SHINY COLORS LIVE FUN!! -Beyond the Blue sky- DAY1,NEO THEORY FANTASY,アンティーカ,礒部花凜;菅沼千紗;八巻アンナ;希水しお;結名美月,ブライクシリーズ
11,2024/07/27,THE IDOLM@STER SHINY COLORS LIVE FUN!! -Beyond the Blue sky- DAY1,Love Addiction,アルストロメリア,黒木ほの香;前川涼子;芝崎典子,ウェイトレス・パスカラ
12,2024/07/27,THE IDOLM@STER SHINY COLORS LIVE FUN!! -Beyond the Blue sky- DAY1,Give me some more...,アルストロメリア,黒木ほの香;前川涼子;芝崎典子,ウェイトレス・パスカラ
13,2024/07/27,THE IDOLM@STER SHINY COLORS LIVE FUN!! -Beyond the Blue sky- DAY1,Bouncy Girl,シーズ,紫月杏朱彩;山根綺,シャンドゥ・ヴォーギン
14,2024/07/27,THE IDOLM@STER SHINY COLORS LIVE FUN!! -Beyond the Blue sky- DAY1,Fashionable,シーズ,紫月杏朱彩;山根綺,シャンドゥ・ヴォーギン
15,2024/07/27,THE IDOLM@STER SHINY COLORS LIVE FUN!! -Beyond the Blue sky- DAY1,今しかない瞬間を,ノクチル,和久井優;土屋李央;田嶌紗蘭;岡咲美保,リップリングクリアマリン
16,2024/07/27,THE IDOLM@STER SHINY COLORS LIVE FUN!! -Beyond the Blue sky- DAY1,Catch the Breeze,ノクチル,和久井優;土屋李央;田嶌紗蘭;岡咲美保,リップリングクリアマリン
17,2024/07/27,THE IDOLM@STER SHINY COLORS LIVE FUN!! -Beyond the Blue sky- DAY1,平行線の美学,コメティック,川口莉奈;三川華月;小澤麗那,コメティックノート
18,2024/07/27,THE IDOLM@STER SHINY COLORS LIVE FUN!! -Beyond the Blue sky- DAY1,くだらないや,コメティック,川口莉奈;三川華月;小澤麗那,コメティックノート
19,2024/07/27,THE IDOLM@STER SHINY COLORS LIVE FUN!! -Beyond the Blue sky- DAY1,Twinkle way,イルミネーションスターズ,関根瞳;峯田茉優,プラネテスシリーズ
20,2024/07/27,THE IDOLM@STER SHINY COLORS LIVE FUN!! -Beyond the Blue sky- DAY1,Happy Funny Lucky,イルミネーションスターズ,関根瞳;峯田茉優,プラネテスシリーズ
21,2024/07/27,THE IDOLM@STER SHINY COLORS LIVE FUN!! -Beyond the Blue sky- DAY1,Another Rampage,ストレイライト,田中有紀;幸村恵理;北原沙弥香,デッドチャンネルl2<)3
22,2024/07/27,THE IDOLM@STER SHINY COLORS LIVE FUN!! -Beyond the Blue sky- DAY1,Hide & Attack,ストレイライト,田中有紀;幸村恵理;北原沙弥香,デッドチャンネルl2<)3
23,2024/07/27,THE IDOLM@STER SHINY COLORS LIVE FUN!! -Beyond the Blue sky- DAY1,一閃は君が導く,放課後クライマックスガールズ,河野ひより;永井真里子;丸岡和佳奈;涼本あきほ,C.キャッツユニフォーム
24,2024/07/27,THE IDOLM@STER SHINY COLORS LIVE FUN!! -Beyond the Blue sky- DAY1,拝啓タイムカプセル,放課後クライマックスガールズ,河野ひより;永井真里子;丸岡和佳奈;涼本あきほ,C.キャッツユニフォーム
25,2024/07/27,THE IDOLM@STER SHINY COLORS LIVE FUN!! -Beyond the Blue sky- DAY1,Ambitious Eve,全員,関根瞳;近藤玲奈;峯田茉優;礒部花凜;菅沼千紗;八巻アンナ;希水しお;結名美月;河野ひより;永井真里子;丸岡和佳奈;涼本あきほ;黒木ほの香;前川涼子;芝崎典子;田中有紀;幸村恵理;北原沙弥香;和久井優;土屋李央;田嶌紗蘭;岡咲美保;紫月杏朱彩;山根綺;川口莉奈;三川華月;小澤麗那,プラネテスシリーズ;ブライクシリーズ;C.キャッツユニフォーム;ウェイトレス・パスカラ;デッドチャンネルl2<)3;リップリングクリアマリン;シャンドゥ・ヴォーギン;コメティックノート
26,2024/07/27,THE IDOLM@STER SHINY COLORS LIVE FUN!! -Beyond the Blue sky- DAY1,Shiny Stories,全員,関根瞳;近藤玲奈;峯田茉優;礒部花凜;菅沼千紗;八巻アンナ;希水しお;結名美月;河野ひより;永井真里子;丸岡和佳奈;涼本あきほ;黒木ほの香;前川涼子;芝崎典子;田中有紀;幸村恵理;北原沙弥香;和久井優;土屋李央;田嶌紗蘭;岡咲美保;紫月杏朱彩;山根綺;川口莉奈;三川華月;小澤麗那,プラネテスシリーズ;ブライクシリーズ;C.キャッツユニフォーム;ウェイトレス・パスカラ;デッドチャンネルl2<)3;リップリングクリアマリン;シャンドゥ・ヴォーギン;コメティックノート
27,2024/07/27,THE IDOLM@STER SHINY COLORS LIVE FUN!! -Beyond the Blue sky- DAY1,Multicolored Sky,イルミネーションスターズ;アンティーカ;放課後クライマックスガールズ;アルストロメリア,関根瞳;近藤玲奈;峯田茉優;礒部花凜;菅沼千紗;八巻アンナ;希水しお;結名美月;河野ひより;永井真里子;丸岡和佳奈;涼本あきほ;黒木ほの香;前川涼子;芝崎典子,バース オブ ウィング
28,2024/07/27,THE IDOLM@STER SHINY COLORS LIVE FUN!! -Beyond the Blue sky- DAY1,Wandering Dream Chaser,ストレイライト,田中有紀;幸村恵理;北原沙弥香,ネオンライトロマンサー
1,2024/07/28,THE IDOLM@STER SHINY COLORS LIVE FUN!! -Beyond the Blue sky- DAY2,虹になれ,イルミネーションスターズ,関根瞳;近藤玲奈;峯田茉優,バース オブ ウィング
2,2024/07/28,THE IDOLM@STER SHINY COLORS LIVE FUN!! -Beyond the Blue sky- DAY2,幻惑SILHOUETTE,アンティーカ,礒部花凜;菅沼千紗;八巻アンナ;希水しお;結名美月,バース オブ ウィング
3,2024/07/28,THE IDOLM@STER SHINY COLORS LIVE FUN!! -Beyond the Blue sky- DAY2,太陽キッス,放課後クライマックスガールズ,河野ひより;白石晴香;永井真里子;丸岡和佳奈;涼本あきほ,バース オブ ウィング
4,2024/07/28,THE IDOLM@STER SHINY COLORS LIVE FUN!! -Beyond the Blue sky- DAY2,ハピリリ,アルストロメリア,黒木ほの香;前川涼子;芝崎典子,バース オブ ウィング
5,2024/07/28,THE IDOLM@STER SHINY COLORS LIVE FUN!! -Beyond the Blue sky- DAY2,ツバサグラビティ,イルミネーションスターズ;アンティーカ;放課後クライマックスガールズ;アルストロメリア,関根瞳;近藤玲奈;峯田茉優;礒部花凜;菅沼千紗;八巻アンナ;希水しお;結名美月;河野ひより;白石晴香;永井真里子;丸岡和佳奈;涼本あきほ;黒木ほの香;前川涼子;芝崎典子,バース オブ ウィング
6,2024/07/28,THE IDOLM@STER SHINY COLORS LIVE FUN!! -Beyond the Blue sky- DAY2,くだらないや,コメティック,川口莉奈;三川華月;小澤麗那,コメティックノート
7,2024/07/28,THE IDOLM@STER SHINY COLORS LIVE FUN!! -Beyond the Blue sky- DAY2,Fly and Fly,シーズ,紫月杏朱彩;山根綺,シルキージェムシリカ
8,2024/07/28,THE IDOLM@STER SHINY COLORS LIVE FUN!! -Beyond the Blue sky- DAY2,あの花のように,ノクチル,和久井優;土屋李央;田嶌紗蘭;岡咲美保,クリアマリンカーム
9,2024/07/28,THE IDOLM@STER SHINY COLORS LIVE FUN!! -Beyond the Blue sky- DAY2,ハナムケのハナタバ,コメティック,川口莉奈;三川華月;小澤麗那,コメティックノート
10,2024/07/28,THE IDOLM@STER SHINY COLORS LIVE FUN!! -Beyond the Blue sky- DAY2,無自覚アプリオリ,コメティック,川口莉奈;三川華月;小澤麗那,コメティックノート
11,2024/07/28,THE IDOLM@STER SHINY COLORS LIVE FUN!! -Beyond the Blue sky- DAY2,PRISISM,イルミネーションスターズ,関根瞳;峯田茉優,アステレスオーロライズ
12,2024/07/28,THE IDOLM@STER SHINY COLORS LIVE FUN!! -Beyond the Blue sky- DAY2,Twinkle way,イルミネーションスターズ,関根瞳;峯田茉優,アステレスオーロライズ
13,2024/07/28,THE IDOLM@STER SHINY COLORS LIVE FUN!! -Beyond the Blue sky- DAY2,Hide & Attack,ストレイライト,田中有紀;幸村恵理;北原沙弥香,隠匿シンギュラリティ
14,2024/07/28,THE IDOLM@STER SHINY COLORS LIVE FUN!! -Beyond the Blue sky- DAY2,Overdrive Emotion,ストレイライト,田中有紀;幸村恵理;北原沙弥香,隠匿シンギュラリティ
15,2024/07/28,THE IDOLM@STER SHINY COLORS LIVE FUN!! -Beyond the Blue sky- DAY2,クライマックスアイランド,放課後クライマックスガールズ,河野ひより;白石晴香;永井真里子;丸岡和佳奈;涼本あきほ,セーフクエクストリーム！
16,2024/07/28,THE IDOLM@STER SHINY COLORS LIVE FUN!! -Beyond the Blue sky- DAY2,一閃は君が導く,放課後クライマックスガールズ,河野ひより;白石晴香;永井真里子;丸岡和佳奈;涼本あきほ,セーフクエクストリーム！
17,2024/07/28,THE IDOLM@STER SHINY COLORS LIVE FUN!! -Beyond the Blue sky- DAY2,NEO THEORY FANTASY,アンティーカ,礒部花凜;菅沼千紗;八巻アンナ;希水しお;結名美月,パピロニアフェリーク
18,2024/07/28,THE IDOLM@STER SHINY COLORS LIVE FUN!! -Beyond the Blue sky- DAY2,浮動性イノセンス,アンティーカ,礒部花凜;菅沼千紗;八巻アンナ;希水しお;結名美月,パピロニアフェリーク
19,2024/07/28,THE IDOLM@STER SHINY COLORS LIVE FUN!! -Beyond the Blue sky- DAY2,Give me some more...,アルストロメリア,黒木ほの香;前川涼子;芝崎典子,マジーク・アルーア
20,2024/07/28,THE IDOLM@STER SHINY COLORS LIVE FUN!! -Beyond the Blue sky- DAY2,Anniversary,アルストロメリア,黒木ほの香;前川涼子;芝崎典子,マジーク・アルーア
21,2024/07/28,THE IDOLM@STER SHINY COLORS LIVE FUN!! -Beyond the Blue sky- DAY2,Forbidden Paradise,シーズ,紫月杏朱彩;山根綺,フォービドゥンシンシアリ
22,2024/07/28,THE IDOLM@STER SHINY COLORS LIVE FUN!! -Beyond the Blue sky- DAY2,Bouncy Girl,シーズ,紫月杏朱彩;山根綺,フォービドゥンシンシアリ
23,2024/07/28,THE IDOLM@STER SHINY COLORS LIVE FUN!! -Beyond the Blue sky- DAY2,Catch the Breeze,ノクチル,和久井優;土屋李央;田嶌紗蘭;岡咲美保,セイルテイルブリーズ
24,2024/07/28,THE IDOLM@STER SHINY COLORS LIVE FUN!! -Beyond the Blue sky- DAY2,Reflection,ノクチル,和久井優;土屋李央;田嶌紗蘭;岡咲美保,セイルテイルブリーズ
25,2024/07/28,THE IDOLM@STER SHINY COLORS LIVE FUN!! -Beyond the Blue sky- DAY2,シャイノグラフィ,全員,関根瞳;近藤玲奈;峯田茉優;礒部花凜;菅沼千紗;八巻アンナ;希水しお;結名美月;河野ひより;白石晴香;永井真里子;丸岡和佳奈;涼本あきほ;黒木ほの香;前川涼子;芝崎典子;田中有紀;幸村恵理;北原沙弥香;和久井優;土屋李央;田嶌紗蘭;岡咲美保;紫月杏朱彩;山根綺;川口莉奈;三川華月;小澤麗那,アステレスオーロライズ;パピロニアフェリーク;セーフクエクストリーム！;マジーク・アルーア;隠匿シンギュラリティ;セイルテイルブリーズ;フォービドゥンシンシアリ;コメティックノート
26,2024/07/28,THE IDOLM@STER SHINY COLORS LIVE FUN!! -Beyond the Blue sky- DAY2,Shiny Stories,全員,関根瞳;近藤玲奈;峯田茉優;礒部花凜;菅沼千紗;八巻アンナ;希水しお;結名美月;河野ひより;白石晴香;永井真里子;丸岡和佳奈;涼本あきほ;黒木ほの香;前川涼子;芝崎典子;田中有紀;幸村恵理;北原沙弥香;和久井優;土屋李央;田嶌紗蘭;岡咲美保;紫月杏朱彩;山根綺;川口莉奈;三川華月;小澤麗那,アステレスオーロライズ;パピロニアフェリーク;セーフクエクストリーム！;マジーク・アルーア;隠匿シンギュラリティ;セイルテイルブリーズ;フォービドゥンシンシアリ;コメティックノート
27,2024/07/28,THE IDOLM@STER SHINY COLORS LIVE FUN!! -Beyond the Blue sky- DAY2,Multicolored Sky,イルミネーションスターズ;アンティーカ;放課後クライマックスガールズ;アルストロメリア,関根瞳;近藤玲奈;峯田茉優;礒部花凜;菅沼千紗;八巻アンナ;希水しお;結名美月;河野ひより;白石晴香;永井真里子;丸岡和佳奈;涼本あきほ;黒木ほの香;前川涼子;芝崎典子,バース オブ ウィング
28,2024/07/28,THE IDOLM@STER SHINY COLORS LIVE FUN!! -Beyond the Blue sky- DAY2,Wandering Dream Chaser,ストレイライト,田中有紀;幸村恵理;北原沙弥香,ネオンライトロマンサー
1,2024/08/04,TOKYO IDOL FESTIVAL 2024 08.04 sun supported by にしたんクリニック,OH MY GOD,シーズ,紫月杏朱彩;山根綺,フォービドゥンシンシアリ
2,2024/08/04,TOKYO IDOL FESTIVAL 2024 08.04 sun supported by にしたんクリニック,Fly and Fly,シーズ,紫月杏朱彩;山根綺,フォービドゥンシンシアリ
3,2024/08/04,TOKYO IDOL FESTIVAL 2024 08.04 sun supported by にしたんクリニック,Dye the sky. ,シーズ,紫月杏朱彩;山根綺,フォービドゥンシンシアリ
4,2024/08/04,TOKYO IDOL FESTIVAL 2024 08.04 sun supported by にしたんクリニック,Fashionable,シーズ,紫月杏朱彩;山根綺,フォービドゥンシンシアリ
1,2024/08/11,THE IDOLM@STER SHINY COLORS ECHOES 02発売記念イベント 第一回,文明開花輪舞 -シティ・ハレルヤ-,アンティーカ,礒部花凜;菅沼千紗;八巻アンナ;希水しお;結名美月,アンカードルモンクーペ
2,2024/08/11,THE IDOLM@STER SHINY COLORS ECHOES 02発売記念イベント 第二回,文明開花輪舞 -シティ・ハレルヤ-,アンティーカ,礒部花凜;菅沼千紗;八巻アンナ;希水しお;結名美月,アンカードルモンクーペ
1,2024/08/24,KIMCHIKURA Fes VOL.03 with ILLUSTAR,OH MY GOD,シーズ,紫月杏朱彩;山根綺,フォービドゥンシンシアリ
2,2024/08/24,KIMCHIKURA Fes VOL.03 with ILLUSTAR,Fly and Fly,シーズ,紫月杏朱彩;山根綺,フォービドゥンシンシアリ
3,2024/08/24,KIMCHIKURA Fes VOL.03 with ILLUSTAR,Forbidden Paradise,シーズ,紫月杏朱彩;山根綺,フォービドゥンシンシアリ
4,2024/08/24,KIMCHIKURA Fes VOL.03 with ILLUSTAR,Bouncy Girl,シーズ,紫月杏朱彩;山根綺,フォービドゥンシンシアリ
5,2024/08/24,KIMCHIKURA Fes VOL.03 with ILLUSTAR,Dye the sky. ,シーズ,紫月杏朱彩;山根綺,フォービドゥンシンシアリ
6,2024/08/24,KIMCHIKURA Fes VOL.03 with ILLUSTAR,Fashionable,シーズ,紫月杏朱彩;山根綺,フォービドゥンシンシアリ
1,2024/08/31,283 PRODUCTION MUSIC SCENE,僕らだけの未来の空,ノクチル,市川雛菜;浅倉透;樋口円香;福丸小糸,バスクオンシャイニー
2,2024/08/31,283 PRODUCTION MUSIC SCENE,青空,ノクチル,市川雛菜;浅倉透;樋口円香;福丸小糸,バスクオンシャイニー
3,2024/08/31,283 PRODUCTION MUSIC SCENE,いつだって僕らは,ノクチル,市川雛菜;浅倉透;樋口円香;福丸小糸,バスクオンシャイニー
1,2024/09/01, Animelo Summer Live 2024 -Stargazer- DAY3,ヒカリのdestination(short),イルミネーションスターズ,関根瞳;近藤玲奈;峯田茉優,スパークルイルミネーション
2,2024/09/01, Animelo Summer Live 2024 -Stargazer- DAY3,アルストロメリア(short),アルストロメリア,黒木ほの香;前川涼子;芝崎典子,ウィッシュフルリリー
3,2024/09/01, Animelo Summer Live 2024 -Stargazer- DAY3,いつだって僕らは,ノクチル,和久井優;土屋李央;田嶌紗蘭;岡咲美保,クリアマリンカーム
4,2024/09/01, Animelo Summer Live 2024 -Stargazer- DAY3,ツバサグラビティ,イルミネーションスターズ;アルストロメリア;ノクチル,関根瞳;近藤玲奈;峯田茉優;黒木ほの香;前川涼子;芝崎典子;和久井優;土屋李央;田嶌紗蘭;岡咲美保,スパークルイルミネーション;ウィッシュフルリリー;クリアマリンカーム
5,2024/09/01, Animelo Summer Live 2024 -Stargazer- DAY3,Spread the Wings!! ,イルミネーションスターズ;アルストロメリア;ノクチル,関根瞳;近藤玲奈;峯田茉優;黒木ほの香;前川涼子;芝崎典子;和久井優;土屋李央;田嶌紗蘭;岡咲美保,スパークルイルミネーション;ウィッシュフルリリー;クリアマリンカーム
6,2024/09/01, Animelo Summer Live 2024 -Stargazer- DAY3,Stargazer,イルミネーションスターズ;アルストロメリア;ノクチル;その他,関根瞳;近藤玲奈;峯田茉優;黒木ほの香;前川涼子;芝崎典子;和久井優;土屋李央;田嶌紗蘭;岡咲美保;その他,スパークルイルミネーション(ライブTアレンジver.);ウィッシュフルリリー(ライブTアレンジver.);クリアマリンカーム(ライブTアレンジver.)
1,2024/09/09,JOYNT POPS ＃１ 公開収録,プリズムフレア(short),混合,関根瞳;希水しお;河野ひより;黒木ほの香;幸村恵理,スパークルイルミネーション;シンフォニックスチーム;ブレイブヒーロージャージ;ウィッシュフルリリー;ネオンライトロマンサー
1,2024/10/05,"THE IDOLM@STER SHINY COLORS 6.5th Anniversary LIVE ""Chapter 283"" DAY1",星の声,全員,関根瞳;近藤玲奈;峯田茉優;礒部花凜;菅沼千紗;八巻アンナ;希水しお;結名美月;河野ひより;永井真里子;丸岡和佳奈;涼本あきほ;黒木ほの香;前川涼子;芝崎典子;田中有紀;幸村恵理;北原沙弥香;和久井優;土屋李央;田嶌紗蘭;岡咲美保;紫月杏朱彩;山根綺;川口莉奈;三川華月;小澤麗那,シーユースリーパー;カプリシオワンダーランド;ドリーミンサポーター;ビューティフルウェイフト;リンクスコンティニュティ;スプリンクルエアリー;ツイーディーハピリー;マジックアワーオファリング
2,2024/10/05,"THE IDOLM@STER SHINY COLORS 6.5th Anniversary LIVE ""Chapter 283"" DAY1",ヒカリのdestination,イルミネーションスターズ,関根瞳;近藤玲奈;峯田茉優,シーユースリーパー
3,2024/10/05,"THE IDOLM@STER SHINY COLORS 6.5th Anniversary LIVE ""Chapter 283"" DAY1",裸足じゃイラレナイ,放課後クライマックスガールズ,河野ひより;永井真里子;丸岡和佳奈;涼本あきほ,ドリーミンサポーター
4,2024/10/05,"THE IDOLM@STER SHINY COLORS 6.5th Anniversary LIVE ""Chapter 283"" DAY1",平行線の美学,コメティック,川口莉奈;三川華月;小澤麗那,マジックアワーオファリング
5,2024/10/05,"THE IDOLM@STER SHINY COLORS 6.5th Anniversary LIVE ""Chapter 283"" DAY1",mellow mellow,アルストロメリア,黒木ほの香;前川涼子;芝崎典子,ビューティフルウェイフト
6,2024/10/05,"THE IDOLM@STER SHINY COLORS 6.5th Anniversary LIVE ""Chapter 283"" DAY1",Happier,シーズ,紫月杏朱彩;山根綺,ツイーディーハピリー
7,2024/10/05,"THE IDOLM@STER SHINY COLORS 6.5th Anniversary LIVE ""Chapter 283"" DAY1",いつだって僕らは,ノクチル,和久井優;土屋李央;田嶌紗蘭;岡咲美保,スプリンクルエアリー
8,2024/10/05,"THE IDOLM@STER SHINY COLORS 6.5th Anniversary LIVE ""Chapter 283"" DAY1",Transcending The World,ストレイライト,田中有紀;幸村恵理;北原沙弥香,リンクスコンティニュティ
9,2024/10/05,"THE IDOLM@STER SHINY COLORS 6.5th Anniversary LIVE ""Chapter 283"" DAY1",とある英雄たちの物語,アンティーカ,礒部花凜;菅沼千紗;八巻アンナ;希水しお;結名美月,カプリシオワンダーランド
10,2024/10/05,"THE IDOLM@STER SHINY COLORS 6.5th Anniversary LIVE ""Chapter 283"" DAY1",After Run,シーズ,紫月杏朱彩;山根綺,ツイーディーハピリー
11,2024/10/05,"THE IDOLM@STER SHINY COLORS 6.5th Anniversary LIVE ""Chapter 283"" DAY1",NEO THEORY FANTASY,アンティーカ,礒部花凜;菅沼千紗;八巻アンナ;希水しお;結名美月,カプリシオワンダーランド
12,2024/10/05,"THE IDOLM@STER SHINY COLORS 6.5th Anniversary LIVE ""Chapter 283"" DAY1",僕らだけの未来の空,ノクチル,和久井優;土屋李央;田嶌紗蘭;岡咲美保,スプリンクルエアリー
13,2024/10/05,"THE IDOLM@STER SHINY COLORS 6.5th Anniversary LIVE ""Chapter 283"" DAY1",明日もBeautiful Day,アルストロメリア,黒木ほの香;前川涼子;芝崎典子,ビューティフルウェイフト
14,2024/10/05,"THE IDOLM@STER SHINY COLORS 6.5th Anniversary LIVE ""Chapter 283"" DAY1",We can go now!,イルミネーションスターズ,関根瞳;近藤玲奈;峯田茉優,シーユースリーパー
15,2024/10/05,"THE IDOLM@STER SHINY COLORS 6.5th Anniversary LIVE ""Chapter 283"" DAY1",夢咲きAfter school,放課後クライマックスガールズ,河野ひより;永井真里子;丸岡和佳奈;涼本あきほ,ドリーミンサポーター
16,2024/10/05,"THE IDOLM@STER SHINY COLORS 6.5th Anniversary LIVE ""Chapter 283"" DAY1",BURN BURN,ストレイライト,田中有紀;幸村恵理;北原沙弥香,リンクスコンティニュティ
17,2024/10/05,"THE IDOLM@STER SHINY COLORS 6.5th Anniversary LIVE ""Chapter 283"" DAY1",ハナムケのハナタバ,コメティック,川口莉奈;三川華月;小澤麗那,マジックアワーオファリング
18,2024/10/05,"THE IDOLM@STER SHINY COLORS 6.5th Anniversary LIVE ""Chapter 283"" DAY1",時限式狂騒ワンダーランド,アンティーカ,礒部花凜;菅沼千紗;八巻アンナ;希水しお;結名美月,カプリシオワンダーランド
19,2024/10/05,"THE IDOLM@STER SHINY COLORS 6.5th Anniversary LIVE ""Chapter 283"" DAY1",くだらないや,コメティック,川口莉奈;三川華月;小澤麗那,マジックアワーオファリング
20,2024/10/05,"THE IDOLM@STER SHINY COLORS 6.5th Anniversary LIVE ""Chapter 283"" DAY1",五ツ座流星群,放課後クライマックスガールズ,河野ひより;永井真里子;丸岡和佳奈;涼本あきほ,ドリーミンサポーター
21,2024/10/05,"THE IDOLM@STER SHINY COLORS 6.5th Anniversary LIVE ""Chapter 283"" DAY1",青空,ノクチル,和久井優;土屋李央;田嶌紗蘭;岡咲美保,スプリンクルエアリー
22,2024/10/05,"THE IDOLM@STER SHINY COLORS 6.5th Anniversary LIVE ""Chapter 283"" DAY1",Bloomy!,アルストロメリア,黒木ほの香;前川涼子;芝崎典子,ビューティフルウェイフト
23,2024/10/05,"THE IDOLM@STER SHINY COLORS 6.5th Anniversary LIVE ""Chapter 283"" DAY1",Fashionable,シーズ,紫月杏朱彩;山根綺,ツイーディーハピリー
24,2024/10/05,"THE IDOLM@STER SHINY COLORS 6.5th Anniversary LIVE ""Chapter 283"" DAY1",枕木の歌,イルミネーションスターズ,関根瞳;近藤玲奈;峯田茉優,シーユースリーパー
25,2024/10/05,"THE IDOLM@STER SHINY COLORS 6.5th Anniversary LIVE ""Chapter 283"" DAY1",LINKs,ストレイライト,田中有紀;幸村恵理;北原沙弥香,リンクスコンティニュティ
26,2024/10/05,"THE IDOLM@STER SHINY COLORS 6.5th Anniversary LIVE ""Chapter 283"" DAY1",サマーサマーオーシャンパーリィバケーション,混合,峯田茉優;希水しお;河野ひより;前川涼子;幸村恵理;田嶌紗蘭;山根綺;小澤麗那,シーユースリーパー(ライブTアレンジver.);カプリシオワンダーランド(ライブTアレンジver.);ドリーミンサポーター(ライブTアレンジver.);ビューティフルウェイフト(ライブTアレンジver.);リンクスコンティニュティ(ライブTアレンジver.);スプリンクルエアリー(ライブTアレンジver.);ツイーディーハピリー(ライブTアレンジver.);マジックアワーオファリング(ライブTアレンジver.)
27,2024/10/05,"THE IDOLM@STER SHINY COLORS 6.5th Anniversary LIVE ""Chapter 283"" DAY1",Spread the Wings!!,全員,関根瞳;近藤玲奈;峯田茉優;礒部花凜;菅沼千紗;八巻アンナ;希水しお;結名美月;河野ひより;永井真里子;丸岡和佳奈;涼本あきほ;黒木ほの香;前川涼子;芝崎典子;田中有紀;幸村恵理;北原沙弥香;和久井優;土屋李央;田嶌紗蘭;岡咲美保;紫月杏朱彩;山根綺;川口莉奈;三川華月;小澤麗那,シーユースリーパー(ライブTアレンジver.);カプリシオワンダーランド(ライブTアレンジver.);ドリーミンサポーター(ライブTアレンジver.);ビューティフルウェイフト(ライブTアレンジver.);リンクスコンティニュティ(ライブTアレンジver.);スプリンクルエアリー(ライブTアレンジver.);ツイーディーハピリー(ライブTアレンジver.);マジックアワーオファリング(ライブTアレンジver.)
1,2024/10/06,"THE IDOLM@STER SHINY COLORS 6.5th Anniversary LIVE ""Chapter 283"" DAY2",星の声,全員,関根瞳;近藤玲奈;峯田茉優;礒部花凜;菅沼千紗;八巻アンナ;希水しお;結名美月;河野ひより;永井真里子;丸岡和佳奈;涼本あきほ;黒木ほの香;前川涼子;芝崎典子;田中有紀;幸村恵理;北原沙弥香;和久井優;土屋李央;田嶌紗蘭;岡咲美保;紫月杏朱彩;山根綺;川口莉奈;三川華月;小澤麗那,シーユースリーパー;カプリシオワンダーランド;ドリーミンサポーター;ビューティフルウェイフト;リンクスコンティニュティ;スプリンクルエアリー;ツイーディーハピリー;マジックアワーオファリング
2,2024/10/06,"THE IDOLM@STER SHINY COLORS 6.5th Anniversary LIVE ""Chapter 283"" DAY2",Heads or Tails?,コメティック,川口莉奈;三川華月;小澤麗那,マジックアワーオファリング
3,2024/10/06,"THE IDOLM@STER SHINY COLORS 6.5th Anniversary LIVE ""Chapter 283"" DAY2",Black Reverie,アンティーカ,礒部花凜;菅沼千紗;八巻アンナ;希水しお;結名美月,カプリシオワンダーランド
4,2024/10/06,"THE IDOLM@STER SHINY COLORS 6.5th Anniversary LIVE ""Chapter 283"" DAY2",Wandering Dream Chaser,ストレイライト,田中有紀;幸村恵理;北原沙弥香,リンクスコンティニュティ
5,2024/10/06,"THE IDOLM@STER SHINY COLORS 6.5th Anniversary LIVE ""Chapter 283"" DAY2",BRIGHTEST WHITE,イルミネーションスターズ,関根瞳;近藤玲奈;峯田茉優,シーユースリーパー
6,2024/10/06,"THE IDOLM@STER SHINY COLORS 6.5th Anniversary LIVE ""Chapter 283"" DAY2",裸足じゃイラレナイ,放課後クライマックスガールズ,河野ひより;永井真里子;丸岡和佳奈;涼本あきほ,ドリーミンサポーター
7,2024/10/06,"THE IDOLM@STER SHINY COLORS 6.5th Anniversary LIVE ""Chapter 283"" DAY2",青空,ノクチル,和久井優;土屋李央;田嶌紗蘭;岡咲美保,スプリンクルエアリー
8,2024/10/06,"THE IDOLM@STER SHINY COLORS 6.5th Anniversary LIVE ""Chapter 283"" DAY2",ダブル・イフェクト,アルストロメリア,黒木ほの香;前川涼子;芝崎典子,ビューティフルウェイフト
9,2024/10/06,"THE IDOLM@STER SHINY COLORS 6.5th Anniversary LIVE ""Chapter 283"" DAY2",Happier,シーズ,紫月杏朱彩;山根綺,ツイーディーハピリー
10,2024/10/06,"THE IDOLM@STER SHINY COLORS 6.5th Anniversary LIVE ""Chapter 283"" DAY2",OH MY GOD,シーズ,紫月杏朱彩;山根綺,ツイーディーハピリー
11,2024/10/06,"THE IDOLM@STER SHINY COLORS 6.5th Anniversary LIVE ""Chapter 283"" DAY2",Hide & Attack,ストレイライト,田中有紀;幸村恵理;北原沙弥香,リンクスコンティニュティ
12,2024/10/06,"THE IDOLM@STER SHINY COLORS 6.5th Anniversary LIVE ""Chapter 283"" DAY2",無自覚アプリオリ,コメティック,川口莉奈;三川華月;小澤麗那,マジックアワーオファリング
13,2024/10/06,"THE IDOLM@STER SHINY COLORS 6.5th Anniversary LIVE ""Chapter 283"" DAY2",時限式狂騒ワンダーランド,アンティーカ,礒部花凜;菅沼千紗;八巻アンナ;希水しお;結名美月,カプリシオワンダーランド
14,2024/10/06,"THE IDOLM@STER SHINY COLORS 6.5th Anniversary LIVE ""Chapter 283"" DAY2",夢が夢じゃなくなるその日まで,ノクチル,和久井優;土屋李央;田嶌紗蘭;岡咲美保,スプリンクルエアリー
15,2024/10/06,"THE IDOLM@STER SHINY COLORS 6.5th Anniversary LIVE ""Chapter 283"" DAY2",ハナサカサイサイ,放課後クライマックスガールズ,河野ひより;永井真里子;丸岡和佳奈;涼本あきほ,ドリーミンサポーター
16,2024/10/06,"THE IDOLM@STER SHINY COLORS 6.5th Anniversary LIVE ""Chapter 283"" DAY2",枕木の歌,イルミネーションスターズ,関根瞳;近藤玲奈;峯田茉優,シーユースリーパー
17,2024/10/06,"THE IDOLM@STER SHINY COLORS 6.5th Anniversary LIVE ""Chapter 283"" DAY2",アルストロメリア,アルストロメリア,黒木ほの香;前川涼子;芝崎典子,ビューティフルウェイフト
18,2024/10/06,"THE IDOLM@STER SHINY COLORS 6.5th Anniversary LIVE ""Chapter 283"" DAY2",ビーチブレイバー,放課後クライマックスガールズ,河野ひより;永井真里子;丸岡和佳奈;涼本あきほ,ドリーミンサポーター
19,2024/10/06,"THE IDOLM@STER SHINY COLORS 6.5th Anniversary LIVE ""Chapter 283"" DAY2",バベルシティ・グレイス,アンティーカ,礒部花凜;菅沼千紗;八巻アンナ;希水しお;結名美月,カプリシオワンダーランド
20,2024/10/06,"THE IDOLM@STER SHINY COLORS 6.5th Anniversary LIVE ""Chapter 283"" DAY2",Forbidden Paradise,シーズ,紫月杏朱彩;山根綺,ツイーディーハピリー
21,2024/10/06,"THE IDOLM@STER SHINY COLORS 6.5th Anniversary LIVE ""Chapter 283"" DAY2",LINKs,ストレイライト,田中有紀;幸村恵理;北原沙弥香,リンクスコンティニュティ
22,2024/10/06,"THE IDOLM@STER SHINY COLORS 6.5th Anniversary LIVE ""Chapter 283"" DAY2",明日もBeautiful Day,アルストロメリア,黒木ほの香;前川涼子;芝崎典子,ビューティフルウェイフト
23,2024/10/06,"THE IDOLM@STER SHINY COLORS 6.5th Anniversary LIVE ""Chapter 283"" DAY2",ハナムケのハナタバ,コメティック,川口莉奈;三川華月;小澤麗那,マジックアワーオファリング
24,2024/10/06,"THE IDOLM@STER SHINY COLORS 6.5th Anniversary LIVE ""Chapter 283"" DAY2",Twinkle way,イルミネーションスターズ,関根瞳;近藤玲奈;峯田茉優,シーユースリーパー
25,2024/10/06,"THE IDOLM@STER SHINY COLORS 6.5th Anniversary LIVE ""Chapter 283"" DAY2",グッバイ,ノクチル,和久井優;土屋李央;田嶌紗蘭;岡咲美保,スプリンクルエアリー
26,2024/10/06,"THE IDOLM@STER SHINY COLORS 6.5th Anniversary LIVE ""Chapter 283"" DAY2",サマーサマーオーシャンパーリィバケーション,全員,関根瞳;近藤玲奈;峯田茉優;礒部花凜;菅沼千紗;八巻アンナ;希水しお;結名美月;河野ひより;永井真里子;丸岡和佳奈;涼本あきほ;黒木ほの香;前川涼子;芝崎典子;田中有紀;幸村恵理;北原沙弥香;和久井優;土屋李央;田嶌紗蘭;岡咲美保;紫月杏朱彩;山根綺;川口莉奈;三川華月;小澤麗那,シーユースリーパー(ライブTアレンジver.);カプリシオワンダーランド(ライブTアレンジver.);ドリーミンサポーター(ライブTアレンジver.);ビューティフルウェイフト(ライブTアレンジver.);リンクスコンティニュティ(ライブTアレンジver.);スプリンクルエアリー(ライブTアレンジver.);ツイーディーハピリー(ライブTアレンジver.);マジックアワーオファリング(ライブTアレンジver.)
27,2024/10/06,"THE IDOLM@STER SHINY COLORS 6.5th Anniversary LIVE ""Chapter 283"" DAY2",Spread the Wings!!,全員,関根瞳;近藤玲奈;峯田茉優;礒部花凜;菅沼千紗;八巻アンナ;希水しお;結名美月;河野ひより;永井真里子;丸岡和佳奈;涼本あきほ;黒木ほの香;前川涼子;芝崎典子;田中有紀;幸村恵理;北原沙弥香;和久井優;土屋李央;田嶌紗蘭;岡咲美保;紫月杏朱彩;山根綺;川口莉奈;三川華月;小澤麗那,シーユースリーパー(ライブTアレンジver.);カプリシオワンダーランド(ライブTアレンジver.);ドリーミンサポーター(ライブTアレンジver.);ビューティフルウェイフト(ライブTアレンジver.);リンクスコンティニュティ(ライブTアレンジver.);スプリンクルエアリー(ライブTアレンジver.);ツイーディーハピリー(ライブTアレンジver.);マジックアワーオファリング(ライブTアレンジver.)
1,2024/10/20,THE IDOLM@STER SHINY COLORS Song for Prism Happier / 枕木の歌 / 時限式狂騒ワンダーランド / LINKs連動発売記念イベント 第一回,枕木の歌,イルミネーションスターズ,関根瞳;近藤玲奈;峯田茉優,シーユースリーパー
2,2024/10/20,THE IDOLM@STER SHINY COLORS Song for Prism Happier / 枕木の歌 / 時限式狂騒ワンダーランド / LINKs連動発売記念イベント 第一回,時限式狂騒ワンダーランド,アンティーカ,礒部花凜;菅沼千紗;八巻アンナ;希水しお;結名美月,カプリシオワンダーランド
3,2024/10/20,THE IDOLM@STER SHINY COLORS Song for Prism Happier / 枕木の歌 / 時限式狂騒ワンダーランド / LINKs連動発売記念イベント 第一回,LINKs,ストレイライト,田中有紀;幸村恵理;北原沙弥香,リンクスコンティニュティ
4,2024/10/20,THE IDOLM@STER SHINY COLORS Song for Prism Happier / 枕木の歌 / 時限式狂騒ワンダーランド / LINKs連動発売記念イベント 第一回,Happier,シーズ,紫月杏朱彩;山根綺,ツイーディーハピリー
1,2024/10/20,THE IDOLM@STER SHINY COLORS Song for Prism Happier / 枕木の歌 / 時限式狂騒ワンダーランド / LINKs連動発売記念イベント 第二回,枕木の歌,イルミネーションスターズ,関根瞳;近藤玲奈;峯田茉優,シーユースリーパー
2,2024/10/20,THE IDOLM@STER SHINY COLORS Song for Prism Happier / 枕木の歌 / 時限式狂騒ワンダーランド / LINKs連動発売記念イベント 第二回,時限式狂騒ワンダーランド,アンティーカ,礒部花凜;菅沼千紗;八巻アンナ;希水しお;結名美月,カプリシオワンダーランド
3,2024/10/20,THE IDOLM@STER SHINY COLORS Song for Prism Happier / 枕木の歌 / 時限式狂騒ワンダーランド / LINKs連動発売記念イベント 第二回,LINKs,ストレイライト,田中有紀;幸村恵理;北原沙弥香,リンクスコンティニュティ
4,2024/10/20,THE IDOLM@STER SHINY COLORS Song for Prism Happier / 枕木の歌 / 時限式狂騒ワンダーランド / LINKs連動発売記念イベント 第二回,Happier,シーズ,紫月杏朱彩;山根綺,ツイーディーハピリー
1,2024/10/27,THE IDOLM@STER SHINY COLORS ECHOES 03発売記念イベント 第一回,放課後マギア,放課後クライマックスガールズ,河野ひより;白石晴香;永井真里子;丸岡和佳奈;涼本あきほ,ドンシャンマツリバヤシ
2,2024/10/27,THE IDOLM@STER SHINY COLORS ECHOES 03発売記念イベント 第二回,放課後マギア,放課後クライマックスガールズ,河野ひより;白石晴香;永井真里子;丸岡和佳奈;涼本あきほ,ドンシャンマツリバヤシ
1,2024/11/17,THE IDOLM@STER SHINY COLORS ECHOES 04発売記念イベント 第一回,アスタラブビスタ,アルストロメリア,黒木ほの香;前川涼子;芝崎典子,ウーリーメイラースクレ
2,2024/11/17,THE IDOLM@STER SHINY COLORS ECHOES 04発売記念イベント 第二回,アスタラブビスタ,アルストロメリア,黒木ほの香;前川涼子;芝崎典子,ウーリーメイラースクレ
1,2024/11/30,THE IDOLM@STER SHINY COLORS ECHOES 06発売記念イベント 第一回,いつかのキミへ,ノクチル,和久井優;土屋李央;田嶌紗蘭;岡咲美保,クリアベルトサーフェス
2,2024/11/30,THE IDOLM@STER SHINY COLORS ECHOES 06発売記念イベント 第二回,いつかのキミへ,ノクチル,和久井優;土屋李央;田嶌紗蘭;岡咲美保,クリアベルトサーフェス
1,2024/12/14, M@STER EXPO LIVE SHOWCASE { “THE CUBE” ( 1535114 ) },いつだって僕らは,ノクチル,市川雛菜;浅倉透;樋口円香;福丸小糸,クリアマリンカーム
2,2024/12/14, M@STER EXPO LIVE SHOWCASE { “THE CUBE” ( 1535114 ) },僕らだけの未来の空,ノクチル,市川雛菜;浅倉透;樋口円香;福丸小糸,クリアマリンカーム
3,2024/12/14, M@STER EXPO LIVE SHOWCASE { “THE CUBE” ( 1535114 ) },Catch the Breeze,ノクチル,市川雛菜;浅倉透;樋口円香;福丸小糸,クリアマリンカーム
4,2024/12/14, M@STER EXPO LIVE SHOWCASE { “THE CUBE” ( 1535114 ) },Reflection,ノクチル,市川雛菜;浅倉透;樋口円香;福丸小糸,クリアマリンカーム
5,2024/12/14, M@STER EXPO LIVE SHOWCASE { “THE CUBE” ( 1535114 ) },アスファルトを鳴らして,ノクチル,市川雛菜;浅倉透;樋口円香;福丸小糸,クリアマリンカーム
6,2024/12/14, M@STER EXPO LIVE SHOWCASE { “THE CUBE” ( 1535114 ) },青とオレンジ,ノクチル,市川雛菜;浅倉透;樋口円香;福丸小糸,クリアマリンカーム
7,2024/12/14, M@STER EXPO LIVE SHOWCASE { “THE CUBE” ( 1535114 ) },Give me some more...,アルストロメリア,大崎甘奈;桑山千雪;大崎甜花,ウィッシュフルリリー
8,2024/12/14, M@STER EXPO LIVE SHOWCASE { “THE CUBE” ( 1535114 ) },パステルカラー パスカラカラー,アルストロメリア,大崎甘奈;桑山千雪;大崎甜花,ウィッシュフルリリー
9,2024/12/14, M@STER EXPO LIVE SHOWCASE { “THE CUBE” ( 1535114 ) },グラデーション,アルストロメリア,大崎甘奈;桑山千雪;大崎甜花,ウィッシュフルリリー
10,2024/12/14, M@STER EXPO LIVE SHOWCASE { “THE CUBE” ( 1535114 ) },アルストロメリア,アルストロメリア,大崎甘奈;桑山千雪;大崎甜花,ウィッシュフルリリー
11,2024/12/14, M@STER EXPO LIVE SHOWCASE { “THE CUBE” ( 1535114 ) },Spread the Wings!!,アルストロメリア;ノクチル,市川雛菜;浅倉透;樋口円香;福丸小糸;大崎甘奈;桑山千雪;大崎甜花,クリアマリンカーム;ウィッシュフルリリー
12,2024/12/14, M@STER EXPO LIVE SHOWCASE { “THE CUBE” ( 1535114 ) },星の声,アルストロメリア;ノクチル,市川雛菜;浅倉透;樋口円香;福丸小糸;大崎甘奈;桑山千雪;大崎甜花,クリアマリンカーム;ウィッシュフルリリー
1,2024/12/15,M@STER EXPO LIVE SHOWCASE { “THE CUBE” ( 6151851920 ) },アルストロメリア,アルストロメリア,大崎甘奈;桑山千雪;大崎甜花,ウィッシュフルリリー
2,2024/12/15,M@STER EXPO LIVE SHOWCASE { “THE CUBE” ( 6151851920 ) },グラデーション,アルストロメリア,大崎甘奈;桑山千雪;大崎甜花,ウィッシュフルリリー
3,2024/12/15,M@STER EXPO LIVE SHOWCASE { “THE CUBE” ( 6151851920 ) },パステルカラー パスカラカラー,アルストロメリア,大崎甘奈;桑山千雪;大崎甜花,ウィッシュフルリリー
4,2024/12/15,M@STER EXPO LIVE SHOWCASE { “THE CUBE” ( 6151851920 ) },Give me some more...,アルストロメリア,大崎甘奈;桑山千雪;大崎甜花,ウィッシュフルリリー
5,2024/12/15,M@STER EXPO LIVE SHOWCASE { “THE CUBE” ( 6151851920 ) },VERY BERRY LOVE,アルストロメリア,大崎甘奈;桑山千雪;大崎甜花,ウィッシュフルリリー
6,2024/12/15,M@STER EXPO LIVE SHOWCASE { “THE CUBE” ( 6151851920 ) },Anniversary,アルストロメリア,大崎甘奈;桑山千雪;大崎甜花,ウィッシュフルリリー
7,2024/12/15,M@STER EXPO LIVE SHOWCASE { “THE CUBE” ( 6151851920 ) },Catch the Breeze,ノクチル,市川雛菜;浅倉透;樋口円香;福丸小糸,クリアマリンカーム
8,2024/12/15,M@STER EXPO LIVE SHOWCASE { “THE CUBE” ( 6151851920 ) },いつだって僕らは,ノクチル,市川雛菜;浅倉透;樋口円香;福丸小糸,クリアマリンカーム
9,2024/12/15,M@STER EXPO LIVE SHOWCASE { “THE CUBE” ( 6151851920 ) },僕らだけの未来の空,ノクチル,市川雛菜;浅倉透;樋口円香;福丸小糸,クリアマリンカーム
10,2024/12/15,M@STER EXPO LIVE SHOWCASE { “THE CUBE” ( 6151851920 ) },Reflection,ノクチル,市川雛菜;浅倉透;樋口円香;福丸小糸,クリアマリンカーム
11,2024/12/15,M@STER EXPO LIVE SHOWCASE { “THE CUBE” ( 6151851920 ) },Spread the Wings!!,アルストロメリア;ノクチル,市川雛菜;浅倉透;樋口円香;福丸小糸;大崎甘奈;桑山千雪;大崎甜花,クリアマリンカーム;ウィッシュフルリリー
12,2024/12/15,M@STER EXPO LIVE SHOWCASE { “THE CUBE” ( 6151851920 ) },星の声,アルストロメリア;ノクチル,市川雛菜;浅倉透;樋口円香;福丸小糸;大崎甘奈;桑山千雪;大崎甜花,クリアマリンカーム;ウィッシュフルリリー
1,2025/01/11,283 Production LIVE Performance [liminal;marginal;eternal] [never;1],無垢,ソロ,鈴木羽那,コメティックノート
2,2025/01/11,283 Production LIVE Performance [liminal;marginal;eternal] [never;1],くだらないや,コメティック,斑鳩ルカ;鈴木羽那;郁田はるき,コメティックノート
3,2025/01/11,283 Production LIVE Performance [liminal;marginal;eternal] [never;1],平行線の美学,コメティック,斑鳩ルカ;鈴木羽那;郁田はるき,コメティックノート
4,2025/01/11,283 Production LIVE Performance [liminal;marginal;eternal] [never;1],ハナムケのハナタバ,コメティック,斑鳩ルカ;鈴木羽那;郁田はるき,コメティックノート
5,2025/01/11,283 Production LIVE Performance [liminal;marginal;eternal] [never;1],夢模様キャンバス,ソロ,郁田はるき,コメティックノート
6,2025/01/11,283 Production LIVE Performance [liminal;marginal;eternal] [never;1],フェアリー・ガール,ソロ,七草にちか,シルキージェムシリカ
7,2025/01/11,283 Production LIVE Performance [liminal;marginal;eternal] [never;1],Happier,シーズ,七草にちか;緋田美琴,シルキージェムシリカ
8,2025/01/11,283 Production LIVE Performance [liminal;marginal;eternal] [never;1],After Run,シーズ,七草にちか;緋田美琴,シルキージェムシリカ
9,2025/01/11,283 Production LIVE Performance [liminal;marginal;eternal] [never;1],OH MY GOD,シーズ,七草にちか;緋田美琴,シルキージェムシリカ
10,2025/01/11,283 Production LIVE Performance [liminal;marginal;eternal] [never;1],Monochromatic,シーズ,七草にちか;緋田美琴,シルキージェムシリカ
11,2025/01/11,283 Production LIVE Performance [liminal;marginal;eternal] [never;1],Fly and Fly,シーズ,七草にちか;緋田美琴,シルキージェムシリカ
12,2025/01/11,283 Production LIVE Performance [liminal;marginal;eternal] [never;1],Bouncy Girl,シーズ,七草にちか;緋田美琴,シルキージェムシリカ
13,2025/01/11,283 Production LIVE Performance [liminal;marginal;eternal] [never;1],White Story,シーズ,七草にちか;緋田美琴,シルキージェムシリカ
14,2025/01/11,283 Production LIVE Performance [liminal;marginal;eternal] [never;1],Look up to the sky,ソロ,緋田美琴,シルキージェムシリカ
15,2025/01/11,283 Production LIVE Performance [liminal;marginal;eternal] [never;1],星の声,シーズ;コメティック,七草にちか;緋田美琴;斑鳩ルカ;鈴木羽那;郁田はるき,シルキージェムシリカ;コメティックノート
16,2025/01/11,283 Production LIVE Performance [liminal;marginal;eternal] [never;1],愛なView,シーズ;コメティック,七草にちか;緋田美琴;斑鳩ルカ;鈴木羽那;郁田はるき,シルキージェムシリカ;コメティックノート
17,2025/01/11,283 Production LIVE Performance [liminal;marginal;eternal] [never;1],神様は死んだ、って,ソロ,斑鳩ルカ,コメティックノート
18,2025/01/11,283 Production LIVE Performance [liminal;marginal;eternal] [never;1],Heads or Tails?,コメティック,斑鳩ルカ;鈴木羽那;郁田はるき,コメティックノート
19,2025/01/11,283 Production LIVE Performance [liminal;marginal;eternal] [never;1],無自覚アプリオリ,コメティック,斑鳩ルカ;鈴木羽那;郁田はるき,コメティックノート
20,2025/01/11,283 Production LIVE Performance [liminal;marginal;eternal] [never;1],C'mon! Join Us,混合,鈴木羽那;郁田はるき,コメティックノート
1,2025/01/11,283 Production LIVE Performance [liminal;marginal;eternal] [odd;2],夢模様キャンバス,ソロ,郁田はるき,コメティックノート
2,2025/01/11,283 Production LIVE Performance [liminal;marginal;eternal] [odd;2],くだらないや,コメティック,斑鳩ルカ;鈴木羽那;郁田はるき,コメティックノート
3,2025/01/11,283 Production LIVE Performance [liminal;marginal;eternal] [odd;2],平行線の美学,コメティック,斑鳩ルカ;鈴木羽那;郁田はるき,コメティックノート
4,2025/01/11,283 Production LIVE Performance [liminal;marginal;eternal] [odd;2],ハナムケのハナタバ,コメティック,斑鳩ルカ;鈴木羽那;郁田はるき,コメティックノート
5,2025/01/11,283 Production LIVE Performance [liminal;marginal;eternal] [odd;2],無垢,ソロ,鈴木羽那,コメティックノート
6,2025/01/11,283 Production LIVE Performance [liminal;marginal;eternal] [odd;2],Look up to the sky,ソロ,緋田美琴,シルキージェムシリカ
7,2025/01/11,283 Production LIVE Performance [liminal;marginal;eternal] [odd;2],Happier,シーズ,七草にちか;緋田美琴,シルキージェムシリカ
8,2025/01/11,283 Production LIVE Performance [liminal;marginal;eternal] [odd;2],After Run,シーズ,七草にちか;緋田美琴,シルキージェムシリカ
9,2025/01/11,283 Production LIVE Performance [liminal;marginal;eternal] [odd;2],OH MY GOD,シーズ,七草にちか;緋田美琴,シルキージェムシリカ
10,2025/01/11,283 Production LIVE Performance [liminal;marginal;eternal] [odd;2],Monochromatic,シーズ,七草にちか;緋田美琴,シルキージェムシリカ
11,2025/01/11,283 Production LIVE Performance [liminal;marginal;eternal] [odd;2],Fly and Fly,シーズ,七草にちか,シルキージェムシリカ
12,2025/01/11,283 Production LIVE Performance [liminal;marginal;eternal] [odd;2],Bouncy Girl,シーズ,七草にちか,シルキージェムシリカ
13,2025/01/11,283 Production LIVE Performance [liminal;marginal;eternal] [odd;2],White Story,シーズ,七草にちか,シルキージェムシリカ
14,2025/01/11,283 Production LIVE Performance [liminal;marginal;eternal] [odd;2],フェアリー・ガール,ソロ,七草にちか,シルキージェムシリカ
15,2025/01/11,283 Production LIVE Performance [liminal;marginal;eternal] [odd;2],愛なView,シーズ;コメティック,七草にちか;斑鳩ルカ;鈴木羽那;郁田はるき,シルキージェムシリカ;コメティックノート
16,2025/01/11,283 Production LIVE Performance [liminal;marginal;eternal] [odd;2],星の声,シーズ;コメティック,七草にちか;斑鳩ルカ;鈴木羽那;郁田はるき,シルキージェムシリカ;コメティックノート
17,2025/01/11,283 Production LIVE Performance [liminal;marginal;eternal] [odd;2],神様は死んだ、って,ソロ,斑鳩ルカ,コメティックノート
18,2025/01/11,283 Production LIVE Performance [liminal;marginal;eternal] [odd;2],Heads or Tails?,コメティック,斑鳩ルカ;鈴木羽那;郁田はるき,コメティックノート
19,2025/01/11,283 Production LIVE Performance [liminal;marginal;eternal] [odd;2],無自覚アプリオリ,コメティック,斑鳩ルカ;鈴木羽那;郁田はるき,コメティックノート
20,2025/01/11,283 Production LIVE Performance [liminal;marginal;eternal] [odd;2],C'mon! Join Us,混合,鈴木羽那;郁田はるき,コメティックノート
1,2025/01/12,283 Production LIVE Performance [liminal;marginal;eternal] [or;3],夢模様キャンバス,ソロ,郁田はるき,コメティックノート
2,2025/01/12,283 Production LIVE Performance [liminal;marginal;eternal] [or;3],くだらないや,コメティック,斑鳩ルカ;鈴木羽那;郁田はるき,コメティックノート
3,2025/01/12,283 Production LIVE Performance [liminal;marginal;eternal] [or;3],平行線の美学,コメティック,斑鳩ルカ;鈴木羽那;郁田はるき,コメティックノート
4,2025/01/12,283 Production LIVE Performance [liminal;marginal;eternal] [or;3],ハナムケのハナタバ,コメティック,斑鳩ルカ;鈴木羽那;郁田はるき,コメティックノート
5,2025/01/12,283 Production LIVE Performance [liminal;marginal;eternal] [or;3],無垢,ソロ,鈴木羽那,コメティックノート
6,2025/01/12,283 Production LIVE Performance [liminal;marginal;eternal] [or;3],フェアリー・ガール,ソロ,七草にちか,シルキージェムシリカ
7,2025/01/12,283 Production LIVE Performance [liminal;marginal;eternal] [or;3],Fly and Fly,シーズ,七草にちか,シルキージェムシリカ
8,2025/01/12,283 Production LIVE Performance [liminal;marginal;eternal] [or;3],Bouncy Girl,シーズ,七草にちか,シルキージェムシリカ
9,2025/01/12,283 Production LIVE Performance [liminal;marginal;eternal] [or;3],White Story,シーズ,七草にちか,シルキージェムシリカ
10,2025/01/12,283 Production LIVE Performance [liminal;marginal;eternal] [or;3],Shiny Stories,混合,斑鳩ルカ;七草にちか,シルキージェムシリカ;コメティックノート
11,2025/01/12,283 Production LIVE Performance [liminal;marginal;eternal] [or;3],神様は死んだ、って,ソロ,斑鳩ルカ,コメティックノート
12,2025/01/12,283 Production LIVE Performance [liminal;marginal;eternal] [or;3],泥濘鳴鳴,コメティック,斑鳩ルカ;鈴木羽那;郁田はるき,コメティックノート
13,2025/01/12,283 Production LIVE Performance [liminal;marginal;eternal] [or;3],無自覚アプリオリ,コメティック,斑鳩ルカ;鈴木羽那;郁田はるき,コメティックノート
14,2025/01/12,283 Production LIVE Performance [liminal;marginal;eternal] [or;3],Heads or Tails?,コメティック,斑鳩ルカ;鈴木羽那;郁田はるき,コメティックノート
15,2025/01/12,283 Production LIVE Performance [liminal;marginal;eternal] [or;3],星の声,シーズ;コメティック,七草にちか;緋田美琴;斑鳩ルカ;鈴木羽那;郁田はるき,シルキージェムシリカ;コメティックノート
16,2025/01/12,283 Production LIVE Performance [liminal;marginal;eternal] [or;3],Fashionable,シーズ,七草にちか;緋田美琴,シルキージェムシリカ
17,2025/01/12,283 Production LIVE Performance [liminal;marginal;eternal] [or;3],OH MY GOD,シーズ,七草にちか;緋田美琴,シルキージェムシリカ
18,2025/01/12,283 Production LIVE Performance [liminal;marginal;eternal] [or;3],Happier,シーズ,七草にちか;緋田美琴,シルキージェムシリカ
19,2025/01/12,283 Production LIVE Performance [liminal;marginal;eternal] [or;3],Look up to the sky,ソロ,緋田美琴,シルキージェムシリカ
20,2025/01/12,283 Production LIVE Performance [liminal;marginal;eternal] [or;3],愛なView,シーズ;コメティック,七草にちか;緋田美琴;斑鳩ルカ;鈴木羽那;郁田はるき,シルキージェムシリカ;コメティックノート
1,2025/01/12,283 Production LIVE Performance [liminal;marginal;eternal] [even;4],無垢,ソロ,鈴木羽那,コメティックノート
2,2025/01/12,283 Production LIVE Performance [liminal;marginal;eternal] [even;4],くだらないや,コメティック,斑鳩ルカ;鈴木羽那;郁田はるき,コメティックノート
3,2025/01/12,283 Production LIVE Performance [liminal;marginal;eternal] [even;4],平行線の美学,コメティック,斑鳩ルカ;鈴木羽那;郁田はるき,コメティックノート
4,2025/01/12,283 Production LIVE Performance [liminal;marginal;eternal] [even;4],ハナムケのハナタバ,コメティック,斑鳩ルカ;鈴木羽那;郁田はるき,コメティックノート
5,2025/01/12,283 Production LIVE Performance [liminal;marginal;eternal] [even;4],夢模様キャンバス,ソロ,郁田はるき,コメティックノート
6,2025/01/12,283 Production LIVE Performance [liminal;marginal;eternal] [even;4],Look up to the sky,ソロ,緋田美琴,シルキージェムシリカ
7,2025/01/12,283 Production LIVE Performance [liminal;marginal;eternal] [even;4],Fly and Fly,シーズ,七草にちか;緋田美琴,シルキージェムシリカ
8,2025/01/12,283 Production LIVE Performance [liminal;marginal;eternal] [even;4],Bouncy Girl,シーズ,七草にちか;緋田美琴,シルキージェムシリカ
9,2025/01/12,283 Production LIVE Performance [liminal;marginal;eternal] [even;4],White Story,シーズ,七草にちか;緋田美琴,シルキージェムシリカ
10,2025/01/12,283 Production LIVE Performance [liminal;marginal;eternal] [even;4],Shiny Stories,混合,斑鳩ルカ;七草にちか,シルキージェムシリカ;コメティックノート
11,2025/01/12,283 Production LIVE Performance [liminal;marginal;eternal] [even;4],神様は死んだ、って,ソロ,斑鳩ルカ,コメティックノート
12,2025/01/12,283 Production LIVE Performance [liminal;marginal;eternal] [even;4],泥濘鳴鳴,コメティック,斑鳩ルカ;鈴木羽那;郁田はるき,コメティックノート
13,2025/01/12,283 Production LIVE Performance [liminal;marginal;eternal] [even;4],無自覚アプリオリ,コメティック,斑鳩ルカ;鈴木羽那;郁田はるき,コメティックノート
14,2025/01/12,283 Production LIVE Performance [liminal;marginal;eternal] [even;4],Heads or Tails?,コメティック,斑鳩ルカ;鈴木羽那;郁田はるき,コメティックノート
15,2025/01/12,283 Production LIVE Performance [liminal;marginal;eternal] [even;4],星の声,シーズ;コメティック,七草にちか;緋田美琴;斑鳩ルカ;鈴木羽那;郁田はるき,シルキージェムシリカ;コメティックノート
16,2025/01/12,283 Production LIVE Performance [liminal;marginal;eternal] [even;4],Fashionable,シーズ,七草にちか;緋田美琴,シルキージェムシリカ
17,2025/01/12,283 Production LIVE Performance [liminal;marginal;eternal] [even;4],OH MY GOD,シーズ,七草にちか;緋田美琴,シルキージェムシリカ
18,2025/01/12,283 Production LIVE Performance [liminal;marginal;eternal] [even;4],Happier,シーズ,七草にちか;緋田美琴,シルキージェムシリカ
19,2025/01/12,283 Production LIVE Performance [liminal;marginal;eternal] [even;4],フェアリー・ガール,ソロ,七草にちか,シルキージェムシリカ
20,2025/01/12,283 Production LIVE Performance [liminal;marginal;eternal] [even;4],愛なView,シーズ;コメティック,七草にちか;緋田美琴;斑鳩ルカ;鈴木羽那;郁田はるき,シルキージェムシリカ;コメティックノート
21,2025/01/12,283 Production LIVE Performance [liminal;marginal;eternal] [even;4],1/3,ソロ,斑鳩ルカ,コメティックノート
1,2025/01/18,THE IDOLM@STER SHINY COLORS ECHOES 05発売記念イベント 第一回,Cyber Parkour,ストレイライト,田中有紀;幸村恵理;北原沙弥香,スケルトンオーヴァドライブ
2,2025/01/18,THE IDOLM@STER SHINY COLORS ECHOES 05発売記念イベント 第二回,Cyber Parkour,ストレイライト,田中有紀;幸村恵理;北原沙弥香,スケルトンオーヴァドライブ
1,2025/01/19,THE IDOLM@STER SHINY COLORS ECHOES 07発売記念イベント 第一回,Monochromatic,シーズ,紫月杏朱彩;山根綺,フォービドゥンシンシアリ
2,2025/01/19,THE IDOLM@STER SHINY COLORS ECHOES 07発売記念イベント 第二回,Monochromatic,シーズ,紫月杏朱彩;山根綺,フォービドゥンシンシアリ
1,2025/01/25,リスアニ！LIVE 2025 SATURDAY STAGE,Give me some more...,アルストロメリア,黒木ほの香;前川涼子;芝崎典子,ウーリーメイラースクレ
2,2025/01/25,リスアニ！LIVE 2025 SATURDAY STAGE,パステルカラー パスカラカラー,アルストロメリア,黒木ほの香;前川涼子;芝崎典子,ウーリーメイラースクレ
3,2025/01/25,リスアニ！LIVE 2025 SATURDAY STAGE,アルストロメリア,アルストロメリア,黒木ほの香;前川涼子;芝崎典子,ウーリーメイラースクレ
4,2025/01/25,リスアニ！LIVE 2025 SATURDAY STAGE,メッセージ,アルストロメリア,黒木ほの香;前川涼子;芝崎典子,ウーリーメイラースクレ
1,2025/01/26,リスアニ！LIVE 2025 リスアニ！LIVE 2025 SUNDAY STAGE,Imitation Ghost,ストレイライト,田中有紀;幸村恵理;北原沙弥香,スケルトンオーヴァドライブ
2,2025/01/26,リスアニ！LIVE 2025 リスアニ！LIVE 2025 SUNDAY STAGE,Timeless Shooting Star,ストレイライト,田中有紀;幸村恵理;北原沙弥香,スケルトンオーヴァドライブ
3,2025/01/26,リスアニ！LIVE 2025 リスアニ！LIVE 2025 SUNDAY STAGE,LINKs,ストレイライト,田中有紀;幸村恵理;北原沙弥香,スケルトンオーヴァドライブ
4,2025/01/26,リスアニ！LIVE 2025 リスアニ！LIVE 2025 SUNDAY STAGE,Wandering Dream Chaser,ストレイライト,田中有紀;幸村恵理;北原沙弥香,スケルトンオーヴァドライブ
5,2025/01/26,リスアニ！LIVE 2025 リスアニ！LIVE 2025 SUNDAY STAGE,ONE STAR,ストレイライト;小宮果穂;その他,田中有紀;幸村恵理;北原沙弥香;河野ひより;その他,スケルトンオーヴァドライブ;ギャラクティックシリーズ
1,2025/02/01,THE IDOLM@STER SHINY COLORS ECHOES 01発売記念イベント 第一回,STARRY PLACE,イルミネーションスターズ,関根瞳;近藤玲奈;峯田茉優,ワンツーマーチングパレード
2,2025/02/01,THE IDOLM@STER SHINY COLORS ECHOES 01発売記念イベント 第二回,STARRY PLACE,イルミネーションスターズ,関根瞳;近藤玲奈;峯田茉優,ワンツーマーチングパレード
1,2025/02/02,THE IDOLM@STER SHINY COLORS ECHOES 08発売記念イベント 第一回,泥濘鳴鳴,コメティック,川口莉奈;三川華月;小澤麗那,コメティックノート
2,2025/02/02,THE IDOLM@STER SHINY COLORS ECHOES 08発売記念イベント 第二回,泥濘鳴鳴,コメティック,川口莉奈;三川華月;小澤麗那,コメティックノート
1,2025/03/01,THE IDOLM@STER SHINY COLORS 2nd season LIVE Over the prism DAY1,プリズムフレア,全員,関根瞳;近藤玲奈;峯田茉優;菅沼千紗;八巻アンナ;希水しお;結名美月;河野ひより;永井真里子;丸岡和佳奈;涼本あきほ;黒木ほの香;前川涼子;芝崎典子;田中有紀;幸村恵理;北原沙弥香;和久井優;土屋李央;田嶌紗蘭,オーバー ザ プリズム
2,2025/03/01,THE IDOLM@STER SHINY COLORS 2nd season LIVE Over the prism DAY1,Wandering Dream Chaser,ストレイライト,田中有紀;幸村恵理;北原沙弥香,オーバー ザ プリズム
3,2025/03/01,THE IDOLM@STER SHINY COLORS 2nd season LIVE Over the prism DAY1,abyss of conflict,アンティーカ,菅沼千紗;八巻アンナ;希水しお;結名美月,オーバー ザ プリズム
4,2025/03/01,THE IDOLM@STER SHINY COLORS 2nd season LIVE Over the prism DAY1,トライアングル,イルミネーションスターズ,関根瞳;近藤玲奈;峯田茉優,オーバー ザ プリズム
5,2025/03/01,THE IDOLM@STER SHINY COLORS 2nd season LIVE Over the prism DAY1,よりみちサンセット,放課後クライマックスガールズ,河野ひより;永井真里子;丸岡和佳奈;涼本あきほ,オーバー ザ プリズム
6,2025/03/01,THE IDOLM@STER SHINY COLORS 2nd season LIVE Over the prism DAY1,いつだって僕らは,ノクチル,和久井優;土屋李央;田嶌紗蘭,オーバー ザ プリズム
7,2025/03/01,THE IDOLM@STER SHINY COLORS 2nd season LIVE Over the prism DAY1,With you,アルストロメリア,黒木ほの香;前川涼子;芝崎典子,オーバー ザ プリズム
8,2025/03/01,THE IDOLM@STER SHINY COLORS 2nd season LIVE Over the prism DAY1,愚者の独白,アンティーカ,菅沼千紗;八巻アンナ;希水しお;結名美月,オーバー ザ プリズム
9,2025/03/01,THE IDOLM@STER SHINY COLORS 2nd season LIVE Over the prism DAY1,Imitation Ghost,ストレイライト,田中有紀;幸村恵理;北原沙弥香,オーバー ザ プリズム
10,2025/03/01,THE IDOLM@STER SHINY COLORS 2nd season LIVE Over the prism DAY1,星が流れて,イルミネーションスターズ,関根瞳;近藤玲奈;峯田茉優,オーバー ザ プリズム
11,2025/03/01,THE IDOLM@STER SHINY COLORS 2nd season LIVE Over the prism DAY1,グラデーション,アルストロメリア,黒木ほの香;前川涼子;芝崎典子,オーバー ザ プリズム
12,2025/03/01,THE IDOLM@STER SHINY COLORS 2nd season LIVE Over the prism DAY1,VERY BERRY LOVE,アルストロメリア,黒木ほの香;前川涼子;芝崎典子,オーバー ザ プリズム
13,2025/03/01,THE IDOLM@STER SHINY COLORS 2nd season LIVE Over the prism DAY1,Future Designer,ストレイライト,田中有紀;幸村恵理;北原沙弥香,オーバー ザ プリズム
14,2025/03/01,THE IDOLM@STER SHINY COLORS 2nd season LIVE Over the prism DAY1,拝啓タイムカプセル,放課後クライマックスガールズ,河野ひより;永井真里子;丸岡和佳奈;涼本あきほ,オーバー ザ プリズム
15,2025/03/01,THE IDOLM@STER SHINY COLORS 2nd season LIVE Over the prism DAY1,僕らだけの未来の空,ノクチル,和久井優;土屋李央;田嶌紗蘭,オーバー ザ プリズム
16,2025/03/01,THE IDOLM@STER SHINY COLORS 2nd season LIVE Over the prism DAY1,今しかない瞬間を,ノクチル,和久井優;土屋李央;田嶌紗蘭,オーバー ザ プリズム
17,2025/03/01,THE IDOLM@STER SHINY COLORS 2nd season LIVE Over the prism DAY1,未来へのSign,ノクチル,和久井優;土屋李央;田嶌紗蘭,オーバー ザ プリズム
18,2025/03/01,THE IDOLM@STER SHINY COLORS 2nd season LIVE Over the prism DAY1,Midnight parade!,ナイトウィッチ,菅沼千紗;八巻アンナ;丸岡和佳奈;前川涼子;北原沙弥香,ライブT(アレンジver.)
19,2025/03/01,THE IDOLM@STER SHINY COLORS 2nd season LIVE Over the prism DAY1,Dye the sky.,ナイトウィッチ,菅沼千紗;八巻アンナ;丸岡和佳奈;前川涼子;北原沙弥香,ライブT(アレンジver.)
20,2025/03/01,THE IDOLM@STER SHINY COLORS 2nd season LIVE Over the prism DAY1,Daybreak Age,ポップゾンビ,近藤玲奈;涼本あきほ;田中有紀,ライブT(アレンジver.)
21,2025/03/01,THE IDOLM@STER SHINY COLORS 2nd season LIVE Over the prism DAY1,SWEET♡STEP,スイートアニマル,関根瞳;結名美月;芝崎典子;幸村恵理,ライブT(アレンジver.)
22,2025/03/01,THE IDOLM@STER SHINY COLORS 2nd season LIVE Over the prism DAY1,Let's get a chance,ジョイフルデビル,峯田茉優;希水しお;河野ひより;永井真里子;黒木ほの香,ライブT(アレンジver.)
23,2025/03/01,THE IDOLM@STER SHINY COLORS 2nd season LIVE Over the prism DAY1,CANDY UNIVERSE,ジョイフルデビル,峯田茉優;希水しお;河野ひより;永井真里子;黒木ほの香,ライブT(アレンジver.)
24,2025/03/01,THE IDOLM@STER SHINY COLORS 2nd season LIVE Over the prism DAY1,Poison Berry Daughters,スイートアニマル;ポップゾンビ;ナイトウィッチ;ジョイフルデビル,関根瞳;結名美月;芝崎典子;幸村恵理;近藤玲奈;涼本あきほ;田中有紀;菅沼千紗;八巻アンナ;丸岡和佳奈;前川涼子;北原沙弥香;峯田茉優;希水しお;河野ひより;永井真里子;黒木ほの香,ライブT(アレンジver.)
25,2025/03/01,THE IDOLM@STER SHINY COLORS 2nd season LIVE Over the prism DAY1,Multicolored Sky,全員,関根瞳;近藤玲奈;峯田茉優;菅沼千紗;八巻アンナ;希水しお;結名美月;河野ひより;永井真里子;丸岡和佳奈;涼本あきほ;黒木ほの香;前川涼子;芝崎典子;田中有紀;幸村恵理;北原沙弥香;和久井優;土屋李央;田嶌紗蘭,オーバー ザ プリズム
26,2025/03/01,THE IDOLM@STER SHINY COLORS 2nd season LIVE Over the prism DAY1,ツバサグラビティ,全員,関根瞳;近藤玲奈;峯田茉優;菅沼千紗;八巻アンナ;希水しお;結名美月;河野ひより;永井真里子;丸岡和佳奈;涼本あきほ;黒木ほの香;前川涼子;芝崎典子;田中有紀;幸村恵理;北原沙弥香;和久井優;土屋李央;田嶌紗蘭,オーバー ザ プリズム
1,2025/03/02,THE IDOLM@STER SHINY COLORS 2nd season LIVE Over the prism DAY2,Poison Berry Daughters,スイートアニマル;ポップゾンビ;ナイトウィッチ;ジョイフルデビル,関根瞳;結名美月;白石晴香;芝崎典子;幸村恵理;近藤玲奈;礒部花凜;涼本あきほ;田中有紀;菅沼千紗;八巻アンナ;丸岡和佳奈;前川涼子;北原沙弥香;峯田茉優;希水しお;河野ひより;永井真里子;黒木ほの香,ライブT(アレンジver.)
2,2025/03/02,THE IDOLM@STER SHINY COLORS 2nd season LIVE Over the prism DAY2,ねぇ、ねぇ、ねぇ,スイートアニマル,関根瞳;結名美月;白石晴香;芝崎典子;幸村恵理,ライブT(アレンジver.)
3,2025/03/02,THE IDOLM@STER SHINY COLORS 2nd season LIVE Over the prism DAY2,SWEET♡STEP,スイートアニマル,関根瞳;結名美月;白石晴香;芝崎典子;幸村恵理,ライブT(アレンジver.)
4,2025/03/02,THE IDOLM@STER SHINY COLORS 2nd season LIVE Over the prism DAY2,Dye the sky.,ナイトウィッチ,菅沼千紗;八巻アンナ;丸岡和佳奈;前川涼子;北原沙弥香,ライブT(アレンジver.)
5,2025/03/02,THE IDOLM@STER SHINY COLORS 2nd season LIVE Over the prism DAY2,Let's get a chance,ジョイフルデビル,峯田茉優;希水しお;河野ひより;永井真里子;黒木ほの香,ライブT(アレンジver.)
6,2025/03/02,THE IDOLM@STER SHINY COLORS 2nd season LIVE Over the prism DAY2,Daybreak Age,ポップゾンビ,近藤玲奈;礒部花凜;涼本あきほ;田中有紀,ライブT(アレンジver.)
7,2025/03/02,THE IDOLM@STER SHINY COLORS 2nd season LIVE Over the prism DAY2,OPEN the New world,ポップゾンビ,近藤玲奈;礒部花凜;涼本あきほ;田中有紀,ライブT(アレンジver.)
8,2025/03/02,THE IDOLM@STER SHINY COLORS 2nd season LIVE Over the prism DAY2,いつだって僕らは,ノクチル,和久井優;土屋李央;田嶌紗蘭,オーバー ザ プリズム
9,2025/03/02,THE IDOLM@STER SHINY COLORS 2nd season LIVE Over the prism DAY2,グラデーション,アルストロメリア,黒木ほの香;前川涼子;芝崎典子,オーバー ザ プリズム
10,2025/03/02,THE IDOLM@STER SHINY COLORS 2nd season LIVE Over the prism DAY2,星が流れて,イルミネーションスターズ,関根瞳;近藤玲奈;峯田茉優,オーバー ザ プリズム
11,2025/03/02,THE IDOLM@STER SHINY COLORS 2nd season LIVE Over the prism DAY2,愚者の独白,アンティーカ,礒部花凜;菅沼千紗;八巻アンナ;希水しお;結名美月,オーバー ザ プリズム
12,2025/03/02,THE IDOLM@STER SHINY COLORS 2nd season LIVE Over the prism DAY2,Imitation Ghost,ストレイライト,田中有紀;幸村恵理;北原沙弥香,オーバー ザ プリズム
13,2025/03/02,THE IDOLM@STER SHINY COLORS 2nd season LIVE Over the prism DAY2,今しかない瞬間を,ノクチル,和久井優;土屋李央;田嶌紗蘭,オーバー ザ プリズム
14,2025/03/02,THE IDOLM@STER SHINY COLORS 2nd season LIVE Over the prism DAY2,さあ舞い上がれ,放課後クライマックスガールズ,河野ひより;白石晴香;永井真里子;丸岡和佳奈;涼本あきほ,オーバー ザ プリズム
15,2025/03/02,THE IDOLM@STER SHINY COLORS 2nd season LIVE Over the prism DAY2,よりみちサンセット,放課後クライマックスガールズ,河野ひより;白石晴香;永井真里子;丸岡和佳奈;涼本あきほ,オーバー ザ プリズム
16,2025/03/02,THE IDOLM@STER SHINY COLORS 2nd season LIVE Over the prism DAY2,abyss of conflict,アンティーカ,礒部花凜;菅沼千紗;八巻アンナ;希水しお;結名美月,オーバー ザ プリズム
17,2025/03/02,THE IDOLM@STER SHINY COLORS 2nd season LIVE Over the prism DAY2,Wandering Dream Chaser,ストレイライト,田中有紀;幸村恵理;北原沙弥香,オーバー ザ プリズム
18,2025/03/02,THE IDOLM@STER SHINY COLORS 2nd season LIVE Over the prism DAY2,VERY BERRY LOVE,アルストロメリア,黒木ほの香;前川涼子;芝崎典子,オーバー ザ プリズム
19,2025/03/02,THE IDOLM@STER SHINY COLORS 2nd season LIVE Over the prism DAY2,拝啓タイムカプセル,放課後クライマックスガールズ,河野ひより;白石晴香;永井真里子;丸岡和佳奈;涼本あきほ,オーバー ザ プリズム
20,2025/03/02,THE IDOLM@STER SHINY COLORS 2nd season LIVE Over the prism DAY2,橙より未来,アンティーカ,礒部花凜;菅沼千紗;八巻アンナ;希水しお;結名美月,オーバー ザ プリズム
21,2025/03/02,THE IDOLM@STER SHINY COLORS 2nd season LIVE Over the prism DAY2,僕らだけの未来の空,ノクチル,和久井優;土屋李央;田嶌紗蘭,オーバー ザ プリズム
22,2025/03/02,THE IDOLM@STER SHINY COLORS 2nd season LIVE Over the prism DAY2,トライアングル,イルミネーションスターズ,関根瞳;近藤玲奈;峯田茉優,オーバー ザ プリズム
23,2025/03/02,THE IDOLM@STER SHINY COLORS 2nd season LIVE Over the prism DAY2,プリズムフレア,全員,関根瞳;近藤玲奈;峯田茉優;礒部花凜;菅沼千紗;八巻アンナ;希水しお;結名美月;河野ひより;白石晴香;永井真里子;丸岡和佳奈;涼本あきほ;黒木ほの香;前川涼子;芝崎典子;田中有紀;幸村恵理;北原沙弥香;和久井優;土屋李央;田嶌紗蘭,オーバー ザ プリズム
24,2025/03/02,THE IDOLM@STER SHINY COLORS 2nd season LIVE Over the prism DAY2,星の数だけ,イルミネーションスターズ,関根瞳;近藤玲奈;峯田茉優,オーバー ザ プリズム
25,2025/03/02,THE IDOLM@STER SHINY COLORS 2nd season LIVE Over the prism DAY2,ツバサグラビティ,全員,関根瞳;近藤玲奈;峯田茉優;礒部花凜;菅沼千紗;八巻アンナ;希水しお;結名美月;河野ひより;白石晴香;永井真里子;丸岡和佳奈;涼本あきほ;黒木ほの香;前川涼子;芝崎典子;田中有紀;幸村恵理;北原沙弥香;和久井優;土屋李央;田嶌紗蘭,オーバー ザ プリズム
26,2025/03/02,THE IDOLM@STER SHINY COLORS 2nd season LIVE Over the prism DAY2,想像のつばさ,ソロ,関根瞳,櫻木真乃 制服
1,2025/03/12,MUSIC SCENE SPECIAL LIVE,Wandering Dream Chaser,ストレイライト,黛冬優子;芹沢あさひ;和泉愛依,ネオンライトロマンサー
2,2025/03/12,MUSIC SCENE SPECIAL LIVE,Hide & Attack,ソロ,芹沢あさひ,ネオンライトロマンサー
3,2025/03/12,MUSIC SCENE SPECIAL LIVE,Another Rampage,ソロ,黛冬優子,ネオンライトロマンサー
4,2025/03/12,MUSIC SCENE SPECIAL LIVE,Timeless Shooting Star,ソロ,和泉愛依,ネオンライトロマンサー
5,2025/03/12,MUSIC SCENE SPECIAL LIVE,Transcending The World,ストレイライト,黛冬優子;芹沢あさひ;和泉愛依,ネオンライトロマンサー
6,2025/03/12,MUSIC SCENE SPECIAL LIVE,Ambitious Eve,ストレイライト,黛冬優子;芹沢あさひ;和泉愛依,ネオンライトロマンサー
7,2025/03/12,MUSIC SCENE SPECIAL LIVE,LINKs,ストレイライト,黛冬優子;芹沢あさひ;和泉愛依,ネオンライトロマンサー
1,2025/04/12,THE IDOLM@STER SHINY COLORS Song for Prism 裸足じゃイラレナイ / 明日もBeautiful Day / ハナムケのハナタバ / 青空連動発売記念イベント 第一回,裸足じゃイラレナイ,放課後クライマックスガールズ,河野ひより;白石晴香;丸岡和佳奈;涼本あきほ,ドリーミンサポーター
2,2025/04/12,THE IDOLM@STER SHINY COLORS Song for Prism 裸足じゃイラレナイ / 明日もBeautiful Day / ハナムケのハナタバ / 青空連動発売記念イベント 第一回,明日もBeautiful Day,アルストロメリア,黒木ほの香;前川涼子;芝崎典子,ビューティフルウェイフト
3,2025/04/12,THE IDOLM@STER SHINY COLORS Song for Prism 裸足じゃイラレナイ / 明日もBeautiful Day / ハナムケのハナタバ / 青空連動発売記念イベント 第一回,青空,ノクチル,和久井優;土屋李央;田嶌紗蘭;岡咲美保,スプリンクルエアリー
4,2025/04/12,THE IDOLM@STER SHINY COLORS Song for Prism 裸足じゃイラレナイ / 明日もBeautiful Day / ハナムケのハナタバ / 青空連動発売記念イベント 第一回,ハナムケのハナタバ,コメティック,川口莉奈;三川華月;小澤麗那,マジックアワーオファリング
1,2025/04/12,THE IDOLM@STER SHINY COLORS Song for Prism 裸足じゃイラレナイ / 明日もBeautiful Day / ハナムケのハナタバ / 青空連動発売記念イベント 第二回,裸足じゃイラレナイ,放課後クライマックスガールズ,河野ひより;白石晴香;丸岡和佳奈;涼本あきほ,ドリーミンサポーター
2,2025/04/12,THE IDOLM@STER SHINY COLORS Song for Prism 裸足じゃイラレナイ / 明日もBeautiful Day / ハナムケのハナタバ / 青空連動発売記念イベント 第二回,明日もBeautiful Day,アルストロメリア,黒木ほの香;前川涼子;芝崎典子,ビューティフルウェイフト
3,2025/04/12,THE IDOLM@STER SHINY COLORS Song for Prism 裸足じゃイラレナイ / 明日もBeautiful Day / ハナムケのハナタバ / 青空連動発売記念イベント 第二回,青空,ノクチル,和久井優;土屋李央;田嶌紗蘭;岡咲美保,スプリンクルエアリー
4,2025/04/12,THE IDOLM@STER SHINY COLORS Song for Prism 裸足じゃイラレナイ / 明日もBeautiful Day / ハナムケのハナタバ / 青空連動発売記念イベント 第二回,ハナムケのハナタバ,コメティック,川口莉奈;三川華月;小澤麗那,マジックアワーオファリング
1,2025/05/10,"283 Production LIVE Performance Uka, Larva,1",スローモーション,ソロ,風野灯織,スパークルイルミネーション
2,2025/05/10,"283 Production LIVE Performance Uka, Larva,1",Happy Funny Lucky,イルミネーションスターズ,櫻木真乃;風野灯織;八宮めぐる,スパークルイルミネーション
3,2025/05/10,"283 Production LIVE Performance Uka, Larva,1",イルミネイトコンサート,イルミネーションスターズ,櫻木真乃;風野灯織;八宮めぐる,スパークルイルミネーション
4,2025/05/10,"283 Production LIVE Performance Uka, Larva,1",We can go now!,イルミネーションスターズ,櫻木真乃;風野灯織;八宮めぐる,スパークルイルミネーション
5,2025/05/10,"283 Production LIVE Performance Uka, Larva,1",HAREBARE!!,ソロ,八宮めぐる,サンセットスカイパッセージ
6,2025/05/10,"283 Production LIVE Performance Uka, Larva,1",Dye the sky.,混合,櫻木真乃;風野灯織;八宮めぐる;小宮果穂,サンセットスカイパッセージ
7,2025/05/10,"283 Production LIVE Performance Uka, Larva,1",五ツ座流星群,混合,小宮果穂;櫻木真乃;風野灯織;八宮めぐる,サンセットスカイパッセージ
8,2025/05/10,"283 Production LIVE Performance Uka, Larva,1",プラニスフィア ～planisphere～,混合,櫻木真乃;小宮果穂,サンセットスカイパッセージ
9,2025/05/10,"283 Production LIVE Performance Uka, Larva,1",ハナマルバッジ,ソロ,小宮果穂,サンセットスカイパッセージ
10,2025/05/10,"283 Production LIVE Performance Uka, Larva,1",トライアングル,イルミネーションスターズ,櫻木真乃;風野灯織;八宮めぐる,Uka新衣装
11,2025/05/10,"283 Production LIVE Performance Uka, Larva,1",ありったけの輝きで,ソロ,櫻木真乃,Uka新衣装
12,2025/05/10,"283 Production LIVE Performance Uka, Larva,1",Shower of light,イルミネーションスターズ,櫻木真乃;風野灯織;八宮めぐる,Uka新衣装
13,2025/05/10,"283 Production LIVE Performance Uka, Larva,1",シャイノグラフィ,イルミネーションスターズ,櫻木真乃;風野灯織;八宮めぐる,Uka新衣装
14,2025/05/10,"283 Production LIVE Performance Uka, Larva,1",Shiny Stories,ソロ,櫻木真乃,Uka新衣装
15,2025/05/10,"283 Production LIVE Performance Uka, Larva,1",ヒカリのdestination,イルミネーションスターズ,櫻木真乃;風野灯織;八宮めぐる,Uka新衣装
16,2025/05/10,"283 Production LIVE Performance Uka, Larva,1",スマイルシンフォニア,イルミネーションスターズ,櫻木真乃;風野灯織;八宮めぐる,Uka新衣装
1,2025/05/11,"283 Production LIVE Performance Uka, Pupa,2",ありったけの輝きで,ソロ,櫻木真乃,スパークルイルミネーション
2,2025/05/11,"283 Production LIVE Performance Uka, Pupa,2",Happy Funny Lucky,イルミネーションスターズ,櫻木真乃;風野灯織;八宮めぐる,スパークルイルミネーション
3,2025/05/11,"283 Production LIVE Performance Uka, Pupa,2",イルミネイトコンサート,イルミネーションスターズ,櫻木真乃;風野灯織;八宮めぐる,スパークルイルミネーション
4,2025/05/11,"283 Production LIVE Performance Uka, Pupa,2",トライアングル,イルミネーションスターズ,櫻木真乃;風野灯織;八宮めぐる,スパークルイルミネーション
5,2025/05/11,"283 Production LIVE Performance Uka, Pupa,2",スローモーション,ソロ,風野灯織,サンセットスカイパッセージ
6,2025/05/11,"283 Production LIVE Performance Uka, Pupa,2",Dye the sky.,混合,櫻木真乃;風野灯織;八宮めぐる;黛冬優子,サンセットスカイパッセージ
7,2025/05/11,"283 Production LIVE Performance Uka, Pupa,2",LINKs,混合,黛冬優子;櫻木真乃;風野灯織;八宮めぐる,サンセットスカイパッセージ
8,2025/05/11,"283 Production LIVE Performance Uka, Pupa,2",SOLAR WAY,混合,八宮めぐる;黛冬優子,サンセットスカイパッセージ
9,2025/05/11,"283 Production LIVE Performance Uka, Pupa,2",SOS,ソロ,黛冬優子,サンセットスカイパッセージ
10,2025/05/11,"283 Production LIVE Performance Uka, Pupa,2",PRISISM,イルミネーションスターズ,櫻木真乃;風野灯織;八宮めぐる,Uka新衣装
11,2025/05/11,"283 Production LIVE Performance Uka, Pupa,2",HAREBARE!!,ソロ,八宮めぐる,Uka新衣装
12,2025/05/11,"283 Production LIVE Performance Uka, Pupa,2",Shower of light,イルミネーションスターズ,櫻木真乃;風野灯織;八宮めぐる,Uka新衣装
13,2025/05/11,"283 Production LIVE Performance Uka, Pupa,2",BRIGHTEST WHITE,イルミネーションスターズ,櫻木真乃;風野灯織;八宮めぐる,Uka新衣装
14,2025/05/11,"283 Production LIVE Performance Uka, Pupa,2",星の数だけ,ソロ,八宮めぐる,Uka新衣装
15,2025/05/11,"283 Production LIVE Performance Uka, Pupa,2",シャイノグラフィ,イルミネーションスターズ,櫻木真乃;風野灯織;八宮めぐる,Uka新衣装
16,2025/05/11,"283 Production LIVE Performance Uka, Pupa,2",スマイルシンフォニア,イルミネーションスターズ,櫻木真乃;風野灯織;八宮めぐる,Uka新衣装
1,2025/05/11,"283 Production LIVE Performance Uka, Imago,3",HAREBARE!!,ソロ,八宮めぐる,スパークルイルミネーション
2,2025/05/11,"283 Production LIVE Performance Uka, Imago,3",Happy Funny Lucky,イルミネーションスターズ,櫻木真乃;風野灯織;八宮めぐる,スパークルイルミネーション
3,2025/05/11,"283 Production LIVE Performance Uka, Imago,3",イルミネイトコンサート,イルミネーションスターズ,櫻木真乃;風野灯織;八宮めぐる,スパークルイルミネーション
4,2025/05/11,"283 Production LIVE Performance Uka, Imago,3",PRISISM,イルミネーションスターズ,櫻木真乃;風野灯織;八宮めぐる,スパークルイルミネーション
5,2025/05/11,"283 Production LIVE Performance Uka, Imago,3",ありったけの輝きで,ソロ,櫻木真乃,サンセットスカイパッセージ
6,2025/05/11,"283 Production LIVE Performance Uka, Imago,3",Dye the sky.,混合,櫻木真乃;風野灯織;八宮めぐる;田中摩美々,サンセットスカイパッセージ
7,2025/05/11,"283 Production LIVE Performance Uka, Imago,3",愚者の独白,混合,田中摩美々;櫻木真乃;風野灯織;八宮めぐる,サンセットスカイパッセージ
8,2025/05/11,"283 Production LIVE Performance Uka, Imago,3",リフレクトサイン,混合,風野灯織;田中摩美々,サンセットスカイパッセージ
9,2025/05/11,"283 Production LIVE Performance Uka, Imago,3",誰ソ彼アイデンティティー,ソロ,田中摩美々,サンセットスカイパッセージ
10,2025/05/11,"283 Production LIVE Performance Uka, Imago,3",Twinkle way,イルミネーションスターズ,櫻木真乃;風野灯織;八宮めぐる,Uka新衣装
11,2025/05/11,"283 Production LIVE Performance Uka, Imago,3",スローモーション,ソロ,風野灯織,Uka新衣装
12,2025/05/11,"283 Production LIVE Performance Uka, Imago,3",Shower of light,イルミネーションスターズ,櫻木真乃;風野灯織;八宮めぐる,Uka新衣装
13,2025/05/11,"283 Production LIVE Performance Uka, Imago,3",BRIGHTEST WHITE,イルミネーションスターズ,櫻木真乃;風野灯織;八宮めぐる,Uka新衣装
14,2025/05/11,"283 Production LIVE Performance Uka, Imago,3",枕木の歌,ソロ,風野灯織,Uka新衣装
15,2025/05/11,"283 Production LIVE Performance Uka, Imago,3",ヒカリのdestination,イルミネーションスターズ,櫻木真乃;風野灯織;八宮めぐる,Uka新衣装
16,2025/05/11,"283 Production LIVE Performance Uka, Imago,3",スマイルシンフォニア,イルミネーションスターズ,櫻木真乃;風野灯織;八宮めぐる,Uka新衣装
1,2025/06/21,THE IDOLM@STER SHINY COLORS 7th UNITLIVE TOUR 円環 -Halo around- first quadrant DAY1,文明開花輪舞 -シティ・ハレルヤ-,アンティーカ,礒部花凜;菅沼千紗;八巻アンナ;希水しお;結名美月,オートクチュールアルテピエス
2,2025/06/21,THE IDOLM@STER SHINY COLORS 7th UNITLIVE TOUR 円環 -Halo around- first quadrant DAY1,純白トロイメライ,アンティーカ,礒部花凜;菅沼千紗;八巻アンナ;希水しお;結名美月,オートクチュールアルテピエス
3,2025/06/21,THE IDOLM@STER SHINY COLORS 7th UNITLIVE TOUR 円環 -Halo around- first quadrant DAY1,誰ソ彼アイデンティティー,ソロ,菅沼千紗,オートクチュールアルテピエス
4,2025/06/21,THE IDOLM@STER SHINY COLORS 7th UNITLIVE TOUR 円環 -Halo around- first quadrant DAY1,プラスチック・アンブレラ,ソロ,希水しお,オートクチュールアルテピエス
5,2025/06/21,THE IDOLM@STER SHINY COLORS 7th UNITLIVE TOUR 円環 -Halo around- first quadrant DAY1,Pioneer Impact,アンティーカ;シーズ,礒部花凜;菅沼千紗;八巻アンナ;希水しお;結名美月;紫月杏朱彩;山根綺,オートクチュールアルテピエス;モノクロマテイクジルコン
6,2025/06/21,THE IDOLM@STER SHINY COLORS 7th UNITLIVE TOUR 円環 -Halo around- first quadrant DAY1,SWEETEST BITE,シーズ,紫月杏朱彩;山根綺,モノクロマテイクジルコン
7,2025/06/21,THE IDOLM@STER SHINY COLORS 7th UNITLIVE TOUR 円環 -Halo around- first quadrant DAY1,Snowflake,シーズ,紫月杏朱彩;山根綺,モノクロマテイクジルコン
8,2025/06/21,THE IDOLM@STER SHINY COLORS 7th UNITLIVE TOUR 円環 -Halo around- first quadrant DAY1,Look up to the sky,ソロ,山根綺,モノクロマテイクジルコン
9,2025/06/21,THE IDOLM@STER SHINY COLORS 7th UNITLIVE TOUR 円環 -Halo around- first quadrant DAY1,雪・月・風・花,ソロ,結名美月,オートクチュールアルテピエス
10,2025/06/21,THE IDOLM@STER SHINY COLORS 7th UNITLIVE TOUR 円環 -Halo around- first quadrant DAY1,秋の終わり、僕の記憶,アンティーカ,礒部花凜;菅沼千紗;八巻アンナ;希水しお;結名美月,オートクチュールアルテピエス
11,2025/06/21,THE IDOLM@STER SHINY COLORS 7th UNITLIVE TOUR 円環 -Halo around- first quadrant DAY1,アスファルトを鳴らして,アンティーカ,礒部花凜;菅沼千紗;八巻アンナ;希水しお;結名美月,オートクチュールアルテピエス
12,2025/06/21,THE IDOLM@STER SHINY COLORS 7th UNITLIVE TOUR 円環 -Halo around- first quadrant DAY1,フェアリー・ガール,ソロ,紫月杏朱彩,モノクロマテイクジルコン
13,2025/06/21,THE IDOLM@STER SHINY COLORS 7th UNITLIVE TOUR 円環 -Halo around- first quadrant DAY1,アポイント・シグナル,ソロ,礒部花凜,オートクチュールアルテピエス
14,2025/06/21,THE IDOLM@STER SHINY COLORS 7th UNITLIVE TOUR 円環 -Halo around- first quadrant DAY1,ブレイク・アウト・セレンディピティ,アンティーカ,礒部花凜;菅沼千紗;八巻アンナ;希水しお;結名美月,オートクチュールアルテピエス
15,2025/06/21,THE IDOLM@STER SHINY COLORS 7th UNITLIVE TOUR 円環 -Halo around- first quadrant DAY1,Monochromatic,シーズ,紫月杏朱彩;山根綺,モノクロマテイクジルコン
16,2025/06/21,THE IDOLM@STER SHINY COLORS 7th UNITLIVE TOUR 円環 -Halo around- first quadrant DAY1,純白トロイメライ,シーズ,紫月杏朱彩;山根綺,モノクロマテイクジルコン
17,2025/06/21,THE IDOLM@STER SHINY COLORS 7th UNITLIVE TOUR 円環 -Halo around- first quadrant DAY1,Color Days,アンティーカ;シーズ,礒部花凜;菅沼千紗;八巻アンナ;希水しお;結名美月;紫月杏朱彩;山根綺,オートクチュールアルテピエス;モノクロマテイクジルコン
18,2025/06/21,THE IDOLM@STER SHINY COLORS 7th UNITLIVE TOUR 円環 -Halo around- first quadrant DAY1,Break Chain,シーズ,紫月杏朱彩;山根綺,オートクチュールアルテピエス;モノクロマテイクジルコン
19,2025/06/21,THE IDOLM@STER SHINY COLORS 7th UNITLIVE TOUR 円環 -Halo around- first quadrant DAY1,千夜アリア,ソロ,八巻アンナ,オートクチュールアルテピエス
20,2025/06/21,THE IDOLM@STER SHINY COLORS 7th UNITLIVE TOUR 円環 -Halo around- first quadrant DAY1,Migratory Echoes (アンティーカVer.),アンティーカ;シーズ,礒部花凜;菅沼千紗;八巻アンナ;希水しお;結名美月;紫月杏朱彩;山根綺,オートクチュールアルテピエス;モノクロマテイクジルコン
1,2025/06/22,THE IDOLM@STER SHINY COLORS 7th UNITLIVE TOUR 円環 -Halo around- first quadrant DAY2,Monochromatic,シーズ,紫月杏朱彩;山根綺,モノクロマテイクジルコン
2,2025/06/22,THE IDOLM@STER SHINY COLORS 7th UNITLIVE TOUR 円環 -Halo around- first quadrant DAY2,Fashionable,シーズ,紫月杏朱彩;山根綺,モノクロマテイクジルコン
3,2025/06/22,THE IDOLM@STER SHINY COLORS 7th UNITLIVE TOUR 円環 -Halo around- first quadrant DAY2,Look up to the sky,ソロ,山根綺,モノクロマテイクジルコン
4,2025/06/22,THE IDOLM@STER SHINY COLORS 7th UNITLIVE TOUR 円環 -Halo around- first quadrant DAY2,千夜アリア,ソロ,八巻アンナ,オートクチュールアルテピエス
5,2025/06/22,THE IDOLM@STER SHINY COLORS 7th UNITLIVE TOUR 円環 -Halo around- first quadrant DAY2,Pioneer Impact,アンティーカ;シーズ,礒部花凜;菅沼千紗;八巻アンナ;希水しお;結名美月;紫月杏朱彩;山根綺,オートクチュールアルテピエス;モノクロマテイクジルコン
6,2025/06/22,THE IDOLM@STER SHINY COLORS 7th UNITLIVE TOUR 円環 -Halo around- first quadrant DAY2,秋の終わり、僕の記憶,アンティーカ,礒部花凜;菅沼千紗;八巻アンナ;希水しお;結名美月,オートクチュールアルテピエス
7,2025/06/22,THE IDOLM@STER SHINY COLORS 7th UNITLIVE TOUR 円環 -Halo around- first quadrant DAY2,愚者の独白,アンティーカ,礒部花凜;菅沼千紗;八巻アンナ;希水しお;結名美月,オートクチュールアルテピエス
8,2025/06/22,THE IDOLM@STER SHINY COLORS 7th UNITLIVE TOUR 円環 -Halo around- first quadrant DAY2,誰ソ彼アイデンティティー,ソロ,菅沼千紗,オートクチュールアルテピエス
9,2025/06/22,THE IDOLM@STER SHINY COLORS 7th UNITLIVE TOUR 円環 -Halo around- first quadrant DAY2,プラスチック・アンブレラ,ソロ,希水しお,オートクチュールアルテピエス
10,2025/06/22,THE IDOLM@STER SHINY COLORS 7th UNITLIVE TOUR 円環 -Halo around- first quadrant DAY2,Snowflake,シーズ,紫月杏朱彩;山根綺,モノクロマテイクジルコン
11,2025/06/22,THE IDOLM@STER SHINY COLORS 7th UNITLIVE TOUR 円環 -Halo around- first quadrant DAY2,FELICE,シーズ,紫月杏朱彩;山根綺,モノクロマテイクジルコン
12,2025/06/22,THE IDOLM@STER SHINY COLORS 7th UNITLIVE TOUR 円環 -Halo around- first quadrant DAY2,アポイント・シグナル,ソロ,礒部花凜,オートクチュールアルテピエス
13,2025/06/22,THE IDOLM@STER SHINY COLORS 7th UNITLIVE TOUR 円環 -Halo around- first quadrant DAY2,フェアリー・ガール,ソロ,紫月杏朱彩,モノクロマテイクジルコン
14,2025/06/22,THE IDOLM@STER SHINY COLORS 7th UNITLIVE TOUR 円環 -Halo around- first quadrant DAY2,Break Chain,シーズ,紫月杏朱彩;山根綺,モノクロマテイクジルコン
15,2025/06/22,THE IDOLM@STER SHINY COLORS 7th UNITLIVE TOUR 円環 -Halo around- first quadrant DAY2,文明開花輪舞 -シティ・ハレルヤ-,アンティーカ,礒部花凜;菅沼千紗;八巻アンナ;希水しお;結名美月,オートクチュールアルテピエス
16,2025/06/22,THE IDOLM@STER SHINY COLORS 7th UNITLIVE TOUR 円環 -Halo around- first quadrant DAY2,Fashionable,アンティーカ,礒部花凜;菅沼千紗;八巻アンナ;希水しお;結名美月,オートクチュールアルテピエス
17,2025/06/22,THE IDOLM@STER SHINY COLORS 7th UNITLIVE TOUR 円環 -Halo around- first quadrant DAY2,虹の行方,アンティーカ;シーズ,礒部花凜;菅沼千紗;八巻アンナ;希水しお;結名美月;紫月杏朱彩;山根綺,オートクチュールアルテピエス;モノクロマテイクジルコン
18,2025/06/22,THE IDOLM@STER SHINY COLORS 7th UNITLIVE TOUR 円環 -Halo around- first quadrant DAY2,雪・月・風・花,ソロ,結名美月,オートクチュールアルテピエス
19,2025/06/22,THE IDOLM@STER SHINY COLORS 7th UNITLIVE TOUR 円環 -Halo around- first quadrant DAY2,ブレイク・アウト・セレンディピティ,アンティーカ,礒部花凜;菅沼千紗;八巻アンナ;希水しお;結名美月,オートクチュールアルテピエス
20,2025/06/22,THE IDOLM@STER SHINY COLORS 7th UNITLIVE TOUR 円環 -Halo around- first quadrant DAY2,Migratory Echoes (シーズVer.),アンティーカ;シーズ,礒部花凜;菅沼千紗;八巻アンナ;希水しお;結名美月;紫月杏朱彩;山根綺,オートクチュールアルテピエス;モノクロマテイクジルコン
1,2025/07/05,THE IDOLM@STER SHINY COLORS 7th UNITLIVE TOUR 円環 -Halo around- second quadrant DAY1,ハナマルバッジ,ソロ,河野ひより,ウィッチクラフトアカデミカル
2,2025/07/05,THE IDOLM@STER SHINY COLORS 7th UNITLIVE TOUR 円環 -Halo around- second quadrant DAY1,ビーチブレイバー,放課後クライマックスガールズ,河野ひより;永井真里子;丸岡和佳奈;涼本あきほ,ウィッチクラフトアカデミカル
3,2025/07/05,THE IDOLM@STER SHINY COLORS 7th UNITLIVE TOUR 円環 -Halo around- second quadrant DAY1,SOS,ソロ,幸村恵理,ジャックインマトリックス
4,2025/07/05,THE IDOLM@STER SHINY COLORS 7th UNITLIVE TOUR 円環 -Halo around- second quadrant DAY1,迅雷鉄火,放課後クライマックスガールズ;ストレイライト,河野ひより;永井真里子;丸岡和佳奈;涼本あきほ;田中有紀;幸村恵理;北原沙弥香,ウィッチクラフトアカデミカル;ジャックインマトリックス
5,2025/07/05,THE IDOLM@STER SHINY COLORS 7th UNITLIVE TOUR 円環 -Halo around- second quadrant DAY1,進路は超銀河,放課後クライマックスガールズ,河野ひより;永井真里子;丸岡和佳奈;涼本あきほ,ウィッチクラフトアカデミカル
6,2025/07/05,THE IDOLM@STER SHINY COLORS 7th UNITLIVE TOUR 円環 -Halo around- second quadrant DAY1,Going my way,ソロ,北原沙弥香,ジャックインマトリックス
7,2025/07/05,THE IDOLM@STER SHINY COLORS 7th UNITLIVE TOUR 円環 -Halo around- second quadrant DAY1,Overdrive Emotion,ストレイライト,田中有紀;幸村恵理;北原沙弥香,ジャックインマトリックス
8,2025/07/05,THE IDOLM@STER SHINY COLORS 7th UNITLIVE TOUR 円環 -Halo around- second quadrant DAY1,LIVE LIVE LIVE!,ストレイライト,田中有紀;幸村恵理;北原沙弥香,ジャックインマトリックス
9,2025/07/05,THE IDOLM@STER SHINY COLORS 7th UNITLIVE TOUR 円環 -Halo around- second quadrant DAY1,Damascus Cocktail,ソロ,涼本あきほ,ウィッチクラフトアカデミカル
10,2025/07/05,THE IDOLM@STER SHINY COLORS 7th UNITLIVE TOUR 円環 -Halo around- second quadrant DAY1,パーティーマジックデザイナー,放課後クライマックスガールズ,河野ひより;永井真里子;丸岡和佳奈;涼本あきほ,ウィッチクラフトアカデミカル
11,2025/07/05,THE IDOLM@STER SHINY COLORS 7th UNITLIVE TOUR 円環 -Halo around- second quadrant DAY1,SWEETEST BITE,ストレイライト,田中有紀;幸村恵理;北原沙弥香,ジャックインマトリックス
12,2025/07/05,THE IDOLM@STER SHINY COLORS 7th UNITLIVE TOUR 円環 -Halo around- second quadrant DAY1,常咲の庭,ソロ,丸岡和佳奈,ウィッチクラフトアカデミカル
13,2025/07/05,THE IDOLM@STER SHINY COLORS 7th UNITLIVE TOUR 円環 -Halo around- second quadrant DAY1,放課後マギア,放課後クライマックスガールズ,河野ひより;永井真里子;丸岡和佳奈;涼本あきほ,ウィッチクラフトアカデミカル
14,2025/07/05,THE IDOLM@STER SHINY COLORS 7th UNITLIVE TOUR 円環 -Halo around- second quadrant DAY1,星をめざして,ソロ,田中有紀,ジャックインマトリックス
15,2025/07/05,THE IDOLM@STER SHINY COLORS 7th UNITLIVE TOUR 円環 -Halo around- second quadrant DAY1,Cyber Parkour,ストレイライト,田中有紀;幸村恵理;北原沙弥香,ジャックインマトリックス
16,2025/07/05,THE IDOLM@STER SHINY COLORS 7th UNITLIVE TOUR 円環 -Halo around- second quadrant DAY1,ビーチブレイバー,ストレイライト,田中有紀;幸村恵理;北原沙弥香,ジャックインマトリックス
17,2025/07/05,THE IDOLM@STER SHINY COLORS 7th UNITLIVE TOUR 円環 -Halo around- second quadrant DAY1,Ambitious Eve,放課後クライマックスガールズ;ストレイライト,河野ひより;永井真里子;丸岡和佳奈;涼本あきほ;田中有紀;幸村恵理;北原沙弥香,ウィッチクラフトアカデミカル;ジャックインマトリックス
18,2025/07/05,THE IDOLM@STER SHINY COLORS 7th UNITLIVE TOUR 円環 -Halo around- second quadrant DAY1,過純性ブリーチ,ソロ,永井真里子,ウィッチクラフトアカデミカル
19,2025/07/05,THE IDOLM@STER SHINY COLORS 7th UNITLIVE TOUR 円環 -Halo around- second quadrant DAY1,GET OVER,ストレイライト,田中有紀;幸村恵理;北原沙弥香,ジャックインマトリックス
20,2025/07/05,THE IDOLM@STER SHINY COLORS 7th UNITLIVE TOUR 円環 -Halo around- second quadrant DAY1,Migratory Echoes (ストレイライトVer.),放課後クライマックスガールズ;ストレイライト,河野ひより;永井真里子;丸岡和佳奈;涼本あきほ;田中有紀;幸村恵理;北原沙弥香,ウィッチクラフトアカデミカル;ジャックインマトリックス
1,2025/07/06,THE IDOLM@STER SHINY COLORS 7th UNITLIVE TOUR 円環 -Halo around- second quadrant DAY2,Going my way,ソロ,北原沙弥香,ジャックインマトリックス
2,2025/07/06,THE IDOLM@STER SHINY COLORS 7th UNITLIVE TOUR 円環 -Halo around- second quadrant DAY2,過純性ブリーチ,ソロ,永井真里子,ウィッチクラフトアカデミカル
3,2025/07/06,THE IDOLM@STER SHINY COLORS 7th UNITLIVE TOUR 円環 -Halo around- second quadrant DAY2,Cyber Parkour,ストレイライト,田中有紀;幸村恵理;北原沙弥香,ジャックインマトリックス
4,2025/07/06,THE IDOLM@STER SHINY COLORS 7th UNITLIVE TOUR 円環 -Halo around- second quadrant DAY2,Another Rampage,ストレイライト,田中有紀;幸村恵理;北原沙弥香,ジャックインマトリックス
5,2025/07/06,THE IDOLM@STER SHINY COLORS 7th UNITLIVE TOUR 円環 -Halo around- second quadrant DAY2,迅雷鉄火,放課後クライマックスガールズ;ストレイライト,河野ひより;白石晴香;永井真里子;丸岡和佳奈;涼本あきほ;田中有紀;幸村恵理;北原沙弥香,ウィッチクラフトアカデミカル;ジャックインマトリックス
6,2025/07/06,THE IDOLM@STER SHINY COLORS 7th UNITLIVE TOUR 円環 -Halo around- second quadrant DAY2,チョコデート・サンデー,ソロ,白石晴香,ウィッチクラフトアカデミカル
7,2025/07/06,THE IDOLM@STER SHINY COLORS 7th UNITLIVE TOUR 円環 -Halo around- second quadrant DAY2,太陽キッス,放課後クライマックスガールズ,河野ひより;白石晴香;永井真里子;丸岡和佳奈;涼本あきほ,ウィッチクラフトアカデミカル
8,2025/07/06,THE IDOLM@STER SHINY COLORS 7th UNITLIVE TOUR 円環 -Halo around- second quadrant DAY2,Damascus Cocktail,ソロ,涼本あきほ,ウィッチクラフトアカデミカル
9,2025/07/06,THE IDOLM@STER SHINY COLORS 7th UNITLIVE TOUR 円環 -Halo around- second quadrant DAY2,パーティーマジックデザイナー,放課後クライマックスガールズ,河野ひより;白石晴香;永井真里子;丸岡和佳奈;涼本あきほ,ウィッチクラフトアカデミカル
10,2025/07/06,THE IDOLM@STER SHINY COLORS 7th UNITLIVE TOUR 円環 -Halo around- second quadrant DAY2,LIVE LIVE LIVE!,ストレイライト,田中有紀;幸村恵理;北原沙弥香,ジャックインマトリックス
11,2025/07/06,THE IDOLM@STER SHINY COLORS 7th UNITLIVE TOUR 円環 -Halo around- second quadrant DAY2,愚者の独白,放課後クライマックスガールズ,河野ひより;白石晴香;永井真里子;丸岡和佳奈;涼本あきほ,ウィッチクラフトアカデミカル
12,2025/07/06,THE IDOLM@STER SHINY COLORS 7th UNITLIVE TOUR 円環 -Halo around- second quadrant DAY2,ハナマルバッジ,ソロ,河野ひより,ウィッチクラフトアカデミカル
13,2025/07/06,THE IDOLM@STER SHINY COLORS 7th UNITLIVE TOUR 円環 -Halo around- second quadrant DAY2,常咲の庭,ソロ,丸岡和佳奈,ウィッチクラフトアカデミカル
14,2025/07/06,THE IDOLM@STER SHINY COLORS 7th UNITLIVE TOUR 円環 -Halo around- second quadrant DAY2,GET OVER,ストレイライト,田中有紀;幸村恵理;北原沙弥香,ジャックインマトリックス
15,2025/07/06,THE IDOLM@STER SHINY COLORS 7th UNITLIVE TOUR 円環 -Halo around- second quadrant DAY2,星をめざして,ソロ,田中有紀,ジャックインマトリックス
16,2025/07/06,THE IDOLM@STER SHINY COLORS 7th UNITLIVE TOUR 円環 -Halo around- second quadrant DAY2,放課後マギア,放課後クライマックスガールズ,河野ひより;白石晴香;永井真里子;丸岡和佳奈;涼本あきほ,ウィッチクラフトアカデミカル
17,2025/07/06,THE IDOLM@STER SHINY COLORS 7th UNITLIVE TOUR 円環 -Halo around- second quadrant DAY2,Another Rampage,放課後クライマックスガールズ,河野ひより;白石晴香;永井真里子;丸岡和佳奈;涼本あきほ,ウィッチクラフトアカデミカル
18,2025/07/06,THE IDOLM@STER SHINY COLORS 7th UNITLIVE TOUR 円環 -Halo around- second quadrant DAY2,シャイノグラフィ,放課後クライマックスガールズ;ストレイライト,河野ひより;白石晴香;永井真里子;丸岡和佳奈;涼本あきほ;田中有紀;幸村恵理;北原沙弥香,ウィッチクラフトアカデミカル;ジャックインマトリックス
19,2025/07/06,THE IDOLM@STER SHINY COLORS 7th UNITLIVE TOUR 円環 -Halo around- second quadrant DAY2,進路は超銀河,放課後クライマックスガールズ,河野ひより;白石晴香;永井真里子;丸岡和佳奈;涼本あきほ,ウィッチクラフトアカデミカル
20,2025/07/06,THE IDOLM@STER SHINY COLORS 7th UNITLIVE TOUR 円環 -Halo around- second quadrant DAY2,SOS,ソロ,幸村恵理,ジャックインマトリックス
21,2025/07/06,THE IDOLM@STER SHINY COLORS 7th UNITLIVE TOUR 円環 -Halo around- second quadrant DAY2,Migratory Echoes (放課後クライマックスガールズVer.),放課後クライマックスガールズ;ストレイライト,河野ひより;白石晴香;永井真里子;丸岡和佳奈;涼本あきほ;田中有紀;幸村恵理;北原沙弥香,ウィッチクラフトアカデミカル;ジャックインマトリックス
1,2025/07/11,BILIBILI MACRO LINK 2025 DAY1,Let's get a chance ,アルストロメリア;ノクチル,黒木ほの香;前川涼子;芝崎典子;和久井優;田嶌紗蘭,ビューティフルウェイフト;スプリンクルエアリー
2,2025/07/11,BILIBILI MACRO LINK 2025,アルストロメリア,アルストロメリア,黒木ほの香;前川涼子;芝崎典子,ビューティフルウェイフト
3,2025/07/11,BILIBILI MACRO LINK 2025,Give me some more...,アルストロメリア,黒木ほの香;前川涼子;芝崎典子,ビューティフルウェイフト
4,2025/07/11,BILIBILI MACRO LINK 2025,いつだって僕らは,ノクチル,和久井優;田嶌紗蘭,スプリンクルエアリー
5,2025/07/11,BILIBILI MACRO LINK 2025,今しかない瞬間を,ノクチル,和久井優;田嶌紗蘭,スプリンクルエアリー
6,2025/07/11,BILIBILI MACRO LINK 2025,Spread the Wings!! ,アルストロメリア;ノクチル,黒木ほの香;前川涼子;芝崎典子;和久井優;田嶌紗蘭,ビューティフルウェイフト;スプリンクルエアリー
1,2025/07/11,THE IDOLM@STER 20th anniversary ORCHESTRA CONCERT SYMPHONY OF BRILLIANT STARS 夜公演,statice,ソロ,浅倉透,？
1,2025/07/13,THE IDOLM@STER SHINY COLORS -Shiny Party- in Shanghai 2025 昼公演,プリズムフレア,イルミネーションスターズ;アルストロメリア;ノクチル,近藤玲奈;峯田茉優;前川涼子;芝崎典子;和久井優;田嶌紗蘭,シーユースリーパー;ビューティフルウェイフト;スプリンクルエアリー
2,2025/07/13,THE IDOLM@STER SHINY COLORS -Shiny Party- in Shanghai 2025 昼公演,BRIGHTEST WHITE,イルミネーションスターズ,近藤玲奈;峯田茉優,シーユースリーパー
3,2025/07/13,THE IDOLM@STER SHINY COLORS -Shiny Party- in Shanghai 2025 昼公演,ハピリリ,アルストロメリア,前川涼子;芝崎典子,ビューティフルウェイフト
4,2025/07/13,THE IDOLM@STER SHINY COLORS -Shiny Party- in Shanghai 2025 昼公演,Catch the Breeze,ノクチル,和久井優;田嶌紗蘭,スプリンクルエアリー
5,2025/07/13,THE IDOLM@STER SHINY COLORS -Shiny Party- in Shanghai 2025 昼公演,Dye the sky. ,イルミネーションスターズ;アルストロメリア;ノクチル,近藤玲奈;峯田茉優;前川涼子;芝崎典子;和久井優;田嶌紗蘭,シーユースリーパー;ビューティフルウェイフト;スプリンクルエアリー
6,2025/07/13,THE IDOLM@STER SHINY COLORS -Shiny Party- in Shanghai 2025 昼公演,Spread the Wings!! ,イルミネーションスターズ;アルストロメリア;ノクチル,近藤玲奈;峯田茉優;前川涼子;芝崎典子;和久井優;田嶌紗蘭,シーユースリーパー;ビューティフルウェイフト;スプリンクルエアリー
1,2025/07/13,THE IDOLM@STER SHINY COLORS -Shiny Party- in Shanghai 2025 夜公演,プリズムフレア,イルミネーションスターズ;アルストロメリア;ノクチル,近藤玲奈;峯田茉優;前川涼子;芝崎典子;和久井優;田嶌紗蘭,シーユースリーパー;ビューティフルウェイフト;スプリンクルエアリー
2,2025/07/13,THE IDOLM@STER SHINY COLORS -Shiny Party- in Shanghai 2025 夜公演,BRIGHTEST WHITE,イルミネーションスターズ,近藤玲奈;峯田茉優,シーユースリーパー
3,2025/07/13,THE IDOLM@STER SHINY COLORS -Shiny Party- in Shanghai 2025 夜公演,ハピリリ,アルストロメリア,前川涼子;芝崎典子,ビューティフルウェイフト
4,2025/07/13,THE IDOLM@STER SHINY COLORS -Shiny Party- in Shanghai 2025 夜公演,Catch the Breeze,ノクチル,和久井優;田嶌紗蘭,スプリンクルエアリー
5,2025/07/13,THE IDOLM@STER SHINY COLORS -Shiny Party- in Shanghai 2025 夜公演,Dye the sky. ,イルミネーションスターズ;アルストロメリア;ノクチル,近藤玲奈;峯田茉優;前川涼子;芝崎典子;和久井優;田嶌紗蘭,シーユースリーパー;ビューティフルウェイフト;スプリンクルエアリー
6,2025/07/13,THE IDOLM@STER SHINY COLORS -Shiny Party- in Shanghai 2025 夜公演,Spread the Wings!! ,イルミネーションスターズ;アルストロメリア;ノクチル,近藤玲奈;峯田茉優;前川涼子;芝崎典子;和久井優;田嶌紗蘭,シーユースリーパー;ビューティフルウェイフト;スプリンクルエアリー
1,2025/07/26,THE IDOLM@STER 20th anniversary special party アイ MUST GO ON!! これからもアイマスですよ！ 20th特別生配信イベント,アイ NEED YOU（FOR WONDERFUL STORY）,混合,関根瞳;近藤玲奈;その他,YOU AND アイ！
1,2025/08/09,THE IDOLM@STER SHINY COLORS 7th UNITLIVE TOUR 円環 -Halo around- third quadrant DAY1,リフレインブレイン,アルストロメリア;コメティック,黒木ほの香;前川涼子;芝崎典子;川口莉奈;三川華月;小澤麗那,ローマクラシカルトレンチ;リフレクティックオプティーク
2,2025/08/09,THE IDOLM@STER SHINY COLORS 7th UNITLIVE TOUR 円環 -Halo around- third quadrant DAY1,DAYDREAM LOVE,アルストロメリア,黒木ほの香;前川涼子;芝崎典子,ローマクラシカルトレンチ
3,2025/08/09,THE IDOLM@STER SHINY COLORS 7th UNITLIVE TOUR 円環 -Halo around- third quadrant DAY1,Darling you!,ソロ,芝崎典子,ローマクラシカルトレンチ
4,2025/08/09,THE IDOLM@STER SHINY COLORS 7th UNITLIVE TOUR 円環 -Halo around- third quadrant DAY1,くだらないや,コメティック,川口莉奈;三川華月;小澤麗那,リフレクティックオプティーク
5,2025/08/09,THE IDOLM@STER SHINY COLORS 7th UNITLIVE TOUR 円環 -Halo around- third quadrant DAY1,Clean.Clean up,コメティック,川口莉奈;三川華月;小澤麗那,リフレクティックオプティーク
6,2025/08/09,THE IDOLM@STER SHINY COLORS 7th UNITLIVE TOUR 円環 -Halo around- third quadrant DAY1,アスタラブビスタ,アルストロメリア,黒木ほの香;前川涼子;芝崎典子,ローマクラシカルトレンチ
7,2025/08/09,THE IDOLM@STER SHINY COLORS 7th UNITLIVE TOUR 円環 -Halo around- third quadrant DAY1,Sweet Memories,ソロ,黒木ほの香,ローマクラシカルトレンチ
8,2025/08/09,THE IDOLM@STER SHINY COLORS 7th UNITLIVE TOUR 円環 -Halo around- third quadrant DAY1,Overdrive Emotion,コメティック,川口莉奈;三川華月;小澤麗那,リフレクティックオプティーク
9,2025/08/09,THE IDOLM@STER SHINY COLORS 7th UNITLIVE TOUR 円環 -Halo around- third quadrant DAY1,Give me some more...,コメティック,川口莉奈;三川華月;小澤麗那,リフレクティックオプティーク
10,2025/08/09,THE IDOLM@STER SHINY COLORS 7th UNITLIVE TOUR 円環 -Halo around- third quadrant DAY1,無垢,ソロ,三川華月,リフレクティックオプティーク
11,2025/08/09,THE IDOLM@STER SHINY COLORS 7th UNITLIVE TOUR 円環 -Halo around- third quadrant DAY1,泥濘鳴鳴,コメティック,川口莉奈;三川華月;小澤麗那,リフレクティックオプティーク
12,2025/08/09,THE IDOLM@STER SHINY COLORS 7th UNITLIVE TOUR 円環 -Halo around- third quadrant DAY1,また明日,ソロ,前川涼子,ローマクラシカルトレンチ
13,2025/08/09,THE IDOLM@STER SHINY COLORS 7th UNITLIVE TOUR 円環 -Halo around- third quadrant DAY1,Give me some more...,アルストロメリア,黒木ほの香;前川涼子;芝崎典子,ローマクラシカルトレンチ
14,2025/08/09,THE IDOLM@STER SHINY COLORS 7th UNITLIVE TOUR 円環 -Halo around- third quadrant DAY1,1/3,ソロ,川口莉奈,リフレクティックオプティーク
15,2025/08/09,THE IDOLM@STER SHINY COLORS 7th UNITLIVE TOUR 円環 -Halo around- third quadrant DAY1,似セ者,コメティック,川口莉奈;三川華月;小澤麗那,リフレクティックオプティーク
16,2025/08/09,THE IDOLM@STER SHINY COLORS 7th UNITLIVE TOUR 円環 -Halo around- third quadrant DAY1,愛なView,アルストロメリア;コメティック,黒木ほの香;前川涼子;芝崎典子;川口莉奈;三川華月;小澤麗那,ローマクラシカルトレンチ;リフレクティックオプティーク
17,2025/08/09,THE IDOLM@STER SHINY COLORS 7th UNITLIVE TOUR 円環 -Halo around- third quadrant DAY1,夢模様キャンバス,ソロ,小澤麗那,リフレクティックオプティーク
18,2025/08/09,THE IDOLM@STER SHINY COLORS 7th UNITLIVE TOUR 円環 -Halo around- third quadrant DAY1,ルピラ,アルストロメリア,黒木ほの香;前川涼子;芝崎典子,ローマクラシカルトレンチ
19,2025/08/09,THE IDOLM@STER SHINY COLORS 7th UNITLIVE TOUR 円環 -Halo around- third quadrant DAY1,Migratory Echoes (アルストロメリアVer.),アルストロメリア;コメティック,黒木ほの香;前川涼子;芝崎典子;川口莉奈;三川華月;小澤麗那,ローマクラシカルトレンチ;リフレクティックオプティーク
1,2025/08/10,THE IDOLM@STER SHINY COLORS 7th UNITLIVE TOUR 円環 -Halo around- third quadrant DAY2,1/3,ソロ,川口莉奈,リフレクティックオプティーク
2,2025/08/10,THE IDOLM@STER SHINY COLORS 7th UNITLIVE TOUR 円環 -Halo around- third quadrant DAY2,リフレインブレイン,アルストロメリア;コメティック,黒木ほの香;前川涼子;芝崎典子;川口莉奈;三川華月;小澤麗那,ローマクラシカルトレンチ;リフレクティックオプティーク
3,2025/08/10,THE IDOLM@STER SHINY COLORS 7th UNITLIVE TOUR 円環 -Halo around- third quadrant DAY2,似セ者,コメティック,川口莉奈;三川華月;小澤麗那,リフレクティックオプティーク
4,2025/08/10,THE IDOLM@STER SHINY COLORS 7th UNITLIVE TOUR 円環 -Halo around- third quadrant DAY2,ハナムケのハナタバ,アルストロメリア,黒木ほの香;前川涼子;芝崎典子,ローマクラシカルトレンチ
5,2025/08/10,THE IDOLM@STER SHINY COLORS 7th UNITLIVE TOUR 円環 -Halo around- third quadrant DAY2,アスタラブビスタ,アルストロメリア,黒木ほの香;前川涼子;芝崎典子,ローマクラシカルトレンチ
6,2025/08/10,THE IDOLM@STER SHINY COLORS 7th UNITLIVE TOUR 円環 -Halo around- third quadrant DAY2,泥濘鳴鳴,コメティック,川口莉奈;三川華月;小澤麗那,リフレクティックオプティーク
7,2025/08/10,THE IDOLM@STER SHINY COLORS 7th UNITLIVE TOUR 円環 -Halo around- third quadrant DAY2,夢模様キャンバス,ソロ,小澤麗那,リフレクティックオプティーク
8,2025/08/10,THE IDOLM@STER SHINY COLORS 7th UNITLIVE TOUR 円環 -Halo around- third quadrant DAY2,DAYDREAM LOVE,アルストロメリア,黒木ほの香;前川涼子;芝崎典子,ローマクラシカルトレンチ
9,2025/08/10,THE IDOLM@STER SHINY COLORS 7th UNITLIVE TOUR 円環 -Halo around- third quadrant DAY2,ルピラ,アルストロメリア,黒木ほの香;前川涼子;芝崎典子,ローマクラシカルトレンチ
10,2025/08/10,THE IDOLM@STER SHINY COLORS 7th UNITLIVE TOUR 円環 -Halo around- third quadrant DAY2,Sweet Memories,ソロ,黒木ほの香,ローマクラシカルトレンチ
11,2025/08/10,THE IDOLM@STER SHINY COLORS 7th UNITLIVE TOUR 円環 -Halo around- third quadrant DAY2,太陽キッス,アルストロメリア,黒木ほの香;前川涼子;芝崎典子,ローマクラシカルトレンチ
12,2025/08/10,THE IDOLM@STER SHINY COLORS 7th UNITLIVE TOUR 円環 -Halo around- third quadrant DAY2,Clean.Clean up,コメティック,川口莉奈;三川華月;小澤麗那,リフレクティックオプティーク
13,2025/08/10,THE IDOLM@STER SHINY COLORS 7th UNITLIVE TOUR 円環 -Halo around- third quadrant DAY2,Darling you!,ソロ,芝崎典子,ローマクラシカルトレンチ
14,2025/08/10,THE IDOLM@STER SHINY COLORS 7th UNITLIVE TOUR 円環 -Halo around- third quadrant DAY2,明日もBeautiful Day,アルストロメリア,黒木ほの香;前川涼子;芝崎典子,ローマクラシカルトレンチ
15,2025/08/10,THE IDOLM@STER SHINY COLORS 7th UNITLIVE TOUR 円環 -Halo around- third quadrant DAY2,また明日,ソロ,前川涼子,ローマクラシカルトレンチ
16,2025/08/10,THE IDOLM@STER SHINY COLORS 7th UNITLIVE TOUR 円環 -Halo around- third quadrant DAY2,Dye the sky.,アルストロメリア;コメティック,黒木ほの香;前川涼子;芝崎典子;川口莉奈;三川華月;小澤麗那,ローマクラシカルトレンチ;リフレクティックオプティーク
17,2025/08/10,THE IDOLM@STER SHINY COLORS 7th UNITLIVE TOUR 円環 -Halo around- third quadrant DAY2,ハナムケのハナタバ,コメティック,川口莉奈;三川華月;小澤麗那,リフレクティックオプティーク
18,2025/08/10,THE IDOLM@STER SHINY COLORS 7th UNITLIVE TOUR 円環 -Halo around- third quadrant DAY2,無垢,ソロ,三川華月,リフレクティックオプティーク
19,2025/08/10,THE IDOLM@STER SHINY COLORS 7th UNITLIVE TOUR 円環 -Halo around- third quadrant DAY2,Migratory Echoes (コメティックVer.),アルストロメリア;コメティック,黒木ほの香;前川涼子;芝崎典子;川口莉奈;三川華月;小澤麗那,ローマクラシカルトレンチ;リフレクティックオプティーク
1,2025/08/23,KIMCHIKURA Fes VOL.4,OH MY GOD,シーズ,紫月杏朱彩;山根綺,モノクロマテイクジルコン
2,2025/08/23,KIMCHIKURA Fes VOL.4,Break Chain,シーズ,紫月杏朱彩;山根綺,モノクロマテイクジルコン
3,2025/08/23,KIMCHIKURA Fes VOL.4,Forbidden Paradise,シーズ,紫月杏朱彩;山根綺,モノクロマテイクジルコン
4,2025/08/23,KIMCHIKURA Fes VOL.4,SWEETEST BITE,シーズ,紫月杏朱彩;山根綺,モノクロマテイクジルコン
5,2025/08/23,KIMCHIKURA Fes VOL.4,Fashionable,シーズ,紫月杏朱彩;山根綺,モノクロマテイクジルコン
6,2025/08/23,KIMCHIKURA Fes VOL.4,Dye the sky. ,シーズ;コメティック,紫月杏朱彩;山根綺;川口莉奈;三川華月;小澤麗那,モノクロマテイクジルコン;リフレクティックオプティーク
7,2025/08/23,KIMCHIKURA Fes VOL.4,無自覚アプリオリ,コメティック,川口莉奈;三川華月;小澤麗那,リフレクティックオプティーク
8,2025/08/23,KIMCHIKURA Fes VOL.4,泥濘鳴鳴,コメティック,川口莉奈;三川華月;小澤麗那,リフレクティックオプティーク
9,2025/08/23,KIMCHIKURA Fes VOL.4,Clean.Clean up,コメティック,川口莉奈;三川華月;小澤麗那,リフレクティックオプティーク
10,2025/08/23,KIMCHIKURA Fes VOL.4,ハナムケのハナタバ,コメティック,川口莉奈;三川華月;小澤麗那,リフレクティックオプティーク
11,2025/08/23,KIMCHIKURA Fes VOL.4,Heads or Tails?,コメティック,川口莉奈;三川華月;小澤麗那,リフレクティックオプティーク
1,2025/09/14,ナガノアニエラフェスタ2025 DAY2,バベルシティ・グレイス ,アンティーカ,礒部花凜;菅沼千紗;八巻アンナ;結名美月,カプリシオワンダーランド
2,2025/09/14,ナガノアニエラフェスタ2025 DAY2,革命進化論,アンティーカ,礒部花凜;菅沼千紗;八巻アンナ;結名美月,カプリシオワンダーランド
3,2025/09/14,ナガノアニエラフェスタ2025 DAY2,泥濘鳴鳴,コメティック,川口莉奈;三川華月;小澤麗那,コメティックノート
4,2025/09/14,ナガノアニエラフェスタ2025 DAY2,ハナムケのハナタバ,コメティック,川口莉奈;三川華月;小澤麗那,コメティックノート
5,2025/09/14,ナガノアニエラフェスタ2025 DAY2,時限式狂騒ワンダーランド,アンティーカ,礒部花凜;菅沼千紗;八巻アンナ;結名美月,カプリシオワンダーランド
6,2025/09/14,ナガノアニエラフェスタ2025 DAY2,似セ者,コメティック,川口莉奈;三川華月;小澤麗那,コメティックノート
7,2025/09/14,ナガノアニエラフェスタ2025 DAY2,星の声,アンティーカ;コメティック,礒部花凜;菅沼千紗;八巻アンナ;結名美月;川口莉奈;三川華月;小澤麗那,カプリシオワンダーランド;コメティックノート
1,2025/09/27,THE IDOLM@STER SHINY COLORS 7th UNITLIVE TOUR 円環 -Halo around- fourth quadrant DAY1,虹になれ,ノクチル,和久井優;土屋李央;田嶌紗蘭;岡咲美保,パルミエーレインビュー
2,2025/09/27,THE IDOLM@STER SHINY COLORS 7th UNITLIVE TOUR 円環 -Halo around- fourth quadrant DAY1,STARRY PLACE,イルミネーションスターズ,関根瞳;近藤玲奈;峯田茉優,ディバインクロンヌ
3,2025/09/27,THE IDOLM@STER SHINY COLORS 7th UNITLIVE TOUR 円環 -Halo around- fourth quadrant DAY1,365日のストーリー,ノクチル,和久井優;土屋李央;田嶌紗蘭;岡咲美保,パルミエーレインビュー
4,2025/09/27,THE IDOLM@STER SHINY COLORS 7th UNITLIVE TOUR 円環 -Halo around- fourth quadrant DAY1,statice,ソロ,和久井優,パルミエーレインビュー
5,2025/09/27,THE IDOLM@STER SHINY COLORS 7th UNITLIVE TOUR 円環 -Halo around- fourth quadrant DAY1,くだらないや,ノクチル,和久井優;土屋李央;田嶌紗蘭;岡咲美保,パルミエーレインビュー
6,2025/09/27,THE IDOLM@STER SHINY COLORS 7th UNITLIVE TOUR 円環 -Halo around- fourth quadrant DAY1,ありったけの輝きで,ソロ,関根瞳,ディバインクロンヌ
7,2025/09/27,THE IDOLM@STER SHINY COLORS 7th UNITLIVE TOUR 円環 -Halo around- fourth quadrant DAY1,スローモーション,ソロ,近藤玲奈,ディバインクロンヌ
8,2025/09/27,THE IDOLM@STER SHINY COLORS 7th UNITLIVE TOUR 円環 -Halo around- fourth quadrant DAY1,FELICE,イルミネーションスターズ,関根瞳;近藤玲奈;峯田茉優,ディバインクロンヌ
9,2025/09/27,THE IDOLM@STER SHINY COLORS 7th UNITLIVE TOUR 円環 -Halo around- fourth quadrant DAY1,Swing it!,ノクチル,和久井優;土屋李央;田嶌紗蘭;岡咲美保,パルミエーレインビュー
10,2025/09/27,THE IDOLM@STER SHINY COLORS 7th UNITLIVE TOUR 円環 -Halo around- fourth quadrant DAY1,Sparkle,イルミネーションスターズ;ノクチル,関根瞳;近藤玲奈;峯田茉優;和久井優;土屋李央;田嶌紗蘭;岡咲美保,ディバインクロンヌ;パルミエーレインビュー
11,2025/09/27,THE IDOLM@STER SHINY COLORS 7th UNITLIVE TOUR 円環 -Halo around- fourth quadrant DAY1,HAREBARE!!,ソロ,峯田茉優,ディバインクロンヌ
12,2025/09/27,THE IDOLM@STER SHINY COLORS 7th UNITLIVE TOUR 円環 -Halo around- fourth quadrant DAY1,虹になれ,イルミネーションスターズ,関根瞳;近藤玲奈;峯田茉優,ディバインクロンヌ
13,2025/09/27,THE IDOLM@STER SHINY COLORS 7th UNITLIVE TOUR 円環 -Halo around- fourth quadrant DAY1,わたしの主人公はわたしだから！,ソロ,田嶌紗蘭,パルミエーレインビュー
14,2025/09/27,THE IDOLM@STER SHINY COLORS 7th UNITLIVE TOUR 円環 -Halo around- fourth quadrant DAY1,あおぞらサイダー,ソロ,岡咲美保,パルミエーレインビュー
15,2025/09/27,THE IDOLM@STER SHINY COLORS 7th UNITLIVE TOUR 円環 -Halo around- fourth quadrant DAY1,REWRITING,イルミネーションスターズ,関根瞳;近藤玲奈;峯田茉優,ディバインクロンヌ
16,2025/09/27,THE IDOLM@STER SHINY COLORS 7th UNITLIVE TOUR 円環 -Halo around- fourth quadrant DAY1,晴れのちバルーン,イルミネーションスターズ,関根瞳;近藤玲奈;峯田茉優,ディバインクロンヌ
17,2025/09/27,THE IDOLM@STER SHINY COLORS 7th UNITLIVE TOUR 円環 -Halo around- fourth quadrant DAY1,星の声,イルミネーションスターズ;ノクチル,関根瞳;近藤玲奈;峯田茉優;和久井優;土屋李央;田嶌紗蘭;岡咲美保,ディバインクロンヌ;パルミエーレインビュー
18,2025/09/27,THE IDOLM@STER SHINY COLORS 7th UNITLIVE TOUR 円環 -Halo around- fourth quadrant DAY1,夢見鳥,ソロ,土屋李央,パルミエーレインビュー
19,2025/09/27,THE IDOLM@STER SHINY COLORS 7th UNITLIVE TOUR 円環 -Halo around- fourth quadrant DAY1,いつかのキミへ,ノクチル,和久井優;土屋李央;田嶌紗蘭;岡咲美保,パルミエーレインビュー
20,2025/09/27,THE IDOLM@STER SHINY COLORS 7th UNITLIVE TOUR 円環 -Halo around- fourth quadrant DAY1,Migratory Echoes (ノクチルVer.),イルミネーションスターズ;ノクチル,関根瞳;近藤玲奈;峯田茉優;和久井優;土屋李央;田嶌紗蘭;岡咲美保,ディバインクロンヌ;パルミエーレインビュー
1,2025/09/28,THE IDOLM@STER SHINY COLORS 7th UNITLIVE TOUR 円環 -Halo around- fourth quadrant DAY2,ありったけの輝きで,ソロ,関根瞳,ディバインクロンヌ
2,2025/09/28,THE IDOLM@STER SHINY COLORS 7th UNITLIVE TOUR 円環 -Halo around- fourth quadrant DAY2,365日のストーリー,ノクチル,和久井優;土屋李央;田嶌紗蘭;岡咲美保,パルミエーレインビュー
3,2025/09/28,THE IDOLM@STER SHINY COLORS 7th UNITLIVE TOUR 円環 -Halo around- fourth quadrant DAY2,あの花のように,ノクチル,和久井優;土屋李央;田嶌紗蘭;岡咲美保,パルミエーレインビュー
4,2025/09/28,THE IDOLM@STER SHINY COLORS 7th UNITLIVE TOUR 円環 -Halo around- fourth quadrant DAY2,statice,ソロ,和久井優,パルミエーレインビュー
5,2025/09/28,THE IDOLM@STER SHINY COLORS 7th UNITLIVE TOUR 円環 -Halo around- fourth quadrant DAY2,HAREBARE!!,ソロ,峯田茉優,ディバインクロンヌ
6,2025/09/28,THE IDOLM@STER SHINY COLORS 7th UNITLIVE TOUR 円環 -Halo around- fourth quadrant DAY2,晴れのちバルーン,イルミネーションスターズ,関根瞳;近藤玲奈;峯田茉優,ディバインクロンヌ
7,2025/09/28,THE IDOLM@STER SHINY COLORS 7th UNITLIVE TOUR 円環 -Halo around- fourth quadrant DAY2,明日もBeautiful Day,イルミネーションスターズ,関根瞳;近藤玲奈;峯田茉優,ディバインクロンヌ
8,2025/09/28,THE IDOLM@STER SHINY COLORS 7th UNITLIVE TOUR 円環 -Halo around- fourth quadrant DAY2,わたしの主人公はわたしだから！,ソロ,田嶌紗蘭,パルミエーレインビュー
9,2025/09/28,THE IDOLM@STER SHINY COLORS 7th UNITLIVE TOUR 円環 -Halo around- fourth quadrant DAY2,あおぞらサイダー,ソロ,岡咲美保,パルミエーレインビュー
10,2025/09/28,THE IDOLM@STER SHINY COLORS 7th UNITLIVE TOUR 円環 -Halo around- fourth quadrant DAY2,Swing it!,ノクチル,和久井優;土屋李央;田嶌紗蘭;岡咲美保,パルミエーレインビュー
11,2025/09/28,THE IDOLM@STER SHINY COLORS 7th UNITLIVE TOUR 円環 -Halo around- fourth quadrant DAY2,REWRITING,イルミネーションスターズ,関根瞳;近藤玲奈;峯田茉優,ディバインクロンヌ
12,2025/09/28,THE IDOLM@STER SHINY COLORS 7th UNITLIVE TOUR 円環 -Halo around- fourth quadrant DAY2,夢見鳥,ソロ,土屋李央,パルミエーレインビュー
13,2025/09/28,THE IDOLM@STER SHINY COLORS 7th UNITLIVE TOUR 円環 -Halo around- fourth quadrant DAY2,スローモーション,ソロ,近藤玲奈,ディバインクロンヌ
14,2025/09/28,THE IDOLM@STER SHINY COLORS 7th UNITLIVE TOUR 円環 -Halo around- fourth quadrant DAY2,いつかのキミへ,ノクチル,和久井優;土屋李央;田嶌紗蘭;岡咲美保,パルミエーレインビュー
15,2025/09/28,THE IDOLM@STER SHINY COLORS 7th UNITLIVE TOUR 円環 -Halo around- fourth quadrant DAY2,あの花のように,イルミネーションスターズ,関根瞳;近藤玲奈;峯田茉優,ディバインクロンヌ
16,2025/09/28,THE IDOLM@STER SHINY COLORS 7th UNITLIVE TOUR 円環 -Halo around- fourth quadrant DAY2,Sparkle,イルミネーションスターズ;ノクチル,関根瞳;近藤玲奈;峯田茉優;和久井優;土屋李央;田嶌紗蘭;岡咲美保,ディバインクロンヌ;パルミエーレインビュー
17,2025/09/28,THE IDOLM@STER SHINY COLORS 7th UNITLIVE TOUR 円環 -Halo around- fourth quadrant DAY2,Spread the Wings!!,イルミネーションスターズ;ノクチル,関根瞳;近藤玲奈;峯田茉優;和久井優;土屋李央;田嶌紗蘭;岡咲美保,ディバインクロンヌ;パルミエーレインビュー
18,2025/09/28,THE IDOLM@STER SHINY COLORS 7th UNITLIVE TOUR 円環 -Halo around- fourth quadrant DAY2,アスファルトを鳴らして,ノクチル,和久井優;土屋李央;田嶌紗蘭;岡咲美保,パルミエーレインビュー
19,2025/09/28,THE IDOLM@STER SHINY COLORS 7th UNITLIVE TOUR 円環 -Halo around- fourth quadrant DAY2,STARRY PLACE,イルミネーションスターズ,関根瞳;近藤玲奈;峯田茉優,ディバインクロンヌ
20,2025/09/28,THE IDOLM@STER SHINY COLORS 7th UNITLIVE TOUR 円環 -Halo around- fourth quadrant DAY2,Migratory Echoes (イルミネーションスターズVer.),イルミネーションスターズ;ノクチル,関根瞳;近藤玲奈;峯田茉優;和久井優;土屋李央;田嶌紗蘭;岡咲美保,ディバインクロンヌ;パルミエーレインビュー
1,2025/10/03,「IDO ACG EXPO 51st」THE IDOLM@STER SHINY COLORS -Shiny Stage- in Beijing IDO,バベルシティ・グレイス ,アンティーカ,礒部花凜;菅沼千紗;八巻アンナ;結名美月,コメティックノート
2,2025/10/03,「IDO ACG EXPO 51st」THE IDOLM@STER SHINY COLORS -Shiny Stage- in Beijing IDO,時限式狂騒ワンダーランド,アンティーカ,礒部花凜;菅沼千紗;八巻アンナ;結名美月,コメティックノート
3,2025/10/03,「IDO ACG EXPO 51st」THE IDOLM@STER SHINY COLORS -Shiny Stage- in Beijing IDO,Spread the Wings!! ,アンティーカ,礒部花凜;菅沼千紗;八巻アンナ;結名美月,コメティックノート
1,2025/10/25,"THE IDOLM@STER SHINY COLORS 7th LIVE TOUR 螺旋 -Halo around- ""The origin on the axes"" DAY1",Borderline,全員,関根瞳;近藤玲奈;峯田茉優;礒部花凜;菅沼千紗;八巻アンナ;希水しお;結名美月;河野ひより;永井真里子;丸岡和佳奈;涼本あきほ;黒木ほの香;前川涼子;芝崎典子;田中有紀;幸村恵理;北原沙弥香;和久井優;土屋李央;田嶌紗蘭;岡咲美保;紫月杏朱彩;山根綺;川口莉奈;三川華月;小澤麗那,レジスタンスオーダー・ネオス
2,2025/10/25,"THE IDOLM@STER SHINY COLORS 7th LIVE TOUR 螺旋 -Halo around- ""The origin on the axes"" DAY1",Break Chain,シーズ,紫月杏朱彩;山根綺,モノクロマテイクジルコン
3,2025/10/25,"THE IDOLM@STER SHINY COLORS 7th LIVE TOUR 螺旋 -Halo around- ""The origin on the axes"" DAY1",Fashionable,シーズ,紫月杏朱彩;山根綺,モノクロマテイクジルコン
4,2025/10/25,"THE IDOLM@STER SHINY COLORS 7th LIVE TOUR 螺旋 -Halo around- ""The origin on the axes"" DAY1",Pioneer Impact,アンティーカ;シーズ,礒部花凜;菅沼千紗;八巻アンナ;希水しお;結名美月;紫月杏朱彩;山根綺,オートクチュールアルテピエス;モノクロマテイクジルコン
5,2025/10/25,"THE IDOLM@STER SHINY COLORS 7th LIVE TOUR 螺旋 -Halo around- ""The origin on the axes"" DAY1",とある英雄たちの物語,アンティーカ,礒部花凜;菅沼千紗;八巻アンナ;希水しお;結名美月,オートクチュールアルテピエス
6,2025/10/25,"THE IDOLM@STER SHINY COLORS 7th LIVE TOUR 螺旋 -Halo around- ""The origin on the axes"" DAY1",NEO THEORY FANTASY,アンティーカ,礒部花凜;菅沼千紗;八巻アンナ;希水しお;結名美月,オートクチュールアルテピエス
7,2025/10/25,"THE IDOLM@STER SHINY COLORS 7th LIVE TOUR 螺旋 -Halo around- ""The origin on the axes"" DAY1",進路は超銀河,放課後クライマックスガールズ,河野ひより;永井真里子;丸岡和佳奈;涼本あきほ,ウィッチクラフトアカデミカル
8,2025/10/25,"THE IDOLM@STER SHINY COLORS 7th LIVE TOUR 螺旋 -Halo around- ""The origin on the axes"" DAY1",快盗Vを見逃すな,放課後クライマックスガールズ,河野ひより;永井真里子;丸岡和佳奈;涼本あきほ,ウィッチクラフトアカデミカル
9,2025/10/25,"THE IDOLM@STER SHINY COLORS 7th LIVE TOUR 螺旋 -Halo around- ""The origin on the axes"" DAY1",迅雷鉄火,放課後クライマックスガールズ;ストレイライト,河野ひより;永井真里子;丸岡和佳奈;涼本あきほ;田中有紀;幸村恵理;北原沙弥香,ウィッチクラフトアカデミカル;ジャックインマトリックス
10,2025/10/25,"THE IDOLM@STER SHINY COLORS 7th LIVE TOUR 螺旋 -Halo around- ""The origin on the axes"" DAY1",Cyber Parkour,ストレイライト,田中有紀;幸村恵理;北原沙弥香,ジャックインマトリックス
11,2025/10/25,"THE IDOLM@STER SHINY COLORS 7th LIVE TOUR 螺旋 -Halo around- ""The origin on the axes"" DAY1",Real Mind Shakes,ストレイライト,田中有紀;幸村恵理;北原沙弥香,ジャックインマトリックス
12,2025/10/25,"THE IDOLM@STER SHINY COLORS 7th LIVE TOUR 螺旋 -Halo around- ""The origin on the axes"" DAY1",Poison Berry Daughters,混合,峯田茉優;菅沼千紗;結名美月;芝崎典子;和久井優;岡咲美保;紫月杏朱彩;川口莉奈;三川華月,ディバインクロンヌ;オートクチュールアルテピエス;ローマクラシカルトレンチ;ジャックインマトリックス;パルミエーレインビュー;モノクロマテイクジルコン;リフレクティックオプティーク
13,2025/10/25,"THE IDOLM@STER SHINY COLORS 7th LIVE TOUR 螺旋 -Halo around- ""The origin on the axes"" DAY1",ONE STAR,混合,河野ひより;幸村恵理;北原沙弥香,ウィッチクラフトアカデミカル;ジャックインマトリックス
14,2025/10/25,"THE IDOLM@STER SHINY COLORS 7th LIVE TOUR 螺旋 -Halo around- ""The origin on the axes"" DAY1",C'mon! Join Us,混合,関根瞳;希水しお;八巻アンナ;永井真里子;丸岡和佳奈;黒木ほの香;前川涼子;田嶌紗蘭;土屋李央;山根綺;小澤麗那,ディバインクロンヌ;オートクチュールアルテピエス;ウィッチクラフトアカデミカル;ローマクラシカルトレンチ;パルミエーレインビュー;モノクロマテイクジルコン;リフレクティックオプティーク
15,2025/10/25,"THE IDOLM@STER SHINY COLORS 7th LIVE TOUR 螺旋 -Halo around- ""The origin on the axes"" DAY1",OPEN the New world,混合,近藤玲奈;礒部花凜;涼本あきほ;田中有紀,ディバインクロンヌ;オートクチュールアルテピエス;ウィッチクラフトアカデミカル;ジャックインマトリックス
16,2025/10/25,"THE IDOLM@STER SHINY COLORS 7th LIVE TOUR 螺旋 -Halo around- ""The origin on the axes"" DAY1",DAYDREAM LOVE,アルストロメリア,黒木ほの香;前川涼子;芝崎典子,ローマクラシカルトレンチ
17,2025/10/25,"THE IDOLM@STER SHINY COLORS 7th LIVE TOUR 螺旋 -Halo around- ""The origin on the axes"" DAY1",VERY BERRY LOVE,アルストロメリア,黒木ほの香;前川涼子;芝崎典子,ローマクラシカルトレンチ
18,2025/10/25,"THE IDOLM@STER SHINY COLORS 7th LIVE TOUR 螺旋 -Halo around- ""The origin on the axes"" DAY1",リフレインブレイン,アルストロメリア;コメティック,黒木ほの香;前川涼子;芝崎典子;川口莉奈;三川華月;小澤麗那,ローマクラシカルトレンチ;リフレクティックオプティーク
19,2025/10/25,"THE IDOLM@STER SHINY COLORS 7th LIVE TOUR 螺旋 -Halo around- ""The origin on the axes"" DAY1",泥濘鳴鳴,コメティック,川口莉奈;三川華月;小澤麗那,リフレクティックオプティーク
20,2025/10/25,"THE IDOLM@STER SHINY COLORS 7th LIVE TOUR 螺旋 -Halo around- ""The origin on the axes"" DAY1",ハナムケのハナタバ,コメティック,川口莉奈;三川華月;小澤麗那,リフレクティックオプティーク
21,2025/10/25,"THE IDOLM@STER SHINY COLORS 7th LIVE TOUR 螺旋 -Halo around- ""The origin on the axes"" DAY1",Swing it!,ノクチル,和久井優;土屋李央;田嶌紗蘭;岡咲美保,パルミエーレインビュー
22,2025/10/25,"THE IDOLM@STER SHINY COLORS 7th LIVE TOUR 螺旋 -Halo around- ""The origin on the axes"" DAY1",Reflection,ノクチル,和久井優;土屋李央;田嶌紗蘭;岡咲美保,パルミエーレインビュー
23,2025/10/25,"THE IDOLM@STER SHINY COLORS 7th LIVE TOUR 螺旋 -Halo around- ""The origin on the axes"" DAY1",Sparkle,イルミネーションスターズ;ノクチル,関根瞳;近藤玲奈;峯田茉優;和久井優;土屋李央;田嶌紗蘭;岡咲美保,ディバインクロンヌ;パルミエーレインビュー
24,2025/10/25,"THE IDOLM@STER SHINY COLORS 7th LIVE TOUR 螺旋 -Halo around- ""The origin on the axes"" DAY1",FELICE,イルミネーションスターズ,関根瞳;近藤玲奈;峯田茉優,ディバインクロンヌ
25,2025/10/25,"THE IDOLM@STER SHINY COLORS 7th LIVE TOUR 螺旋 -Halo around- ""The origin on the axes"" DAY1",スマイルシンフォニア,イルミネーションスターズ,関根瞳;近藤玲奈;峯田茉優,ディバインクロンヌ
26,2025/10/25,"THE IDOLM@STER SHINY COLORS 7th LIVE TOUR 螺旋 -Halo around- ""The origin on the axes"" DAY1",Spread the Wings!!,全員,関根瞳;近藤玲奈;峯田茉優;礒部花凜;菅沼千紗;八巻アンナ;希水しお;結名美月;河野ひより;永井真里子;丸岡和佳奈;涼本あきほ;黒木ほの香;前川涼子;芝崎典子;田中有紀;幸村恵理;北原沙弥香;和久井優;土屋李央;田嶌紗蘭;岡咲美保;紫月杏朱彩;山根綺;川口莉奈;三川華月;小澤麗那,ディバインクロンヌ;オートクチュールアルテピエス;ウィッチクラフトアカデミカル;ローマクラシカルトレンチ;ジャックインマトリックス;パルミエーレインビュー;モノクロマテイクジルコン;リフレクティックオプティーク
27,2025/10/25,"THE IDOLM@STER SHINY COLORS 7th LIVE TOUR 螺旋 -Halo around- ""The origin on the axes"" DAY1",シャイノグラフィ,全員,関根瞳;近藤玲奈;峯田茉優;礒部花凜;菅沼千紗;八巻アンナ;希水しお;結名美月;河野ひより;永井真里子;丸岡和佳奈;涼本あきほ;黒木ほの香;前川涼子;芝崎典子;田中有紀;幸村恵理;北原沙弥香;和久井優;土屋李央;田嶌紗蘭;岡咲美保;紫月杏朱彩;山根綺;川口莉奈;三川華月;小澤麗那,ディバインクロンヌ;オートクチュールアルテピエス;ウィッチクラフトアカデミカル;ローマクラシカルトレンチ;ジャックインマトリックス;パルミエーレインビュー;モノクロマテイクジルコン;リフレクティックオプティーク
28,2025/10/25,"THE IDOLM@STER SHINY COLORS 7th LIVE TOUR 螺旋 -Halo around- ""The origin on the axes"" DAY1",Migratory Echoes,全員,関根瞳;近藤玲奈;峯田茉優;礒部花凜;菅沼千紗;八巻アンナ;希水しお;結名美月;河野ひより;永井真里子;丸岡和佳奈;涼本あきほ;黒木ほの香;前川涼子;芝崎典子;田中有紀;幸村恵理;北原沙弥香;和久井優;土屋李央;田嶌紗蘭;岡咲美保;紫月杏朱彩;山根綺;川口莉奈;三川華月;小澤麗那,ディバインクロンヌ;オートクチュールアルテピエス;ウィッチクラフトアカデミカル;ローマクラシカルトレンチ;ジャックインマトリックス;パルミエーレインビュー;モノクロマテイクジルコン;リフレクティックオプティーク
1,2025/10/26,"THE IDOLM@STER SHINY COLORS 7th LIVE TOUR 螺旋 -Halo around- ""The origin on the axes"" DAY2",Borderline,全員,関根瞳;近藤玲奈;峯田茉優;礒部花凜;菅沼千紗;八巻アンナ;希水しお;結名美月;河野ひより;白石晴香;永井真里子;丸岡和佳奈;涼本あきほ;黒木ほの香;前川涼子;芝崎典子;田中有紀;幸村恵理;北原沙弥香;和久井優;土屋李央;田嶌紗蘭;岡咲美保;紫月杏朱彩;山根綺;川口莉奈;三川華月;小澤麗那,ディバインクロンヌ;オートクチュールアルテピエス;ウィッチクラフトアカデミカル;ローマクラシカルトレンチ;ジャックインマトリックス;パルミエーレインビュー;モノクロマテイクジルコン;リフレクティックオプティーク
2,2025/10/26,"THE IDOLM@STER SHINY COLORS 7th LIVE TOUR 螺旋 -Halo around- ""The origin on the axes"" DAY2",Fashionable,シーズ,紫月杏朱彩;山根綺,モノクロマテイクジルコン
3,2025/10/26,"THE IDOLM@STER SHINY COLORS 7th LIVE TOUR 螺旋 -Halo around- ""The origin on the axes"" DAY2",Pioneer Impact,アンティーカ;シーズ,礒部花凜;菅沼千紗;八巻アンナ;希水しお;結名美月;紫月杏朱彩;山根綺,オートクチュールアルテピエス;モノクロマテイクジルコン
4,2025/10/26,"THE IDOLM@STER SHINY COLORS 7th LIVE TOUR 螺旋 -Halo around- ""The origin on the axes"" DAY2",とある英雄たちの物語,アンティーカ,礒部花凜;菅沼千紗;八巻アンナ;希水しお;結名美月,オートクチュールアルテピエス
5,2025/10/26,"THE IDOLM@STER SHINY COLORS 7th LIVE TOUR 螺旋 -Halo around- ""The origin on the axes"" DAY2",快盗Vを見逃すな,放課後クライマックスガールズ,河野ひより;白石晴香;永井真里子;丸岡和佳奈;涼本あきほ,ウィッチクラフトアカデミカル
6,2025/10/26,"THE IDOLM@STER SHINY COLORS 7th LIVE TOUR 螺旋 -Halo around- ""The origin on the axes"" DAY2",迅雷鉄火,放課後クライマックスガールズ;ストレイライト,河野ひより;白石晴香;永井真里子;丸岡和佳奈;涼本あきほ;田中有紀;幸村恵理;北原沙弥香,ウィッチクラフトアカデミカル;ジャックインマトリックス
7,2025/10/26,"THE IDOLM@STER SHINY COLORS 7th LIVE TOUR 螺旋 -Halo around- ""The origin on the axes"" DAY2",Cyber Parkour,ストレイライト,田中有紀;幸村恵理;北原沙弥香,ジャックインマトリックス
8,2025/10/26,"THE IDOLM@STER SHINY COLORS 7th LIVE TOUR 螺旋 -Halo around- ""The origin on the axes"" DAY2",VOY@GER,混合,涼本あきほ;幸村恵理;和久井優,ウィッチクラフトアカデミカル;ジャックインマトリックス;パルミエーレインビュー
9,2025/10/26,"THE IDOLM@STER SHINY COLORS 7th LIVE TOUR 螺旋 -Halo around- ""The origin on the axes"" DAY2",Secret utopIA,イルミネーションスターズ;アルストロメリア;シーズ,関根瞳;近藤玲奈;峯田茉優;黒木ほの香;前川涼子;芝崎典子;紫月杏朱彩;山根綺,ディバインクロンヌ;ローマクラシカルトレンチ;モノクロマテイクジルコン
10,2025/10/26,"THE IDOLM@STER SHINY COLORS 7th LIVE TOUR 螺旋 -Halo around- ""The origin on the axes"" DAY2",FUTURITY SMILE,混合,礒部花凜;菅沼千紗;希水しお;八巻アンナ;結名美月;田中有紀;北原沙弥香;三川華月,オートクチュールアルテピエス;ジャックインマトリックス;リフレクティックオプティーク
11,2025/10/26,"THE IDOLM@STER SHINY COLORS 7th LIVE TOUR 螺旋 -Halo around- ""The origin on the axes"" DAY2",GOTCHA,混合,河野ひより;白石晴香;永井真里子;丸岡和佳奈;土屋李央;田嶌紗蘭;岡咲美保;川口莉奈;小澤麗那,ウィッチクラフトアカデミカル;パルミエーレインビューリ;フレクティックオプティーク
12,2025/10/26,"THE IDOLM@STER SHINY COLORS 7th LIVE TOUR 螺旋 -Halo around- ""The origin on the axes"" DAY2",VERY BERRY LOVE,アルストロメリア,黒木ほの香;前川涼子;芝崎典子,ローマクラシカルトレンチ
13,2025/10/26,"THE IDOLM@STER SHINY COLORS 7th LIVE TOUR 螺旋 -Halo around- ""The origin on the axes"" DAY2",リフレインブレイン,アルストロメリア;コメティック,黒木ほの香;前川涼子;芝崎典子;川口莉奈;三川華月;小澤麗那,ローマクラシカルトレンチ;リフレクティックオプティーク
14,2025/10/26,"THE IDOLM@STER SHINY COLORS 7th LIVE TOUR 螺旋 -Halo around- ""The origin on the axes"" DAY2",泥濘鳴鳴,コメティック,川口莉奈;三川華月;小澤麗那,リフレクティックオプティーク
15,2025/10/26,"THE IDOLM@STER SHINY COLORS 7th LIVE TOUR 螺旋 -Halo around- ""The origin on the axes"" DAY2",Reflection,ノクチル,和久井優;土屋李央;田嶌紗蘭;岡咲美保,パルミエーレインビュー
16,2025/10/26,"THE IDOLM@STER SHINY COLORS 7th LIVE TOUR 螺旋 -Halo around- ""The origin on the axes"" DAY2",Sparkle,イルミネーションスターズ;ノクチル,関根瞳;近藤玲奈;峯田茉優;和久井優;土屋李央;田嶌紗蘭;岡咲美保,ディバインクロンヌ;パルミエーレインビュー
17,2025/10/26,"THE IDOLM@STER SHINY COLORS 7th LIVE TOUR 螺旋 -Halo around- ""The origin on the axes"" DAY2",FELICE,イルミネーションスターズ,関根瞳;近藤玲奈;峯田茉優,ディバインクロンヌ
18,2025/10/26,"THE IDOLM@STER SHINY COLORS 7th LIVE TOUR 螺旋 -Halo around- ""The origin on the axes"" DAY2",THE LAST PRIDE,アンティーカ,礒部花凜;菅沼千紗;八巻アンナ;希水しお;結名美月,オートクチュールアルテピエス
19,2025/10/26,"THE IDOLM@STER SHINY COLORS 7th LIVE TOUR 螺旋 -Halo around- ""The origin on the axes"" DAY2",Forbidden Paradise,シーズ,紫月杏朱彩;山根綺,モノクロマテイクジルコン
20,2025/10/26,"THE IDOLM@STER SHINY COLORS 7th LIVE TOUR 螺旋 -Halo around- ""The origin on the axes"" DAY2",乱舞る,放課後クライマックスガールズ,河野ひより;白石晴香;永井真里子;丸岡和佳奈;涼本あきほ,ウィッチクラフトアカデミカル
21,2025/10/26,"THE IDOLM@STER SHINY COLORS 7th LIVE TOUR 螺旋 -Halo around- ""The origin on the axes"" DAY2",Another Rampage,ストレイライト,田中有紀;幸村恵理;北原沙弥香,ジャックインマトリックス
22,2025/10/26,"THE IDOLM@STER SHINY COLORS 7th LIVE TOUR 螺旋 -Halo around- ""The origin on the axes"" DAY2",mellow mellow,アルストロメリア,黒木ほの香;前川涼子;芝崎典子,ローマクラシカルトレンチ
23,2025/10/26,"THE IDOLM@STER SHINY COLORS 7th LIVE TOUR 螺旋 -Halo around- ""The origin on the axes"" DAY2",Heads or Tails?,コメティック,川口莉奈;三川華月;小澤麗那,リフレクティックオプティーク
24,2025/10/26,"THE IDOLM@STER SHINY COLORS 7th LIVE TOUR 螺旋 -Halo around- ""The origin on the axes"" DAY2",未来へのSign,ノクチル,和久井優;土屋李央;田嶌紗蘭;岡咲美保,パルミエーレインビュー
25,2025/10/26,"THE IDOLM@STER SHINY COLORS 7th LIVE TOUR 螺旋 -Halo around- ""The origin on the axes"" DAY2",Shower of light,イルミネーションスターズ,関根瞳;近藤玲奈;峯田茉優,ディバインクロンヌ
26,2025/10/26,"THE IDOLM@STER SHINY COLORS 7th LIVE TOUR 螺旋 -Halo around- ""The origin on the axes"" DAY2",虹の行方,全員,関根瞳;近藤玲奈;峯田茉優;礒部花凜;菅沼千紗;八巻アンナ;希水しお;結名美月;河野ひより;白石晴香;永井真里子;丸岡和佳奈;涼本あきほ;黒木ほの香;前川涼子;芝崎典子;田中有紀;幸村恵理;北原沙弥香;和久井優;土屋李央;田嶌紗蘭;岡咲美保;紫月杏朱彩;山根綺;川口莉奈;三川華月;小澤麗那,ディバインクロンヌ;オートクチュールアルテピエス;ウィッチクラフトアカデミカル;ローマクラシカルトレンチ;ジャックインマトリックス;パルミエーレインビュー;モノクロマテイクジルコン;リフレクティックオプティーク
27,2025/10/26,"THE IDOLM@STER SHINY COLORS 7th LIVE TOUR 螺旋 -Halo around- ""The origin on the axes"" DAY2",Resonance⁺ ,全員,関根瞳;近藤玲奈;峯田茉優;礒部花凜;菅沼千紗;八巻アンナ;希水しお;結名美月;河野ひより;白石晴香;永井真里子;丸岡和佳奈;涼本あきほ;黒木ほの香;前川涼子;芝崎典子;田中有紀;幸村恵理;北原沙弥香;和久井優;土屋李央;田嶌紗蘭;岡咲美保;紫月杏朱彩;山根綺;川口莉奈;三川華月;小澤麗那,レジスタンスオーダー・ネオス
28,2025/10/26,"THE IDOLM@STER SHINY COLORS 7th LIVE TOUR 螺旋 -Halo around- ""The origin on the axes"" DAY2",Migratory Echoes(メドレーver.),全員,関根瞳;近藤玲奈;峯田茉優;礒部花凜;菅沼千紗;八巻アンナ;希水しお;結名美月;河野ひより;白石晴香;永井真里子;丸岡和佳奈;涼本あきほ;黒木ほの香;前川涼子;芝崎典子;田中有紀;幸村恵理;北原沙弥香;和久井優;土屋李央;田嶌紗蘭;岡咲美保;紫月杏朱彩;山根綺;川口莉奈;三川華月;小澤麗那,レジスタンスオーダー・ネオス
1,2025/11/15,ACG Matsuri 2025 SE,星の声,ソロ,田中有紀,個人アーティスト衣装
1,2025/12/13, THE IDOLM@STER M@STERS OF IDOL WORLD 2025 DAY1,虹の行方(short),アンティーカ;アルストロメリア;シーズ;コメティック,礒部花凜;菅沼千紗;八巻アンナ;希水しお;結名美月;黒木ほの香;前川涼子;芝崎典子;紫月杏朱彩;山根綺;川口莉奈;三川華月;小澤麗那,カプリシオワンダーランド;マジーク・アルーア;モノクロマテイクジルコン;リフレクティックオプティーク
2,2025/12/13, THE IDOLM@STER M@STERS OF IDOL WORLD 2025 DAY1,いとをかし！〜一彩×合彩〜,混合,小澤麗那;その他,リフレクティックオプティーク
3,2025/12/13, THE IDOLM@STER M@STERS OF IDOL WORLD 2025 DAY1,fruity love,混合,小澤麗那;その他,リフレクティックオプティーク
4,2025/12/13, THE IDOLM@STER M@STERS OF IDOL WORLD 2025 DAY1,Emergence Vibe,混合,芝崎典子;三川華月;その他,マジーク・アルーア;リフレクティックオプティーク
5,2025/12/13, THE IDOLM@STER M@STERS OF IDOL WORLD 2025 DAY1,スペードのQ,混合,黒木ほの香;その他,マジーク・アルーア
6,2025/12/13, THE IDOLM@STER M@STERS OF IDOL WORLD 2025 DAY1,Break Chain,シーズ;その他,紫月杏朱彩;山根綺;その他,モノクロマテイクジルコン
7,2025/12/13, THE IDOLM@STER M@STERS OF IDOL WORLD 2025 DAY1,Love∞Destiny,混合,三川華月;その他,リフレクティックオプティーク
8,2025/12/13, THE IDOLM@STER M@STERS OF IDOL WORLD 2025 DAY1,アマテラス,アルストロメリア;その他,黒木ほの香;前川涼子;芝崎典子;その他,マジーク・アルーア
9,2025/12/13, THE IDOLM@STER M@STERS OF IDOL WORLD 2025 DAY1,Blue Symphony,アンティーカ;アルストロメリア;シーズ;コメティック,礒部花凜;菅沼千紗;八巻アンナ;希水しお;結名美月;黒木ほの香;前川涼子;芝崎典子;紫月杏朱彩;山根綺;川口莉奈;三川華月;小澤麗那,カプリシオワンダーランド;マジーク・アルーア;モノクロマテイクジルコン;リフレクティックオプティーク
10,2025/12/13, THE IDOLM@STER M@STERS OF IDOL WORLD 2025 DAY1,"Sunny day, Perfect day",混合,礒部花凜;その他,カプリシオワンダーランド
11,2025/12/13, THE IDOLM@STER M@STERS OF IDOL WORLD 2025 DAY1,Give me some more...,アルストロメリア;その他,黒木ほの香;前川涼子;芝崎典子;その他,マジーク・アルーア
12,2025/12/13, THE IDOLM@STER M@STERS OF IDOL WORLD 2025 DAY1,エージェント夜を往く(short),混合,川口莉奈;その他,リフレクティックオプティーク
13,2025/12/13, THE IDOLM@STER M@STERS OF IDOL WORLD 2025 DAY1,もふデビ★うぉんてっど(short),混合,紫月杏朱彩;菅沼千紗;その他,カプリシオワンダーランド;モノクロマテイクジルコン
14,2025/12/13, THE IDOLM@STER M@STERS OF IDOL WORLD 2025 DAY1,LOVE is GAME(short),混合,前川涼子;その他,マジーク・アルーア
15,2025/12/13, THE IDOLM@STER M@STERS OF IDOL WORLD 2025 DAY1,Fate of the World(short),コメティック,川口莉奈;三川華月;小澤麗那,リフレクティックオプティーク
16,2025/12/13, THE IDOLM@STER M@STERS OF IDOL WORLD 2025 DAY1,そしてぼくらは旅にでる(short),混合,結名美月;その他,カプリシオワンダーランド
17,2025/12/13, THE IDOLM@STER M@STERS OF IDOL WORLD 2025 DAY1,君のステージ衣装、本当は…(short),混合,紫月杏朱彩;その他,モノクロマテイクジルコン
18,2025/12/13, THE IDOLM@STER M@STERS OF IDOL WORLD 2025 DAY1,推しってほんと(short),混合,希水しお;その他,モノクロマテイクジルコン
19,2025/12/13, THE IDOLM@STER M@STERS OF IDOL WORLD 2025 DAY1,I Want,混合,菅沼千紗;その他,モノクロマテイクジルコン
20,2025/12/13, THE IDOLM@STER M@STERS OF IDOL WORLD 2025 DAY1,Heads or Tails?,コメティック;その他,川口莉奈;三川華月;小澤麗那;その他,リフレクティックオプティーク
21,2025/12/13, THE IDOLM@STER M@STERS OF IDOL WORLD 2025 DAY1,ULTIMATE FLAME,混合,山根綺;その他,モノクロマテイクジルコン
22,2025/12/13, THE IDOLM@STER M@STERS OF IDOL WORLD 2025 DAY1,時限式狂騒ワンダーランド,アンティーカ;その他,礒部花凜;菅沼千紗;八巻アンナ;希水しお;結名美月;その他,カプリシオワンダーランド
23,2025/12/13, THE IDOLM@STER M@STERS OF IDOL WORLD 2025 DAY1,Dance in the Light,混合,山根綺;その他,モノクロマテイクジルコン
24,2025/12/13, THE IDOLM@STER M@STERS OF IDOL WORLD 2025 DAY1,紅白応援V (ビクトリー),混合,黒木ほの香;芝崎典子;その他,YOU AND アイ！
25,2025/12/13, THE IDOLM@STER M@STERS OF IDOL WORLD 2025 DAY1,Howling over the World,混合,礒部花凜;結名美月;希水しお;川口莉奈;その他,YOU AND アイ！
26,2025/12/13, THE IDOLM@STER M@STERS OF IDOL WORLD 2025 DAY1,宵闇のイリュージョン,混合,八巻アンナ;その他,YOU AND アイ！
27,2025/12/13, THE IDOLM@STER M@STERS OF IDOL WORLD 2025 DAY1,ガールズ・イン・ザ・フロンティア,アンティーカ;シーズ;その他,礒部花凜;菅沼千紗;八巻アンナ;希水しお;結名美月;紫月杏朱彩;山根綺;その他,YOU AND アイ！
28,2025/12/13, THE IDOLM@STER M@STERS OF IDOL WORLD 2025 DAY1,ジャングル☆パーティー,混合,前川涼子;その他,YOU AND アイ！
29,2025/12/13, THE IDOLM@STER M@STERS OF IDOL WORLD 2025 DAY1,アイ NEED YOU（FOR WONDERFUL STORY）,全員,礒部花凜;菅沼千紗;八巻アンナ;希水しお;結名美月;黒木ほの香;前川涼子;芝崎典子;紫月杏朱彩;山根綺;川口莉奈;三川華月;小澤麗那;その他,YOU AND アイ！
1,2025/12/14, THE IDOLM@STER M@STERS OF IDOL WORLD 2025 DAY2,プリズムフレア,イルミネーションスターズ;放課後クライマックスガールズ;ストレイライト;ノクチル,関根瞳;近藤玲奈;峯田茉優;河野ひより;永井真里子;丸岡和佳奈;涼本あきほ;田中有紀;幸村恵理;北原沙弥香;和久井優;土屋李央;田嶌紗蘭;岡咲美保,ファンテジィソナーレ;ウィッチクラフトアカデミカル;ジャックインマトリックス;パルミエーレインビュー
2,2025/12/14, THE IDOLM@STER M@STERS OF IDOL WORLD 2025 DAY2,快盗Vを見逃すな,放課後クライマックスガールズ;その他,河野ひより;永井真里子;丸岡和佳奈;涼本あきほ;その他,ウィッチクラフトアカデミカル
3,2025/12/14, THE IDOLM@STER M@STERS OF IDOL WORLD 2025 DAY2,ラビューダ♡トライアングル,イルミネーションスターズ;その他,関根瞳;近藤玲奈;峯田茉優;その他,ファンテジィソナーレ
4,2025/12/14, THE IDOLM@STER M@STERS OF IDOL WORLD 2025 DAY2,365日のストーリー,ノクチル;その他,和久井優;土屋李央;田嶌紗蘭;岡咲美保;その他,パルミエーレインビュー
5,2025/12/14, THE IDOLM@STER M@STERS OF IDOL WORLD 2025 DAY2,Understand? Understand!,混合,関根瞳;河野ひより;その他,ファンテジィソナーレ;ウィッチクラフトアカデミカル
6,2025/12/14, THE IDOLM@STER M@STERS OF IDOL WORLD 2025 DAY2,Cyber Parkour,ストレイライト;その他,田中有紀;幸村恵理;北原沙弥香;近藤玲奈;その他,ジャックインマトリックス;ファンテジィソナーレ
7,2025/12/14, THE IDOLM@STER M@STERS OF IDOL WORLD 2025 DAY2,RAY OF LIGHT,ストレイライト;その他,田中有紀;幸村恵理;北原沙弥香;その他,ジャックインマトリックス
8,2025/12/14, THE IDOLM@STER M@STERS OF IDOL WORLD 2025 DAY2,バーニン・クールで輝いて,混合,永井真里子;涼本あきほ;その他,ウィッチクラフトアカデミカル
9,2025/12/14, THE IDOLM@STER M@STERS OF IDOL WORLD 2025 DAY2,Gossip Club,混合,北原沙弥香;その他,ジャックインマトリックス
10,2025/12/14, THE IDOLM@STER M@STERS OF IDOL WORLD 2025 DAY2,Light Year Song,ノクチル;その他,和久井優;土屋李央;田嶌紗蘭;岡咲美保;その他,パルミエーレインビュー
11,2025/12/14, THE IDOLM@STER M@STERS OF IDOL WORLD 2025 DAY2,Shower of light,イルミネーションスターズ;その他,関根瞳;近藤玲奈;峯田茉優;その他,ファンテジィソナーレ
12,2025/12/14, THE IDOLM@STER M@STERS OF IDOL WORLD 2025 DAY2,Compass Gripper!!!,イルミネーションスターズ;放課後クライマックスガールズ;ストレイライト;ノクチル,関根瞳;近藤玲奈;峯田茉優;河野ひより;永井真里子;丸岡和佳奈;涼本あきほ;田中有紀;幸村恵理;北原沙弥香;和久井優;土屋李央;田嶌紗蘭;岡咲美保,ファンテジィソナーレ;ウィッチクラフトアカデミカル;ジャックインマトリックス;パルミエーレインビュー
13,2025/12/14, THE IDOLM@STER M@STERS OF IDOL WORLD 2025 DAY2,スマイル・エンゲージ(short),混合,和久井優;その他,パルミエーレインビュー
14,2025/12/14, THE IDOLM@STER M@STERS OF IDOL WORLD 2025 DAY2,Radio Happy(short),混合,岡咲美保;その他,パルミエーレインビュー
15,2025/12/14, THE IDOLM@STER M@STERS OF IDOL WORLD 2025 DAY2,Upper Dog(short),混合,河野ひより;その他,ウィッチクラフトアカデミカル
16,2025/12/14, THE IDOLM@STER M@STERS OF IDOL WORLD 2025 DAY2,冠菊(short),混合,丸岡和佳奈;その他,ウィッチクラフトアカデミカル
17,2025/12/14, THE IDOLM@STER M@STERS OF IDOL WORLD 2025 DAY2,わたしの主人公はわたしだから！(short),混合,田嶌紗蘭;その他,パルミエーレインビュー
18,2025/12/14, THE IDOLM@STER M@STERS OF IDOL WORLD 2025 DAY2,チョコデート・サンデー(short),混合,峯田茉優;その他,ファンテジィソナーレ
19,2025/12/14, THE IDOLM@STER M@STERS OF IDOL WORLD 2025 DAY2,きまぐれユモレスク(short),混合,関根瞳;丸岡和佳奈;その他,ファンテジィソナーレ;ウィッチクラフトアカデミカル
20,2025/12/14, THE IDOLM@STER M@STERS OF IDOL WORLD 2025 DAY2,99 Nights(short),混合,土屋李央;その他,パルミエーレインビュー
21,2025/12/14, THE IDOLM@STER M@STERS OF IDOL WORLD 2025 DAY2,BRAVE STAR(short),混合,田中有紀;その他,ジャックインマトリックス
22,2025/12/14, THE IDOLM@STER M@STERS OF IDOL WORLD 2025 DAY2,電波感傷,混合,幸村恵理;北原沙弥香;その他,ジャックインマトリックス
23,2025/12/14, THE IDOLM@STER M@STERS OF IDOL WORLD 2025 DAY2,DIAMOND JOKER,混合,涼本あきほ;その他,ウィッチクラフトアカデミカル
24,2025/12/14, THE IDOLM@STER M@STERS OF IDOL WORLD 2025 DAY2,Drastic Melody,混合,近藤玲奈;その他,ファンテジィソナーレ
25,2025/12/14, THE IDOLM@STER M@STERS OF IDOL WORLD 2025 DAY2,ザ・ライブ革命でSHOW！,混合,幸村恵理;その他,YOU AND アイ！
26,2025/12/14, THE IDOLM@STER M@STERS OF IDOL WORLD 2025 DAY2,ミュージアムジカ,混合,岡咲美保;その他,YOU AND アイ！
27,2025/12/14, THE IDOLM@STER M@STERS OF IDOL WORLD 2025 DAY2,キミとセミブルー,混合,田中有紀;和久井優;土屋李央;その他,YOU AND アイ！
28,2025/12/14, THE IDOLM@STER M@STERS OF IDOL WORLD 2025 DAY2,純情Midnight伝説,混合,河野ひより;永井真里子;その他,YOU AND アイ！
29,2025/12/14, THE IDOLM@STER M@STERS OF IDOL WORLD 2025 DAY2,アイ NEED YOU（FOR WONDERFUL STORY）,全員,関根瞳;近藤玲奈;峯田茉優;河野ひより;永井真里子;丸岡和佳奈;涼本あきほ;田中有紀;幸村恵理;北原沙弥香;和久井優;土屋李央;田嶌紗蘭;岡咲美保;その他,YOU AND アイ！
1,2025/12/27,283 Production MUSICAL Performance 騎士団のヴェール – Veil of Order – – Abnegatio (I) –,銀翼のアレジアンス -blade of truth-,アンティーカ;シーズ;コメティック,月岡恋鐘;田中摩美々;白瀬咲耶;三峰結華;幽谷霧子;七草にちか;緋田美琴;斑鳩ルカ;鈴木羽那;郁田はるき,ギアーズ・オブ・プライド
2,2025/12/27,283 Production MUSICAL Performance 騎士団のヴェール – Veil of Order – – Abnegatio (I) –,とある英雄たちの物語,アンティーカ,月岡恋鐘;田中摩美々;白瀬咲耶;三峰結華;幽谷霧子,ギアーズ・オブ・プライド
3,2025/12/27,283 Production MUSICAL Performance 騎士団のヴェール – Veil of Order – – Abnegatio (I) –,千夜アリア,ソロ,白瀬咲耶,ギアーズ・オブ・プライド
4,2025/12/27,283 Production MUSICAL Performance 騎士団のヴェール – Veil of Order – – Abnegatio (I) –,時限式狂騒ワンダーランド,混合,田中摩美々;三峰結華;緋田美琴;鈴木羽那;郁田はるき,ギアーズ・オブ・プライド
5,2025/12/27,283 Production MUSICAL Performance 騎士団のヴェール – Veil of Order – – Abnegatio (I) –,橙より未来,混合,月岡恋鐘;白瀬咲耶;幽谷霧子,ギアーズ・オブ・プライド
6,2025/12/27,283 Production MUSICAL Performance 騎士団のヴェール – Veil of Order – – Abnegatio (I) –,メモワール・アンタクト,ソロ,幽谷霧子,ギアーズ・オブ・プライド
7,2025/12/27,283 Production MUSICAL Performance 騎士団のヴェール – Veil of Order – – Abnegatio (I) –,運命前夜,アンティーカ,月岡恋鐘;田中摩美々;白瀬咲耶;三峰結華;幽谷霧子;七草にちか;緋田美琴;斑鳩ルカ;鈴木羽那;郁田はるき,ギアーズ・オブ・プライド
8,2025/12/27,283 Production MUSICAL Performance 騎士団のヴェール – Veil of Order – – Abnegatio (I) –,月影のアンシェネ,ソロ,田中摩美々,ギアーズ・オブ・プライド
9,2025/12/27,283 Production MUSICAL Performance 騎士団のヴェール – Veil of Order – – Abnegatio (I) –,浮動性イノセンス,ソロ,幽谷霧子,ギアーズ・オブ・プライド
10,2025/12/27,283 Production MUSICAL Performance 騎士団のヴェール – Veil of Order – – Abnegatio (I) –,愚者の独白,ソロ,田中摩美々,ギアーズ・オブ・プライド
11,2025/12/27,283 Production MUSICAL Performance 騎士団のヴェール – Veil of Order – – Abnegatio (I) –,THE LAST PRIDE,アンティーカ,月岡恋鐘;田中摩美々;白瀬咲耶;三峰結華;幽谷霧子;七草にちか;斑鳩ルカ,ギアーズ・オブ・プライド
12,2025/12/27,283 Production MUSICAL Performance 騎士団のヴェール – Veil of Order – – Abnegatio (I) –,銀翼のアヴニール -become the brave-,アンティーカ;シーズ;コメティック,月岡恋鐘;田中摩美々;白瀬咲耶;三峰結華;幽谷霧子;七草にちか;緋田美琴;斑鳩ルカ;鈴木羽那;郁田はるき,ギアーズ・オブ・プライド
1,2025/12/28, 283 Production MUSICAL Performance 騎士団のヴェール – Veil of Order – – Odium (II) –,銀翼のアレジアンス -blade of truth-,アンティーカ;シーズ;コメティック,月岡恋鐘;田中摩美々;白瀬咲耶;三峰結華;幽谷霧子;七草にちか;緋田美琴;斑鳩ルカ;鈴木羽那;郁田はるき,ギアーズ・オブ・プライド
2,2025/12/28, 283 Production MUSICAL Performance 騎士団のヴェール – Veil of Order – – Odium (II) –,とある英雄たちの物語,アンティーカ,月岡恋鐘;田中摩美々;白瀬咲耶;三峰結華;幽谷霧子,ギアーズ・オブ・プライド
3,2025/12/28, 283 Production MUSICAL Performance 騎士団のヴェール – Veil of Order – – Odium (II) –,千夜アリア,ソロ,白瀬咲耶,ギアーズ・オブ・プライド
4,2025/12/28, 283 Production MUSICAL Performance 騎士団のヴェール – Veil of Order – – Odium (II) –,時限式狂騒ワンダーランド,混合,田中摩美々;三峰結華;緋田美琴;鈴木羽那;郁田はるき,ギアーズ・オブ・プライド
5,2025/12/28, 283 Production MUSICAL Performance 騎士団のヴェール – Veil of Order – – Odium (II) –,橙より未来,混合,月岡恋鐘;白瀬咲耶;幽谷霧子,ギアーズ・オブ・プライド
6,2025/12/28, 283 Production MUSICAL Performance 騎士団のヴェール – Veil of Order – – Odium (II) –,abyss of conflict,ソロ,白瀬咲耶,ギアーズ・オブ・プライド
7,2025/12/28, 283 Production MUSICAL Performance 騎士団のヴェール – Veil of Order – – Odium (II) –,運命前夜,アンティーカ,月岡恋鐘;田中摩美々;白瀬咲耶;三峰結華;幽谷霧子;七草にちか;緋田美琴;斑鳩ルカ;鈴木羽那;郁田はるき,ギアーズ・オブ・プライド
8,2025/12/28, 283 Production MUSICAL Performance 騎士団のヴェール – Veil of Order – – Odium (II) –,月影のアンシェネ,ソロ,田中摩美々,ギアーズ・オブ・プライド
9,2025/12/28, 283 Production MUSICAL Performance 騎士団のヴェール – Veil of Order – – Odium (II) –,Black Reverie,ソロ,白瀬咲耶,ギアーズ・オブ・プライド
10,2025/12/28, 283 Production MUSICAL Performance 騎士団のヴェール – Veil of Order – – Odium (II) –,秋の終わり、僕の記憶,ソロ,月岡恋鐘,ギアーズ・オブ・プライド
11,2025/12/28, 283 Production MUSICAL Performance 騎士団のヴェール – Veil of Order – – Odium (II) –,Killer×Mission,アンティーカ,月岡恋鐘;田中摩美々;白瀬咲耶;三峰結華;幽谷霧子;七草にちか;斑鳩ルカ,ギアーズ・オブ・プライド
12,2025/12/28, 283 Production MUSICAL Performance 騎士団のヴェール – Veil of Order – – Odium (II) –,銀翼のアヴニール -become the brave-,アンティーカ;シーズ;コメティック,月岡恋鐘;田中摩美々;白瀬咲耶;三峰結華;幽谷霧子;七草にちか;緋田美琴;斑鳩ルカ;鈴木羽那;郁田はるき,ギアーズ・オブ・プライド
1,2025/12/28,283 Production MUSICAL Performance 騎士団のヴェール – Veil of Order – – Cupiditas (III) –,銀翼のアレジアンス -blade of truth-,アンティーカ;シーズ;コメティック,月岡恋鐘;田中摩美々;白瀬咲耶;三峰結華;幽谷霧子;七草にちか;緋田美琴;斑鳩ルカ;鈴木羽那;郁田はるき,ギアーズ・オブ・プライド
2,2025/12/28,283 Production MUSICAL Performance 騎士団のヴェール – Veil of Order – – Cupiditas (III) –,とある英雄たちの物語,アンティーカ,月岡恋鐘;田中摩美々;白瀬咲耶;三峰結華;幽谷霧子,ギアーズ・オブ・プライド
3,2025/12/28,283 Production MUSICAL Performance 騎士団のヴェール – Veil of Order – – Cupiditas (III) –,千夜アリア,ソロ,白瀬咲耶,ギアーズ・オブ・プライド
4,2025/12/28,283 Production MUSICAL Performance 騎士団のヴェール – Veil of Order – – Cupiditas (III) –,時限式狂騒ワンダーランド,混合,田中摩美々;三峰結華;緋田美琴;鈴木羽那;郁田はるき,ギアーズ・オブ・プライド
5,2025/12/28,283 Production MUSICAL Performance 騎士団のヴェール – Veil of Order – – Cupiditas (III) –,橙より未来,混合,月岡恋鐘;白瀬咲耶;幽谷霧子,ギアーズ・オブ・プライド
6,2025/12/28,283 Production MUSICAL Performance 騎士団のヴェール – Veil of Order – – Cupiditas (III) –,運命前夜,アンティーカ,月岡恋鐘;田中摩美々;白瀬咲耶;三峰結華;幽谷霧子;七草にちか;緋田美琴;斑鳩ルカ;鈴木羽那;郁田はるき,ギアーズ・オブ・プライド
7,2025/12/28,283 Production MUSICAL Performance 騎士団のヴェール – Veil of Order – – Cupiditas (III) –,月影のアンシェネ,ソロ,田中摩美々,ギアーズ・オブ・プライド
8,2025/12/28,283 Production MUSICAL Performance 騎士団のヴェール – Veil of Order – – Cupiditas (III) –,Once Upon a Secret,ソロ,三峰結華,ギアーズ・オブ・プライド
9,2025/12/28,283 Production MUSICAL Performance 騎士団のヴェール – Veil of Order – – Cupiditas (III) –,ブレイク・アウト・セレンディピティ,混合,田中摩美々;三峰結華,ギアーズ・オブ・プライド
10,2025/12/28,283 Production MUSICAL Performance 騎士団のヴェール – Veil of Order – – Cupiditas (III) –,Migratory Echoes (アンティーカVer.),アンティーカ,月岡恋鐘;田中摩美々;白瀬咲耶;三峰結華;幽谷霧子,ギアーズ・オブ・プライド
11,2025/12/28,283 Production MUSICAL Performance 騎士団のヴェール – Veil of Order – – Cupiditas (III) –,銀翼のアヴニール -become the brave-,アンティーカ;シーズ;コメティック,月岡恋鐘;田中摩美々;白瀬咲耶;三峰結華;幽谷霧子;七草にちか;緋田美琴;斑鳩ルカ;鈴木羽那;郁田はるき,ギアーズ・オブ・プライド
12,2025/12/28,283 Production MUSICAL Performance 騎士団のヴェール – Veil of Order – – Cupiditas (III) –,バベルシティ・グレイス,アンティーカ,月岡恋鐘;田中摩美々;白瀬咲耶;三峰結華;幽谷霧子,シンフォニックスチーム
1,2026/01/31,リスアニ！LIVE 2026 SATURDAY STAGE,Borderline,放課後クライマックスガールズ;シーズ,河野ひより;永井真里子;丸岡和佳奈;涼本あきほ;紫月杏朱彩;山根綺,ウィッチクラフトアカデミカル;モノクロマテイクジルコン
2,2026/01/31,リスアニ！LIVE 2026 SATURDAY STAGE,Break Chain,シーズ,紫月杏朱彩;山根綺,モノクロマテイクジルコン
3,2026/01/31,リスアニ！LIVE 2026 SATURDAY STAGE,快盗Vを見逃すな,放課後クライマックスガールズ,河野ひより;永井真里子;丸岡和佳奈;涼本あきほ,ウィッチクラフトアカデミカル
4,2026/01/31,リスアニ！LIVE 2026 SATURDAY STAGE,太陽キッス,放課後クライマックスガールズ,河野ひより;永井真里子;丸岡和佳奈;涼本あきほ,ウィッチクラフトアカデミカル
5,2026/01/31,リスアニ！LIVE 2026 SATURDAY STAGE,Fashionable,シーズ,紫月杏朱彩;山根綺,モノクロマテイクジルコン
6,2026/01/31,リスアニ！LIVE 2026 SATURDAY STAGE,プリズムフレア,放課後クライマックスガールズ;シーズ,河野ひより;永井真里子;丸岡和佳奈;涼本あきほ;紫月杏朱彩;山根綺,ウィッチクラフトアカデミカル;モノクロマテイクジルコン
1,2026/02/14,THE IDOLM@STER SHINY COLORS シャニマス大感謝祭！ 〜283スポーツフェスティバル〜 DAY1,キズナシェアリング ,Team.Stella,関根瞳;礒部花凜;黒木ほの香;田中有紀;山根綺;三川華月,ライブジャージ
2,2026/02/14,THE IDOLM@STER SHINY COLORS シャニマス大感謝祭！ 〜283スポーツフェスティバル〜 DAY1,Lit up my sky ,Team.Luna,菅沼千紗;希水しお;結名美月;丸岡和佳奈;前川涼子;北原沙弥香;田嶌紗蘭,ライブジャージ
3,2026/02/14,THE IDOLM@STER SHINY COLORS シャニマス大感謝祭！ 〜283スポーツフェスティバル〜 DAY1,永遠色アーチ ,Team.Sol,峯田茉優;八巻アンナ;永井真里子;涼本あきほ;芝崎典子;幸村恵理;和久井優;岡咲美保;紫月杏朱彩;小澤麗那,ライブジャージ
4,2026/02/14,THE IDOLM@STER SHINY COLORS シャニマス大感謝祭！ 〜283スポーツフェスティバル〜 DAY1,SWEET♡STEP,全員,関根瞳;礒部花凜;黒木ほの香;田中有紀;山根綺;三川華月;菅沼千紗;希水しお;結名美月;丸岡和佳奈;前川涼子;北原沙弥香;田嶌紗蘭;峯田茉優;八巻アンナ;永井真里子;涼本あきほ;芝崎典子;幸村恵理;和久井優;岡咲美保;紫月杏朱彩;小澤麗那,ライブジャージ
1,2026/02/15,THE IDOLM@STER SHINY COLORS シャニマス大感謝祭！ 〜283スポーツフェスティバル〜 DAY2,感謝のコントレイル,全員,関根瞳;礒部花凜;河野ひより;黒木ほの香;田中有紀;土屋李央;山根綺;三川華月;近藤玲奈;菅沼千紗;希水しお;結名美月;丸岡和佳奈;前川涼子;北原沙弥香;田嶌紗蘭;峯田茉優;八巻アンナ;永井真里子;涼本あきほ;芝崎典子;幸村恵理;和久井優;岡咲美保;紫月杏朱彩;小澤麗那,ライブジャージ
2,2026/02/15,THE IDOLM@STER SHINY COLORS シャニマス大感謝祭！ 〜283スポーツフェスティバル〜 DAY2,SWEET♡STEP,全員,関根瞳;礒部花凜;河野ひより;黒木ほの香;田中有紀;土屋李央;山根綺;三川華月;近藤玲奈;菅沼千紗;希水しお;結名美月;丸岡和佳奈;前川涼子;北原沙弥香;田嶌紗蘭;峯田茉優;八巻アンナ;永井真里子;涼本あきほ;芝崎典子;幸村恵理;和久井優;岡咲美保;紫月杏朱彩;小澤麗那,ライブジャージ
1,2026/04/11,283 Production XXXX Performance XXX= S/N-GUL4R1TY // 0x01; initialize(),Wandering Dream Chaser,ストレイライト,芹沢あさひ;黛冬優子;和泉愛依,ネオンライトロマンサー
2,2026/04/11,283 Production XXXX Performance XXX= S/N-GUL4R1TY // 0x01; initialize(),Transcending The World,ストレイライト,芹沢あさひ;黛冬優子;和泉愛依,ネオンライトロマンサー
3,2026/04/11,283 Production XXXX Performance XXX= S/N-GUL4R1TY // 0x01; initialize(),Cyber Parkour,ストレイライト,芹沢あさひ;黛冬優子;和泉愛依,ネオンライトロマンサー
4,2026/04/11,283 Production XXXX Performance XXX= S/N-GUL4R1TY // 0x01; initialize(),迅雷鉄火,ストレイライト,芹沢あさひ;黛冬優子;和泉愛依,ネオンライトロマンサー
5,2026/04/11,283 Production XXXX Performance XXX= S/N-GUL4R1TY // 0x01; initialize(),乱舞る(short)(歌唱無し),ストレイライト,芹沢あさひ;黛冬優子;和泉愛依,ネオンライトロマンサー
6,2026/04/11,283 Production XXXX Performance XXX= S/N-GUL4R1TY // 0x01; initialize(),Reflection (short)(歌唱無し),ストレイライト,芹沢あさひ;黛冬優子;和泉愛依,ネオンライトロマンサー
7,2026/04/11,283 Production XXXX Performance XXX= S/N-GUL4R1TY // 0x01; initialize(),mellow mellow(short)(歌唱無し),ストレイライト,芹沢あさひ;黛冬優子;和泉愛依,ネオンライトロマンサー
8,2026/04/11,283 Production XXXX Performance XXX= S/N-GUL4R1TY // 0x01; initialize(),くだらないや (short)(歌唱無し),ストレイライト,芹沢あさひ;黛冬優子;和泉愛依,ネオンライトロマンサー
9,2026/04/11,283 Production XXXX Performance XXX= S/N-GUL4R1TY // 0x01; initialize(),We can go now! (short)(歌唱無し),ストレイライト,芹沢あさひ;黛冬優子;和泉愛依,ネオンライトロマンサー
10,2026/04/11,283 Production XXXX Performance XXX= S/N-GUL4R1TY // 0x01; initialize(),時限式狂騒ワンダーランド (short)(歌唱無し),ストレイライト,芹沢あさひ;黛冬優子;和泉愛依,ネオンライトロマンサー
11,2026/04/11,283 Production XXXX Performance XXX= S/N-GUL4R1TY // 0x01; initialize(),After Run (short)(歌唱無し),ストレイライト,芹沢あさひ;黛冬優子;和泉愛依,ネオンライトロマンサー
12,2026/04/11,283 Production XXXX Performance XXX= S/N-GUL4R1TY // 0x01; initialize(),LIVE LIVE LIVE!,ストレイライト,芹沢あさひ;黛冬優子;和泉愛依,ネオンライトロマンサー
13,2026/04/11,283 Production XXXX Performance XXX= S/N-GUL4R1TY // 0x01; initialize(),Borderline,ストレイライト,芹沢あさひ;黛冬優子;和泉愛依;ALEV-1,デッドチャンネルl2<)3
14,2026/04/11,283 Production XXXX Performance XXX= S/N-GUL4R1TY // 0x01; initialize(),Tracing Defender,ストレイライト,芹沢あさひ;黛冬優子;和泉愛依;ALEV-1,デッドチャンネルl2<)3
15,2026/04/11,283 Production XXXX Performance XXX= S/N-GUL4R1TY // 0x01; initialize(),Tracing Defender (short),ソロ,黛冬優子;ALEV-1,デッドチャンネルl2<)3
16,2026/04/11,283 Production XXXX Performance XXX= S/N-GUL4R1TY // 0x01; initialize(),ONE STAR,ソロ,和泉愛依,デッドチャンネルl2<)3
17,2026/04/11,283 Production XXXX Performance XXX= S/N-GUL4R1TY // 0x01; initialize(),Destined Rival,ソロ,芹沢あさひ,デッドチャンネルl2<)3
18,2026/04/11,283 Production XXXX Performance XXX= S/N-GUL4R1TY // 0x01; initialize(),SOS,ソロ,黛冬優子,デッドチャンネルl2<)3
19,2026/04/11,283 Production XXXX Performance XXX= S/N-GUL4R1TY // 0x01; initialize(),Timeless Shooting Star,ストレイライト,芹沢あさひ;黛冬優子;和泉愛依,デッドチャンネルl2<)3
20,2026/04/11,283 Production XXXX Performance XXX= S/N-GUL4R1TY // 0x01; initialize(),Overdrive Emotion,ストレイライト,芹沢あさひ;黛冬優子;和泉愛依;ALEV-1,デッドチャンネルl2<)3
21,2026/04/11,283 Production XXXX Performance XXX= S/N-GUL4R1TY // 0x01; initialize(),One Live One Love,ストレイライト,芹沢あさひ;黛冬優子;和泉愛依,デッドチャンネルl2<)3
22,2026/04/11,283 Production XXXX Performance XXX= S/N-GUL4R1TY // 0x01; initialize(),Resonance⁺ ,ストレイライト,芹沢あさひ;黛冬優子;和泉愛依,デッドチャンネルl2<)3
23,2026/04/11,283 Production XXXX Performance XXX= S/N-GUL4R1TY // 0x01; initialize(),Start up Stand up,ストレイライト,芹沢あさひ;黛冬優子;和泉愛依,デッドチャンネルl2<)3
24,2026/04/11,283 Production XXXX Performance XXX= S/N-GUL4R1TY // 0x01; initialize(),Hide & Attack,ストレイライト,芹沢あさひ;黛冬優子;和泉愛依,デッドチャンネルl2<)3
1,2026/04/12,283 Production XXXX Performance XXX= S/N-GUL4R1TY // 0x02; evolve(),Wandering Dream Chaser,ストレイライト,芹沢あさひ;黛冬優子;和泉愛依,ネオンライトロマンサー
2,2026/04/12,283 Production XXXX Performance XXX= S/N-GUL4R1TY // 0x02; evolve(),Start up Stand up,ストレイライト,芹沢あさひ;黛冬優子;和泉愛依,ネオンライトロマンサー
3,2026/04/12,283 Production XXXX Performance XXX= S/N-GUL4R1TY // 0x02; evolve(),Cyber Parkour,ストレイライト,芹沢あさひ;黛冬優子;和泉愛依,ネオンライトロマンサー
4,2026/04/12,283 Production XXXX Performance XXX= S/N-GUL4R1TY // 0x02; evolve(),Killer×Mission,ストレイライト,芹沢あさひ;黛冬優子;和泉愛依,ネオンライトロマンサー
5,2026/04/12,283 Production XXXX Performance XXX= S/N-GUL4R1TY // 0x02; evolve(),乱舞る(short)(歌唱無し),ストレイライト,芹沢あさひ;黛冬優子;和泉愛依,ネオンライトロマンサー
6,2026/04/12,283 Production XXXX Performance XXX= S/N-GUL4R1TY // 0x02; evolve(),Reflection (short)(歌唱無し),ストレイライト,芹沢あさひ;黛冬優子;和泉愛依,ネオンライトロマンサー
7,2026/04/12,283 Production XXXX Performance XXX= S/N-GUL4R1TY // 0x02; evolve(),mellow mellow(short)(歌唱無し),ストレイライト,芹沢あさひ;黛冬優子;和泉愛依,ネオンライトロマンサー
8,2026/04/12,283 Production XXXX Performance XXX= S/N-GUL4R1TY // 0x02; evolve(),くだらないや (short)(歌唱無し),ストレイライト,芹沢あさひ;黛冬優子;和泉愛依,ネオンライトロマンサー
9,2026/04/12,283 Production XXXX Performance XXX= S/N-GUL4R1TY // 0x02; evolve(),We can go now! (short)(歌唱無し),ストレイライト,芹沢あさひ;黛冬優子;和泉愛依,ネオンライトロマンサー
10,2026/04/12,283 Production XXXX Performance XXX= S/N-GUL4R1TY // 0x02; evolve(),時限式狂騒ワンダーランド (short)(歌唱無し),ストレイライト,芹沢あさひ;黛冬優子;和泉愛依,ネオンライトロマンサー
11,2026/04/12,283 Production XXXX Performance XXX= S/N-GUL4R1TY // 0x02; evolve(),After Run (short)(歌唱無し),ストレイライト,芹沢あさひ;黛冬優子;和泉愛依,ネオンライトロマンサー
12,2026/04/12,283 Production XXXX Performance XXX= S/N-GUL4R1TY // 0x02; evolve(),LIVE LIVE LIVE!,ストレイライト,芹沢あさひ;黛冬優子;和泉愛依,ネオンライトロマンサー
13,2026/04/12,283 Production XXXX Performance XXX= S/N-GUL4R1TY // 0x02; evolve(),Borderline,ストレイライト,芹沢あさひ;黛冬優子;和泉愛依;ALEV-1,デッドチャンネルl2<)3
14,2026/04/12,283 Production XXXX Performance XXX= S/N-GUL4R1TY // 0x02; evolve(),Real Mind Shakes,ストレイライト,芹沢あさひ;黛冬優子;和泉愛依;ALEV-1,デッドチャンネルl2<)3
15,2026/04/12,283 Production XXXX Performance XXX= S/N-GUL4R1TY // 0x02; evolve(),GOTCHA,ソロ,芹沢あさひ,デッドチャンネルl2<)3
16,2026/04/12,283 Production XXXX Performance XXX= S/N-GUL4R1TY // 0x02; evolve(),Destined Rival,ソロ,黛冬優子,デッドチャンネルl2<)3
17,2026/04/12,283 Production XXXX Performance XXX= S/N-GUL4R1TY // 0x02; evolve(),Going my way,ソロ,和泉愛依,デッドチャンネルl2<)3
18,2026/04/12,283 Production XXXX Performance XXX= S/N-GUL4R1TY // 0x02; evolve(),Timeless Shooting Star,ストレイライト,芹沢あさひ;黛冬優子;和泉愛依,デッドチャンネルl2<)3
19,2026/04/12,283 Production XXXX Performance XXX= S/N-GUL4R1TY // 0x02; evolve(),Imitation Ghost (short),ソロ,和泉愛依;ALEV-1,デッドチャンネルl2<)3
20,2026/04/12,283 Production XXXX Performance XXX= S/N-GUL4R1TY // 0x02; evolve(),Imitation Ghost,ストレイライト,芹沢あさひ;黛冬優子;和泉愛依,デッドチャンネルl2<)3
21,2026/04/12,283 Production XXXX Performance XXX= S/N-GUL4R1TY // 0x02; evolve(),One Live One Love,ストレイライト,芹沢あさひ;黛冬優子;和泉愛依,デッドチャンネルl2<)3
22,2026/04/12,283 Production XXXX Performance XXX= S/N-GUL4R1TY // 0x02; evolve(),Resonance⁺ ,ストレイライト,芹沢あさひ;黛冬優子;和泉愛依,デッドチャンネルl2<)3
23,2026/04/12,283 Production XXXX Performance XXX= S/N-GUL4R1TY // 0x02; evolve(),BURN BURN,ストレイライト,芹沢あさひ;黛冬優子;和泉愛依,デッドチャンネルl2<)3
24,2026/04/12,283 Production XXXX Performance XXX= S/N-GUL4R1TY // 0x02; evolve(),Hide & Attack,ストレイライト,芹沢あさひ;黛冬優子;和泉愛依,デッドチャンネルl2<)3
1,2026/04/12,283 Production XXXX Performance XXX= S/N-GUL4R1TY // 0x03; overflow(),Wandering Dream Chaser,ストレイライト,芹沢あさひ;黛冬優子;和泉愛依,ネオンライトロマンサー
2,2026/04/12,283 Production XXXX Performance XXX= S/N-GUL4R1TY // 0x03; overflow(),BURN BURN,ストレイライト,芹沢あさひ;黛冬優子;和泉愛依,ネオンライトロマンサー
3,2026/04/12,283 Production XXXX Performance XXX= S/N-GUL4R1TY // 0x03; overflow(),Cyber Parkour,ストレイライト,芹沢あさひ;黛冬優子;和泉愛依,ネオンライトロマンサー
4,2026/04/12,283 Production XXXX Performance XXX= S/N-GUL4R1TY // 0x03; overflow(),Ambitious Eve,ストレイライト,芹沢あさひ;黛冬優子;和泉愛依,ネオンライトロマンサー
5,2026/04/12,283 Production XXXX Performance XXX= S/N-GUL4R1TY // 0x03; overflow(),乱舞る(short)(歌唱無し),ストレイライト,芹沢あさひ;黛冬優子;和泉愛依,ネオンライトロマンサー
6,2026/04/12,283 Production XXXX Performance XXX= S/N-GUL4R1TY // 0x03; overflow(),Reflection (short)(歌唱無し),ストレイライト,芹沢あさひ;黛冬優子;和泉愛依,ネオンライトロマンサー
7,2026/04/12,283 Production XXXX Performance XXX= S/N-GUL4R1TY // 0x03; overflow(),mellow mellow(short)(歌唱無し),ストレイライト,芹沢あさひ;黛冬優子;和泉愛依,ネオンライトロマンサー
8,2026/04/12,283 Production XXXX Performance XXX= S/N-GUL4R1TY // 0x03; overflow(),くだらないや (short)(歌唱無し),ストレイライト,芹沢あさひ;黛冬優子;和泉愛依,ネオンライトロマンサー
9,2026/04/12,283 Production XXXX Performance XXX= S/N-GUL4R1TY // 0x03; overflow(),We can go now! (short)(歌唱無し),ストレイライト,芹沢あさひ;黛冬優子;和泉愛依,ネオンライトロマンサー
10,2026/04/12,283 Production XXXX Performance XXX= S/N-GUL4R1TY // 0x03; overflow(),時限式狂騒ワンダーランド (short)(歌唱無し),ストレイライト,芹沢あさひ;黛冬優子;和泉愛依,ネオンライトロマンサー
11,2026/04/12,283 Production XXXX Performance XXX= S/N-GUL4R1TY // 0x03; overflow(),After Run (short)(歌唱無し),ストレイライト,芹沢あさひ;黛冬優子;和泉愛依,ネオンライトロマンサー
12,2026/04/12,283 Production XXXX Performance XXX= S/N-GUL4R1TY // 0x03; overflow(),LIVE LIVE LIVE!,ストレイライト,芹沢あさひ;黛冬優子;和泉愛依,ネオンライトロマンサー
13,2026/04/12,283 Production XXXX Performance XXX= S/N-GUL4R1TY // 0x03; overflow(),Borderline,ストレイライト,芹沢あさひ;黛冬優子;和泉愛依;ALEV-1,デッドチャンネルl2<)3
14,2026/04/12,283 Production XXXX Performance XXX= S/N-GUL4R1TY // 0x03; overflow(),LINKs,ストレイライト,芹沢あさひ;黛冬優子;和泉愛依;ALEV-1,デッドチャンネルl2<)3
15,2026/04/12,283 Production XXXX Performance XXX= S/N-GUL4R1TY // 0x03; overflow(),ONE STAR,ソロ,黛冬優子,デッドチャンネルl2<)3
16,2026/04/12,283 Production XXXX Performance XXX= S/N-GUL4R1TY // 0x03; overflow(),Destined Rival,ソロ,和泉愛依,デッドチャンネルl2<)3
17,2026/04/12,283 Production XXXX Performance XXX= S/N-GUL4R1TY // 0x03; overflow(),星をめざして,ソロ,芹沢あさひ,デッドチャンネルl2<)3
18,2026/04/12,283 Production XXXX Performance XXX= S/N-GUL4R1TY // 0x03; overflow(),Timeless Shooting Star,ストレイライト,芹沢あさひ;黛冬優子;和泉愛依,デッドチャンネルl2<)3
19,2026/04/12,283 Production XXXX Performance XXX= S/N-GUL4R1TY // 0x03; overflow(),Another Rampage,ストレイライト,芹沢あさひ;黛冬優子;和泉愛依;ALEV-1,デッドチャンネルl2<)3
20,2026/04/12,283 Production XXXX Performance XXX= S/N-GUL4R1TY // 0x03; overflow(),VOY@GER,ストレイライト,芹沢あさひ;黛冬優子;和泉愛依;ALEV-1,デッドチャンネルl2<)3
21,2026/04/12,283 Production XXXX Performance XXX= S/N-GUL4R1TY // 0x03; overflow(),Resonance⁺ ,ストレイライト,芹沢あさひ;黛冬優子;和泉愛依,デッドチャンネルl2<)3
22,2026/04/12,283 Production XXXX Performance XXX= S/N-GUL4R1TY // 0x03; overflow(),Hide & Attack,ストレイライト,芹沢あさひ;黛冬優子;和泉愛依,デッドチャンネルl2<)3
23,2026/04/12,283 Production XXXX Performance XXX= S/N-GUL4R1TY // 0x03; overflow(),One Live One Love (Mortal Remix),ストレイライト,芹沢あさひ;黛冬優子;和泉愛依;ALEV-1,デッドチャンネルl2<)3
24,2026/04/12,283 Production XXXX Performance XXX= S/N-GUL4R1TY // 0x03; overflow(),Another Rampage,ストレイライト,芹沢あさひ;黛冬優子;和泉愛依,デッドチャンネルl2<)3
1,2026/04/25,THE IDOLM@STER SHINY COLORS ∞th LIVE iと夢 DAY1,Ambitious Eve,全員,関根瞳;近藤玲奈;峯田茉優;礒部花凜;菅沼千紗;八巻アンナ;希水しお;結名美月;河野ひより;永井真里子;丸岡和佳奈;涼本あきほ;黒木ほの香;前川涼子;芝崎典子;田中有紀;幸村恵理;北原沙弥香;和久井優;土屋李央;田嶌紗蘭;岡咲美保;紫月杏朱彩;山根綺;川口莉奈;三川華月;小澤麗那,フィーリンフォーリンキュン！;パイレートクイーンソヴリナ;キラピコドットピクセル;インセイシャブルナイツ;バビロントランジット・ラン;オールタイムプレシャス;フェイディングコローレ;オーケイアイノウワットエヴァ
2,2026/04/25,THE IDOLM@STER SHINY COLORS ∞th LIVE iと夢 DAY1,夢が夢じゃなくなるその日まで,ノクチル,和久井優;土屋李央;田嶌紗蘭;岡咲美保,オールタイムプレシャス
3,2026/04/25,THE IDOLM@STER SHINY COLORS ∞th LIVE iと夢 DAY1,パーティーマジックデザイナー,放課後クライマックスガールズ,河野ひより;永井真里子;丸岡和佳奈;涼本あきほ,キラピコドットピクセル
4,2026/04/25,THE IDOLM@STER SHINY COLORS ∞th LIVE iと夢 DAY1,Timeless Shooting Star,ストレイライト,田中有紀;幸村恵理;北原沙弥香,バビロントランジット・ラン
5,2026/04/25,THE IDOLM@STER SHINY COLORS ∞th LIVE iと夢 DAY1,Monochromatic,シーズ,紫月杏朱彩;山根綺,フェイディングコローレ
6,2026/04/25,THE IDOLM@STER SHINY COLORS ∞th LIVE iと夢 DAY1,パステルカラー パスカラカラー,アルストロメリア,黒木ほの香;前川涼子;芝崎典子,インセイシャブルナイツ
7,2026/04/25,THE IDOLM@STER SHINY COLORS ∞th LIVE iと夢 DAY1,晴れのちバルーン,イルミネーションスターズ,関根瞳;近藤玲奈;峯田茉優,フィーリンフォーリンキュン！
8,2026/04/25,THE IDOLM@STER SHINY COLORS ∞th LIVE iと夢 DAY1,Clean.Clean up,コメティック,川口莉奈;三川華月;小澤麗那,オーケイアイノウワットエヴァ
9,2026/04/25,THE IDOLM@STER SHINY COLORS ∞th LIVE iと夢 DAY1,銀翼のアレジアンス -blade of truth-,アンティーカ;シーズ;コメティック,礒部花凜;菅沼千紗;八巻アンナ;希水しお;結名美月;紫月杏朱彩;山根綺;川口莉奈;三川華月;小澤麗那,パイレートクイーンソヴリナ;フェイディングコローレ;オーケイアイノウワットエヴァ
10,2026/04/25,THE IDOLM@STER SHINY COLORS ∞th LIVE iと夢 DAY1,Imitation Ghost,ストレイライト,田中有紀;幸村恵理;北原沙弥香,バビロントランジット・ラン
11,2026/04/25,THE IDOLM@STER SHINY COLORS ∞th LIVE iと夢 DAY1,Future Transit,ストレイライト,田中有紀;幸村恵理;北原沙弥香;芹沢あさひ,バビロントランジット・ラン
12,2026/04/25,THE IDOLM@STER SHINY COLORS ∞th LIVE iと夢 DAY1,KoiKyun！,イルミネーションスターズ,関根瞳;近藤玲奈;峯田茉優,フィーリンフォーリンキュン！
13,2026/04/25,THE IDOLM@STER SHINY COLORS ∞th LIVE iと夢 DAY1,キラピコ.exe,放課後クライマックスガールズ,河野ひより;永井真里子;丸岡和佳奈;涼本あきほ,キラピコドットピクセル
14,2026/04/25,THE IDOLM@STER SHINY COLORS ∞th LIVE iと夢 DAY1,Love Letter,アルストロメリア,黒木ほの香;前川涼子;芝崎典子;大崎甘奈,インセイシャブルナイツ
15,2026/04/25,THE IDOLM@STER SHINY COLORS ∞th LIVE iと夢 DAY1,Sleepless Nights,アルストロメリア,黒木ほの香;前川涼子;芝崎典子,インセイシャブルナイツ
16,2026/04/25,THE IDOLM@STER SHINY COLORS ∞th LIVE iと夢 DAY1,Summer Night Paradise,混合,関根瞳;菅沼千紗;涼本あきほ;芝崎典子;北原沙弥香;土屋李央;山根綺;三川華月,フィーリンフォーリンキュン！;パイレートクイーンソヴリナ;キラピコドットピクセル;インセイシャブルナイツ;バビロントランジット・ラン;オールタイムプレシャス;フェイディングコローレ;オーケイアイノウワットエヴァ
17,2026/04/25,THE IDOLM@STER SHINY COLORS ∞th LIVE iと夢 DAY1,ヒカリのdestination,イルミネーションスターズ,関根瞳;近藤玲奈;峯田茉優,フィーリンフォーリンキュン！
18,2026/04/25,THE IDOLM@STER SHINY COLORS ∞th LIVE iと夢 DAY1,裸足じゃイラレナイ,放課後クライマックスガールズ,河野ひより;永井真里子;丸岡和佳奈;涼本あきほ,キラピコドットピクセル
19,2026/04/25,THE IDOLM@STER SHINY COLORS ∞th LIVE iと夢 DAY1,ハナムケのハナタバ,コメティック,川口莉奈;三川華月;小澤麗那,オーケイアイノウワットエヴァ
20,2026/04/25,THE IDOLM@STER SHINY COLORS ∞th LIVE iと夢 DAY1,アイノウ,コメティック,川口莉奈;三川華月;小澤麗那,オーケイアイノウワットエヴァ
21,2026/04/25,THE IDOLM@STER SHINY COLORS ∞th LIVE iと夢 DAY1,クローバー,混合,丸岡和佳奈;黒木ほの香;岡咲美保;紫月杏朱彩,キラピコドットピクセル;インセイシャブルナイツ;オールタイムプレシャス;フェイディングコローレ
22,2026/04/25,THE IDOLM@STER SHINY COLORS ∞th LIVE iと夢 DAY1,似セ者,コメティック,川口莉奈;三川華月;小澤麗那,オーケイアイノウワットエヴァ
23,2026/04/25,THE IDOLM@STER SHINY COLORS ∞th LIVE iと夢 DAY1,Fading Stars,シーズ,紫月杏朱彩;山根綺,フェイディングコローレ
24,2026/04/25,THE IDOLM@STER SHINY COLORS ∞th LIVE iと夢 DAY1,After Run,シーズ,紫月杏朱彩;山根綺;七草にちか,フェイディングコローレ
25,2026/04/25,THE IDOLM@STER SHINY COLORS ∞th LIVE iと夢 DAY1,青空,ノクチル,和久井優;土屋李央;田嶌紗蘭;岡咲美保,オールタイムプレシャス
26,2026/04/25,THE IDOLM@STER SHINY COLORS ∞th LIVE iと夢 DAY1,ハナサカサイサイ,放課後クライマックスガールズ,河野ひより;永井真里子;丸岡和佳奈;涼本あきほ,キラピコドットピクセル
27,2026/04/25,THE IDOLM@STER SHINY COLORS ∞th LIVE iと夢 DAY1,枕木の歌,イルミネーションスターズ,関根瞳;近藤玲奈;峯田茉優,フィーリンフォーリンキュン！
28,2026/04/25,THE IDOLM@STER SHINY COLORS ∞th LIVE iと夢 DAY1,QUEEN OF THE PIRATES,アンティーカ,礒部花凜;菅沼千紗;八巻アンナ;希水しお;結名美月,パイレートクイーンソヴリナ
29,2026/04/25,THE IDOLM@STER SHINY COLORS ∞th LIVE iと夢 DAY1,幻惑SILHOUETTE,アンティーカ,礒部花凜;菅沼千紗;八巻アンナ;希水しお;結名美月;月岡恋鐘,パイレートクイーンソヴリナ
30,2026/04/25,THE IDOLM@STER SHINY COLORS ∞th LIVE iと夢 DAY1,いつだって僕らは,ノクチル,和久井優;土屋李央;田嶌紗蘭;岡咲美保,オールタイムプレシャス
31,2026/04/25,THE IDOLM@STER SHINY COLORS ∞th LIVE iと夢 DAY1,愛しき日々,ノクチル,和久井優;土屋李央;田嶌紗蘭;岡咲美保,オールタイムプレシャス
32,2026/04/25,THE IDOLM@STER SHINY COLORS ∞th LIVE iと夢 DAY1,星の声,全員,関根瞳;近藤玲奈;峯田茉優;礒部花凜;菅沼千紗;八巻アンナ;希水しお;結名美月;河野ひより;永井真里子;丸岡和佳奈;涼本あきほ;黒木ほの香;前川涼子;芝崎典子;田中有紀;幸村恵理;北原沙弥香;和久井優;土屋李央;田嶌紗蘭;岡咲美保;紫月杏朱彩;山根綺;川口莉奈;三川華月;小澤麗那,こどもたち
1,2026/04/26,THE IDOLM@STER SHINY COLORS ∞th LIVE iと夢 DAY2,Ambitious Eve,全員,関根瞳;近藤玲奈;峯田茉優;礒部花凜;菅沼千紗;八巻アンナ;希水しお;結名美月;河野ひより;白石晴香;永井真里子;丸岡和佳奈;涼本あきほ;黒木ほの香;前川涼子;芝崎典子;田中有紀;幸村恵理;北原沙弥香;和久井優;土屋李央;田嶌紗蘭;岡咲美保;紫月杏朱彩;山根綺;川口莉奈;三川華月;小澤麗那,フィーリンフォーリンキュン！;パイレートクイーンソヴリナ;キラピコドットピクセル;インセイシャブルナイツ;バビロントランジット・ラン;オールタイムプレシャス;フェイディングコローレ;オーケイアイノウワットエヴァ
2,2026/04/26,THE IDOLM@STER SHINY COLORS ∞th LIVE iと夢 DAY2,晴れのちバルーン,イルミネーションスターズ,関根瞳;近藤玲奈;峯田茉優,フィーリンフォーリンキュン！
3,2026/04/26,THE IDOLM@STER SHINY COLORS ∞th LIVE iと夢 DAY2,パステルカラー パスカラカラー,アルストロメリア,黒木ほの香;前川涼子;芝崎典子,インセイシャブルナイツ
4,2026/04/26,THE IDOLM@STER SHINY COLORS ∞th LIVE iと夢 DAY2,パーティーマジックデザイナー,放課後クライマックスガールズ,河野ひより;白石晴香;永井真里子;丸岡和佳奈;涼本あきほ,キラピコドットピクセル
5,2026/04/26,THE IDOLM@STER SHINY COLORS ∞th LIVE iと夢 DAY2,Monochromatic,シーズ,紫月杏朱彩;山根綺,フェイディングコローレ
6,2026/04/26,THE IDOLM@STER SHINY COLORS ∞th LIVE iと夢 DAY2,Timeless Shooting Star,ストレイライト,田中有紀;幸村恵理;北原沙弥香,バビロントランジット・ラン
7,2026/04/26,THE IDOLM@STER SHINY COLORS ∞th LIVE iと夢 DAY2,夢が夢じゃなくなるその日まで,ノクチル,和久井優;土屋李央;田嶌紗蘭;岡咲美保,オールタイムプレシャス
8,2026/04/26,THE IDOLM@STER SHINY COLORS ∞th LIVE iと夢 DAY2,Clean.Clean up,コメティック,川口莉奈;三川華月;小澤麗那,オーケイアイノウワットエヴァ
9,2026/04/26,THE IDOLM@STER SHINY COLORS ∞th LIVE iと夢 DAY2,銀翼のアレジアンス -blade of truth-,アンティーカ;シーズ;コメティック,礒部花凜;菅沼千紗;八巻アンナ;希水しお;結名美月;紫月杏朱彩;山根綺;川口莉奈;三川華月;小澤麗那,パイレートクイーンソヴリナ
10,2026/04/26,THE IDOLM@STER SHINY COLORS ∞th LIVE iと夢 DAY2,無自覚アプリオリ,コメティック,川口莉奈;三川華月;小澤麗那;斑鳩ルカ,オーケイアイノウワットエヴァ
11,2026/04/26,THE IDOLM@STER SHINY COLORS ∞th LIVE iと夢 DAY2,QUEEN OF THE PIRATES,アンティーカ,礒部花凜;菅沼千紗;八巻アンナ;希水しお;結名美月,パイレートクイーンソヴリナ
12,2026/04/26,THE IDOLM@STER SHINY COLORS ∞th LIVE iと夢 DAY2,Fly and Fly,シーズ,紫月杏朱彩;山根綺,フェイディングコローレ
13,2026/04/26,THE IDOLM@STER SHINY COLORS ∞th LIVE iと夢 DAY2,Future Transit,ストレイライト,田中有紀;幸村恵理;北原沙弥香,バビロントランジット・ラン
14,2026/04/26,THE IDOLM@STER SHINY COLORS ∞th LIVE iと夢 DAY2,One Live One Love,ストレイライト,田中有紀;幸村恵理;北原沙弥香,バビロントランジット・ラン
15,2026/04/26,THE IDOLM@STER SHINY COLORS ∞th LIVE iと夢 DAY2,Happier,シーズ,紫月杏朱彩;山根綺,フェイディングコローレ
16,2026/04/26,THE IDOLM@STER SHINY COLORS ∞th LIVE iと夢 DAY2,KoiKyun！,イルミネーションスターズ,関根瞳;近藤玲奈;峯田茉優,フィーリンフォーリンキュン！
17,2026/04/26,THE IDOLM@STER SHINY COLORS ∞th LIVE iと夢 DAY2,キラピコ.exe,放課後クライマックスガールズ,河野ひより;白石晴香;永井真里子;丸岡和佳奈;涼本あきほ,キラピコドットピクセル
18,2026/04/26,THE IDOLM@STER SHINY COLORS ∞th LIVE iと夢 DAY2,ひめくりモザイク,放課後クライマックスガールズ,河野ひより;白石晴香;永井真里子;丸岡和佳奈;涼本あきほ;小宮果穂,キラピコドットピクセル
19,2026/04/26,THE IDOLM@STER SHINY COLORS ∞th LIVE iと夢 DAY2,Sleepless Nights,アルストロメリア,黒木ほの香;前川涼子;芝崎典子,インセイシャブルナイツ
20,2026/04/26,THE IDOLM@STER SHINY COLORS ∞th LIVE iと夢 DAY2,クローバー,混合,丸岡和佳奈;黒木ほの香;岡咲美保;紫月杏朱彩,キラピコドットピクセル;インセイシャブルナイツ;オールタイムプレシャス;フェイディングコローレ
21,2026/04/26,THE IDOLM@STER SHINY COLORS ∞th LIVE iと夢 DAY2,Summer Night Paradise,混合,関根瞳;菅沼千紗;涼本あきほ;芝崎典子;北原沙弥香;土屋李央;山根綺;三川華月,フィーリンフォーリンキュン！;パイレートクイーンソヴリナ;キラピコドットピクセル;インセイシャブルナイツ;バビロントランジット・ラン;オールタイムプレシャス;フェイディングコローレ;オーケイアイノウワットエヴァ
22,2026/04/26,THE IDOLM@STER SHINY COLORS ∞th LIVE iと夢 DAY2,Fading Stars,シーズ,紫月杏朱彩;山根綺,フェイディングコローレ
23,2026/04/26,THE IDOLM@STER SHINY COLORS ∞th LIVE iと夢 DAY2,アイノウ,コメティック,川口莉奈;三川華月;小澤麗那,オーケイアイノウワットエヴァ
24,2026/04/26,THE IDOLM@STER SHINY COLORS ∞th LIVE iと夢 DAY2,LINKs,ストレイライト,田中有紀;幸村恵理;北原沙弥香,バビロントランジット・ラン
25,2026/04/26,THE IDOLM@STER SHINY COLORS ∞th LIVE iと夢 DAY2,愛しき日々,ノクチル,和久井優;土屋李央;田嶌紗蘭;岡咲美保,オールタイムプレシャス
26,2026/04/26,THE IDOLM@STER SHINY COLORS ∞th LIVE iと夢 DAY2,青とオレンジ,ノクチル,和久井優;土屋李央;田嶌紗蘭;岡咲美保;浅倉透,オールタイムプレシャス
27,2026/04/26,THE IDOLM@STER SHINY COLORS ∞th LIVE iと夢 DAY2,純白トロイメライ,アンティーカ,礒部花凜;菅沼千紗;八巻アンナ;希水しお;結名美月,パイレートクイーンソヴリナ
28,2026/04/26,THE IDOLM@STER SHINY COLORS ∞th LIVE iと夢 DAY2,時限式狂騒ワンダーランド,アンティーカ,礒部花凜;菅沼千紗;八巻アンナ;希水しお;結名美月,パイレートクイーンソヴリナ
29,2026/04/26,THE IDOLM@STER SHINY COLORS ∞th LIVE iと夢 DAY2,明日もBeautiful Day,アルストロメリア,黒木ほの香;前川涼子;芝崎典子,インセイシャブルナイツ
30,2026/04/26,THE IDOLM@STER SHINY COLORS ∞th LIVE iと夢 DAY2,Anniversary,アルストロメリア,黒木ほの香;前川涼子;芝崎典子,インセイシャブルナイツ
31,2026/04/26,THE IDOLM@STER SHINY COLORS ∞th LIVE iと夢 DAY2,星が流れて,イルミネーションスターズ,関根瞳;近藤玲奈;峯田茉優;櫻木真乃,フィーリンフォーリンキュン！
32,2026/04/26,THE IDOLM@STER SHINY COLORS ∞th LIVE iと夢 DAY2,愛なView,全員,関根瞳;近藤玲奈;峯田茉優;礒部花凜;菅沼千紗;八巻アンナ;希水しお;結名美月;河野ひより;白石晴香;永井真里子;丸岡和佳奈;涼本あきほ;黒木ほの香;前川涼子;芝崎典子;田中有紀;幸村恵理;北原沙弥香;和久井優;土屋李央;田嶌紗蘭;岡咲美保;紫月杏朱彩;山根綺;川口莉奈;三川華月;小澤麗那,こどもたち
1,2026/05/30,SHIGURE UI Birthday Live “Wishing Umbrella”,SOS,混合,黛冬優子;その他,ホイップオブザバースデイ+
2,2026/05/30,SHIGURE UI Birthday Live “Wishing Umbrella”,Paint it delight! ,混合,黛冬優子;その他,ホイップオブザバースデイ+
1,2026/06/09, MUSIC AWARDS JAPAN WEEK SPECIAL LIVE リスアニ！LIVE on TOKYO ANIME MUSIC HIGHLIGHTS,アイノウ,コメティック,川口莉奈;三川華月;小澤麗那,オーケイアイノウワットエヴァ
2,2026/06/09, MUSIC AWARDS JAPAN WEEK SPECIAL LIVE リスアニ！LIVE on TOKYO ANIME MUSIC HIGHLIGHTS,泥濘鳴鳴,コメティック,川口莉奈;三川華月;小澤麗那,オーケイアイノウワットエヴァ
3,2026/06/09, MUSIC AWARDS JAPAN WEEK SPECIAL LIVE リスアニ！LIVE on TOKYO ANIME MUSIC HIGHLIGHTS,ハナムケのハナタバ,コメティック,川口莉奈;三川華月;小澤麗那,オーケイアイノウワットエヴァ
4,2026/06/09, MUSIC AWARDS JAPAN WEEK SPECIAL LIVE リスアニ！LIVE on TOKYO ANIME MUSIC HIGHLIGHTS,無自覚アプリオリ,コメティック,川口莉奈;三川華月;小澤麗那,オーケイアイノウワットエヴァ
1,2026/06/21,THE IDOLM@STER SHINY COLORS Song for Prism カウントダウンラブ / KAWAII♡めたもる交響曲発売記念イベント　第一回,カウントダウンラブ,I’m a Cutie Finder,幸村恵理;三川華月;紫月杏朱彩;前川涼子,ビヨンドザブルースカイ（アレンジver.）
1,2026/06/21,THE IDOLM@STER SHINY COLORS Song for Prism カウントダウンラブ / KAWAII♡めたもる交響曲発売記念イベント　第二回,カウントダウンラブ,I’m a Cutie Finder,幸村恵理;三川華月;紫月杏朱彩;前川涼子,ビヨンドザブルースカイ（アレンジver.）
1,2026/07/12,Animelo Summer Live 2026 -Messenger- DAY3,KoiKyun！,イルミネーションスターズ,関根瞳;近藤玲奈;峯田茉優,フィーリンフォーリンキュン！
2,2026/07/12,Animelo Summer Live 2026 -Messenger- DAY3,We can go now!,イルミネーションスターズ,関根瞳;近藤玲奈;峯田茉優,フィーリンフォーリンキュン！
3,2026/07/12,Animelo Summer Live 2026 -Messenger- DAY3,太陽キッス,イルミネーションスターズ,関根瞳;近藤玲奈;峯田茉優,フィーリンフォーリンキュン！
4,2026/07/12,Animelo Summer Live 2026 -Messenger- DAY3,ONENESS,イルミネーションスターズ;その他,関根瞳;近藤玲奈;峯田茉優;その他,フィーリンフォーリンキュン！(ライブTアレンジver.)
1,2026/07/19,Shibuya LOVEZ OPENING SERIES 「Lantis DAYZ」DAY2,いつだって僕らは,ノクチル,和久井優;土屋李央;田嶌紗蘭;岡咲美保,オールタイムプレシャス
2,2026/07/19,Shibuya LOVEZ OPENING SERIES 「Lantis DAYZ」DAY2,愛しき日々,ノクチル,和久井優;土屋李央;田嶌紗蘭;岡咲美保,オールタイムプレシャス
3,2026/07/19,Shibuya LOVEZ OPENING SERIES 「Lantis DAYZ」DAY2,シャイノグラフィ ,ノクチル;芹沢あさひ,和久井優;土屋李央;田嶌紗蘭;岡咲美保;田中有紀,オールタイムプレシャス;バビロントランジット・ラン
4,2026/07/19,Shibuya LOVEZ OPENING SERIES 「Lantis DAYZ」DAY2,愛♡スクリ〜ム！,ノクチル;その他,和久井優;土屋李央;田嶌紗蘭;岡咲美保;その他,オールタイムプレシャス(ライブTアレンジver.)
1,2026/07/24,IDOL WORLD SUPER FESTIVAL 2026 -YAKUDOU-,Love & Joy,混合,緋田美琴;その他,シルキージェムシリカ
2,2026/07/24,IDOL WORLD SUPER FESTIVAL 2026 -YAKUDOU-,Marionetteは眠らない,混合,芹沢あさひ;その他,ネオンライトロマンサー
3,2026/07/24,IDOL WORLD SUPER FESTIVAL 2026 -YAKUDOU-,RAY OF LIGHT,混合,芹沢あさひ;その他,ネオンライトロマンサー
4,2026/07/24,IDOL WORLD SUPER FESTIVAL 2026 -YAKUDOU-,Hide & Attack,混合,芹沢あさひ;その他,ネオンライトロマンサー
5,2026/07/24,IDOL WORLD SUPER FESTIVAL 2026 -YAKUDOU-,OH MY GOD,混合,緋田美琴;その他,シルキージェムシリカ
6,2026/07/24,IDOL WORLD SUPER FESTIVAL 2026 -YAKUDOU-,エクストリーム・オーバードライブ,混合,緋田美琴;その他,シルキージェムシリカ
7,2026/07/24,IDOL WORLD SUPER FESTIVAL 2026 -YAKUDOU-,Neon Sphere,混合,緋田美琴;その他,シルキージェムシリカ
8,2026/07/24,IDOL WORLD SUPER FESTIVAL 2026 -YAKUDOU-,vs.BELIEVERS,混合,芹沢あさひ;緋田美琴;その他,ネオンライトロマンサー;シルキージェムシリカ
9,2026/07/24,IDOL WORLD SUPER FESTIVAL 2026 -YAKUDOU-,FlaME,混合,緋田美琴;その他,シルキージェムシリカ
10,2026/07/24,IDOL WORLD SUPER FESTIVAL 2026 -YAKUDOU-,2nd SIDE,混合,芹沢あさひ;その他,ネオンライトロマンサー
11,2026/07/24,IDOL WORLD SUPER FESTIVAL 2026 -YAKUDOU-,Shamrock Vivace,混合,芹沢あさひ;その他,ネオンライトロマンサー
12,2026/07/24,IDOL WORLD SUPER FESTIVAL 2026 -YAKUDOU-,ダンス・ダンス・ダンス,全員,芹沢あさひ;緋田美琴;その他,YOU AND アイ！
1,2026/07/25,IDOL WORLD SUPER FESTIVAL 2026 -ZESSYOU-,CRIMSON LOVERS,混合,樋口円香;斑鳩ルカ;その他,クリアマリンカーム;コメティックノート
2,2026/07/25,IDOL WORLD SUPER FESTIVAL 2026 -ZESSYOU-,群青イニシエーション,混合,樋口円香;その他,クリアマリンカーム
3,2026/07/25,IDOL WORLD SUPER FESTIVAL 2026 -ZESSYOU-,Rockin' Emotion,混合,斑鳩ルカ;その他,コメティックノート
4,2026/07/25,IDOL WORLD SUPER FESTIVAL 2026 -ZESSYOU-,夢見鳥,混合,樋口円香;その他,クリアマリンカーム
5,2026/07/25,IDOL WORLD SUPER FESTIVAL 2026 -ZESSYOU-,1/3,混合,斑鳩ルカ;その他,コメティックノート
6,2026/07/25,IDOL WORLD SUPER FESTIVAL 2026 -ZESSYOU-,ガールズ・イン・ザ・フロンティア,混合,樋口円香;その他,YOU AND アイ！
7,2026/07/25,IDOL WORLD SUPER FESTIVAL 2026 -ZESSYOU-,三分半の創世,混合,斑鳩ルカ;その他,YOU AND アイ！
8,2026/07/25,IDOL WORLD SUPER FESTIVAL 2026 -ZESSYOU-,アライブファクター,全員,樋口円香;斑鳩ルカ;その他,YOU AND アイ！
1,2026/07/26,IDOL WORLD SUPER FESTIVAL 2026 -KYOUMEI-,できたてEvo! Revo! Generation!,混合,櫻木真乃;その他,スパークルイルミネーション
2,2026/07/26,IDOL WORLD SUPER FESTIVAL 2026 -KYOUMEI-,We can go now!,混合,櫻木真乃;その他,スパークルイルミネーション
3,2026/07/26,IDOL WORLD SUPER FESTIVAL 2026 -KYOUMEI-,GR@TITUDE,混合,小宮果穂;その他,ブレイブヒーロージャージ
4,2026/07/26,IDOL WORLD SUPER FESTIVAL 2026 -KYOUMEI-,ビーチブレイバー,混合,小宮果穂;その他,ブレイブヒーロージャージ
5,2026/07/26,IDOL WORLD SUPER FESTIVAL 2026 -KYOUMEI-,喜怒哀楽万国共通 -Burn it up!,混合,小宮果穂;その他,ブレイブヒーロージャージ
6,2026/07/26,IDOL WORLD SUPER FESTIVAL 2026 -KYOUMEI-,アイドルは、かく語りき,混合,櫻木真乃;その他,スパークルイルミネーション
7,2026/07/26,IDOL WORLD SUPER FESTIVAL 2026 -KYOUMEI-,Campus mode!!,混合,小宮果穂;その他,YOU AND アイ！
8,2026/07/26,IDOL WORLD SUPER FESTIVAL 2026 -KYOUMEI-,Rat A Tat!!! ,混合,櫻木真乃;その他,YOU AND アイ！
9,2026/07/26,IDOL WORLD SUPER FESTIVAL 2026 -KYOUMEI-,Migratory Echoes(short),混合,櫻木真乃;小宮果穂;その他,YOU AND アイ！
10,2026/07/26,IDOL WORLD SUPER FESTIVAL 2026 -KYOUMEI-,shy→shining,混合,櫻木真乃;その他,YOU AND アイ！
11,2026/07/26,IDOL WORLD SUPER FESTIVAL 2026 -KYOUMEI-,アイ NEED YOU (FOR WONDERFUL STORY) ,全員,櫻木真乃;小宮果穂;その他,YOU AND アイ！
